Unity Editor version:    6000.4.1f1 (8535861f39e1)
Branch:                  6000.4/staging
Build type:              Release
Batch mode:              YES
macOS version:           Version 26.5.2 (Build 25F84)
Darwin version:          25.5.0
Architecture:            arm64
Running under Rosetta:   NO
Available memory:        36864 MB
Date:                    2026-07-30T14:23:19Z
[Licensing::Module] Trying to connect to existing licensing client channel...
[Licensing::IpcConnector] Successfully connected to: "LicenseClient-douglasgordy" at "2026-07-30T14:23:19.899794Z"
Launching external process: /Applications/Unity/Hub/Editor/6000.4.1f1/Unity.app/Contents/Helpers/PackageManager/Server/UnityPackageManager

COMMAND LINE ARGUMENTS:
/Applications/Unity/Hub/Editor/6000.4.1f1/Unity.app/Contents/MacOS/Unity
-batchmode
-quit
-projectPath
/Users/douglasgordy/Documents/Anachron
-logFile
/Users/douglasgordy/Documents/Anachron/unity-phase0-import.log
Successfully changed project path to: /Users/douglasgordy/Documents/Anachron
/Users/douglasgordy/Documents/Anachron
[UnityMemory] Configuration Parameters - Can be set up in boot.config
    "memorysetup-temp-allocator-size-gi-baking-worker=262144"
    "memorysetup-temp-allocator-size-gi-baking-worker=262144"
    "memorysetup-temp-allocator-size-gi-baking-worker=262144"
    "memorysetup-temp-allocator-size-gi-baking-worker=262144"
    "memorysetup-temp-allocator-size-gi-baking-worker=262144"
    "memorysetup-temp-allocator-size-nav-mesh-worker=65536"
    "memorysetup-temp-allocator-size-audio-worker=65536"
    "memorysetup-temp-allocator-size-cloud-worker=32768"
    "memorysetup-allocator-temp-initial-block-size-main=262144"
    "memorysetup-allocator-temp-initial-block-size-worker=262144"
    "memorysetup-temp-allocator-size-background-worker=32768"
    "memorysetup-temp-allocator-size-job-worker=262144"
    "memorysetup-temp-allocator-size-preload-manager=33554432"
    "memorysetup-temp-allocator-size-gfx=262144"
    "memorysetup-bucket-allocator-granularity=16"
    "memorysetup-bucket-allocator-bucket-count=8"
    "memorysetup-bucket-allocator-block-size=33554432"
    "memorysetup-bucket-allocator-block-count=8"
    "memorysetup-main-allocator-block-size=16777216"
    "memorysetup-thread-allocator-block-size=16777216"
    "memorysetup-gfx-main-allocator-block-size=16777216"
    "memorysetup-gfx-thread-allocator-block-size=16777216"
    "memorysetup-cache-allocator-block-size=4194304"
    "memorysetup-typetree-allocator-block-size=2097152"
    "memorysetup-profiler-bucket-allocator-granularity=16"
    "memorysetup-profiler-bucket-allocator-bucket-count=8"
    "memorysetup-profiler-bucket-allocator-block-size=33554432"
    "memorysetup-profiler-bucket-allocator-block-count=8"
    "memorysetup-profiler-allocator-block-size=16777216"
    "memorysetup-profiler-editor-allocator-block-size=1048576"
    "memorysetup-temp-allocator-size-main=16777216"
    "memorysetup-job-temp-allocator-block-size=2097152"
    "memorysetup-job-temp-allocator-block-size-background=1048576"
    "memorysetup-job-temp-allocator-reduction-small-platforms=262144"
Player connection [8471403904]  Target information:

Player connection [8471403904]  * "[IP] 192.168.50.179 [Port] 55504 [Flags] 2 [Guid] 2597321748 [EditorId] 2597321748 [Version] 1048832 [Id] OSXEditor(0,Mac.DigitslADHD) [Debug] 1 [PackageName] OSXEditor [ProjectName] Editor" 

Player connection [8471403904] Host joined multi-casting on [225.0.0.222:54997]...
Player connection [8471403904] Host joined alternative multi-casting on [225.0.0.222:34997]...
Input System module state changed to: Initialized.
[Physics::Module] Initialized fallback backend.
[Physics::Module] Id: 0xdecafbad
[Licensing::Client] Error: HandshakeResponse reported an error:
	ResponseCode: 505
	ResponseStatus: Unsupported protocol version '1.18.1'.
[Licensing::Module] Error: Failed to handshake to channel: "LicenseClient-douglasgordy"
[Licensing::IpcConnector] LicenseClient-douglasgordy channel disconnected successfully.
[Licensing::IpcConnector] Channel LicenseClient-douglasgordy-6000.4.1 doesn't exist
Launching external process: /Applications/Unity/Hub/Editor/6000.4.1f1/Unity.app/Contents/Helpers/UnityLicensingClient.app/Contents/MacOS/Unity.Licensing.Client
[Licensing::Module] Successfully launched the LicensingClient (PId: 2221)
[Package Manager] Connected to IPC stream "Upm-2205" after 0.1 seconds.
[Licensing::Module] Licensing is not yet initialized.
[Licensing::IpcConnector] Successfully connected to: "LicenseClient-douglasgordy-6000.4.1" at "2026-07-30T14:23:20.236235Z"
[Licensing::Client] Handshaking with LicensingClient:
  Version:                 1.18.1+9fbee8e
  Session Id:              8486a6d61b4a40869692e318fd9e3ec6
  Correlation Id:          ce1f280cf5e7709e8778b6ae3d80050c
  External correlation Id: 719341389297573322
  Machine Id:              DhQucniMTNkDsExfEgZyXoXt+x8=
[Licensing::Module] Successfully connected to LicensingClient on channel: "LicenseClient-douglasgordy-6000.4.1" (connect: 0.11s, validation: 0.02s, handshake: 0.21s)
[Licensing::IpcConnector] Successfully connected to: "LicenseClient-douglasgordy-6000.4.1-notifications" at "2026-07-30T14:23:20.458552Z"
[Licensing::Module] Connected to LicensingClient (PId: 2221, launch time: 0.00, total connection time: 0.33s)
[Licensing::Module] Error: Access token is unavailable; failed to update
[Licensing::Client] Successfully resolved entitlement details
[Licensing::Module] License group:
  Id: 20067581430876-UnityPersXXXX
  Product: Unity Personal
  Type: Assigned
  Expiration: Unlimited
[Licensing::Client] Successfully updated license, isAsync: True, time: 0.00
[Licensing::Client] Successfully resolved entitlement details
[Licensing::Module] Licensing Background thread has ended after 0.57s
[Licensing::Module] Licensing is initialized (took 0.33s).
[Licensing::Client] Successfully resolved entitlement details
Library Redirect Path: Library/
[Physics::Module] Selected backend.
[Physics::Module] Name: PhysX
[Physics::Module] Id: 0xf2b8ea05
[Physics::Module] SDK Version: 4.1.2
[Physics::Module] Integration Version: 1.0.0
[Physics::Module] Threading Mode: Multi-Threaded
Initialize engine version: 6000.4.1f1 (8535861f39e1)
[Subsystems] Discovering subsystems at path /Applications/Unity/Hub/Editor/6000.4.1f1/Unity.app/Contents/Resources/UnitySubsystems
[Subsystems] Discovering subsystems at path /Users/douglasgordy/Documents/Anachron/Assets
GfxDevice: creating device client; kGfxThreadingModeNonThreaded
 preferred device: Apple M3 Pro (high power)
Metal devices available: 1
0: Apple M3 Pro (high power)
Using device Apple M3 Pro (high power)
Initializing Metal device caps: Apple M3 Pro
Mac GPU Family: 2
Apple GPU Family: 9
MSL Version: 3.0
Has Float MSAA: 1
Has Float Filtering: 1
ReadWrite Texture Tier: 2
Initialize mono
Mono path[0] = '/Applications/Unity/Hub/Editor/6000.4.1f1/Unity.app/Contents/Resources/Scripting/Managed'
Mono path[1] = '/Applications/Unity/Hub/Editor/6000.4.1f1/Unity.app/Contents/Resources/Scripting/MonoBleedingEdge/lib/mono/unityjit-macos'
Mono config path = '/Applications/Unity/Hub/Editor/6000.4.1f1/Unity.app/Contents/Resources/Scripting/MonoBleedingEdge/etc'
Using monoOptions --debugger-agent=transport=dt_socket,embedding=1,server=y,suspend=n,address=127.0.0.1:56205
CodeReloadManager initialized
Using cacheserver namespaces - metadata:defaultmetadata, artifacts:defaultartifacts
Using cacheserver namespaces - metadata:defaultmetadata, artifacts:defaultartifacts
ImportWorker Server TCP listen port: 0
AcceleratorClientConnectionCallback - disconnected - :0
Begin MonoManager ReloadAssembly
Registering precompiled unity dll's ...
Register platform support module: /Applications/Unity/Hub/Editor/6000.4.1f1/Unity.app/Contents/PlaybackEngines/MacStandaloneSupport/UnityEditor.OSXStandalone.Extensions.dll
[Licensing::Client] Successfully resolved entitlement details
Register platform support module: /Applications/Unity/Hub/Editor/6000.4.1f1/PlaybackEngines/AndroidPlayer/UnityEditor.Android.Extensions.dll
Registered in 0.005291 seconds.
Native extension for Android target not found
Native extension for OSXStandalone target not found
Package Manager log level set to [2]
ScheduleIndexationOnStartup MainProcess:False IndexOnStartup:False
Mono: successfully reloaded assembly
- Finished resetting the current domain, in  0.218 seconds
Domain Reload Profiling: 460ms
	BeginReloadAssembly (66ms)
		CreateAndSetChildDomain (11ms)
	RebuildCommonClasses (21ms)
	RebuildNativeTypeToScriptingClass (9ms)
	initialDomainReloadingComplete (30ms)
	LoadAllAssembliesAndSetupDomain (116ms)
		LoadAssemblies (56ms)
		AnalyzeDomain (110ms)
			TypeCache.Refresh (109ms)
				TypeCache.ScanAssembly (101ms)
	FinalizeReload (218ms)
		SetupLoadedEditorAssemblies (0ms)
			InitializePlatformSupportModulesInManaged (28ms)
			BeforeProcessingInitializeOnLoad (45ms)
			ProcessInitializeOnLoadAttributes (55ms)
			ProcessInitializeOnLoadMethodAttributes (54ms)
[Licensing::Client] Successfully resolved entitlement details
Application.AssetDatabase Initial Refresh Start
[Package Manager] Restoring resolved packages state from cache
[Licensing::Client] Successfully resolved entitlement details
[Package Manager] Registered 26 packages:
  Packages from [https://packages.unity.com]:
    com.unity.collab-proxy@2.8.2 (location: /Users/douglasgordy/Documents/Anachron/Library/PackageCache/com.unity.collab-proxy@c854d1f7d97f)
    com.unity.ide.vscode@1.2.5 (location: /Users/douglasgordy/Documents/Anachron/Library/PackageCache/com.unity.ide.vscode@82e68656b7bd)
    com.unity.inputsystem@1.14.0 (location: /Users/douglasgordy/Documents/Anachron/Library/PackageCache/com.unity.inputsystem@7fe8299111a7)
    com.unity.timeline@1.8.7 (location: /Users/douglasgordy/Documents/Anachron/Library/PackageCache/com.unity.timeline@c58b4ee65782)
    com.unity.visualscripting@1.9.7 (location: /Users/douglasgordy/Documents/Anachron/Library/PackageCache/com.unity.visualscripting@6279e2b7c485)
    com.unity.ide.visualstudio@2.0.27 (location: /Users/douglasgordy/Documents/Anachron/Library/PackageCache/com.unity.ide.visualstudio@dc1ddd4f09b6)
    com.unity.ide.rider@3.0.40 (location: /Users/douglasgordy/Documents/Anachron/Library/PackageCache/com.unity.ide.rider@e4950c6d131b)
    com.unity.editorcoroutines@1.0.1 (location: /Users/douglasgordy/Documents/Anachron/Library/PackageCache/com.unity.editorcoroutines@54394ed3283c)
    com.unity.performance.profile-analyzer@1.3.4 (location: /Users/douglasgordy/Documents/Anachron/Library/PackageCache/com.unity.performance.profile-analyzer@418130329099)
    com.unity.testtools.codecoverage@1.3.0 (location: /Users/douglasgordy/Documents/Anachron/Library/PackageCache/com.unity.testtools.codecoverage@19a841221620)
    com.unity.settings-manager@2.1.1 (location: /Users/douglasgordy/Documents/Anachron/Library/PackageCache/com.unity.settings-manager@0b8638c5ce86)
  Built-in packages:
    com.unity.feature.development@1.0.2 (location: /Users/douglasgordy/Documents/Anachron/Library/PackageCache/com.unity.feature.development@767aadbc6eb7)
    com.unity.test-framework@1.6.0 (location: /Users/douglasgordy/Documents/Anachron/Library/PackageCache/com.unity.test-framework@76560ee600cb)
    com.unity.textmeshpro@5.0.0 (location: /Users/douglasgordy/Documents/Anachron/Library/PackageCache/com.unity.textmeshpro@53f43edfd2e0)
    com.unity.ugui@2.0.0 (location: /Users/douglasgordy/Documents/Anachron/Library/PackageCache/com.unity.ugui@d8a2716f3013)
    com.unity.modules.jsonserialize@1.0.0 (location: /Users/douglasgordy/Documents/Anachron/Library/PackageCache/com.unity.modules.jsonserialize)
    com.unity.modules.ui@1.0.0 (location: /Users/douglasgordy/Documents/Anachron/Library/PackageCache/com.unity.modules.ui)
    com.unity.modules.imgui@1.0.0 (location: /Users/douglasgordy/Documents/Anachron/Library/PackageCache/com.unity.modules.imgui)
    com.unity.modules.audio@1.0.0 (location: /Users/douglasgordy/Documents/Anachron/Library/PackageCache/com.unity.modules.audio)
    com.unity.modules.director@1.0.0 (location: /Users/douglasgordy/Documents/Anachron/Library/PackageCache/com.unity.modules.director)
    com.unity.modules.animation@1.0.0 (location: /Users/douglasgordy/Documents/Anachron/Library/PackageCache/com.unity.modules.animation)
    com.unity.modules.particlesystem@1.0.0 (location: /Users/douglasgordy/Documents/Anachron/Library/PackageCache/com.unity.modules.particlesystem)
    com.unity.ext.nunit@2.0.5 (location: /Users/douglasgordy/Documents/Anachron/Library/PackageCache/com.unity.ext.nunit@d8c07649098d)
    com.unity.modules.uielements@1.0.0 (location: /Users/douglasgordy/Documents/Anachron/Library/PackageCache/com.unity.modules.uielements)
    com.unity.modules.hierarchycore@1.0.0 (location: /Users/douglasgordy/Documents/Anachron/Library/PackageCache/com.unity.modules.hierarchycore)
    com.unity.modules.physics@1.0.0 (location: /Users/douglasgordy/Documents/Anachron/Library/PackageCache/com.unity.modules.physics)
[Package Manager] com.unity.ide.vscode is deprecated: Visual Studio Code package is not supported anymore. You can continue to use it, but we won't provide any update anymore.
[Package Manager] com.unity.textmeshpro is deprecated: This package is no longer supported. TextMeshPro functionalities are now included in the com.unity.ugui package. To continue using them, consider adding it to your project dependencies.
[Subsystems] No new subsystems found in resolved package list.
[Package Manager] Could not restore immutable package asset: Packages/com.unity.timeline/Editor/TimelineHelpers.cs.
[Package Manager] Could not restore immutable package asset: Packages/com.unity.timeline/Editor/Utilities/Range.cs.
[Package Manager] Could not restore immutable package asset: Packages/com.unity.modules.jsonserialize/c58b4ee65782/Editor/TimelineHelpers.cs.
[Package Manager] Could not restore immutable package asset: Packages/com.unity.modules.jsonserialize/c58b4ee65782/Editor/Utilities/Range.cs.
[Package Manager] Could not restore immutable package asset: Packages/com.unity.modules.ui/c58b4ee65782/Editor/TimelineHelpers.cs.
[Package Manager] Could not restore immutable package asset: Packages/com.unity.modules.ui/c58b4ee65782/Editor/Utilities/Range.cs.
[Package Manager] Could not restore immutable package asset: Packages/com.unity.modules.imgui/c58b4ee65782/Editor/TimelineHelpers.cs.
[Package Manager] Could not restore immutable package asset: Packages/com.unity.modules.imgui/c58b4ee65782/Editor/Utilities/Range.cs.
[Package Manager] Could not restore immutable package asset: Packages/com.unity.modules.audio/c58b4ee65782/Editor/TimelineHelpers.cs.
[Package Manager] Could not restore immutable package asset: Packages/com.unity.modules.audio/c58b4ee65782/Editor/Utilities/Range.cs.
[Package Manager] Could not restore immutable package asset: Packages/com.unity.modules.director/c58b4ee65782/Editor/TimelineHelpers.cs.
[Package Manager] Could not restore immutable package asset: Packages/com.unity.modules.director/c58b4ee65782/Editor/Utilities/Range.cs.
[Package Manager] Could not restore immutable package asset: Packages/com.unity.modules.animation/c58b4ee65782/Editor/TimelineHelpers.cs.
[Package Manager] Could not restore immutable package asset: Packages/com.unity.modules.animation/c58b4ee65782/Editor/Utilities/Range.cs.
[Package Manager] Could not restore immutable package asset: Packages/com.unity.modules.particlesystem/c58b4ee65782/Editor/TimelineHelpers.cs.
[Package Manager] Could not restore immutable package asset: Packages/com.unity.modules.particlesystem/c58b4ee65782/Editor/Utilities/Range.cs.
[Package Manager] Could not restore immutable package asset: Packages/com.unity.modules.uielements/c58b4ee65782/Editor/TimelineHelpers.cs.
[Package Manager] Could not restore immutable package asset: Packages/com.unity.modules.uielements/c58b4ee65782/Editor/Utilities/Range.cs.
[Package Manager] Could not restore immutable package asset: Packages/com.unity.modules.hierarchycore/c58b4ee65782/Editor/TimelineHelpers.cs.
[Package Manager] Could not restore immutable package asset: Packages/com.unity.modules.hierarchycore/c58b4ee65782/Editor/Utilities/Range.cs.
[Package Manager] Could not restore immutable package asset: Packages/com.unity.modules.physics/c58b4ee65782/Editor/TimelineHelpers.cs.
[Package Manager] Could not restore immutable package asset: Packages/com.unity.modules.physics/c58b4ee65782/Editor/Utilities/Range.cs.
[Package Manager] Done registering packages in 0.00 seconds
[Package Manager] Done resolving packages in 0.63 seconds
[Licensing::Client] Successfully resolved entitlement details
[Package Manager] Lock file was modified
[Package Manager] Registered 21 packages:
  Packages from [https://packages.unity.com]:
    com.unity.collab-proxy@2.8.2 (location: /Users/douglasgordy/Documents/Anachron/Library/PackageCache/com.unity.collab-proxy@c854d1f7d97f)
    com.unity.ide.vscode@1.2.5 (location: /Users/douglasgordy/Documents/Anachron/Library/PackageCache/com.unity.ide.vscode@82e68656b7bd)
    com.unity.inputsystem@1.14.0 (location: /Users/douglasgordy/Documents/Anachron/Library/PackageCache/com.unity.inputsystem@7fe8299111a7)
    com.unity.visualscripting@1.9.7 (location: /Users/douglasgordy/Documents/Anachron/Library/PackageCache/com.unity.visualscripting@6279e2b7c485)
    com.unity.ide.visualstudio@2.0.27 (location: /Users/douglasgordy/Documents/Anachron/Library/PackageCache/com.unity.ide.visualstudio@dc1ddd4f09b6)
    com.unity.ide.rider@3.0.40 (location: /Users/douglasgordy/Documents/Anachron/Library/PackageCache/com.unity.ide.rider@e4950c6d131b)
    com.unity.editorcoroutines@1.0.1 (location: /Users/douglasgordy/Documents/Anachron/Library/PackageCache/com.unity.editorcoroutines@54394ed3283c)
    com.unity.performance.profile-analyzer@1.3.4 (location: /Users/douglasgordy/Documents/Anachron/Library/PackageCache/com.unity.performance.profile-analyzer@418130329099)
    com.unity.testtools.codecoverage@1.3.0 (location: /Users/douglasgordy/Documents/Anachron/Library/PackageCache/com.unity.testtools.codecoverage@19a841221620)
    com.unity.settings-manager@2.1.1 (location: /Users/douglasgordy/Documents/Anachron/Library/PackageCache/com.unity.settings-manager@0b8638c5ce86)
  Built-in packages:
    com.unity.feature.development@1.0.2 (location: /Users/douglasgordy/Documents/Anachron/Library/PackageCache/com.unity.feature.development@767aadbc6eb7)
    com.unity.test-framework@1.6.0 (location: /Users/douglasgordy/Documents/Anachron/Library/PackageCache/com.unity.test-framework@76560ee600cb)
    com.unity.textmeshpro@5.0.0 (location: /Users/douglasgordy/Documents/Anachron/Library/PackageCache/com.unity.textmeshpro@53f43edfd2e0)
    com.unity.ugui@2.0.0 (location: /Users/douglasgordy/Documents/Anachron/Library/PackageCache/com.unity.ugui@d8a2716f3013)
    com.unity.modules.jsonserialize@1.0.0 (location: /Users/douglasgordy/Documents/Anachron/Library/PackageCache/com.unity.modules.jsonserialize)
    com.unity.modules.ui@1.0.0 (location: /Users/douglasgordy/Documents/Anachron/Library/PackageCache/com.unity.modules.ui)
    com.unity.modules.imgui@1.0.0 (location: /Users/douglasgordy/Documents/Anachron/Library/PackageCache/com.unity.modules.imgui)
    com.unity.ext.nunit@2.0.5 (location: /Users/douglasgordy/Documents/Anachron/Library/PackageCache/com.unity.ext.nunit@d8c07649098d)
    com.unity.modules.uielements@1.0.0 (location: /Users/douglasgordy/Documents/Anachron/Library/PackageCache/com.unity.modules.uielements)
    com.unity.modules.hierarchycore@1.0.0 (location: /Users/douglasgordy/Documents/Anachron/Library/PackageCache/com.unity.modules.hierarchycore)
    com.unity.modules.physics@1.0.0 (location: /Users/douglasgordy/Documents/Anachron/Library/PackageCache/com.unity.modules.physics)
[Package Manager] com.unity.ide.vscode is deprecated: Visual Studio Code package is not supported anymore. You can continue to use it, but we won't provide any update anymore.
[Package Manager] com.unity.textmeshpro is deprecated: This package is no longer supported. TextMeshPro functionalities are now included in the com.unity.ugui package. To continue using them, consider adding it to your project dependencies.
[Subsystems] No new subsystems found in resolved package list.
[Package Manager] Done registering packages in 0.00 seconds
[ScriptCompilation] Requested script compilation because: Assembly Definition File(s) changed
[ScriptCompilation] Requested script compilation because: AssetDatabase observed changes in script compilation related files
info: Microsoft.Hosting.Lifetime[14]
      Now listening on: http://unix:/tmp/ilpp.sock-5310b0a821bdc8aa1c2dce04a41ef2cd
info: Microsoft.Hosting.Lifetime[0]
      Application started. Press Ctrl+C to shut down.
info: Microsoft.Hosting.Lifetime[0]
      Hosting environment: Production
info: Microsoft.Hosting.Lifetime[0]
      Content root path: /Users/douglasgordy/Documents/Anachron
info: Microsoft.AspNetCore.Hosting.Diagnostics[1]
      Request starting HTTP/2 POST http://ilpp/UnityILPP.PostProcessing/Ping - application/grpc -
info: Microsoft.AspNetCore.Routing.EndpointMiddleware[0]
      Executing endpoint 'gRPC - /UnityILPP.PostProcessing/Ping'
info: Microsoft.AspNetCore.Routing.EndpointMiddleware[1]
      Executed endpoint 'gRPC - /UnityILPP.PostProcessing/Ping'
info: Microsoft.AspNetCore.Hosting.Diagnostics[2]
      Request finished HTTP/2 POST http://ilpp/UnityILPP.PostProcessing/Ping - 200 - application/grpc 14.6037ms
Starting: /Applications/Unity/Hub/Editor/6000.4.1f1/Unity.app/Contents/Resources/BuildPipeline/bee_backend --ipc --defer-dag-verification --dagfile="Library/Bee/200b0aE.dag" --continue-on-failure --profile="Library/Bee/backend1.traceevents" ScriptAssemblies
WorkingDir: /Users/douglasgordy/Documents/Anachron
DisplayProgressbar: Compiling Scripts
ExitCode: 4 Duration: 1s59ms
[297/450    0s] CopyFiles Library/ScriptAssemblies/UnityEngine.UI.dll
[298/450    0s] CopyFiles Library/ScriptAssemblies/UnityEngine.UI.pdb
[301/450    0s] CopyFiles Library/ScriptAssemblies/UnityEngine.TestRunner.pdb
[302/450    0s] CopyFiles Library/ScriptAssemblies/UnityEngine.TestRunner.dll
[307/450    0s] CopyFiles Library/ScriptAssemblies/UnityEditor.TestRunner.dll
[308/450    0s] CopyFiles Library/ScriptAssemblies/UnityEditor.TestRunner.pdb
[311/450    0s] CopyFiles Library/ScriptAssemblies/UnityEditor.UI.dll
[312/450    0s] CopyFiles Library/ScriptAssemblies/UnityEditor.UI.pdb
[331/450    0s] CopyFiles Library/ScriptAssemblies/Unity.VSCode.Editor.pdb
[335/450    0s] CopyFiles Library/ScriptAssemblies/Unity.InternalAPIEngineBridge.004.dll
[336/450    0s] CopyFiles Library/ScriptAssemblies/Unity.TestTools.CodeCoverage.Editor.OpenCover.Model.dll
[339/450    0s] CopyFiles Library/ScriptAssemblies/Unity.EditorCoroutines.Editor.dll
[341/450    0s] CopyFiles Library/ScriptAssemblies/Unity.EditorCoroutines.Editor.pdb
[342/450    0s] CopyFiles Library/ScriptAssemblies/Unity.TestTools.CodeCoverage.Editor.OpenCover.Model.pdb
[344/450    0s] CopyFiles Library/ScriptAssemblies/Unity.Settings.Editor.dll
[346/450    0s] CopyFiles Library/ScriptAssemblies/Unity.InternalAPIEngineBridge.004.pdb
[347/450    0s] CopyFiles Library/ScriptAssemblies/Unity.Settings.Editor.pdb
[348/450    0s] CopyFiles Library/ScriptAssemblies/Unity.Rider.Editor.dll
[349/450    0s] CopyFiles Library/ScriptAssemblies/Unity.VSCode.Editor.dll
[350/450    0s] CopyFiles Library/ScriptAssemblies/Unity.Rider.Editor.pdb
[352/450    0s] CopyFiles Library/ScriptAssemblies/Unity.TestTools.CodeCoverage.Editor.OpenCover.Mono.Reflection.dll
[353/450    0s] CopyFiles Library/ScriptAssemblies/Unity.TestTools.CodeCoverage.Editor.OpenCover.Mono.Reflection.pdb
[356/450    0s] CopyFiles Library/ScriptAssemblies/Unity.VisualStudio.Editor.dll
[357/450    0s] CopyFiles Library/ScriptAssemblies/Unity.VisualStudio.Editor.pdb
[359/450    0s] CopyFiles Library/ScriptAssemblies/Unity.InputSystem.pdb
[360/450    0s] CopyFiles Library/ScriptAssemblies/Unity.InputSystem.dll
[365/450    0s] CopyFiles Library/ScriptAssemblies/Unity.Performance.Profile-Analyzer.Editor.pdb
[366/450    0s] CopyFiles Library/ScriptAssemblies/Unity.Performance.Profile-Analyzer.Editor.dll
[373/450    0s] CopyFiles Library/ScriptAssemblies/Unity.PlasticSCM.Editor.dll
[374/450    0s] CopyFiles Library/ScriptAssemblies/Unity.PlasticSCM.Editor.pdb
[377/450    0s] CopyFiles Library/ScriptAssemblies/Unity.TestTools.CodeCoverage.Editor.pdb
[378/450    0s] CopyFiles Library/ScriptAssemblies/Unity.TextMeshPro.dll
[379/450    0s] CopyFiles Library/ScriptAssemblies/Unity.TestTools.CodeCoverage.Editor.dll
[380/450    0s] CopyFiles Library/ScriptAssemblies/Unity.TextMeshPro.pdb
[383/450    0s] CopyFiles Library/ScriptAssemblies/Unity.InputSystem.DocCodeSamples.dll
[384/450    0s] CopyFiles Library/ScriptAssemblies/Unity.InputSystem.DocCodeSamples.pdb
[385/450    0s] CopyFiles Library/ScriptAssemblies/Unity.InputSystem.TestFramework.dll
[388/450    0s] CopyFiles Library/ScriptAssemblies/Unity.InputSystem.TestFramework.pdb
[390/450    0s] CopyFiles Library/ScriptAssemblies/Unity.InputSystem.ForUI.pdb
[391/450    0s] CopyFiles Library/ScriptAssemblies/Unity.InputSystem.ForUI.dll
[392/450    0s] CopyFiles Library/ScriptAssemblies/Unity.CollabProxy.Editor.pdb
[394/450    0s] CopyFiles Library/ScriptAssemblies/UnityEditor.UI.Analytics.dll
[           0s] Csc Library/Bee/artifacts/200b0aE.dag/Unity.Timeline.dll (+2 others) [CacheMiss 065cd37292405ef0f45bdbdd0ff8a5bb00000000000000000000000000000006]
[395/450    0s] CopyFiles Library/ScriptAssemblies/UnityEditor.UI.Analytics.pdb
[396/450    0s] CopyFiles Library/ScriptAssemblies/Unity.TextMeshPro.Editor.pdb
[397/450    0s] CopyFiles Library/ScriptAssemblies/Unity.CollabProxy.Editor.dll
[398/450    0s] CopyFiles Library/ScriptAssemblies/Unity.TextMeshPro.Editor.dll
[403/450    0s] CopyFiles Library/ScriptAssemblies/Unity.VisualScripting.Core.dll
[404/450    0s] CopyFiles Library/ScriptAssemblies/Unity.VisualScripting.Core.pdb
[407/450    0s] CopyFiles Library/ScriptAssemblies/Unity.VisualScripting.Flow.dll
[408/450    0s] CopyFiles Library/ScriptAssemblies/Unity.VisualScripting.Flow.pdb
Rebuilding DAG because FileSignature timestamp changed: Library/Bee/200b0aE-inputdata.json
[411/450    1s] Csc Library/Bee/artifacts/200b0aE.dag/QuantumUser.Simulation.dll (+2 others)
*** Tundra requires additional run (1.04 seconds), 52 items updated, 408 evaluated
Starting: /Applications/Unity/Hub/Editor/6000.4.1f1/Unity.app/Contents/Resources/Scripting/netcorerun/netcorerun "/Applications/Unity/Hub/Editor/6000.4.1f1/Unity.app/Contents/Resources/BuildPipeline/ScriptCompilationBuildProgram.exe" "Library/Bee/200b0aE.dag.json" "Library/Bee/200b0aE-inputdata.json" "Library/Bee/buildprogram0.traceevents"
WorkingDir: /Users/douglasgordy/Documents/Anachron
ExitCode: 0 Duration: 0s452ms
Starting: /Applications/Unity/Hub/Editor/6000.4.1f1/Unity.app/Contents/Resources/BuildPipeline/bee_backend --ipc --defer-dag-verification --dagfile="Library/Bee/200b0aE.dag" --continue-on-failure --dagfilejson="Library/Bee/200b0aE.dag.json" --profile="Library/Bee/backend2.traceevents" ScriptAssemblies
WorkingDir: /Users/douglasgordy/Documents/Anachron
ExitCode: 0 Duration: 7s438ms
Finished compiling graph: 436 nodes, 6069 flattened edges (5629 ToBuild, 66 ToUse), maximum node priority 295
[           0s] Delete 14 artifact files that are no longer in use. (like Library/Bee/artifacts/200b0aE.dag/Unity.Timeline.rsp)
[140/433    0s] WriteText Library/Bee/artifacts/200b0aE.dag/UnityEngine.TestRunner.dll.mvfrm.rsp
[146/433    0s] WriteText Library/Bee/artifacts/200b0aE.dag/UnityEngine.TestRunner.rsp
[183/433    0s] WriteText Library/Bee/artifacts/200b0aE.dag/UnityEngine.UI.rsp
[184/433    0s] WriteText Library/Bee/artifacts/200b0aE.dag/Unity.VisualScripting.Core.dll.mvfrm.rsp
[185/433    0s] WriteText Library/Bee/artifacts/200b0aE.dag/Unity.VisualScripting.Flow.dll.mvfrm.rsp
[188/433    0s] WriteText Library/Bee/artifacts/200b0aE.dag/UnityEngine.UI.dll.mvfrm.rsp
[189/433    0s] WriteText Library/Bee/artifacts/200b0aE.dag/Unity.InputSystem.rsp
[190/433    0s] WriteText Library/Bee/artifacts/200b0aE.dag/UnityEditor.UI.rsp
[191/433    0s] WriteText Library/Bee/artifacts/200b0aE.dag/Unity.InputSystem.dll.mvfrm.rsp
[201/433    0s] WriteText Library/Bee/artifacts/200b0aE.dag/Unity.VisualScripting.Flow.rsp
[206/433    0s] WriteText Library/Bee/artifacts/200b0aE.dag/Unity.VisualScripting.State.rsp
[209/433    0s] WriteText Library/Bee/artifacts/200b0aE.dag/Unity.VisualScripting.State.dll.mvfrm.rsp
[217/433    0s] WriteText Library/Bee/artifacts/200b0aE.dag/Unity.InternalAPIEngineBridge.004.dll.mvfrm.rsp
[229/433    0s] WriteText Library/Bee/artifacts/200b0aE.dag/Unity.TextMeshPro.dll.mvfrm.rsp
[230/433    0s] WriteText Library/Bee/artifacts/200b0aE.dag/Unity.VisualScripting.Core.rsp
[231/433    0s] WriteText Library/Bee/artifacts/200b0aE.dag/Unity.TextMeshPro.rsp
[233/433    0s] WriteText Library/Bee/artifacts/200b0aE.dag/Unity.InternalAPIEngineBridge.004.rsp
[240/433    0s] WriteText Library/Bee/artifacts/200b0aE.dag/QuantumUser.View.dll.mvfrm.rsp
[244/433    0s] WriteText Library/Bee/artifacts/200b0aE.dag/Unity.InputSystem.TestFramework.dll.mvfrm.rsp
[251/433    0s] WriteText Library/Bee/artifacts/200b0aE.dag/Unity.InputSystem.ForUI.dll.mvfrm.rsp
[282/433    0s] WriteText Library/Bee/artifacts/200b0aE.dag/Unity.InputSystem.TestFramework.rsp
[283/433    0s] WriteText Library/Bee/artifacts/200b0aE.dag/Unity.InputSystem.ForUI.rsp
[284/433    0s] WriteText Library/Bee/artifacts/200b0aE.dag/QuantumUser.View.rsp
[286/433    0s] CopyFiles Library/ScriptAssemblies/QuantumUser.Simulation.dll
[287/433    0s] CopyFiles Library/ScriptAssemblies/QuantumUser.Simulation.pdb
[288/433    0s] MovedFromExtractor-Combine Library/Bee/artifacts/200b0aE.dag/UnityEngine.TestRunner.dll.mvfrm
[289/433    0s] MovedFromExtractor-Combine Library/Bee/artifacts/200b0aE.dag/UnityEngine.UI.dll.mvfrm
[           0s] Csc Library/Bee/artifacts/200b0aE.dag/UnityEngine.UI.dll (+2 others) [CacheMiss 751e9f5cde978f44fc383e9183f20cb700000000000000000000000000000006]
[           0s] Csc Library/Bee/artifacts/200b0aE.dag/UnityEngine.TestRunner.dll (+2 others) [CacheMiss 065aa4954c503198f0fa2a5b1d3ff5ea00000000000000000000000000000006]
[290/433    0s] Csc Library/Bee/artifacts/200b0aE.dag/UnityEngine.TestRunner.dll (+2 others)
[291/433    0s] Csc Library/Bee/artifacts/200b0aE.dag/UnityEngine.UI.dll (+2 others)
[           0s] Csc Library/Bee/artifacts/200b0aE.dag/UnityEngine.UI.dll (+2 others) [CacheWrite 751e9f5cde978f44fc383e9183f20cb700000000000000000000000000000006]
[           0s] Csc Library/Bee/artifacts/200b0aE.dag/UnityEngine.TestRunner.dll (+2 others) [CacheWrite 065aa4954c503198f0fa2a5b1d3ff5ea00000000000000000000000000000006]
[294/433    0s] CopyFiles Library/ScriptAssemblies/UnityEngine.UI.pdb
[295/433    0s] CopyFiles Library/ScriptAssemblies/UnityEngine.UI.dll
[296/433    0s] CopyFiles Library/ScriptAssemblies/UnityEngine.TestRunner.pdb
[297/433    0s] CopyFiles Library/ScriptAssemblies/UnityEngine.TestRunner.dll
[302/433    0s] MovedFromExtractor Library/Bee/artifacts/mvdfrm/UnityEngine.UI.ref.dll_79746E5030301F94.mvfrm
[303/433    0s] MovedFromExtractor-Combine Library/Bee/artifacts/200b0aE.dag/UnityEditor.UI.dll.mvfrm
[           0s] Csc Library/Bee/artifacts/200b0aE.dag/UnityEditor.UI.dll (+2 others) [CacheMiss 6b175e388e76ca6f7604cefdfe3aee1600000000000000000000000000000006]
[304/433    0s] Csc Library/Bee/artifacts/200b0aE.dag/UnityEditor.UI.dll (+2 others)
[           0s] Csc Library/Bee/artifacts/200b0aE.dag/UnityEditor.UI.dll (+2 others) [CacheWrite 6b175e388e76ca6f7604cefdfe3aee1600000000000000000000000000000006]
[306/433    0s] CopyFiles Library/ScriptAssemblies/UnityEditor.UI.pdb
[307/433    0s] CopyFiles Library/ScriptAssemblies/UnityEditor.UI.dll
[308/433    0s] MovedFromExtractor-Combine Library/Bee/artifacts/200b0aE.dag/Unity.InternalAPIEngineBridge.004.dll.mvfrm
[309/433    0s] MovedFromExtractor-Combine Library/Bee/artifacts/200b0aE.dag/QuantumUser.View.dll.mvfrm
[310/433    0s] MovedFromExtractor-Combine Library/Bee/artifacts/200b0aE.dag/Unity.InputSystem.dll.mvfrm
[311/433    0s] MovedFromExtractor-Combine Library/Bee/artifacts/200b0aE.dag/Unity.TestTools.CodeCoverage.Editor.OpenCover.Mono.Reflection.dll.mvfrm
[312/433    0s] MovedFromExtractor-Combine Library/Bee/artifacts/200b0aE.dag/Unity.VSCode.Editor.dll.mvfrm
[313/433    0s] MovedFromExtractor-Combine Library/Bee/artifacts/200b0aE.dag/Unity.TestTools.CodeCoverage.Editor.OpenCover.Model.dll.mvfrm
[314/433    0s] MovedFromExtractor-Combine Library/Bee/artifacts/200b0aE.dag/Unity.EditorCoroutines.Editor.dll.mvfrm
[315/433    0s] MovedFromExtractor-Combine Library/Bee/artifacts/200b0aE.dag/Unity.VisualStudio.Editor.dll.mvfrm
[316/433    0s] MovedFromExtractor-Combine Library/Bee/artifacts/200b0aE.dag/Unity.Settings.Editor.dll.mvfrm
[317/433    0s] MovedFromExtractor-Combine Library/Bee/artifacts/200b0aE.dag/Unity.PlasticSCM.Editor.dll.mvfrm
[318/433    0s] MovedFromExtractor-Combine Library/Bee/artifacts/200b0aE.dag/Unity.Performance.Profile-Analyzer.Editor.dll.mvfrm
[319/433    0s] MovedFromExtractor-Combine Library/Bee/artifacts/200b0aE.dag/Unity.Rider.Editor.dll.mvfrm
[           0s] Csc Library/Bee/artifacts/200b0aE.dag/Unity.VSCode.Editor.dll (+2 others) [CacheMiss 6ae08a64dd2082a8ec3f5ad576364e7a00000000000000000000000000000006]
[           0s] Csc Library/Bee/artifacts/200b0aE.dag/Unity.TestTools.CodeCoverage.Editor.OpenCover.Mono.Reflection.dll (+2 others) [CacheMiss 01dc2fe756d7a5fc141aed803dd148ee00000000000000000000000000000006]
[           0s] Csc Library/Bee/artifacts/200b0aE.dag/Unity.InputSystem.dll (+2 others) [CacheMiss 0d31ddd92fd94c18805354b1f53fb76400000000000000000000000000000006]
[           0s] Csc Library/Bee/artifacts/200b0aE.dag/Unity.PlasticSCM.Editor.dll (+2 others) [CacheMiss 61d77fd15026c8f488410ba264f730ab00000000000000000000000000000006]
[           0s] Csc Library/Bee/artifacts/200b0aE.dag/Unity.Rider.Editor.dll (+2 others) [CacheMiss 9cee1840e707c2601d59fd509c43be3c00000000000000000000000000000006]
[           0s] Csc Library/Bee/artifacts/200b0aE.dag/Unity.EditorCoroutines.Editor.dll (+2 others) [CacheMiss afb94dcdf0ec088241bd0744a712a5f000000000000000000000000000000006]
[           0s] Csc Library/Bee/artifacts/200b0aE.dag/Unity.Settings.Editor.dll (+2 others) [CacheMiss 671e163422679e22162b2569a8a9cbc200000000000000000000000000000006]
[           0s] Csc Library/Bee/artifacts/200b0aE.dag/Unity.TestTools.CodeCoverage.Editor.OpenCover.Model.dll (+2 others) [CacheMiss 798c5f4b9d8a7d4c083631f65490807a00000000000000000000000000000006]
[           0s] Csc Library/Bee/artifacts/200b0aE.dag/Unity.Performance.Profile-Analyzer.Editor.dll (+2 others) [CacheMiss 85889d4f9133fc01e5232c85d4b7928900000000000000000000000000000006]
[           0s] Csc Library/Bee/artifacts/200b0aE.dag/Unity.VisualStudio.Editor.dll (+2 others) [CacheMiss 454409e0abd83894e7a4d35f50b3a5b100000000000000000000000000000006]
[           0s] Csc Library/Bee/artifacts/200b0aE.dag/Unity.InternalAPIEngineBridge.004.dll (+2 others) [CacheMiss bd54c895f30a3f7e6619ecaa18b0caba00000000000000000000000000000006]
[320/433    0s] Csc Library/Bee/artifacts/200b0aE.dag/QuantumUser.View.dll (+2 others)
[321/433    0s] CopyFiles Library/ScriptAssemblies/QuantumUser.View.dll
[322/433    0s] CopyFiles Library/ScriptAssemblies/QuantumUser.View.pdb
[323/433    0s] Csc Library/Bee/artifacts/200b0aE.dag/Unity.TestTools.CodeCoverage.Editor.OpenCover.Mono.Reflection.dll (+2 others)
[           0s] Csc Library/Bee/artifacts/200b0aE.dag/Unity.TestTools.CodeCoverage.Editor.OpenCover.Mono.Reflection.dll (+2 others) [CacheWrite 01dc2fe756d7a5fc141aed803dd148ee00000000000000000000000000000006]
[325/433    0s] CopyFiles Library/ScriptAssemblies/Unity.TestTools.CodeCoverage.Editor.OpenCover.Mono.Reflection.dll
[326/433    0s] CopyFiles Library/ScriptAssemblies/Unity.TestTools.CodeCoverage.Editor.OpenCover.Mono.Reflection.pdb
[327/433    0s] Csc Library/Bee/artifacts/200b0aE.dag/Unity.TestTools.CodeCoverage.Editor.OpenCover.Model.dll (+2 others)
[           0s] Csc Library/Bee/artifacts/200b0aE.dag/Unity.TestTools.CodeCoverage.Editor.OpenCover.Model.dll (+2 others) [CacheWrite 798c5f4b9d8a7d4c083631f65490807a00000000000000000000000000000006]
[329/433    0s] CopyFiles Library/ScriptAssemblies/Unity.TestTools.CodeCoverage.Editor.OpenCover.Model.dll
[330/433    0s] CopyFiles Library/ScriptAssemblies/Unity.TestTools.CodeCoverage.Editor.OpenCover.Model.pdb
[331/433    0s] Csc Library/Bee/artifacts/200b0aE.dag/Unity.InternalAPIEngineBridge.004.dll (+2 others)
[           0s] Csc Library/Bee/artifacts/200b0aE.dag/Unity.InternalAPIEngineBridge.004.dll (+2 others) [CacheWrite bd54c895f30a3f7e6619ecaa18b0caba00000000000000000000000000000006]
[333/433    0s] CopyFiles Library/ScriptAssemblies/Unity.InternalAPIEngineBridge.004.dll
[334/433    0s] CopyFiles Library/ScriptAssemblies/Unity.InternalAPIEngineBridge.004.pdb
[335/433    0s] Csc Library/Bee/artifacts/200b0aE.dag/Unity.VSCode.Editor.dll (+2 others)
[336/433    0s] Csc Library/Bee/artifacts/200b0aE.dag/Unity.EditorCoroutines.Editor.dll (+2 others)
[337/433    0s] Csc Library/Bee/artifacts/200b0aE.dag/Unity.Settings.Editor.dll (+2 others)
[           0s] Csc Library/Bee/artifacts/200b0aE.dag/Unity.VSCode.Editor.dll (+2 others) [CacheWrite 6ae08a64dd2082a8ec3f5ad576364e7a00000000000000000000000000000006]
[338/433    0s] CopyFiles Library/ScriptAssemblies/Unity.VSCode.Editor.pdb
[339/433    0s] CopyFiles Library/ScriptAssemblies/Unity.VSCode.Editor.dll
[340/433    0s] Csc Library/Bee/artifacts/200b0aE.dag/Unity.Rider.Editor.dll (+2 others)
[           0s] Csc Library/Bee/artifacts/200b0aE.dag/Unity.EditorCoroutines.Editor.dll (+2 others) [CacheWrite afb94dcdf0ec088241bd0744a712a5f000000000000000000000000000000006]
[341/433    0s] CopyFiles Library/ScriptAssemblies/Unity.EditorCoroutines.Editor.dll
[342/433    0s] CopyFiles Library/ScriptAssemblies/Unity.EditorCoroutines.Editor.pdb
[           0s] Csc Library/Bee/artifacts/200b0aE.dag/Unity.Settings.Editor.dll (+2 others) [CacheWrite 671e163422679e22162b2569a8a9cbc200000000000000000000000000000006]
[344/433    0s] CopyFiles Library/ScriptAssemblies/Unity.Settings.Editor.pdb
[345/433    0s] CopyFiles Library/ScriptAssemblies/Unity.Settings.Editor.dll
[           0s] Csc Library/Bee/artifacts/200b0aE.dag/Unity.Rider.Editor.dll (+2 others) [CacheWrite 9cee1840e707c2601d59fd509c43be3c00000000000000000000000000000006]
[346/433    0s] CopyFiles Library/ScriptAssemblies/Unity.Rider.Editor.pdb
[347/433    0s] CopyFiles Library/ScriptAssemblies/Unity.Rider.Editor.dll
[348/433    0s] MovedFromExtractor-Combine Library/Bee/artifacts/200b0aE.dag/Unity.TextMeshPro.dll.mvfrm
[           0s] Csc Library/Bee/artifacts/200b0aE.dag/Unity.TextMeshPro.dll (+2 others) [CacheMiss a1f731cc490d849cf79b8637563e4a4c00000000000000000000000000000006]
[349/433    0s] MovedFromExtractor-Combine Library/Bee/artifacts/200b0aE.dag/Unity.TestTools.CodeCoverage.Editor.dll.mvfrm
[           0s] Csc Library/Bee/artifacts/200b0aE.dag/Unity.TestTools.CodeCoverage.Editor.dll (+2 others) [CacheMiss d7b0afd69d65caceca778b1104fad47e00000000000000000000000000000006]
[350/433    0s] Csc Library/Bee/artifacts/200b0aE.dag/Unity.VisualStudio.Editor.dll (+2 others)
[           0s] Csc Library/Bee/artifacts/200b0aE.dag/Unity.VisualStudio.Editor.dll (+2 others) [CacheWrite 454409e0abd83894e7a4d35f50b3a5b100000000000000000000000000000006]
[351/433    0s] CopyFiles Library/ScriptAssemblies/Unity.VisualStudio.Editor.pdb
[352/433    0s] CopyFiles Library/ScriptAssemblies/Unity.VisualStudio.Editor.dll
[353/433    0s] Csc Library/Bee/artifacts/200b0aE.dag/Unity.TestTools.CodeCoverage.Editor.dll (+2 others)
[           0s] Csc Library/Bee/artifacts/200b0aE.dag/Unity.TestTools.CodeCoverage.Editor.dll (+2 others) [CacheWrite d7b0afd69d65caceca778b1104fad47e00000000000000000000000000000006]
[354/433    0s] CopyFiles Library/ScriptAssemblies/Unity.TestTools.CodeCoverage.Editor.dll
[355/433    0s] CopyFiles Library/ScriptAssemblies/Unity.TestTools.CodeCoverage.Editor.pdb
[356/433    1s] Csc Library/Bee/artifacts/200b0aE.dag/Unity.Performance.Profile-Analyzer.Editor.dll (+2 others)
[           0s] Csc Library/Bee/artifacts/200b0aE.dag/Unity.Performance.Profile-Analyzer.Editor.dll (+2 others) [CacheWrite 85889d4f9133fc01e5232c85d4b7928900000000000000000000000000000006]
[357/433    0s] CopyFiles Library/ScriptAssemblies/Unity.Performance.Profile-Analyzer.Editor.dll
[358/433    0s] CopyFiles Library/ScriptAssemblies/Unity.Performance.Profile-Analyzer.Editor.pdb
[359/433    1s] Csc Library/Bee/artifacts/200b0aE.dag/Unity.TextMeshPro.dll (+2 others)
[           0s] Csc Library/Bee/artifacts/200b0aE.dag/Unity.TextMeshPro.dll (+2 others) [CacheWrite a1f731cc490d849cf79b8637563e4a4c00000000000000000000000000000006]
[361/433    0s] CopyFiles Library/ScriptAssemblies/Unity.TextMeshPro.pdb
[362/433    0s] CopyFiles Library/ScriptAssemblies/Unity.TextMeshPro.dll
[363/433    0s] MovedFromExtractor-Combine Library/Bee/artifacts/200b0aE.dag/Unity.TextMeshPro.Editor.dll.mvfrm
[364/433    0s] MovedFromExtractor-Combine Library/Bee/artifacts/200b0aE.dag/UnityEditor.UI.Analytics.dll.mvfrm
[           0s] Csc Library/Bee/artifacts/200b0aE.dag/Unity.TextMeshPro.Editor.dll (+2 others) [CacheMiss 83ddd143d54062bf10604b42672b33bd00000000000000000000000000000006]
[           0s] Csc Library/Bee/artifacts/200b0aE.dag/UnityEditor.UI.Analytics.dll (+2 others) [CacheMiss 6c3d9264b8e7eb4f22b40eb00eab3a2700000000000000000000000000000006]
[365/433    2s] Csc Library/Bee/artifacts/200b0aE.dag/Unity.PlasticSCM.Editor.dll (+2 others)
[           0s] Csc Library/Bee/artifacts/200b0aE.dag/Unity.PlasticSCM.Editor.dll (+2 others) [CacheWrite 61d77fd15026c8f488410ba264f730ab00000000000000000000000000000006]
[367/433    0s] CopyFiles Library/ScriptAssemblies/Unity.PlasticSCM.Editor.pdb
[368/433    0s] CopyFiles Library/ScriptAssemblies/Unity.PlasticSCM.Editor.dll
[369/433    0s] MovedFromExtractor-Combine Library/Bee/artifacts/200b0aE.dag/Unity.CollabProxy.Editor.dll.mvfrm
[           0s] Csc Library/Bee/artifacts/200b0aE.dag/Unity.CollabProxy.Editor.dll (+2 others) [CacheMiss 33b887d08dc06cab1539c75737b6d60f00000000000000000000000000000006]
[370/433    0s] Csc Library/Bee/artifacts/200b0aE.dag/UnityEditor.UI.Analytics.dll (+2 others)
[           0s] Csc Library/Bee/artifacts/200b0aE.dag/UnityEditor.UI.Analytics.dll (+2 others) [CacheWrite 6c3d9264b8e7eb4f22b40eb00eab3a2700000000000000000000000000000006]
[371/433    0s] CopyFiles Library/ScriptAssemblies/UnityEditor.UI.Analytics.dll
[372/433    0s] CopyFiles Library/ScriptAssemblies/UnityEditor.UI.Analytics.pdb
[373/433    0s] Csc Library/Bee/artifacts/200b0aE.dag/Unity.CollabProxy.Editor.dll (+2 others)
[           0s] Csc Library/Bee/artifacts/200b0aE.dag/Unity.CollabProxy.Editor.dll (+2 others) [CacheWrite 33b887d08dc06cab1539c75737b6d60f00000000000000000000000000000006]
[374/433    0s] CopyFiles Library/ScriptAssemblies/Unity.CollabProxy.Editor.pdb
[375/433    0s] CopyFiles Library/ScriptAssemblies/Unity.CollabProxy.Editor.dll
[376/433    0s] Csc Library/Bee/artifacts/200b0aE.dag/Unity.TextMeshPro.Editor.dll (+2 others)
[           0s] Csc Library/Bee/artifacts/200b0aE.dag/Unity.TextMeshPro.Editor.dll (+2 others) [CacheWrite 83ddd143d54062bf10604b42672b33bd00000000000000000000000000000006]
[377/433    0s] CopyFiles Library/ScriptAssemblies/Unity.TextMeshPro.Editor.pdb
[378/433    0s] CopyFiles Library/ScriptAssemblies/Unity.TextMeshPro.Editor.dll
[379/433    2s] Csc Library/Bee/artifacts/200b0aE.dag/Unity.InputSystem.dll (+2 others)
[           0s] Csc Library/Bee/artifacts/200b0aE.dag/Unity.InputSystem.dll (+2 others) [CacheWrite 0d31ddd92fd94c18805354b1f53fb76400000000000000000000000000000006]
[381/433    0s] CopyFiles Library/ScriptAssemblies/Unity.InputSystem.pdb
[382/433    0s] CopyFiles Library/ScriptAssemblies/Unity.InputSystem.dll
[383/433    0s] MovedFromExtractor-Combine Library/Bee/artifacts/200b0aE.dag/Unity.InputSystem.ForUI.dll.mvfrm
[384/433    0s] MovedFromExtractor-Combine Library/Bee/artifacts/200b0aE.dag/Unity.VisualScripting.Core.dll.mvfrm
[385/433    0s] MovedFromExtractor-Combine Library/Bee/artifacts/200b0aE.dag/Unity.InputSystem.TestFramework.dll.mvfrm
[386/433    0s] MovedFromExtractor-Combine Library/Bee/artifacts/200b0aE.dag/Unity.InputSystem.DocCodeSamples.dll.mvfrm
[           0s] Csc Library/Bee/artifacts/200b0aE.dag/Unity.VisualScripting.Core.dll (+2 others) [CacheMiss 2039eea9877cef544cd469256798fcd800000000000000000000000000000006]
[           0s] Csc Library/Bee/artifacts/200b0aE.dag/Unity.InputSystem.DocCodeSamples.dll (+2 others) [CacheMiss 8ed062f2392a9878e5a11b7f86f1c0b300000000000000000000000000000006]
[           0s] Csc Library/Bee/artifacts/200b0aE.dag/Unity.InputSystem.ForUI.dll (+2 others) [CacheMiss c3db9bb99fb84be4692b251eaaf1512f00000000000000000000000000000006]
[           0s] Csc Library/Bee/artifacts/200b0aE.dag/Unity.InputSystem.TestFramework.dll (+2 others) [CacheMiss 8785146f441e7d458138f73a8040dbd600000000000000000000000000000006]
[387/433    0s] Csc Library/Bee/artifacts/200b0aE.dag/Unity.InputSystem.TestFramework.dll (+2 others)
[388/433    0s] Csc Library/Bee/artifacts/200b0aE.dag/Unity.InputSystem.ForUI.dll (+2 others)
[389/433    0s] Csc Library/Bee/artifacts/200b0aE.dag/Unity.InputSystem.DocCodeSamples.dll (+2 others)
[390/433    0s] Csc Library/Bee/artifacts/200b0aE.dag/Unity.VisualScripting.Core.dll (+2 others)
[           0s] Csc Library/Bee/artifacts/200b0aE.dag/Unity.InputSystem.DocCodeSamples.dll (+2 others) [CacheWrite 8ed062f2392a9878e5a11b7f86f1c0b300000000000000000000000000000006]
[           0s] Csc Library/Bee/artifacts/200b0aE.dag/Unity.InputSystem.ForUI.dll (+2 others) [CacheWrite c3db9bb99fb84be4692b251eaaf1512f00000000000000000000000000000006]
[           0s] Csc Library/Bee/artifacts/200b0aE.dag/Unity.VisualScripting.Core.dll (+2 others) [CacheWrite 2039eea9877cef544cd469256798fcd800000000000000000000000000000006]
[           0s] Csc Library/Bee/artifacts/200b0aE.dag/Unity.InputSystem.TestFramework.dll (+2 others) [CacheWrite 8785146f441e7d458138f73a8040dbd600000000000000000000000000000006]
[391/433    0s] CopyFiles Library/ScriptAssemblies/Unity.InputSystem.TestFramework.dll
[392/433    0s] CopyFiles Library/ScriptAssemblies/Unity.InputSystem.TestFramework.pdb
[393/433    0s] CopyFiles Library/ScriptAssemblies/Unity.InputSystem.ForUI.pdb
[394/433    0s] CopyFiles Library/ScriptAssemblies/Unity.InputSystem.DocCodeSamples.dll
[395/433    0s] CopyFiles Library/ScriptAssemblies/Unity.InputSystem.ForUI.dll
[396/433    0s] CopyFiles Library/ScriptAssemblies/Unity.InputSystem.DocCodeSamples.pdb
[397/433    0s] CopyFiles Library/ScriptAssemblies/Unity.VisualScripting.Core.pdb
[398/433    0s] CopyFiles Library/ScriptAssemblies/Unity.VisualScripting.Core.dll
[399/433    0s] MovedFromExtractor Library/Bee/artifacts/mvdfrm/Unity.VisualScripting.Core.ref.dll_4EC1FE8B3807FE28.mvfrm
[400/433    0s] MovedFromExtractor-Combine Library/Bee/artifacts/200b0aE.dag/Unity.VisualScripting.Flow.dll.mvfrm
[401/433    0s] MovedFromExtractor-Combine Library/Bee/artifacts/200b0aE.dag/Unity.VisualScripting.Core.Editor.dll.mvfrm
[           0s] Csc Library/Bee/artifacts/200b0aE.dag/Unity.VisualScripting.Flow.dll (+2 others) [CacheMiss 97e341185af7c10b20d36cc40422e32e00000000000000000000000000000006]
[           0s] Csc Library/Bee/artifacts/200b0aE.dag/Unity.VisualScripting.Core.Editor.dll (+2 others) [CacheMiss f6cc49e0fc17f0dbcb83e6b2ceae2b9700000000000000000000000000000006]
[402/433    1s] Csc Library/Bee/artifacts/200b0aE.dag/Unity.VisualScripting.Flow.dll (+2 others)
[403/433    1s] Csc Library/Bee/artifacts/200b0aE.dag/Unity.VisualScripting.Core.Editor.dll (+2 others)
[           0s] Csc Library/Bee/artifacts/200b0aE.dag/Unity.VisualScripting.Flow.dll (+2 others) [CacheWrite 97e341185af7c10b20d36cc40422e32e00000000000000000000000000000006]
[           0s] Csc Library/Bee/artifacts/200b0aE.dag/Unity.VisualScripting.Core.Editor.dll (+2 others) [CacheWrite f6cc49e0fc17f0dbcb83e6b2ceae2b9700000000000000000000000000000006]
[405/433    0s] CopyFiles Library/ScriptAssemblies/Unity.VisualScripting.Flow.pdb
[406/433    0s] CopyFiles Library/ScriptAssemblies/Unity.VisualScripting.Flow.dll
[407/433    0s] CopyFiles Library/ScriptAssemblies/Unity.VisualScripting.Core.Editor.pdb
[408/433    0s] CopyFiles Library/ScriptAssemblies/Unity.VisualScripting.Core.Editor.dll
[409/433    0s] MovedFromExtractor Library/Bee/artifacts/mvdfrm/Unity.VisualScripting.Flow.ref.dll_95D2DEE1BA1172D7.mvfrm
[410/433    0s] MovedFromExtractor-Combine Library/Bee/artifacts/200b0aE.dag/Unity.VisualScripting.State.dll.mvfrm
[411/433    0s] MovedFromExtractor-Combine Library/Bee/artifacts/200b0aE.dag/Unity.VisualScripting.Flow.Editor.dll.mvfrm
[           0s] Csc Library/Bee/artifacts/200b0aE.dag/Unity.VisualScripting.State.dll (+2 others) [CacheMiss d512832506744dc3e70a99c30aa7a5b500000000000000000000000000000006]
[           0s] Csc Library/Bee/artifacts/200b0aE.dag/Unity.VisualScripting.Flow.Editor.dll (+2 others) [CacheMiss 427f2ccb4465b7962c4dbb6faee6535a00000000000000000000000000000006]
[412/433    0s] Csc Library/Bee/artifacts/200b0aE.dag/Unity.VisualScripting.State.dll (+2 others)
[413/433    0s] Csc Library/Bee/artifacts/200b0aE.dag/Unity.VisualScripting.Flow.Editor.dll (+2 others)
[           0s] Csc Library/Bee/artifacts/200b0aE.dag/Unity.VisualScripting.Flow.Editor.dll (+2 others) [CacheWrite 427f2ccb4465b7962c4dbb6faee6535a00000000000000000000000000000006]
[           0s] Csc Library/Bee/artifacts/200b0aE.dag/Unity.VisualScripting.State.dll (+2 others) [CacheWrite d512832506744dc3e70a99c30aa7a5b500000000000000000000000000000006]
[415/433    0s] CopyFiles Library/ScriptAssemblies/Unity.VisualScripting.State.dll
[416/433    0s] CopyFiles Library/ScriptAssemblies/Unity.VisualScripting.State.pdb
[418/433    0s] CopyFiles Library/ScriptAssemblies/Unity.VisualScripting.Flow.Editor.pdb
[419/433    0s] CopyFiles Library/ScriptAssemblies/Unity.VisualScripting.Flow.Editor.dll
[420/433    0s] MovedFromExtractor-Combine Library/Bee/artifacts/200b0aE.dag/Unity.VisualScripting.SettingsProvider.Editor.dll.mvfrm
[421/433    0s] MovedFromExtractor-Combine Library/Bee/artifacts/200b0aE.dag/Unity.VisualScripting.State.Editor.dll.mvfrm
[           0s] Csc Library/Bee/artifacts/200b0aE.dag/Unity.VisualScripting.SettingsProvider.Editor.dll (+2 others) [CacheMiss cc5713f2f5edf503de32143f500d68c700000000000000000000000000000006]
[           0s] Csc Library/Bee/artifacts/200b0aE.dag/Unity.VisualScripting.State.Editor.dll (+2 others) [CacheMiss 10a570c618324adb888e518c9c8b0c5e00000000000000000000000000000006]
[422/433    0s] Csc Library/Bee/artifacts/200b0aE.dag/Unity.VisualScripting.SettingsProvider.Editor.dll (+2 others)
[423/433    0s] Csc Library/Bee/artifacts/200b0aE.dag/Unity.VisualScripting.State.Editor.dll (+2 others)
[           0s] Csc Library/Bee/artifacts/200b0aE.dag/Unity.VisualScripting.State.Editor.dll (+2 others) [CacheWrite 10a570c618324adb888e518c9c8b0c5e00000000000000000000000000000006]
[           0s] Csc Library/Bee/artifacts/200b0aE.dag/Unity.VisualScripting.SettingsProvider.Editor.dll (+2 others) [CacheWrite cc5713f2f5edf503de32143f500d68c700000000000000000000000000000006]
[425/433    0s] CopyFiles Library/ScriptAssemblies/Unity.VisualScripting.SettingsProvider.Editor.dll
[426/433    0s] CopyFiles Library/ScriptAssemblies/Unity.VisualScripting.SettingsProvider.Editor.pdb
[427/433    0s] CopyFiles Library/ScriptAssemblies/Unity.VisualScripting.State.Editor.dll
[428/433    0s] CopyFiles Library/ScriptAssemblies/Unity.VisualScripting.State.Editor.pdb
[429/433    0s] MovedFromExtractor-Combine Library/Bee/artifacts/200b0aE.dag/Unity.VisualScripting.Shared.Editor.dll.mvfrm
[           0s] Csc Library/Bee/artifacts/200b0aE.dag/Unity.VisualScripting.Shared.Editor.dll (+2 others) [CacheMiss 1bf17a3448323e650ef83801acc8e1db00000000000000000000000000000006]
[430/433    0s] Csc Library/Bee/artifacts/200b0aE.dag/Unity.VisualScripting.Shared.Editor.dll (+2 others)
[           0s] Csc Library/Bee/artifacts/200b0aE.dag/Unity.VisualScripting.Shared.Editor.dll (+2 others) [CacheWrite 1bf17a3448323e650ef83801acc8e1db00000000000000000000000000000006]
[431/433    0s] CopyFiles Library/ScriptAssemblies/Unity.VisualScripting.Shared.Editor.dll
[432/433    0s] CopyFiles Library/ScriptAssemblies/Unity.VisualScripting.Shared.Editor.pdb
*** Tundra build success (7.42 seconds), 152 items updated, 433 evaluated
AssetDatabase: script compilation time: 9.286159s
Begin MonoManager ReloadAssembly
Assembly Assembly-CSharp-Editor-firstpass.dll at Library/ScriptAssemblies/Assembly-CSharp-Editor-firstpass.dll not valid. Loading of assembly skipped.
Assembly Assembly-CSharp-Editor.dll at Library/ScriptAssemblies/Assembly-CSharp-Editor.dll not valid. Loading of assembly skipped.
Assembly Assembly-CSharp-firstpass.dll at Library/ScriptAssemblies/Assembly-CSharp-firstpass.dll not valid. Loading of assembly skipped.
Assembly Assembly-CSharp.dll at Library/ScriptAssemblies/Assembly-CSharp.dll not valid. Loading of assembly skipped.
Assembly TestNewCustomAssembly.dll at Library/ScriptAssemblies/TestNewCustomAssembly.dll not valid. Loading of assembly skipped.
Assembly Unity.InputSystem.IntegrationTests.dll at Library/ScriptAssemblies/Unity.InputSystem.IntegrationTests.dll not valid. Loading of assembly skipped.
Assembly Unity.Performance.Profile-Analyzer.EditorTests.dll at Library/ScriptAssemblies/Unity.Performance.Profile-Analyzer.EditorTests.dll not valid. Loading of assembly skipped.
Assembly Unity.Settings.Tests.dll at Library/ScriptAssemblies/Unity.Settings.Tests.dll not valid. Loading of assembly skipped.
Assembly Unity.TestTools.CodeCoverage.Editor.Compatibility.dll at Library/ScriptAssemblies/Unity.TestTools.CodeCoverage.Editor.Compatibility.dll not valid. Loading of assembly skipped.
Assembly Unity.TextMeshPro.Editor.Tests.dll at Library/ScriptAssemblies/Unity.TextMeshPro.Editor.Tests.dll not valid. Loading of assembly skipped.
Assembly Unity.TextMeshPro.Tests.dll at Library/ScriptAssemblies/Unity.TextMeshPro.Tests.dll not valid. Loading of assembly skipped.
Assembly UnityEditor.UI.Common.Tests.dll at Library/ScriptAssemblies/UnityEditor.UI.Common.Tests.dll not valid. Loading of assembly skipped.
Assembly UnityEditor.UI.EditorTests.dll at Library/ScriptAssemblies/UnityEditor.UI.EditorTests.dll not valid. Loading of assembly skipped.
Assembly UnityEngine.UI.Tests.dll at Library/ScriptAssemblies/UnityEngine.UI.Tests.dll not valid. Loading of assembly skipped.
Start importing Assets using Guid(00000000000000001000000000000000) (DefaultImporter) -> (Import Result ID: '07be7ffc84d9ddfaf7a0eb831c795109') in 0.007647667 seconds [static dependencies only]. Details - ImportResultOutputID=30b926a03412fb9f812ec41da9eeb7a2 DependenciesID=c0ade824a0169ac5681665906faf46ef StaticDependenciesID=9150d2cfa9afe7474974e17a1042cb4a 
Start importing ProjectSettings/InputManager.asset using Guid(00000000000000002000000000000000) (LibraryAssetImporter) -> (Import Result ID: 'f0618dd140ae087f32d937c07be5f372') in 0.00085075 seconds [static dependencies only]. Details - ImportResultOutputID=cd92139355b314af40fe1de5f1f8f95e DependenciesID=af7e2025c6d7b1694d9db2ad7b3766a3 StaticDependenciesID=e28254c95bb625ed156fd4aa6e144f4c 
Start importing ProjectSettings/TagManager.asset using Guid(00000000000000003000000000000000) (LibraryAssetImporter) -> (Import Result ID: '9c0f67ab99b463734b6356303dd11330') in 0.0003485 seconds [static dependencies only]. Details - ImportResultOutputID=28c8b39e8fe18a0fd7dbf4e83f943962 DependenciesID=31fecaa980761f383981755500995e65 StaticDependenciesID=a44fb0b546e96fb60b4dbafab6148c3c 
Start importing ProjectSettings/ProjectSettings.asset using Guid(00000000000000004000000000000000) (LibraryAssetImporter) -> (Import Result ID: '76aee0227338e596ec8d5205ac286af1') in 0.000279792 seconds [static dependencies only]. Details - ImportResultOutputID=d3ca6db29495033f6ec6c171ea098da8 DependenciesID=036311249311814a2d64abc8c9ce6da4 StaticDependenciesID=4abe0bd520d7514b2ab7cd7e1f281efc 
Start importing ProjectSettings/AudioManager.asset using Guid(00000000000000006000000000000000) (LibraryAssetImporter) -> (Import Result ID: 'feaf174efed840ae1afa34396ca9aeec') in 0.000238041 seconds [static dependencies only]. Details - ImportResultOutputID=c4d7f2660572de865bd8151486c69f5a DependenciesID=8b3dcd75429c27e2d46625a99eb55959 StaticDependenciesID=2de12fb4782f7ffcb9182ec1c7ee0c01 
Start importing ProjectSettings/TimeManager.asset using Guid(00000000000000007000000000000000) (LibraryAssetImporter) -> (Import Result ID: '3cedd79bf2edf30e345dbe752318c531') in 0.000232208 seconds [static dependencies only]. Details - ImportResultOutputID=26f981bd6e0b9d4dc8cd0f2ecd555556 DependenciesID=d0d34f3ea3a1ccc993593c0bbf3bcada StaticDependenciesID=76630de57178a43aa92dc8a92a4f4e1f 
Start importing ProjectSettings/DynamicsManager.asset using Guid(00000000000000008000000000000000) (LibraryAssetImporter) -> (Import Result ID: 'e406879fd378c8a0f9dc9ab8ac588282') in 0.000395334 seconds [static dependencies only]. Details - ImportResultOutputID=d295b22bcbe33ba4da04fd3cf9aad1f8 DependenciesID=445a69d149ce8e325e3083aa870d6d56 StaticDependenciesID=7d1ad03b3faf3ccf3292cd5f4850ccd1 
Start importing ProjectSettings/QualitySettings.asset using Guid(00000000000000009000000000000000) (LibraryAssetImporter) -> (Import Result ID: '1034576e0fa0aba63b0639ee7ad5846d') in 0.000256708 seconds [static dependencies only]. Details - ImportResultOutputID=466ae0066f63be03acd64a7e01d76d9f DependenciesID=03013736a1a80eb54d27a9050716dfb9 StaticDependenciesID=77eb66be9f5ca8cb7ad823f76bcd4f17 
Start importing ProjectSettings/EditorBuildSettings.asset using Guid(0000000000000000b000000000000000) (LibraryAssetImporter) -> (Import Result ID: 'f9c774582d2c5b4f92956d7e116429d9') in 0.000214625 seconds [static dependencies only]. Details - ImportResultOutputID=d777934f36c664454d62eda103573334 DependenciesID=dd69c90245ab9a0cf4ae3a2b92d863b8 StaticDependenciesID=47103f3414dd69499803c656c360a931 
Start importing ProjectSettings/EditorSettings.asset using Guid(0000000000000000c000000000000000) (LibraryAssetImporter) -> (Import Result ID: '3b38a1c35319789d08f669b11d17e118') in 0.000228417 seconds [static dependencies only]. Details - ImportResultOutputID=cf985170b52c9c582303c52d1d3c1af9 DependenciesID=599df295f0054d958e7b7e7664158527 StaticDependenciesID=3e7d98e468a4fce5ae44f4344a1dd35a 
Start importing ProjectSettings/NavMeshAreas.asset using Guid(00000000000000004100000000000000) (LibraryAssetImporter) -> (Import Result ID: '3db1278bf370e0083060d7b4f3e8297d') in 0.000228584 seconds [static dependencies only]. Details - ImportResultOutputID=dc4b432744394c0b711126d130b0907c DependenciesID=b76ee59f090fe326a6999c6334b9e8e5 StaticDependenciesID=344df4e9ea4f353f195a913d17f58117 
Start importing ProjectSettings/Physics2DSettings.asset using Guid(00000000000000005100000000000000) (LibraryAssetImporter) -> (Import Result ID: '786a0ce874cf280368793813a7cccd65') in 0.000240209 seconds [static dependencies only]. Details - ImportResultOutputID=60a9f21390cae772c5464d780d2e2601 DependenciesID=86a87f541999dd854d5a9d23d0abc32a StaticDependenciesID=48bddb7d88cf6b42de75ee3fd81431cb 
Start importing ProjectSettings/GraphicsSettings.asset using Guid(00000000000000006100000000000000) (LibraryAssetImporter) -> (Import Result ID: '8d1c13038610296a6b48a119f64fc9d0') in 0.000233458 seconds [static dependencies only]. Details - ImportResultOutputID=5bd38efc7568c0c855c21a11ad435b27 DependenciesID=c069ad03d5fb60ae47d85ff7c727caca StaticDependenciesID=3923855a58e6cea3edb2010bf79fb1aa 
Start importing ProjectSettings/ClusterInputManager.asset using Guid(00000000000000007100000000000000) (LibraryAssetImporter) -> (Import Result ID: '2dbe754921b5109dd2c0760c215a42a2') in 0.000221333 seconds [static dependencies only]. Details - ImportResultOutputID=a7656e1436256b108092d067df8d086d DependenciesID=fd546e89d8c39e4be862882f639d5404 StaticDependenciesID=70971caca6031e503a26daa3f03e06ed 
Start importing ProjectSettings/UnityConnectSettings.asset using Guid(0000000000000000a100000000000000) (LibraryAssetImporter) -> (Import Result ID: '2b7c34bd1332b4edd37e3fb0542c1d80') in 0.000390208 seconds [static dependencies only]. Details - ImportResultOutputID=774300b76df88929d1cf5f28fecd3c40 DependenciesID=bf737031ea2419b7ff5984ccbd00f4a1 StaticDependenciesID=1812acbd01e581c26066d278d95593de 
Start importing ProjectSettings/PresetManager.asset using Guid(0000000000000000b100000000000000) (LibraryAssetImporter) -> (Import Result ID: '5475a531a08632fcd583e97f593316bf') in 0.0002475 seconds [static dependencies only]. Details - ImportResultOutputID=f468e0319eebf06d8b2420a76ba40394 DependenciesID=8494041f09f64579e7f95879b394322e StaticDependenciesID=2637a1ffaadd794c44d91e3c5521fac3 
Start importing ProjectSettings/VFXManager.asset using Guid(0000000000000000c100000000000000) (LibraryAssetImporter) -> (Import Result ID: '4a142f6fa371354773f0a8ab13c1d696') in 0.000225584 seconds [static dependencies only]. Details - ImportResultOutputID=bcf2e1070b6635c27f737ef5b84097b4 DependenciesID=88b4bfa2ab18c1e02bba09be0d3a5617 StaticDependenciesID=cabfb429bac2a259d77fcb6114afb714 
Start importing ProjectSettings/VersionControlSettings.asset using Guid(0000000000000000d100000000000000) (LibraryAssetImporter) -> (Import Result ID: '25d036b6467d73f22e845a27b77db35b') in 0.000219542 seconds [static dependencies only]. Details - ImportResultOutputID=1609d9c76400e144f2730f3537db1b0a DependenciesID=06cc61faa4077a6067addba1f82a88d1 StaticDependenciesID=ed5e44be5031886b75ba35e07d8668a1 
Start importing ProjectSettings/MemorySettings.asset using Guid(0000000000000000f100000000000000) (LibraryAssetImporter) -> (Import Result ID: '3f05a49ee9bd067f28a692ce00168b58') in 0.000218125 seconds [static dependencies only]. Details - ImportResultOutputID=5b6bd868f732647c0a24325efb69fab3 DependenciesID=ca1dd507b05689ad5dd5852b3b87dade StaticDependenciesID=d3c6e4f859caf173435ca642e894d825 
Start importing ProjectSettings/MultiplayerManager.asset using Guid(00000000000000000200000000000000) (LibraryAssetImporter) -> (Import Result ID: '16682497ebfb6eeae824f3c67e1a4f0e') in 0.000201166 seconds [static dependencies only]. Details - ImportResultOutputID=6122ab174229d3e936d90b3fc3113c01 DependenciesID=120416360367d2a56761811a0f7242be StaticDependenciesID=2f0e881e5c749de357b921f35621183c 
Start importing Library/BuildInstructions using Guid(00000000000000002300000000000000) (DefaultImporter) -> (Import Result ID: 'eba376fb1611aea0eb4e45e3a09202cb') in 0.000108083 seconds [static dependencies only]. Details - ImportResultOutputID=05826d252c87efae86aca308d202a7aa DependenciesID=e50bf3b0a41b633fa4f0c0ef33f85a62 StaticDependenciesID=0c63b0c35863fa9da8c32b2fe035aaa9 
Start importing Packages/com.unity.visualscripting using Guid(b0de665c5f95200629ecc771a9179786) (DefaultImporter) -> (Import Result ID: '65ab0a12765a6cf8c471d08c8a23ea39') in 0.000098792 seconds [static dependencies only]. Details - ImportResultOutputID=913724d38052e1020f414396d411b747 DependenciesID=f96e09433b0c9b15469569a2057f1b4d StaticDependenciesID=7cfe57f0160bda1e4dfb426793a6a158 
Start importing Packages/com.unity.modules.imgui using Guid(c060426bfd6e82575228df6656368eaa) (DefaultImporter) -> (Import Result ID: '230f5546ed919b3c70b20cc33da9f84a') in 0.000095334 seconds [static dependencies only]. Details - ImportResultOutputID=851b07ebfcae92c09946614370d33402 DependenciesID=212efae0f851ce6bedead747db0a2441 StaticDependenciesID=af4a024050ecb7dfe38b767f4d4fa12a 
Start importing Packages/com.unity.test-framework using Guid(414ccca87b2abbfd130a6d30983bdf7c) (DefaultImporter) -> (Import Result ID: '0db89986cbe0685baded60815618220a') in 0.000102333 seconds [static dependencies only]. Details - ImportResultOutputID=705dab0c98c9ec0e72e0267644a9985a DependenciesID=bc5f55acdb5b9b1aa61edcaec760e0e5 StaticDependenciesID=0b607cf3652bdb7b435fef52e68db9ab 
Start importing Packages/com.unity.ide.vscode using Guid(92d9ad01171de8d118282365738f5ee0) (DefaultImporter) -> (Import Result ID: '6d9426a13436bb69e35e93d5b5b8e301') in 0.000104292 seconds [static dependencies only]. Details - ImportResultOutputID=f2ebf5708ffe18543dbf19d865bb3492 DependenciesID=4b7e0fb6b12165112363ad4dbbc7f9ff StaticDependenciesID=5b5bc9fda96aa4c4409b25370da3b6ae 
Start importing Packages/com.unity.textmeshpro using Guid(133253302917d5d414acd1f34b796e11) (DefaultImporter) -> (Import Result ID: 'aecedbfc00ad404573ea6a3783f973dc') in 0.000094208 seconds [static dependencies only]. Details - ImportResultOutputID=5cb4bc89f46957ab80aca74d018eb1b2 DependenciesID=02d52b19126863f7e910596d3656606e StaticDependenciesID=6f2e2418887210e505e22f8da4c3ca00 
Start importing Packages/com.unity.feature.development using Guid(047d5b8b7be881e97fecf873d5e3618a) (DefaultImporter) -> (Import Result ID: '172d1419e949670baad7263af49f796f') in 0.00008775 seconds [static dependencies only]. Details - ImportResultOutputID=519c212e3eeaf96af2ef016ca00cb148 DependenciesID=38eabf5617fe979c6358e37b9914ee1e StaticDependenciesID=7c4b8ebd29b9f1dae5548d58b1a538e2 
Start importing Packages/com.unity.settings-manager using Guid(e5399d0c8a4c39ad88315355abddd91c) (DefaultImporter) -> (Import Result ID: 'd7a5734e6acf5e5293d8efc78ef45ea5') in 0.000090709 seconds [static dependencies only]. Details - ImportResultOutputID=f78fd9e1095a776ff710f800fa49b2a0 DependenciesID=7066f5516cd8a09bb7532bd563763acc StaticDependenciesID=ca83ac7e7eb5e78c82d93f159cfb69ec 
Start importing Packages/com.unity.modules.physics using Guid(d6db7caf2e852b75ebb9c6098418179c) (DefaultImporter) -> (Import Result ID: '2bd5496b8f41d4c483b719f895756afa') in 0.00008825 seconds [static dependencies only]. Details - ImportResultOutputID=57d8a8f2862572e56f74082d74acd84d DependenciesID=d3986c56063196094920426040e4357b StaticDependenciesID=699fa226cb636bf1eeed95ae28265d04 
Start importing Assets/QuantumUser using Guid(57a6e695d1a984566a1d1ffbfb2becd6) (DefaultImporter) -> (Import Result ID: 'dfeb9664a348aeaeafe5539604713d7e') in 0.000298708 seconds [static dependencies only]. Details - ImportResultOutputID=86d5db027ad20027d5b8778bfa1142e2 DependenciesID=d3fe1f3824eb1c7ac54e91b3c4756dd1 StaticDependenciesID=42f8e62dcf859a80d3f5d9289bd4ab64 
Start importing Packages/com.unity.testtools.codecoverage using Guid(67ea4a49da1b3e85231cce675e2d8376) (DefaultImporter) -> (Import Result ID: '85775b7aca4fbf28cd66a40e838c5f75') in 0.000091917 seconds [static dependencies only]. Details - ImportResultOutputID=0ce0a1347fd2120570b5a6100f240b1f DependenciesID=53ea9a4e60829c0e3f7377656521e488 StaticDependenciesID=810e322fcfc28f8c3dc48b544df14d04 
Start importing Packages/com.unity.ide.visualstudio using Guid(77609af07ea7ad7065707af4755877fb) (DefaultImporter) -> (Import Result ID: '032897659f0608269c8b6f717572e69a') in 0.000088541 seconds [static dependencies only]. Details - ImportResultOutputID=4ece6b0b5dfbeb0f5e3045ba1bef1109 DependenciesID=d913ade784d8d0d21fbbff6ebb6d37a9 StaticDependenciesID=018c78d9e3293aa0da63ddd068550521 
Start importing Packages/com.unity.editorcoroutines using Guid(188918c4b9c55653fef3b82cac8f627b) (DefaultImporter) -> (Import Result ID: 'a7a1fa4b8a1ed65cd8d8c0202c5d50ba') in 0.000086 seconds [static dependencies only]. Details - ImportResultOutputID=438955375bc3934b323b74179dc7fd1c DependenciesID=fef23977a841db88cea2cec6604f93ef StaticDependenciesID=c08bb83580f6a0dfd7f924b83ebc6312 
Start importing Packages/com.unity.modules.uielements using Guid(2808ba6bccb2478ec9c7209d8bf1f3cc) (DefaultImporter) -> (Import Result ID: '70c43246961e6be8619054bdefd992d0') in 0.000086291 seconds [static dependencies only]. Details - ImportResultOutputID=aba228e1bbad8104d5309abe85d38a5d DependenciesID=7982d620807bebf63f7185aabc3686b0 StaticDependenciesID=e65b90bc54c7d09f4d60d33453b1dc01 
Start importing Packages/com.unity.modules.ui using Guid(39728903e57c60021f80449a8bbc0096) (DefaultImporter) -> (Import Result ID: '87ab1778edf052d220fd06b4f0d3fc1e') in 0.000083208 seconds [static dependencies only]. Details - ImportResultOutputID=d7a8fe94e94a7d18728a55e8d263b5a2 DependenciesID=1dd9b826bc27135f85a05e82b42a33b4 StaticDependenciesID=f8bbebf766fd682096ccc5737aa40f2d 
Start importing Packages/com.unity.ext.nunit using Guid(aa43149513e0d0ab612ac9968c8a459c) (DefaultImporter) -> (Import Result ID: '5cdd3038a8f475e0b1a86d73a14b0ee7') in 0.00008625 seconds [static dependencies only]. Details - ImportResultOutputID=ee5b822b6a83565f04b800fee9d0d19d DependenciesID=6157634829b7111e2d0b382942fced96 StaticDependenciesID=235ba1e154d2ca7c6a066152ef3dc8d9 
Start importing Packages/com.unity.modules.hierarchycore using Guid(6b81377a4453ba7362eb3322f9bcc6c6) (DefaultImporter) -> (Import Result ID: '317e466d65d4bcc50c117c5a814d1469') in 0.000086709 seconds [static dependencies only]. Details - ImportResultOutputID=54815d0b5ca3b92ec8b0c3fe18e605ef DependenciesID=7c1a27c293f5e28a94c6521341cb11fc StaticDependenciesID=93b2952a8953e907f962fbfa55d4b4fb 
Start importing Packages/com.unity.inputsystem using Guid(4c9a23c33e22e1a2587ad118f59feff3) (DefaultImporter) -> (Import Result ID: 'be9ba8af0adbbedd03f577b64c51cfe4') in 0.000083958 seconds [static dependencies only]. Details - ImportResultOutputID=2273f040eff369b13d8b8aef26c2d6ae DependenciesID=e4d5ea52b7397bb5bf441e7842930ff8 StaticDependenciesID=dcb25f9b6589b17e2fc3dcab20c467da 
Start importing Packages/com.unity.collab-proxy using Guid(9c08534a501ababe43308026e16c7f62) (DefaultImporter) -> (Import Result ID: '7ee4095e2c896183a13f5ebe3ae94285') in 0.000083208 seconds [static dependencies only]. Details - ImportResultOutputID=2ea7f1ad09d1d7b2674100752c13a655 DependenciesID=0a563a23e2f5e5b2b8c4bfea81bea721 StaticDependenciesID=be84d2cdb06d3537923adaebca6b65e3 
Start importing Packages/com.unity.ugui using Guid(dc940c881784a58ca9ccba6c83c381d0) (DefaultImporter) -> (Import Result ID: 'b14124739c8b5a744a1bf3b5f66b612a') in 0.00008275 seconds [static dependencies only]. Details - ImportResultOutputID=11ee3df3fae351d9a42d4b0ca34ec79f DependenciesID=adc3b6b85e765fe3d84a3966ae8065c1 StaticDependenciesID=37347ec65eea2cd37dbc267da33036fa 
Start importing Packages/com.unity.modules.jsonserialize using Guid(fc3a810351931f5e6183e16b9beb5563) (DefaultImporter) -> (Import Result ID: '9a0a0232dfba44afaaff4323220405b4') in 0.00008475 seconds [static dependencies only]. Details - ImportResultOutputID=7c216b0c5fd31e4d02c39141f72207ee DependenciesID=424dd747b95343d8825bb80e8dfb296b StaticDependenciesID=180a8d7ade79db84e0508082e8cefff3 
Start importing Packages/com.unity.ide.rider using Guid(0db17fbd655db21bd0e4fd62e1d08da1) (DefaultImporter) -> (Import Result ID: 'e947d20ee3d436302dc01fc62f253c28') in 0.000081917 seconds [static dependencies only]. Details - ImportResultOutputID=dac82b33373b7ffcbeb349f79ac1c35c DependenciesID=a3d2b525449f5973741879a9728505ed StaticDependenciesID=5106e4d5235be095d40992cee7d3eae4 
Start importing Assets/Scenes using Guid(0edb725cb0cc04e90bf3fa4d16800849) (DefaultImporter) -> (Import Result ID: '7a5b916c33fe21d64e8c8e86eb919762') in 0.000249708 seconds [static dependencies only]. Details - ImportResultOutputID=2256faf7ac0a808b78e7b445c1457387 DependenciesID=86102b56916093efc7ea51d5f4ed4bfa StaticDependenciesID=6364182a3611fcc259710d87528f0172 
Start importing Packages/com.unity.performance.profile-analyzer using Guid(0e3e6f00cdde8febd22a05259e1a5db3) (DefaultImporter) -> (Import Result ID: 'af8f201b2ca93b509a4c8f404136eff2') in 0.000091458 seconds [static dependencies only]. Details - ImportResultOutputID=07ba7865fcfcfbcaf7ea606e93dd3d81 DependenciesID=ee68dfda37d786454c9dca75fef6c2d7 StaticDependenciesID=80a8dcead4d4aa5325a3f482a4d97b78 
Start importing Packages/com.unity.inputsystem/DocCodeSamples.Tests using Guid(c0f26b555bfc14351a9f8ec342fd6ae8) (DefaultImporter) -> (Import Result ID: 'a63da44eba256b8a7d8f9bf5a5fae573') in 0.000115375 seconds [static dependencies only]. Details - ImportResultOutputID=5c3caf6b9a61771ee88ecef39c9d5b5b DependenciesID=bbe7440714f62e2866117ad82cbb2c4e StaticDependenciesID=7c7e273376ebd414ddc5332343d45276 
Start importing Packages/com.unity.ide.rider/Rider using Guid(9129183a42052cd43b9c284d6dbd541e) (DefaultImporter) -> (Import Result ID: '8ea405ecd29edb16bb8a9a045b8a83ee') in 0.000108375 seconds [static dependencies only]. Details - ImportResultOutputID=a834c4b87afce258dbfd20e705b276a8 DependenciesID=5fdcf2eb8ac49ac21b452d71f5c7ec1d StaticDependenciesID=22237acfe17546d8e97c439f280e5174 
Start importing Packages/com.unity.ugui/Editor Resources using Guid(d1a0a27327b54c3bac52a08929c33f81) (DefaultImporter) -> (Import Result ID: 'f064f7becba7b08255e5012064810331') in 0.000105584 seconds [static dependencies only]. Details - ImportResultOutputID=f11c8740fdc9120a45bf227fc32b06a1 DependenciesID=e3b226c75c391d35803ef56a94d63d12 StaticDependenciesID=70d0f0ab0f8f51ce6b7d037ffdd63c09 
Start importing Packages/com.unity.inputsystem/Tests using Guid(f1c1e9b3951e340e48a3d2c037d6f48b) (DefaultImporter) -> (Import Result ID: '1c9d1ade600753135da7b988f0afb796') in 0.000105125 seconds [static dependencies only]. Details - ImportResultOutputID=457c2ebbe6d536aed188ee086c19f8c2 DependenciesID=c2b3c906bd6dca22a8c554e02ce6dc10 StaticDependenciesID=1899ad4b9a52fda8c9d429dfec85e388 
Start importing Packages/com.unity.visualscripting/Graphics using Guid(621017bdb841c324f8035d3bab2bc445) (DefaultImporter) -> (Import Result ID: 'd394d303530eb076a8636494f19b4b39') in 0.000106167 seconds [static dependencies only]. Details - ImportResultOutputID=477886a759d2803bf6e54b3a6bd20ff1 DependenciesID=cb3adb24bdb5f1529092c9972f830daf StaticDependenciesID=63719682069fd02b15df12036f2dcf23 
Start importing Packages/com.unity.settings-manager/Editor using Guid(c2910bfb37c064309a7230f4175d6c3a) (DefaultImporter) -> (Import Result ID: '513e83222f4db10e72d6656efb1a3c5e') in 0.000104583 seconds [static dependencies only]. Details - ImportResultOutputID=5e792c7521d2e6f5539ad0505d31f2c1 DependenciesID=b7fd1386ed6a0c6a126bbe76e089b0b8 StaticDependenciesID=5547a4ffba81c1f39f6d89b4912f4c96 
Start importing Assets/QuantumUser/Configs using Guid(83f4c7c9a54b14663ab82d1954a4817f) (DefaultImporter) -> (Import Result ID: '2ea4d23a3e449b22f0bdc632f41bcbea') in 0.000379584 seconds [static dependencies only]. Details - ImportResultOutputID=3b301fdc8951955a4cd625209269361d DependenciesID=bf15fed507449739c8e1e236e8422545 StaticDependenciesID=1a6c2147eb48c81a0cbe45df32866963 
Start importing Assets/QuantumUser/View using Guid(83c897f0c904f440393835adfdb97a3a) (DefaultImporter) -> (Import Result ID: 'ebbfe79d1c86c6686ef2f2e878d93f4d') in 0.000235917 seconds [static dependencies only]. Details - ImportResultOutputID=d64d79b6b98d7032ee8e3f6c5ce1a324 DependenciesID=9e8c6f75e12a7d30b44acb6e3245d8df StaticDependenciesID=55b63518bfe9b94b5548469f7c885da0 
Start importing Assets/QuantumUser/Simulation using Guid(d4cb9a40b450f4d4cb249ad0e6cbebd6) (DefaultImporter) -> (Import Result ID: 'b10d8fa2d6bda734323f4a5fe6d81743') in 0.00023 seconds [static dependencies only]. Details - ImportResultOutputID=8223458a08472fd62f6f4cf9eb8b3b7d DependenciesID=3f898593adc9c2913a1bab66c47a0201 StaticDependenciesID=57e0d50d05fd4fb881720c251d0dc7c7 
Start importing Packages/com.unity.test-framework/UnityEngine.TestRunner using Guid(950890083f4907541a6ed06d70959e49) (DefaultImporter) -> (Import Result ID: '305f73f55cac9832dce7a07aa86e2953') in 0.00011175 seconds [static dependencies only]. Details - ImportResultOutputID=f1e0b0e72d1d14232aa22b2a993d137f DependenciesID=90523a43503cd366fdee1a9a3aa25963 StaticDependenciesID=030cf9b4be29e227840de6db6a2010c2 
Start importing Packages/com.unity.test-framework/UnityEditor.TestRunner using Guid(95cdf27b47eb82747ba9e51f41e72a35) (DefaultImporter) -> (Import Result ID: '3c6f4a574df465b2edc8ef9fe3410e63') in 0.000112083 seconds [static dependencies only]. Details - ImportResultOutputID=1f4d5c26828de51f7362aac424e82eba DependenciesID=5e5b03bcfff52d4508b8e949e06abe6c StaticDependenciesID=25753c8a32c6a9fc93f710280d337892 
Start importing Packages/com.unity.visualscripting/Runtime using Guid(f688f237b32410846a021b6e6edfefac) (DefaultImporter) -> (Import Result ID: 'faf1b192c50da3fa17f6c68f37f1ff9b') in 0.000109208 seconds [static dependencies only]. Details - ImportResultOutputID=e426eeba72921f7abbb658a800a35538 DependenciesID=4d2850a6846ead21a2ea45bf9b441e81 StaticDependenciesID=8bd2e0fe0f3227d35b85473aa1c0cb0b 
Start importing Packages/com.unity.testtools.codecoverage/Editor using Guid(f60cdb876f3cce043b7f2d9d08583e92) (DefaultImporter) -> (Import Result ID: 'b57e9f58b991d8b49d9a09113e8d8a5c') in 0.000107375 seconds [static dependencies only]. Details - ImportResultOutputID=35e94520e26487801a0e1210fe46955a DependenciesID=1d0eb92a6689add02d09f3094d70d8b6 StaticDependenciesID=21aa1afa5ce973f63a48e896d3641a0b 
Start importing Packages/com.unity.test-framework/Tests using Guid(b70e28337c9001e4390442151ea5542c) (DefaultImporter) -> (Import Result ID: 'b402842e186c159dfd06135460be117a') in 0.000114 seconds [static dependencies only]. Details - ImportResultOutputID=89e0410f853c76ea943946d753de7964 DependenciesID=22e4b16a4e740828d1f8d40b15ae95b5 StaticDependenciesID=7338ee738adcaed43d135a36032f79d9 
Start importing Packages/com.unity.ide.vscode/Editor using Guid(58628227479c34542ac8c5193ccced84) (DefaultImporter) -> (Import Result ID: 'def4da898ba8a12d9c8b6b95a22a76b3') in 0.000116917 seconds [static dependencies only]. Details - ImportResultOutputID=5ee8d450e89e600a522521b3b4518d69 DependenciesID=6f057feaf63a5776ca9f13608aa8dbe2 StaticDependenciesID=541565783d8da20017371b7bdbaa9ee8 
Start importing Packages/com.unity.performance.profile-analyzer/Editor using Guid(6867c2662acbb4810a369aba450b6776) (DefaultImporter) -> (Import Result ID: 'bb4206017a5a5d0868a3571e4c5e5680') in 0.000108208 seconds [static dependencies only]. Details - ImportResultOutputID=11e2f8708b2970cc284e33ef03c28280 DependenciesID=d00b2dfb855de2fbd77d723ff79f28d5 StaticDependenciesID=d997a8d3eb898ac43462d40c160a5fd5 
Start importing Packages/com.unity.ugui/Tests using Guid(d850db319a63d2546932ff76fe55a498) (DefaultImporter) -> (Import Result ID: '68ce35f16b6a5404b67a975b68c8f12b') in 0.000110458 seconds [static dependencies only]. Details - ImportResultOutputID=13fc7f3fbfbc33ff4d23fdac51dc42cf DependenciesID=2b8346cbea80c2038c2be45f9bc755d3 StaticDependenciesID=f8ebb507aabb026004a2444fe7112d06 
Start importing Packages/com.unity.performance.profile-analyzer/Tests using Guid(b976a2f5130b84c3a90b425f246cc3c7) (DefaultImporter) -> (Import Result ID: '5a469c0bfc1c7e938009f0e77ccb5d21') in 0.000108458 seconds [static dependencies only]. Details - ImportResultOutputID=b5c7f6f509e7dc5d8b00a1263950e1d5 DependenciesID=d1167f15be7e77f973a828ef551fa0fe StaticDependenciesID=f2066b37eb7b65054b1ac5e79b8c3926 
Start importing Packages/com.unity.ide.visualstudio/Editor using Guid(4a707af59e3522d43afe34dfc4429b86) (DefaultImporter) -> (Import Result ID: '56f44a9b52206ac8e5e5535da59e4b18') in 0.000112708 seconds [static dependencies only]. Details - ImportResultOutputID=d425f44f48e748588606cf9ce5db3504 DependenciesID=5fd0e331036c21beaede72d680032bcb StaticDependenciesID=d4032d42765e3d1645d2e268ce3db044 
Start importing Packages/com.unity.ugui/Runtime using Guid(aa14b70e6a58c5b4fa6663623e3dca91) (DefaultImporter) -> (Import Result ID: '3e9a805f56b97c40b4ed128ffcd2f88e') in 0.000110459 seconds [static dependencies only]. Details - ImportResultOutputID=74fa5fd563f17ca07194673fed19e2da DependenciesID=93b9a5105c55c03a93b89625029439e2 StaticDependenciesID=54918a0f93ab86fc256ebfc8f3e001b4 
Start importing Packages/com.unity.editorcoroutines/Editor using Guid(4baf9d3a89175c143b9d1bb3e62526e7) (DefaultImporter) -> (Import Result ID: '7a659a730f4946f6fc3999fc3a5dc08f') in 0.000114458 seconds [static dependencies only]. Details - ImportResultOutputID=33c8493dd8a8301cb121d38f56ec059b DependenciesID=809758b796523b9dd0681931b6e61e2d StaticDependenciesID=929739474f8fb1f8835221b3b3ef4b28 
Start importing Packages/com.unity.inputsystem/InputSystem using Guid(7be622e2320c433e83fcfd2dbb7bd468) (DefaultImporter) -> (Import Result ID: 'eceb9366865b80b1d2ae58c59d432080') in 0.00012025 seconds [static dependencies only]. Details - ImportResultOutputID=ff48a8f697b19ba50a35be02583ebf46 DependenciesID=9e3f4361115084a7209afd4d7dd7fed1 StaticDependenciesID=27f1a1653b9b222aff26cdc653496a04 
Start importing Packages/com.unity.collab-proxy/Lib using Guid(dc0f0050d6c104fc7b2b61ca838fd8c6) (DefaultImporter) -> (Import Result ID: '377687953eeb81f42022c5de76fbc58f') in 0.000123459 seconds [static dependencies only]. Details - ImportResultOutputID=a4f4bd04c81b7fc3edabb18bf16b0e56 DependenciesID=98fb0c862ce445eb1ba0dc916141de31 StaticDependenciesID=42f1211be9cfd0d291959de3a9e74775 
Start importing Packages/com.unity.settings-manager/Content using Guid(3d9bd4cbe22e8472781b1cde707d154d) (DefaultImporter) -> (Import Result ID: '66fdb44f97cd9233bb71b8f45bbef58b') in 0.000111708 seconds [static dependencies only]. Details - ImportResultOutputID=e2db7811122fe8e3ebdb7395ae741872 DependenciesID=bf98ea75f9000cd9ca56b0a0db9f066e StaticDependenciesID=5bc79b6a6046efd0809a81b5482d4726 
Start importing Packages/com.unity.collab-proxy/Editor using Guid(3eedd97b804f5a546a8817f8be60e318) (DefaultImporter) -> (Import Result ID: '4b9c29cb98180d6885322037a71534de') in 0.000114084 seconds [static dependencies only]. Details - ImportResultOutputID=ae64c3396a576bc035591b98202c97c0 DependenciesID=eb4ece0c6119e3a30aacaf4a5a43778d StaticDependenciesID=878de4e939602ed1170f7a4fd9c7afe1 
Start importing Packages/com.unity.ugui/Package Resources using Guid(5ec95f4d5b2d1f14e9ff8682562553f9) (DefaultImporter) -> (Import Result ID: 'af6ff9a683ca4c766027f4d25685fa3a') in 0.000122417 seconds [static dependencies only]. Details - ImportResultOutputID=32935111a4483620aa762fe5c6af5169 DependenciesID=fd249cac8031ebc558d87cb2180a1668 StaticDependenciesID=c8d6b8b2e53e0c1964ca9d5ce41d6b53 
Start importing Packages/com.unity.testtools.codecoverage/lib using Guid(aeb3d049d773040e8b36d2dea620a6ad) (DefaultImporter) -> (Import Result ID: '68c67fd31dfb3e43e953b4ec6b93c9ad') in 0.000114167 seconds [static dependencies only]. Details - ImportResultOutputID=975d59e591370cdfa1e5ec1f1dc65385 DependenciesID=f69f33f4a51983668f59738cc9e0d5ee StaticDependenciesID=cfff714967641766b969daa318ae412b 
Start importing Packages/com.unity.ugui/Editor using Guid(bee384ad5b4d1a843a018082e7db53cd) (DefaultImporter) -> (Import Result ID: '14325bf474c7004f1218cbd3f2a746cf') in 0.000130208 seconds [static dependencies only]. Details - ImportResultOutputID=3d5059e3fbc0499089720fe8b244d731 DependenciesID=570c1491a8c52f86237d739fb63f9ec3 StaticDependenciesID=ad259a5b81a9cfad42c0083aade85c0c 
Start importing Packages/com.unity.visualscripting/Editor using Guid(ee9f54d6cd5a17045a3f1c9877d4b7e6) (DefaultImporter) -> (Import Result ID: 'e1085554387c571bf7dd6b4607a8bcc7') in 0.000109375 seconds [static dependencies only]. Details - ImportResultOutputID=b96339c31b7151cabb59dd17e3a09ec3 DependenciesID=f1ddc0bf0cbb3a70246c64ae8e6cfd23 StaticDependenciesID=fae997a3226d6ddd21f73473a4c05e17 
Start importing Packages/com.unity.settings-manager/Tests using Guid(8f491bec7bcc4db45ad9590a6158e0fd) (DefaultImporter) -> (Import Result ID: '4861bf5b61f7380e2e70e24a384bd16b') in 0.00011025 seconds [static dependencies only]. Details - ImportResultOutputID=0852051b092cbee5c053d198d7b33fd4 DependenciesID=6643dd24edac24641fa63fafa93fc1c0 StaticDependenciesID=77866f912e4b817b175edee35513e0c4 
Start importing Packages/com.unity.ext.nunit/net40 using Guid(af19581c6078849139e0671f575e4b7c) (DefaultImporter) -> (Import Result ID: '72b418cca27d192e1396c494f2b94067') in 0.000110417 seconds [static dependencies only]. Details - ImportResultOutputID=79bc677c45cee4c71beb0cca6fdeb11d DependenciesID=b69db1dbf8d5d8e1fd167880f7bcc0ec StaticDependenciesID=1d4b556beca4fa5075b7180de563651d 
Start importing Packages/com.unity.ugui/Editor/TMP using Guid(10d1425d9e87841d9a9deafe9e93a6f2) (DefaultImporter) -> (Import Result ID: '46b4e8efc90223278b41922c6df75fa6') in 0.000111875 seconds [static dependencies only]. Details - ImportResultOutputID=e697027add6a11c3cec8fc3ff162847c DependenciesID=ac5de1da752fe90c286c0e9ad81b82c4 StaticDependenciesID=33232fa193898206cab1f3f91ba16cc0 
Start importing Packages/com.unity.inputsystem/InputSystem/Actions using Guid(2069418e852748dbaa154cf71b8f033a) (DefaultImporter) -> (Import Result ID: '13deba53d9a1dd887e8eb19be068bfc1') in 0.000108583 seconds [static dependencies only]. Details - ImportResultOutputID=3affb8607c53c867b057d48214673251 DependenciesID=f3476a6ec46bef76a6f3c1e1eda3b30f StaticDependenciesID=adaed32ec72b2c3c7ca9526413b50c50 
Start importing Packages/com.unity.testtools.codecoverage/Editor/ReportGenerator using Guid(601bbcdaa1b2c8c4d824e0bd96fbd0c7) (DefaultImporter) -> (Import Result ID: '414046d16d018f85e78d182062aa68a4') in 0.000111917 seconds [static dependencies only]. Details - ImportResultOutputID=0eab8944da4e0f00f46bc7e7eff56b91 DependenciesID=58c0f9124c2652b1b482ad201058a035 StaticDependenciesID=5e12a99d96ea17df537300b38a69f95e 
Start importing Packages/com.unity.collab-proxy/Editor/Views using Guid(90e77543957de2e4dbe9d7d7c7653add) (DefaultImporter) -> (Import Result ID: 'ebb9b172de8f2e1838179ddbaf5e4d2f') in 0.00010625 seconds [static dependencies only]. Details - ImportResultOutputID=571254d9c8fc0a452d948b7385e099df DependenciesID=3c8378588242fc8c422d531eb1b967e6 StaticDependenciesID=440994fe95ee898b4d31c28d1c7ea647 
Start importing Packages/com.unity.collab-proxy/Editor/Assets using Guid(b01e5a3d2517b904698dbc9fa0df727f) (DefaultImporter) -> (Import Result ID: '2140d6f92a1316ef22018a56d4fd4e14') in 0.000106709 seconds [static dependencies only]. Details - ImportResultOutputID=ef240f4ba51b031cdce716ee8f7a5f9c DependenciesID=c903ff89c51afbbc14d7fa36885ddd0c StaticDependenciesID=9ebbfa07976c6a8787c5fe4782ef0401 
Start importing Packages/com.unity.ext.nunit/net40/unity-custom using Guid(c0673f99c7a5d42e081a6f88c5a37862) (DefaultImporter) -> (Import Result ID: 'a5b8d03e94e1a53a95e26ca00868ba7f') in 0.000104209 seconds [static dependencies only]. Details - ImportResultOutputID=3a9ba4a54b7c560322438c47d1bd8848 DependenciesID=c21122d996f829043b75190b56ff14d8 StaticDependenciesID=d5943273c36f1dded579bcd0b623705f 
Start importing Packages/com.unity.visualscripting/Editor/VisualScripting.Shared using Guid(2182f36bd09634746ad9f6835691ac90) (DefaultImporter) -> (Import Result ID: 'e5e5e33ea0bad36e0c6bb168a02ee0fc') in 0.000105875 seconds [static dependencies only]. Details - ImportResultOutputID=794789b9d208addbb60f0bbd641a9ccf DependenciesID=2fd5fc586ca761fd87ced9701715bbbf StaticDependenciesID=ac905c04ebf969b41e6d14d3f3245be5 
Start importing Packages/com.unity.inputsystem/InputSystem/Utilities using Guid(51e828593aae48cdbee6e9ae0ec20e5d) (DefaultImporter) -> (Import Result ID: 'a250080862ca56eb1a9f2a91b5a76e04') in 0.000105958 seconds [static dependencies only]. Details - ImportResultOutputID=a01a498fc3c9cab31690bf76707748d9 DependenciesID=2c04fb2ca77f3394a8ca94d4ab8f50b1 StaticDependenciesID=b80f66d0b2f6366da686b93f6be5d83c 
Start importing Packages/com.unity.testtools.codecoverage/lib/ReportGenerator using Guid(612946c3599d5894592e1fcee9db7634) (DefaultImporter) -> (Import Result ID: '553edb931e696c50093ea9efadffeef8') in 0.000112375 seconds [static dependencies only]. Details - ImportResultOutputID=e841a434df6b021edd9647aea025b337 DependenciesID=dd4770388c234c2e34a51e35af39fbaa StaticDependenciesID=281837f3f6db8148fa933d58fe8c2cd8 
Start importing Packages/com.unity.ugui/Runtime/TMP using Guid(619aadd8f276341ca84d7ad5a9c6db21) (DefaultImporter) -> (Import Result ID: '0039a009d9c191d943c108a32dcfbed5') in 0.000104292 seconds [static dependencies only]. Details - ImportResultOutputID=b8bdd834e9deeaae5a0f531864351b45 DependenciesID=2ea6eccc7b996b2296f5d086b1fe4999 StaticDependenciesID=b14c35c09565535061140f3bb53007ea 
Start importing Packages/com.unity.testtools.codecoverage/Editor/Analytics using Guid(a24bc5a5ca3214d3fa746e0c362dd6fe) (DefaultImporter) -> (Import Result ID: 'e2b76d65cf38553f8da3e3476a2e841e') in 0.000109375 seconds [static dependencies only]. Details - ImportResultOutputID=e646df51984124358425265d392c0316 DependenciesID=1f8b7f729bb24adff4733915d52a138b StaticDependenciesID=9500622518f66ce9502dd395f26d51cc 
Start importing Packages/com.unity.collab-proxy/Editor/WebApi using Guid(73d911d9a41870c47a8442b59375b4c6) (DefaultImporter) -> (Import Result ID: 'af586059fc1ab2fe2dec9b11662130b2') in 0.000107917 seconds [static dependencies only]. Details - ImportResultOutputID=30e2e74a3f5582566676a9d4c4457acf DependenciesID=a16e2d3e3529675e5916c4428da96fb9 StaticDependenciesID=e0a657b219a0887ae5376b06595620a3 
Start importing Packages/com.unity.ugui/Tests/Editor using Guid(936bea4b2545c4a4fad2e623b0f6371f) (DefaultImporter) -> (Import Result ID: '722562f94f0085a7508494105babc3cc') in 0.000106541 seconds [static dependencies only]. Details - ImportResultOutputID=74834a6dfa1c1d79eb4699c5bf6e9686 DependenciesID=0dfc004d1f6fb743d0da19bcaee624dc StaticDependenciesID=f65f435f055e99307fdc7e34c01dd662 
Start importing Packages/com.unity.test-framework/UnityEditor.TestRunner/UnityTestProtocol using Guid(936c6340f3468444ebb1785b4c311126) (DefaultImporter) -> (Import Result ID: '3eb62afba63c3bceb9bc1f8a6ec4d89d') in 0.000107584 seconds [static dependencies only]. Details - ImportResultOutputID=13a32f618081250f74eb12de93320cbd DependenciesID=6f985059b0fbacf47b0bc41bf9d9aed2 StaticDependenciesID=945ea66be0f27066d060725569282b91 
Start importing Packages/com.unity.collab-proxy/Editor/AssetsUtils using Guid(b32be061a815d6947bc3594cdcb94a1c) (DefaultImporter) -> (Import Result ID: '5fb70c7fa889dc6085e66e4f6bc7a287') in 0.000102833 seconds [static dependencies only]. Details - ImportResultOutputID=93c37287ea41757a97e2c761fbbc587f DependenciesID=efb92a2274bfc518ad9ce0b26a28a78f StaticDependenciesID=484bec5a904b923d4dcba6c2b0b93b9f 
Start importing Packages/com.unity.testtools.codecoverage/Editor/Icons using Guid(c3ed22d2e1dcd6f44abe7f9089a94552) (DefaultImporter) -> (Import Result ID: 'e0ca251ae6377f750fe81a193ed0dd91') in 0.000110917 seconds [static dependencies only]. Details - ImportResultOutputID=337b57da3daddd892031ca091d50adba DependenciesID=16f0bd76a59ad357fa9612e6a6e6a296 StaticDependenciesID=5b0e87abdd39514eee7d11123968b098 
Start importing Packages/com.unity.collab-proxy/Editor/AssetMenu using Guid(d3f8e034331c39c4f823ac31228dc4d9) (DefaultImporter) -> (Import Result ID: 'e32f3f5d328ab4918325438a6add3fa7') in 0.000101959 seconds [static dependencies only]. Details - ImportResultOutputID=37c57bca48e151f9d163801b67fdb77d DependenciesID=6ff0a186d1e646b9e71670768daf8f07 StaticDependenciesID=49dd36cf8059d37c52d1deff1a4b46ec 
Start importing Packages/com.unity.inputsystem/Tests/TestFixture using Guid(e349610bc4b1546dd94c6dab37414d2b) (DefaultImporter) -> (Import Result ID: '329c3157aa6879d08bfab1af162b5fe9') in 0.000102125 seconds [static dependencies only]. Details - ImportResultOutputID=c8f06c58c3a7a30298bf993cbeaffcf7 DependenciesID=e3d917eca0ec79278fd28240a1cd7cbf StaticDependenciesID=747ffa6cb27dbbf129bccce68bedd4f4 
Start importing Packages/com.unity.collab-proxy/Editor/Gluon using Guid(247bccd1e820aae42b0c93b3f77ce6e8) (DefaultImporter) -> (Import Result ID: 'faa68cc6ddc5ded50f1fa83393387264') in 0.000101458 seconds [static dependencies only]. Details - ImportResultOutputID=6fde4472b5a44a48f577e9a297e55be8 DependenciesID=83d822799832c374e8036c026e6ae1bd StaticDependenciesID=b19cbf6af57f2c934b6aef08ebfd90ea 
Start importing Packages/com.unity.testtools.codecoverage/Editor/CommandLineParser using Guid(a4d2c6ec2b0608f4d915bdae931a5561) (DefaultImporter) -> (Import Result ID: '80584301260de8d5b25043f34cf60521') in 0.000103542 seconds [static dependencies only]. Details - ImportResultOutputID=669f01b801b7dc0bf55217b44707d9f5 DependenciesID=15403aeab1d73958bd31ae11765aac4e StaticDependenciesID=196502edb5c62602f1be0f7ef2456379 
Start importing Packages/com.unity.test-framework/UnityEditor.TestRunner/CommandLineTest using Guid(b477d1f29b65a674e9d5cdab4eb72b01) (DefaultImporter) -> (Import Result ID: '807d1e18b5d566fbba00dfe7e8cd1177') in 0.00010475 seconds [static dependencies only]. Details - ImportResultOutputID=f02df4fcbbeeaae194c31c34da4f232b DependenciesID=26d424cea106591878ea8a619ed8ec1f StaticDependenciesID=acea935a9e18c849cb3a567ee5570e99 
Start importing Packages/com.unity.collab-proxy/Editor/Inspector using Guid(d4f346ffc6a5b7146bdff6f43464df28) (DefaultImporter) -> (Import Result ID: 'e5d841c07149779a6c07ae92ca41eb2d') in 0.000101333 seconds [static dependencies only]. Details - ImportResultOutputID=12bdeb88afb20549286d7aa6da799a5e DependenciesID=0db43ad448c4b5e145796350b26f6ea9 StaticDependenciesID=867408f76730ca0670824895ae80fe83 
Start importing Packages/com.unity.testtools.codecoverage/Editor/Events using Guid(454bf5979711ef240b5d01c73634dfa5) (DefaultImporter) -> (Import Result ID: '80018bb806ecfde3d0bb8b2198c1bf33') in 0.000102667 seconds [static dependencies only]. Details - ImportResultOutputID=9b32ceba5e34e775c2edd26c5b555a36 DependenciesID=e02082aa234df9e5923c5860aa117a6c StaticDependenciesID=6564d7edc8e8da184b1be58b325d9b97 
Start importing Packages/com.unity.visualscripting/Editor/VisualScripting.State using Guid(7518a4bdcd2d8f4408d828d3b20bcaa7) (DefaultImporter) -> (Import Result ID: '8479e19eec9cef0f03d2ca0ce9d425c2') in 0.00010475 seconds [static dependencies only]. Details - ImportResultOutputID=68390152c270c8e62ce40ca2750a68ae DependenciesID=bd2377e660de636c2d5d9083645de985 StaticDependenciesID=6efdc9e0df0ab69d17994e4b6d7f863a 
Start importing Packages/com.unity.visualscripting/Editor/VisualScripting.Flow using Guid(750eeeada0c45474dabb33ca7b3777dd) (DefaultImporter) -> (Import Result ID: '3fd663103b82ccb5aa65e26f2e6a250c') in 0.000104125 seconds [static dependencies only]. Details - ImportResultOutputID=6dc27d616969ce69888b8dee3cf6458b DependenciesID=3b5256970aacefb52988449c2fa3f931 StaticDependenciesID=15942710165a3b371e7c0461b812da4f 
Start importing Packages/com.unity.testtools.codecoverage/Editor/CoverageFormats using Guid(8502d38e600753d44a2a65242d06f132) (DefaultImporter) -> (Import Result ID: '7db4aff63eb9c8bab06f8c0c607882b6') in 0.000106125 seconds [static dependencies only]. Details - ImportResultOutputID=13bb47ad6ce2cdab4e7141b57fd6d940 DependenciesID=f0d5885b3171e0a84363d18fdd1af5ef StaticDependenciesID=1f739fb45514bd90fd50145b2db1e707 
Start importing Packages/com.unity.inputsystem/Tests/IntegrationTests using Guid(857f018a2ed885449804cf82b4fec116) (DefaultImporter) -> (Import Result ID: '64154b15930c066202b931efe1581bb4') in 0.000100875 seconds [static dependencies only]. Details - ImportResultOutputID=bb0626969f75c452b5dc0d88fec32ba0 DependenciesID=488841d4ec184a6b668710d5aafb2ba4 StaticDependenciesID=d8771a86c6de941d55b81df97cce872a 
Start importing Packages/com.unity.settings-manager/Tests/Editor using Guid(9563dd1f3643cc54ba60086d957fcd78) (DefaultImporter) -> (Import Result ID: '706e1a7832db9cfeb8c494541044364f') in 0.000101708 seconds [static dependencies only]. Details - ImportResultOutputID=7555a9ab796fb3cf97d0a49c08f75189 DependenciesID=3bc8dfdc50916f5327a861fef465f059 StaticDependenciesID=4f608ac77dc056178db28449d5be9a17 
Start importing Packages/com.unity.test-framework/UnityEditor.TestRunner/TestSettings using Guid(95b719082a664ea45bb56759eed1f271) (DefaultImporter) -> (Import Result ID: '7d4046025624d9c7c903dc05e3a029b0') in 0.000106375 seconds [static dependencies only]. Details - ImportResultOutputID=2e29f5e2bcaca70079ddfbf2d6d91432 DependenciesID=1befa91aa42ac32711e937c80a971d93 StaticDependenciesID=f3b031bff25962564a82264a21b62a5e 
Start importing Packages/com.unity.testtools.codecoverage/Editor/Replacing using Guid(a55ad229a998abb459be205ff0aff5f4) (DefaultImporter) -> (Import Result ID: '2c8a1b19f1bd254aa9ee73ff891c107f') in 0.000106667 seconds [static dependencies only]. Details - ImportResultOutputID=ad53f22f371123eb7801a727586faf1a DependenciesID=a75952e07abc02ac36e3d909a90b2aa0 StaticDependenciesID=25e4a198833b29cc18e8abe792b3f6f6 
Start importing Packages/com.unity.ugui/Tests/Runtime using Guid(c545241cf2e56ec4997d7677f01ef43d) (DefaultImporter) -> (Import Result ID: '5339b68623f980c75f44f04b83d534fe') in 0.000106375 seconds [static dependencies only]. Details - ImportResultOutputID=d9aaae171eaf7c25481d398c37b26bab DependenciesID=b2b90cb9b37dc7a06ba3bac896f5f340 StaticDependenciesID=87b092e6a4629b10b7614e685728b62f 
Start importing Packages/com.unity.ugui/Editor/Analytics using Guid(c52726d811a9f66459355df6b0c3977b) (DefaultImporter) -> (Import Result ID: '43524b1a002964cf7897d6c835124f3e') in 0.000109417 seconds [static dependencies only]. Details - ImportResultOutputID=0894306b2bbcc1470502d087d5d56f7e DependenciesID=4222b1cb953efd51a79c2831b483b7ab StaticDependenciesID=c4593ba052aaec9f4977acee52ac9730 
Start importing Packages/com.unity.visualscripting/Runtime/VisualScripting.Flow using Guid(e50f8b9234b76f74d82582452a467f57) (DefaultImporter) -> (Import Result ID: '162b14c540e168428656ef9c5e5eedea') in 0.000108792 seconds [static dependencies only]. Details - ImportResultOutputID=b2164ac78aa3d5d353290de0986926b2 DependenciesID=0b3cef48ea5cec8f4a7e0d4c7757daa7 StaticDependenciesID=9253c64343a25985be522e91ee5b5397 
Start importing Packages/com.unity.visualscripting/Runtime/VisualScripting.Core using Guid(260e630c5c1b1af42991291f6de23ede) (DefaultImporter) -> (Import Result ID: 'd36da0c56d13f84c92db92cc5120d45c') in 0.000105333 seconds [static dependencies only]. Details - ImportResultOutputID=8127b784d40eb26164f177b7328aaa13 DependenciesID=465f19cb076a6ee8917ee541d3b95df0 StaticDependenciesID=e9625d5b315bb3d7b16b697af6e3a19d 
Start importing Packages/com.unity.testtools.codecoverage/Editor/Logging using Guid(3642308766c4e704fa8858ab91538246) (DefaultImporter) -> (Import Result ID: 'd134fd35d06944ee5243e46347ddbe7b') in 0.000116041 seconds [static dependencies only]. Details - ImportResultOutputID=400d054c5a9c900263c0d820434676f2 DependenciesID=d005ef5e96b3818059b7f1bd6b9c8498 StaticDependenciesID=9d31d942da23b0b0fe6525b10fcc35de 
Start importing Packages/com.unity.ide.visualstudio/Editor/COMIntegration using Guid(36422aa067e092e45b9820da2ee3e728) (DefaultImporter) -> (Import Result ID: '090f0ea25aa8c7231e74ab4929b5e535') in 0.000107458 seconds [static dependencies only]. Details - ImportResultOutputID=70e17308860b2e67f13342b297c58e09 DependenciesID=04c779fb98451afbf9a5a386dd1e27a0 StaticDependenciesID=e3b62d95c9c79298d95a048bab0596eb 
Start importing Packages/com.unity.collab-proxy/Editor/_Deprecated using Guid(460bc4c86d5275f4a841402ec597d2f1) (DefaultImporter) -> (Import Result ID: '6dd1d14975b0add24fc984d378fe55e5') in 0.0001035 seconds [static dependencies only]. Details - ImportResultOutputID=4dcaffd03ad26730f70d444cdfb907ec DependenciesID=53c28447855d8fbb1c2bc32b33ebc347 StaticDependenciesID=6d2d79665258419ecbac69bf5f755fa9 
Start importing Packages/com.unity.collab-proxy/Editor/UI using Guid(565f0b089a3d53c4e9a329a5ec1392eb) (DefaultImporter) -> (Import Result ID: 'd67743c017a43204faec0fa5f36adbac') in 0.000106291 seconds [static dependencies only]. Details - ImportResultOutputID=27c6467045b1e2d112959d520d055e06 DependenciesID=5451ff9c5a444ad3998fca8b61072196 StaticDependenciesID=9c4b6930fca4f333988c40cc90b24bbf 
Start importing Packages/com.unity.test-framework/UnityEditor.TestRunner/CommandLineParser using Guid(7602252bdb82b8d45ae3483c3a00d3e1) (DefaultImporter) -> (Import Result ID: '1ce26328fc88887bf2e14da15af28546') in 0.000110833 seconds [static dependencies only]. Details - ImportResultOutputID=9e3172f280672641930ee0c2765d9717 DependenciesID=46a924e3d84195efe37df4cec4710616 StaticDependenciesID=3b3bb938744cae7471960a8af71ea973 
Start importing Packages/com.unity.inputsystem/InputSystem/State using Guid(a6724a4cbf5d47a2b01ca5fe41036ddd) (DefaultImporter) -> (Import Result ID: '0d2133b108dba7f81ee2f9a16f5e57a2') in 0.000110833 seconds [static dependencies only]. Details - ImportResultOutputID=2d52c1cea197a782f8e59f261881760b DependenciesID=f09b3836691b8903be5f6523e23a2dd3 StaticDependenciesID=f6315b5772ec033dcaf36dc70685026f 
Start importing Packages/com.unity.visualscripting/Runtime/VisualScripting.State using Guid(b6064ce6e0cab504f80ca789d8633263) (DefaultImporter) -> (Import Result ID: 'aa53c74ea604b6a299fb7dfddce2eb96') in 0.000112666 seconds [static dependencies only]. Details - ImportResultOutputID=2ff651601e107f8931fec1e54067bfba DependenciesID=06e8f61d77ae55d7d967bba0dacf11b1 StaticDependenciesID=746f3c6c5654d20295386cd5abb62b76 
Start importing Packages/com.unity.test-framework/UnityEditor.TestRunner/TestLaunchers using Guid(d64d92e4f04a13e4b99ea8d48e9e8ae9) (DefaultImporter) -> (Import Result ID: '7837d0c0fb5e936c27435bfa5c491140') in 0.000112833 seconds [static dependencies only]. Details - ImportResultOutputID=6c07281e89e7f4cff369e84953ad384c DependenciesID=48ea7a91509dcbd23060f46dd497bff6 StaticDependenciesID=6eb95deea1f40442315f3596857377be 
Start importing Packages/com.unity.collab-proxy/Editor/Developer using Guid(f6079802724cc154ea5667c3a1e31d43) (DefaultImporter) -> (Import Result ID: '3fabf9800e22995bf1f7a35763112f2b') in 0.000103958 seconds [static dependencies only]. Details - ImportResultOutputID=03a03989790bbb440de6bb83816743e5 DependenciesID=5262c74bf1a745a8dd4b1dede300578a StaticDependenciesID=6664b8a201ffe01c70ab276368326473 
Start importing Packages/com.unity.collab-proxy/Editor/Toolbar using Guid(179c164d2bd086e478add6825f3b422d) (DefaultImporter) -> (Import Result ID: 'f71ab989075477efa2a236b741cf05cb') in 0.000107667 seconds [static dependencies only]. Details - ImportResultOutputID=abf317e56b969c085c3014dbffd5fbaf DependenciesID=2d408f24e304e435ace6a37580bd7d65 StaticDependenciesID=c7b3817a3dbef337357a782565e1d0f3 
Start importing Packages/com.unity.ugui/Editor/UGUI using Guid(278b6073a5bdd4362acd72ca43ff9e0d) (DefaultImporter) -> (Import Result ID: 'ac326484f7bdaa11bb88611c1772f0f4') in 0.000116375 seconds [static dependencies only]. Details - ImportResultOutputID=c4bc09ca7f9027b7279d2c93e41fa890 DependenciesID=fcbc5c73624418aadc518bfff99f4184 StaticDependenciesID=30ca035f2403e98d1c821647c23c405e 
Start importing Packages/com.unity.testtools.codecoverage/Editor/Compatibility using Guid(8760551a767291a4f9d72703986de775) (DefaultImporter) -> (Import Result ID: '1f32514100b34ca299352fca09eddcf8') in 0.000107125 seconds [static dependencies only]. Details - ImportResultOutputID=30043b551216b50753ff9321f04d5c17 DependenciesID=4689cfb5da1f90315d004dae09ec819c StaticDependenciesID=92ce0c5591eae516ec8e5f04606cecbe 
Start importing Packages/com.unity.test-framework/UnityEditor.TestRunner/TestRun using Guid(8721cb2237d4a564a94a51f56243bdac) (DefaultImporter) -> (Import Result ID: '9b7b7adb4ac5b28452907e4834d4f850') in 0.000114625 seconds [static dependencies only]. Details - ImportResultOutputID=17359b71c392eb14ddc802a7ba9cfb6f DependenciesID=5d3bb64ed8133edf9676fa1510e2ea5c StaticDependenciesID=747aef75eb05901db768f1774e8e1331 
Start importing Packages/com.unity.ide.vscode/Editor/ProjectGeneration using Guid(c779d3735d950f341ba35154e8b3234b) (DefaultImporter) -> (Import Result ID: '462c1a88a5f742a5ca45a9252931033e') in 0.000117167 seconds [static dependencies only]. Details - ImportResultOutputID=21280abd347a3f4f7e439b05f43f5077 DependenciesID=84d41f2004fc3c4f2547deb5c8268fbb StaticDependenciesID=01a9aa21874408e379e34375175d1b20 
Start importing Packages/com.unity.testtools.codecoverage/Editor/Filtering using Guid(e7f50ae8edbea524b9889ef210013bc4) (DefaultImporter) -> (Import Result ID: '7b5302b26fb2cc54233f0e161b9ac1a8') in 0.000110834 seconds [static dependencies only]. Details - ImportResultOutputID=135e3a914ec2063e37d63663fa0154d7 DependenciesID=913eb181ced08e33ad700e693f5370cd StaticDependenciesID=8cf2230122f8220584333cef79dbd770 
Start importing Packages/com.unity.testtools.codecoverage/Editor/Utils using Guid(08ea6abe0c5d35145ab2e6fd63aa6f08) (DefaultImporter) -> (Import Result ID: '71801d9a1a0b4d2d7ce2b669a914f787') in 0.000109792 seconds [static dependencies only]. Details - ImportResultOutputID=b82e417033c9e18101f8793d584811b7 DependenciesID=4fe2d1ef8c190b8618326d6b2c79e8b4 StaticDependenciesID=01d85ac687964b430ddcc6ae096385fb 
Start importing Packages/com.unity.ugui/Runtime/UGUI using Guid(1817d28a5343b4ec19b4ec7903730e2c) (DefaultImporter) -> (Import Result ID: '700e1a3bec9de3af35f6c9315b959c78') in 0.000114625 seconds [static dependencies only]. Details - ImportResultOutputID=b547af3890503fd4d079ef75f101effe DependenciesID=0036e2e443babc5441c3ce8203cee76f StaticDependenciesID=6586b505d935848123fd44ff14393869 
Start importing Packages/com.unity.collab-proxy/Editor/Tool using Guid(e8c918ed7b49ea54ca28f8c04b27140a) (DefaultImporter) -> (Import Result ID: '0bb9aba0abfdd49b068c8b0ce65c4a87') in 0.000118834 seconds [static dependencies only]. Details - ImportResultOutputID=0397cbbb5c38edf39fb8bbc1bb51cb12 DependenciesID=e4c701e84e9f1856926481145de4191c StaticDependenciesID=dfb54e958e9e403915b5135bd78ff0ce 
Start importing Packages/com.unity.ugui/Editor Resources/Textures using Guid(f8e6a2d47aba4c6c9b3c5a72d9f48da5) (DefaultImporter) -> (Import Result ID: 'f190b63d46a5ff0649e340c64ff10e30') in 0.000115 seconds [static dependencies only]. Details - ImportResultOutputID=66c8f10a7e1a44477aa1eb5e9e628456 DependenciesID=3eea7cd40f8a71affaf43dec8f25c92d StaticDependenciesID=616afaf429c7ec271642142f4a1cf239 
Start importing Packages/com.unity.test-framework/UnityEngine.TestRunner/UnityTestProtocol using Guid(19e1940646874613a076c6b01d1f3404) (DefaultImporter) -> (Import Result ID: '483d3ef8e16a53de0815e3f1d1241bc7') in 0.000117625 seconds [static dependencies only]. Details - ImportResultOutputID=a0528f8d14db81989db163eeee0635ce DependenciesID=cef11a596c151eaa65019e1e02f9c405 StaticDependenciesID=497ae8363a0c050b49e26f6984bafd04 
Start importing Packages/com.unity.test-framework/UnityEditor.TestRunner/TestRunner using Guid(49d4c2ab7ff0f4442af256bad7c9d57c) (DefaultImporter) -> (Import Result ID: 'f80dd033779547d176d76fbc707cd881') in 0.000110542 seconds [static dependencies only]. Details - ImportResultOutputID=ac39cd5f91714d0f3eba05c0bf90494f DependenciesID=eecf08741679becc66333c6ef4eb4e4f StaticDependenciesID=c371d7a078099c8518e361971900471b 
Start importing Packages/com.unity.collab-proxy/Editor/AssetOverlays using Guid(491c192b16f732b4983b4a539908ad32) (DefaultImporter) -> (Import Result ID: '2e093f8c1368776f0abc0db7363046f9') in 0.000107042 seconds [static dependencies only]. Details - ImportResultOutputID=796d427951a0e5b39f5920e881528998 DependenciesID=2a800827be264aeb6949c14fd02c0955 StaticDependenciesID=0666801a2fd6552c44705df878d0a919 
Start importing Packages/com.unity.inputsystem/InputSystem/Events using Guid(99f4ddb4a8fa4fcfa25917e64bcc6e8c) (DefaultImporter) -> (Import Result ID: '692a1a343316881c4fa66e18a4062b13') in 0.000107792 seconds [static dependencies only]. Details - ImportResultOutputID=cebcaa5e15ad29e7ca12ed5901a79d0e DependenciesID=f8ba372950559ff613d94a5ff60f8631 StaticDependenciesID=a8ce72670cdd80916ab934dc25d30772 
Start importing Packages/com.unity.ugui/Editor Resources/Gizmos using Guid(e93ec7eb6de342aabd156833e253f838) (DefaultImporter) -> (Import Result ID: 'e9537c4b6c1f441480aed66a6d8fcb21') in 0.000105667 seconds [static dependencies only]. Details - ImportResultOutputID=cd94e43e05fdc234f5fb4ebcacdfefa5 DependenciesID=89de9bfe8995b4b4789888648a7376fd StaticDependenciesID=caa6581f37687ef0bb8210dcf988e46d 
Start importing Packages/com.unity.test-framework/UnityEngine.TestRunner/Assertions using Guid(1ad55f5ad04d1d045a1f287409c650dd) (DefaultImporter) -> (Import Result ID: '301a40a76b6286f1aeaab8b9baf4391d') in 0.000111833 seconds [static dependencies only]. Details - ImportResultOutputID=421925ed9a5341e93ef06ede79b14fa2 DependenciesID=a8f4263785030064f091b27b62394c6c StaticDependenciesID=f7049fef7ac3df5bb8b1e4adcf2dd430 
Start importing Packages/com.unity.collab-proxy/Editor/Hub using Guid(2a088652feef3704ab1221770deb738a) (DefaultImporter) -> (Import Result ID: '5964edc76c801b0c83d4346350f4a4c0') in 0.00010375 seconds [static dependencies only]. Details - ImportResultOutputID=7b66b217deb42d5abc28d16c9fb776e5 DependenciesID=7f055c87b1dc670104b343b02d4ef5ac StaticDependenciesID=45d2c37d852810b418008d6266673185 
Start importing Packages/com.unity.collab-proxy/Lib/Editor using Guid(7a5a6b0b4d8d6d6428e297651ac42235) (DefaultImporter) -> (Import Result ID: 'fa5f95cf348f43277b4ecd42b019beb4') in 0.000106 seconds [static dependencies only]. Details - ImportResultOutputID=618a9f18a8a95b39db2a55ce45c1774d DependenciesID=885b49d2b7281e43c4ada0a3a6a54cf3 StaticDependenciesID=449fba7491993cb5b6c1e5020ec4ea99 
Start importing Packages/com.unity.visualscripting/Editor/VisualScripting.Core using Guid(7abb56c9dd89a544a9995a060ab55368) (DefaultImporter) -> (Import Result ID: 'c4689ba86b2a9ed19e7fd0d9cdf51b7f') in 0.0001065 seconds [static dependencies only]. Details - ImportResultOutputID=de31367b73088511c3f2d8a5272262ed DependenciesID=9196a3434831b9366d87ed031e0555fb StaticDependenciesID=30315c9b087e956f7dfd0e96dd30b9de 
Start importing Packages/com.unity.inputsystem/InputSystem/Controls using Guid(aa1e768bf3ad4ae8898571a206251472) (DefaultImporter) -> (Import Result ID: '83e79af261a12b0eca80cf52f65ad8ea') in 0.00010475 seconds [static dependencies only]. Details - ImportResultOutputID=c8c3a5c27f0044bb0f44ab1d3088754a DependenciesID=dc44e5beabed12098f1ef477388516b1 StaticDependenciesID=8c7682610665075733f2885c4c551c68 
Start importing Packages/com.unity.ugui/Runtime/InternalBridge using Guid(bab3a29ab4f214742a44add41efffb7d) (DefaultImporter) -> (Import Result ID: '658b5dcc90ea16eb3034ececa41ecb7a') in 0.000108083 seconds [static dependencies only]. Details - ImportResultOutputID=6a6add2bfc2dc333f92baea47e6e0109 DependenciesID=4dc6b11e3d22146e3cd29731205b3dd1 StaticDependenciesID=26abd0f79af78ef49e6fd786a84c2a84 
Start importing Packages/com.unity.test-framework/Tests/TestNewCustomAssembly using Guid(ca0e5e7973267894ca8e1dceb2210ee5) (DefaultImporter) -> (Import Result ID: '7a13587102f91a8dfba35474153881c1') in 0.00010725 seconds [static dependencies only]. Details - ImportResultOutputID=f7a4769296f7e562f231432ac3900434 DependenciesID=ba1c3375738aaaad454ff33c0b3df0ae StaticDependenciesID=a2eae065eda11aba8e6815acf894d793 
Start importing Packages/com.unity.test-framework/UnityEditor.TestRunner/Api using Guid(fa423365b1ce06a4dbdc6fb4a8597bfa) (DefaultImporter) -> (Import Result ID: 'a796171e3baf9218cf4696c64db2eed1') in 0.000104667 seconds [static dependencies only]. Details - ImportResultOutputID=98b99f372e641959328ccde445ecfa41 DependenciesID=c0bad501839949493aca16f55a3983fc StaticDependenciesID=06c9eb907caa58e4819aac2fcc4c2b02 
Start importing Packages/com.unity.ide.rider/Rider/Editor using Guid(1b393f6b29a9ee84c803af1ab4944b71) (DefaultImporter) -> (Import Result ID: '082815dad7f9b7bf3b501758e523b268') in 0.000108208 seconds [static dependencies only]. Details - ImportResultOutputID=6cbc06cf7809cd328e4c56c0f5fe90e4 DependenciesID=ec9614c8913caf966f55223d407a563b StaticDependenciesID=383432968d0088d8252e3f3c4c23567e 
Start importing Packages/com.unity.ide.visualstudio/Editor/VSWhere using Guid(5b17896803f77494da73d73448fb6cb4) (DefaultImporter) -> (Import Result ID: 'e8e0044ca04359adc389b47e6d5f91a2') in 0.000109667 seconds [static dependencies only]. Details - ImportResultOutputID=c4e603ab315bb5e5de4d7821dbf92e04 DependenciesID=e39eee109de8d17e161b7990c3a68968 StaticDependenciesID=212dd00e68d72a302e1196aa442b2e5e 
Start importing Packages/com.unity.ide.visualstudio/Editor/ProjectGeneration using Guid(8beeeeebc0857854d8b4e2c2895dd7a9) (DefaultImporter) -> (Import Result ID: '9d5efab3a3ac1e9af2d5b8cf6ecda15e') in 0.00010625 seconds [static dependencies only]. Details - ImportResultOutputID=57340d3a36dc2f0cb2d4a088324f2c6f DependenciesID=1deeb3e3a0b2bfa2d6a92417014fb93e StaticDependenciesID=95af20d4cbdcaae88d8d842223c59754 
Start importing Packages/com.unity.inputsystem/InputSystem/Devices using Guid(abbbcd5cf6184b818eaa56c5778a4110) (DefaultImporter) -> (Import Result ID: '7a2239d2f84429ddda19a0309df0d5ef') in 0.000110834 seconds [static dependencies only]. Details - ImportResultOutputID=1e28ff2c7aadcbb659fcf4b2f1974259 DependenciesID=2d5782a1e899a722448d2065f3c339d7 StaticDependenciesID=d15669fe384bbd5164defdda8e7662c4 
Start importing Packages/com.unity.test-framework/UnityEngine.TestRunner/Utils using Guid(bb32bccaf32a6db448d1c0cc99c78688) (DefaultImporter) -> (Import Result ID: 'd1e589dbf639591c52c39f62073fb661') in 0.000111417 seconds [static dependencies only]. Details - ImportResultOutputID=a3369f7defc397add25442739a913065 DependenciesID=3c099ccde9231d3d2e8a8f48407ea12d StaticDependenciesID=9f2665aad560137243133b2e5a5b67e6 
Start importing Packages/com.unity.testtools.codecoverage/Editor/CoverageWindow using Guid(8c1feb728ee48bd4da960b096cec735c) (DefaultImporter) -> (Import Result ID: '4005825cfd8740425b5c2795633ad681') in 0.000107125 seconds [static dependencies only]. Details - ImportResultOutputID=879499e8c320cae7a67bd1f158df5f1c DependenciesID=c7fc6c1bf45714b53f661e241af327cf StaticDependenciesID=5eeb24713b53466755f61d2f39dac827 
Start importing Packages/com.unity.inputsystem/InputSystem/Plugins using Guid(bcb3dcdfe51084a038a04105cfbc70aa) (DefaultImporter) -> (Import Result ID: '1d2252290d41b76a27f9521e0517ef3b') in 0.0001035 seconds [static dependencies only]. Details - ImportResultOutputID=79727b323d55c357f69527562942e00c DependenciesID=0dea9569af376503b1c0f1c107eee4cb StaticDependenciesID=92fac1445b7f40a17e13f85372db4a85 
Start importing Packages/com.unity.collab-proxy/Editor/Configuration using Guid(ec63ff75b0076d64fb0a5cf58170501f) (DefaultImporter) -> (Import Result ID: 'd32a00150a7953854e4763512e4482f4') in 0.000104833 seconds [static dependencies only]. Details - ImportResultOutputID=56064479d969f3654119d4f8f88c77a8 DependenciesID=c54e2e41836964b60eb4921dfa8db778 StaticDependenciesID=9ea76d98c8a32a4e1d6adb4c3eced1a7 
Start importing Packages/com.unity.test-framework/UnityEngine.TestRunner/TestRunner using Guid(1ddb9e1c877ea80479d1eab4ddaa5d0d) (DefaultImporter) -> (Import Result ID: 'feca5eb681d462ac353ab807a9ef65ae') in 0.000105875 seconds [static dependencies only]. Details - ImportResultOutputID=4013ae920ac36cc2cb1b0c91df129756 DependenciesID=6a5f85e786c13883a6d9873de4558ea5 StaticDependenciesID=a9a56008658db87f57d38a35e739d4a8 
Start importing Packages/com.unity.ugui/Editor Resources/Shaders using Guid(2da27f5fe80a3a549ac7331d9f52f5f0) (DefaultImporter) -> (Import Result ID: 'ed0924e24eb33bc7c8c474c12f8d6f7a') in 0.000102917 seconds [static dependencies only]. Details - ImportResultOutputID=ad01ad344a2dca21621e751c6f523b7f DependenciesID=226dc181da431c4d762f2a180971d955 StaticDependenciesID=6b2f1d27925a4a934b89326cf6c5913f 
Start importing Packages/com.unity.visualscripting/Editor/SettingsProvider using Guid(3dfa3c8fac2134fdda65f882f5a1a014) (DefaultImporter) -> (Import Result ID: 'cf50677b118632ea5955c178f8311812') in 0.000105917 seconds [static dependencies only]. Details - ImportResultOutputID=4723db25912863bf5b0ced77dd3d09b9 DependenciesID=2bd769640bd232b58b307e540ac28506 StaticDependenciesID=c1b0faf926110f3a5c1e5eb848836342 
Start importing Packages/com.unity.test-framework/UnityEngine.TestRunner/NUnitExtensions using Guid(3e8d6af343b383544ba5743d119f4062) (DefaultImporter) -> (Import Result ID: '3dd61cdf6fb871e9d647fd159200d0df') in 0.000104541 seconds [static dependencies only]. Details - ImportResultOutputID=0604bc26c13cd61a72bffca34298cf12 DependenciesID=d4ad0678dfe6b673fd4060bf9d1403b1 StaticDependenciesID=a6db835f42037fe34f0f8d5bbd72307d 
Start importing Packages/com.unity.performance.profile-analyzer/Tests/Editor using Guid(4ebedeac5794145928b99e3e0e6169e7) (DefaultImporter) -> (Import Result ID: '5b625a460fccd516b647411795f49ad1') in 0.00010425 seconds [static dependencies only]. Details - ImportResultOutputID=952cf654f9f5ebf78b493b248331f5ca DependenciesID=eedb8db0f87db23c0e3e4f50ce81c357 StaticDependenciesID=bcf330f10e7bc26063c48ab8b6d12b63 
Start importing Packages/com.unity.collab-proxy/Editor/SceneView using Guid(5e02ca917a3c4d14db3ecac0711ef066) (DefaultImporter) -> (Import Result ID: 'e6a3d73ccdcdea3fa3df083fd54c3204') in 0.000102959 seconds [static dependencies only]. Details - ImportResultOutputID=e8dbeb81d2e880528ee58e8076a2a589 DependenciesID=37cde2718f01eeb5d3d0ae840639b9b4 StaticDependenciesID=2ea68a948048987717322d6e7093d6d1 
Start importing Packages/com.unity.test-framework/UnityEditor.TestRunner/GUI using Guid(7e609b27ad2caa14c83dd9951b6c13c6) (DefaultImporter) -> (Import Result ID: '0404cb75ebdc63891b8e8d155d986f0d') in 0.000103333 seconds [static dependencies only]. Details - ImportResultOutputID=a9f5de8e0990dad768eb225b2137bac5 DependenciesID=2201ae5e618b342d9b1fdb026a8d92cf StaticDependenciesID=7978e935e83566f6261cf8179e74d85f 
Start importing Packages/com.unity.inputsystem/InputSystem/Editor using Guid(ee6ce8b9ba0db4146b0b12d5985933bf) (DefaultImporter) -> (Import Result ID: 'f787430e3e945a912bbddc28bd0f506f') in 0.000126834 seconds [static dependencies only]. Details - ImportResultOutputID=864be72482f5b5b19dc1bb40b00ccc1e DependenciesID=d96dceb48757d3f061abe4ade6b76701 StaticDependenciesID=8d74b16fedf54e5c7e2dad6347df7ab2 
Start importing Packages/com.unity.ide.visualstudio/Editor/Messaging using Guid(2f820130c86c28547a0f1a2f4c73155b) (DefaultImporter) -> (Import Result ID: 'e989ca25fd61aeb47e724616190208ce') in 0.000124084 seconds [static dependencies only]. Details - ImportResultOutputID=f63c267123ccef0109e219e291376a2a DependenciesID=8ddb68a63fb02c45f68a80fddf668e75 StaticDependenciesID=4d1daea5bf78a1e6b63350695f04ba72 
Start importing Packages/com.unity.test-framework/UnityEditor.TestRunner/NUnitExtension using Guid(3f9202a39620f51418046c7754f215f0) (DefaultImporter) -> (Import Result ID: 'a3ca6f055cfa1a4d87c792b5319568c4') in 0.000123834 seconds [static dependencies only]. Details - ImportResultOutputID=45251d23f2b8976582d7312b96262895 DependenciesID=6ed6f3bf2e61e189d3dc18ab97ce3c6b StaticDependenciesID=dd44963cf154be46497cfa012b5c9d70 
Start importing Packages/com.unity.collab-proxy/Editor/Settings using Guid(7fcdfb5c2eb94505a448f79f2f6fceb4) (DefaultImporter) -> (Import Result ID: 'cef994ff024cade59eae3e1e18d77d36') in 0.000109375 seconds [static dependencies only]. Details - ImportResultOutputID=a15bda411f68e293c30fb14d1d247cbf DependenciesID=36484dadca2e52b4ce52b05611b66d06 StaticDependenciesID=7676c5170b3d9787d34afa475e1ed485 
Start importing Packages/com.unity.ide.visualstudio/Editor/Testing using Guid(7f9f1d015d7a8ba46b7d71acfcda3ae7) (DefaultImporter) -> (Import Result ID: '49d866a2dc9f3549c15eaf69041607e1') in 0.000102583 seconds [static dependencies only]. Details - ImportResultOutputID=25e1299abf1cbb4d78295d0834192c65 DependenciesID=aca5576c4281261b7a7bd9f59abe1e65 StaticDependenciesID=2127cf1e12d3bfc0eed76123385b3019 
Start importing Packages/com.unity.testtools.codecoverage/Editor/CoverageStats using Guid(ffd1d4863b8a4651b0579e45633f513a) (DefaultImporter) -> (Import Result ID: '8b17573c55e459de81133774ab6f901e') in 0.000103291 seconds [static dependencies only]. Details - ImportResultOutputID=06b60f37ab5901ffe7814fa3b2091bed DependenciesID=808a0b6a25f89f0475cb83adb17d0657 StaticDependenciesID=52aee038c2bf34cbecff71cac4e1161e 
Start importing Packages/com.unity.testtools.codecoverage/Editor/CoverageFormats/OpenCover using Guid(401e5b541d6e30e489f5751eec729fab) (DefaultImporter) -> (Import Result ID: '2a25c4aed41583ade5f6b209d1f730e2') in 0.000106917 seconds [static dependencies only]. Details - ImportResultOutputID=55f70da84a8f37e319484acda1b38005 DependenciesID=eb145225e9025ea06c3ba5de1b0c5295 StaticDependenciesID=2537d34ad7d694381f33810a57218f00 
Start importing Packages/com.unity.visualscripting/Editor/VisualScripting.State/Description using Guid(704dcfe5d449b4fc1872497f985b71f9) (DefaultImporter) -> (Import Result ID: '8392715c8d636c3fea1601d7a5cca071') in 0.000107875 seconds [static dependencies only]. Details - ImportResultOutputID=45792700740cc509ed7f7cff57b92f5b DependenciesID=095374a7579843bd7e37bc8803379a20 StaticDependenciesID=3970f0f6bae46054d7e95d35441e27da 
Start importing Packages/com.unity.visualscripting/Editor/VisualScripting.Core/Analysis using Guid(a0a037cc0a236493996d666b0ab8690c) (DefaultImporter) -> (Import Result ID: 'e378f32d99af060ed33b9ce34115e54f') in 0.000106667 seconds [static dependencies only]. Details - ImportResultOutputID=c9d9eee1016a9764a9588434521aa8fb DependenciesID=c94064be36c61b25d9aef903e9b5b756 StaticDependenciesID=396de893c0a3307052d2e254bb41d8e0 
Start importing Packages/com.unity.visualscripting/Editor/SettingsProvider/ProjectSettings using Guid(a06b4d04018343b99f255da7f18559d1) (DefaultImporter) -> (Import Result ID: '2be0376fcf1ac32eb2362a5962a2ee2e') in 0.000105834 seconds [static dependencies only]. Details - ImportResultOutputID=0ed107be1dbf9ca3899022de1b61ea65 DependenciesID=3993d9cafa4e4fffb940cbc211441d17 StaticDependenciesID=535b42969374734e34e8229fbbe83ba2 
Start importing Packages/com.unity.visualscripting/Runtime/VisualScripting.Flow/Ports using Guid(b09642748cb2346e2aa47f92a03b8e62) (DefaultImporter) -> (Import Result ID: 'e3a8410c48ebe41ad47eee74cd1bc4f7') in 0.000107375 seconds [static dependencies only]. Details - ImportResultOutputID=685fb76843607f70b89ea51f0ad5bfa9 DependenciesID=723b677165f4e83b7f05c70e63a1f628 StaticDependenciesID=536524b9fabe3894dd77c02b50af028b 
Start importing Packages/com.unity.inputsystem/InputSystem/Editor/ControlPicker using Guid(b01eed8192c9f442b820a7af87ac73f8) (DefaultImporter) -> (Import Result ID: '11f141b1feda1ab3d762fd0b663ffd60') in 0.000105792 seconds [static dependencies only]. Details - ImportResultOutputID=41c4c7f665e7b1ef7305a373a72e8698 DependenciesID=df4effcc69c0584aef6bd2b6fb852bbf StaticDependenciesID=a76e08e3d3e2774ab061b394eba8b1f7 
Start importing Packages/com.unity.visualscripting/Editor/VisualScripting.Core/Plugin using Guid(c05916309d7d3430b8c066a12ebfc698) (DefaultImporter) -> (Import Result ID: 'ec31c3d56c8c5a585aefd6e8e75deeb6') in 0.000110167 seconds [static dependencies only]. Details - ImportResultOutputID=0e69d40ea98f640c2fa3bce8f8de6c16 DependenciesID=78edc712acdd86fe3de9cd7f62234012 StaticDependenciesID=861bb828e1d4edbeb72dda6842de2d23 
Start importing Packages/com.unity.visualscripting/Runtime/VisualScripting.Core/Variables using Guid(d018dbc2a8dd64786b6e2f9cd70b167e) (DefaultImporter) -> (Import Result ID: 'a7611073b6835603427700f86ce0bb51') in 0.000111667 seconds [static dependencies only]. Details - ImportResultOutputID=5a4c6a50a248ed044a4dfc160c12de0d DependenciesID=aa06008bb726c6b02979ddc186edfbf6 StaticDependenciesID=e90642ad4bbe308e1cb0d16166f13bfe 
Start importing Packages/com.unity.visualscripting/Editor/VisualScripting.Core/Interface using Guid(d059f512247b14deda979c72cae2127b) (DefaultImporter) -> (Import Result ID: '568a1664f7be2a2f2606231d4b24ae36') in 0.000107458 seconds [static dependencies only]. Details - ImportResultOutputID=70827ef993f465c4c0fd27aa2bb16a8b DependenciesID=800941fea0ddae9d690ebd85308c0289 StaticDependenciesID=438543fb6aa887a7a991658c6ce56bcf 
Start importing Packages/com.unity.visualscripting/Runtime/VisualScripting.Core/Ensure using Guid(e0ca983f136164077acba7fd5aad8d31) (DefaultImporter) -> (Import Result ID: 'e16a0bd27e9dbcbe69022631bdb1c448') in 0.000107625 seconds [static dependencies only]. Details - ImportResultOutputID=d108d618a8e698653c3c438b18049742 DependenciesID=c7de468ba3709263eeaacfa3fae86fbd StaticDependenciesID=8781a1b9e24e37689c20985341805f66 
Start importing Packages/com.unity.visualscripting/Editor/VisualScripting.Core/Properties using Guid(f0e7e49d11cc84ef2a635f90042b839a) (DefaultImporter) -> (Import Result ID: '1055a863a438a7a2219c83826712ca51') in 0.000107625 seconds [static dependencies only]. Details - ImportResultOutputID=500d5c135b8ee584ee82186fd8ae7df4 DependenciesID=8dff57b1e7d7f3d201e0b310ee998dad StaticDependenciesID=4993404cbbd298c33783e6781de0916d 
Start importing Packages/com.unity.visualscripting/Editor/VisualScripting.Core/Canvases using Guid(31d3bc055420f4ee59008eb8996d7df2) (DefaultImporter) -> (Import Result ID: '12ac72d20f15d936787c54ad25980c8a') in 0.000104084 seconds [static dependencies only]. Details - ImportResultOutputID=584cfea4844d45ca04dcb049314b6a65 DependenciesID=7c4580c19e489e81fa53cce871b43daf StaticDependenciesID=19ebd1fc9e8ae8c812958de42a7a3f54 
Start importing Packages/com.unity.ide.rider/Rider/Editor/ProjectGeneration using Guid(313cbe17019f1934397f91069831062c) (DefaultImporter) -> (Import Result ID: 'b39edd2128905df62afa24e4ef8581de') in 0.000113833 seconds [static dependencies only]. Details - ImportResultOutputID=1e960f25ed487608764ee3c7ece153a5 DependenciesID=0c93dd14a4cfb4b6b67168486bd88f3c StaticDependenciesID=5b3caaeae229eca99efc9214ee133e49 
Start importing Packages/com.unity.ide.visualstudio/Editor/COMIntegration/Release using Guid(41b2d972bdac29e4a89ef08b3b52c248) (DefaultImporter) -> (Import Result ID: 'dd51a4b43b2d4e55a8b19732a41200ff') in 0.000105333 seconds [static dependencies only]. Details - ImportResultOutputID=34369f9c1861ca667e8b4bb110ea7472 DependenciesID=5c86f4f391c71e05035b959f6b485cee StaticDependenciesID=45910c4a5100596b9fc9f54f266ede89 
Start importing Packages/com.unity.test-framework/UnityEngine.TestRunner/Utils/AssemblyProvider using Guid(51557afa652635743b264a309f0a5c60) (DefaultImporter) -> (Import Result ID: '28298e9b088159bc9fb66749ff393199') in 0.000107333 seconds [static dependencies only]. Details - ImportResultOutputID=bb1737775bf62e9c9cb13d43ddd5f93e DependenciesID=2fa82cbe3ebcd4f98775f639df2679b3 StaticDependenciesID=e1100e4857629759e72ada7e2a0a9b9d 
Start importing Packages/com.unity.test-framework/UnityEngine.TestRunner/TestRunner/Callbacks using Guid(61e236e8570a95e4eb754fb291e102e0) (DefaultImporter) -> (Import Result ID: 'd1f683e745bf127fc174c4a1a9ac533c') in 0.000108209 seconds [static dependencies only]. Details - ImportResultOutputID=c524d6bba9fcf797c8ca0922b152660c DependenciesID=5657466fdd526d006083040faf874f0e StaticDependenciesID=59ecb1c2574bd2bdd4de8f36b3e778e2 
Start importing Packages/com.unity.test-framework/UnityEngine.TestRunner/TestRunner/RemoteHelpers using Guid(91c20d2c22b8b3a4cb6c816bd225591a) (DefaultImporter) -> (Import Result ID: '95d33ef777db1d9cc9d87f4f850bf927') in 0.000108291 seconds [static dependencies only]. Details - ImportResultOutputID=28bb78e6e3d98333c524bf219084f97a DependenciesID=01e42a5e6a31d291b4507ba2b4aa6478 StaticDependenciesID=43785b4d6052c8b236555d60dd870350 
Start importing Packages/com.unity.ugui/Tests/Runtime/TMP using Guid(914613548ded44a43a59eb9852503f18) (DefaultImporter) -> (Import Result ID: '92723eb71903fd8fec91faf2bdfd66b1') in 0.000116583 seconds [static dependencies only]. Details - ImportResultOutputID=4131f13a038c16170385cf9410b4b193 DependenciesID=86c5f2bf44fd987e78f1346e6614d56e StaticDependenciesID=1b1017fdb3dd07c4f62938e42c67f1bd 
Start importing Packages/com.unity.inputsystem/InputSystem/Plugins/Users using Guid(b102955bf08484d24b9122abab95b9fc) (DefaultImporter) -> (Import Result ID: '82f4081a95ce99f796aa181cd185d9ad') in 0.000117792 seconds [static dependencies only]. Details - ImportResultOutputID=135fd3cad1e5166572a5f0703c1a3f3c DependenciesID=ba0a2dd67ac1c53c9d5c4dc2d1cf1b65 StaticDependenciesID=e42b3227bfeea10b24f384ce7edda59c 
Start importing Packages/com.unity.test-framework/UnityEngine.TestRunner/Assertions/LogScope using Guid(b1d8465ba1376b148bdab58965101f47) (DefaultImporter) -> (Import Result ID: '0dcaf28de088fd327b02e3e3bbdc1510') in 0.00012725 seconds [static dependencies only]. Details - ImportResultOutputID=769ca523ec9b509ff92e18eb36fa6b09 DependenciesID=73cc158e35feec76628b3a66e5b9eaaf StaticDependenciesID=9d129066d20c4e563e1257f756caa0fb 
Start importing Packages/com.unity.visualscripting/Runtime/VisualScripting.Core/Unity using Guid(c17487bc339af4d2ab146ee35981cfa8) (DefaultImporter) -> (Import Result ID: '3c5158ba922a8e433efd4d8bc872d340') in 0.000117167 seconds [static dependencies only]. Details - ImportResultOutputID=d57fb5ae0ae0f70ec6627a8ee8fda844 DependenciesID=57c0902bb88fef1781e277404d666b95 StaticDependenciesID=ae57276ae1ef9b8339be0fbbde161f02 
Start importing Packages/com.unity.inputsystem/InputSystem/Editor/Settings using Guid(c189b798c1d4842fcb189cf619033d39) (DefaultImporter) -> (Import Result ID: 'af1308de33e8f3ed367aca31df4f4044') in 0.000111459 seconds [static dependencies only]. Details - ImportResultOutputID=4ec5902670de940cb619fcd71afeadaf DependenciesID=40f3136636303928c2cb37d10778667a StaticDependenciesID=75569e37f1c24b87028e045e7d62aad7 
Start importing Packages/com.unity.visualscripting/Editor/VisualScripting.State/Transitions using Guid(e17173ebecc44441bb9cd7fdbd472504) (DefaultImporter) -> (Import Result ID: '0803cb7194a77ad76fd2f2c51236a61b') in 0.000113125 seconds [static dependencies only]. Details - ImportResultOutputID=8ce56e808bae54c61c7267acd20f6138 DependenciesID=551810b01e2e8f4789c1ed78b2494099 StaticDependenciesID=ade3e0a48c45f393b9a79fc5837500a4 
Start importing Packages/com.unity.collab-proxy/Editor/Views/Shelves using Guid(e15b3293b975b864e883e5f572bd4ec8) (DefaultImporter) -> (Import Result ID: '74c433506920999cfae3bd780455091a') in 0.000116208 seconds [static dependencies only]. Details - ImportResultOutputID=51fe4aec761d011c207208fe0ac49ef6 DependenciesID=f023a10e48d5631edb1986e267858d58 StaticDependenciesID=efc4d3a58bcd68ebf40b464095d7ef27 
Start importing Packages/com.unity.visualscripting/Editor/VisualScripting.Core/Reflection using Guid(e19fc62cec16f496f9395c76d8f7cc30) (DefaultImporter) -> (Import Result ID: '7d2ece0c5e2c91d5d424f6c342cc5356') in 0.000113541 seconds [static dependencies only]. Details - ImportResultOutputID=abb6cd2bb55b4a08e41000e0b3988f46 DependenciesID=fa801eb845443e13d793b7e69236df50 StaticDependenciesID=2942b3f507fcb8b63d4c53a36b27b0b7 
Start importing Packages/com.unity.visualscripting/Runtime/VisualScripting.Core/Listeners using Guid(022d95ee6add4c17812d8d22f3343630) (DefaultImporter) -> (Import Result ID: 'bd60b24adf3d326128bbf9d06102d9c1') in 0.000111916 seconds [static dependencies only]. Details - ImportResultOutputID=f404235c385cbaa46fdd05cb77f2a99e DependenciesID=45bb41fe7796bc1e58124f742e35b350 StaticDependenciesID=7a76f560e1547af58fd62dc1427eadb4 
Start importing Packages/com.unity.ugui/Runtime/UGUI/Properties using Guid(32e2186f4598cff489784aae586f2215) (DefaultImporter) -> (Import Result ID: '968196015b40dad3bca09bade989f37f') in 0.00012275 seconds [static dependencies only]. Details - ImportResultOutputID=4ecad82563989f6a09e6cbfaf3680f09 DependenciesID=e8b8a1c88f124a80fbc52dc856e67e79 StaticDependenciesID=4dece0947e20887ee94aada317513820 
Start importing Packages/com.unity.visualscripting/Editor/VisualScripting.Flow/Analytics using Guid(628c7c9331b644b4eb1901bca13710be) (DefaultImporter) -> (Import Result ID: 'b9e81ccc59da1c3cc87899c705671dde') in 0.000107583 seconds [static dependencies only]. Details - ImportResultOutputID=32d33974f7da397e25d8c383750efed2 DependenciesID=1d8d0522f23dafe5b944a305df7cef47 StaticDependenciesID=4fd84eee196d67429c06ed4e1f649ec0 
Start importing Packages/com.unity.visualscripting/Runtime/VisualScripting.Core/Machines using Guid(625e60b9871bf41b3baed57546acb4bf) (DefaultImporter) -> (Import Result ID: '0f2d5f5098f777a762b4a5d6fae9f782') in 0.000115083 seconds [static dependencies only]. Details - ImportResultOutputID=f727f5b52146514e953fbc63b18c8a9e DependenciesID=b20384ad7b3b6d006db72c4e789bb328 StaticDependenciesID=36eaa1aba5ce71be76ceeef7d5042624 
Start importing Packages/com.unity.visualscripting/Editor/VisualScripting.Core/Exceptions using Guid(7261815fb7b1c4aeb899c8f9cc18d5d8) (DefaultImporter) -> (Import Result ID: '780fe2dc3aa55845da0f4b970a7e388d') in 0.000113666 seconds [static dependencies only]. Details - ImportResultOutputID=3a9c923576257531aa0ad986d63f99c7 DependenciesID=e3fb530ccc55e14ac180aa8bc400049e StaticDependenciesID=8e911d7652e700310e6985ba7cc40278 
Start importing Packages/com.unity.inputsystem/InputSystem/Editor/PropertyDrawers using Guid(726294051bc6c426e886d72ea4702f21) (DefaultImporter) -> (Import Result ID: '07666848be853d19c9f0f2994c4c95b2') in 0.000113834 seconds [static dependencies only]. Details - ImportResultOutputID=b1cb618c82a05613a7446dfeabbb9744 DependenciesID=0608d69226739e6a7b4bda15bf45fe87 StaticDependenciesID=e9172b10252d8eac24646e7cfbf35ae7 
Start importing Packages/com.unity.visualscripting/Editor/VisualScripting.Flow/Invocations using Guid(82f1ccf44942f4be097eded75ac1e24c) (DefaultImporter) -> (Import Result ID: 'e9156bab4d8dc6175919f8c59d7f82fc') in 0.000107 seconds [static dependencies only]. Details - ImportResultOutputID=76a923e6a91ee0b78c9cc8a5f25f3c1f DependenciesID=b714cc9826a1e21eb66f436c91adb322 StaticDependenciesID=69e1973353591caa5bbdb123ffa1814b 
Start importing Packages/com.unity.visualscripting/Editor/VisualScripting.State/Properties using Guid(827d5236b5139448087199dead970061) (DefaultImporter) -> (Import Result ID: '7d68f3efeddeff137e45d122059e7411') in 0.000103083 seconds [static dependencies only]. Details - ImportResultOutputID=78ac28951766426c24a90d11dee8891c DependenciesID=7676becb64aa52582fe1994ebd91fc08 StaticDependenciesID=b96e814380a82bcf14f83a8828dc8e73 
Start importing Packages/com.unity.visualscripting/Runtime/VisualScripting.State/Units using Guid(9251998f37fa421ea111ee7f61110a15) (DefaultImporter) -> (Import Result ID: '918a366656182fb9c5719e212490e2e8') in 0.000110042 seconds [static dependencies only]. Details - ImportResultOutputID=5ddcc524932c4ea7825ee7b87aae9d8a DependenciesID=be611f81c0205f2f1165ea543b1ea040 StaticDependenciesID=1ef20b7b58d6351f5c1a09abd274eaed 
Start importing Packages/com.unity.test-framework/UnityEditor.TestRunner/GUI/TestAssets using Guid(92e3104769da143888a712cdea27d950) (DefaultImporter) -> (Import Result ID: '64942a399760795ea200461f43a235c1') in 0.000113583 seconds [static dependencies only]. Details - ImportResultOutputID=6d84c2ee9000d92ad3176a6e2a50a5e1 DependenciesID=493b9fd1346fc2447976635b8eb864b5 StaticDependenciesID=35e3c58d62481adada7dfb4564d3dc6a 
Start importing Packages/com.unity.inputsystem/InputSystem/Plugins/Switch using Guid(a27b7d2db78661c429e29911c09f8f4c) (DefaultImporter) -> (Import Result ID: '73a2c6cccc3d4c3170e0238256730c6f') in 0.0001115 seconds [static dependencies only]. Details - ImportResultOutputID=c5f3928a39d8dfe9998a11b0360b3c3f DependenciesID=0a97e13d8112c02ed2d03b0cd6046160 StaticDependenciesID=de5397aaa3bf110b3ce8058986d4e84a 
Start importing Packages/com.unity.inputsystem/InputSystem/Devices/Haptics using Guid(e286fc65ad3d4645b213e71b11e963e4) (DefaultImporter) -> (Import Result ID: '9d67d330f0e0a7e8f0fe1ac215412a98') in 0.000107167 seconds [static dependencies only]. Details - ImportResultOutputID=0bf0613650670685becdff37a5a75ed9 DependenciesID=ce60b209c6020ea1464b262fa4b5c14e StaticDependenciesID=0b63127e2d12f2b1c416f7df3844a3ed 
Start importing Packages/com.unity.visualscripting/Editor/VisualScripting.Core/Description using Guid(e2db3b26ecf3244249a274b5a18328aa) (DefaultImporter) -> (Import Result ID: 'b039623ad66434e1fa03f6131d103198') in 0.000112625 seconds [static dependencies only]. Details - ImportResultOutputID=cc345cbc775048a9a6a28ebc8294bb03 DependenciesID=f88ecdfc6f77f22fe8f8479394a162c2 StaticDependenciesID=e63beb1e71fb52c8db4ea0638cb96a28 
Start importing Packages/com.unity.visualscripting/Editor/VisualScripting.Core/Widgets using Guid(035dcff6677ce4e32a1819046f004e28) (DefaultImporter) -> (Import Result ID: '35f14b5bc3e0f448001db5f86c911013') in 0.000106042 seconds [static dependencies only]. Details - ImportResultOutputID=e005b925fb90bbeabbdf963112827ea5 DependenciesID=07fed3814bf6b7861a1d235938a7d125 StaticDependenciesID=26c3ad89e8e229a4e0b3fb0517f4d348 
Start importing Packages/com.unity.collab-proxy/Editor/UI/Avatar using Guid(43aad6ec3599fb84a89e8fce31748cce) (DefaultImporter) -> (Import Result ID: 'd95e041d5efb6b0754ada95bf16a90c5') in 0.000112 seconds [static dependencies only]. Details - ImportResultOutputID=2fc6fd33bfd84e22dc4f33553037eea3 DependenciesID=e061a8b878e4fd08364b9297de6cd952 StaticDependenciesID=ccde77344bf5160e2b2e5306a68e5678 
Start importing Packages/com.unity.collab-proxy/Editor/Assets/Styles using Guid(5355983268a982c46bd52eb66f19b1b9) (DefaultImporter) -> (Import Result ID: '64639185590bc892fffeb6594faebce6') in 0.000118417 seconds [static dependencies only]. Details - ImportResultOutputID=1b5641316c4f50ec9cc50522bc297dee DependenciesID=e730753390a1773eccc1cdad76d70bdb StaticDependenciesID=dd24a95cd6a1021e5b15ec2f545c5b9d 
Start importing Packages/com.unity.ugui/Tests/Runtime/UGUI using Guid(53caebc5909234b4ebe1fcaf3dc913a5) (DefaultImporter) -> (Import Result ID: '0d701253e095449ece27c548b0b5d304') in 0.000105292 seconds [static dependencies only]. Details - ImportResultOutputID=6aa16b5368b8ac0e114d3229264df18e DependenciesID=51d9e56068e53be9200ea07ddc293ef6 StaticDependenciesID=e03bb7197a460a8489f85476bbf809bd 
Start importing Packages/com.unity.visualscripting/Runtime/VisualScripting.Flow/Framework using Guid(6316762f06a0f4f66aed09829f59eb8c) (DefaultImporter) -> (Import Result ID: '41d086d0222681cf7075ab4f9edcd12f') in 0.000103917 seconds [static dependencies only]. Details - ImportResultOutputID=318802464f00bad3e3d0d704b88a1205 DependenciesID=a3e41dfc4b2f6a3687b1595c4908310a StaticDependenciesID=4d044b7e77020563a269f0bbf31c8ee4 
Start importing Packages/com.unity.visualscripting/Runtime/VisualScripting.Core/Utilities using Guid(7380bdb10911e46088c418ce65f7f297) (DefaultImporter) -> (Import Result ID: '3bf4d0db2f37f1dcf9bf8689b976fb0f') in 0.000102958 seconds [static dependencies only]. Details - ImportResultOutputID=f843ac24c46001a213419dc15b30ccca DependenciesID=0265ad8a7afb63349dec7001ef788982 StaticDependenciesID=a7da97a0fdb7832c77aac060c17e276b 
Start importing Packages/com.unity.inputsystem/InputSystem/Editor/Internal using Guid(8377f8bca2884d3ba3dd053d9b5d06f7) (DefaultImporter) -> (Import Result ID: 'fdf556a0eba343516860c28ae8da14ba') in 0.00010775 seconds [static dependencies only]. Details - ImportResultOutputID=e4642701d60bb3ccf3372fc5cec21b2f DependenciesID=cb0d41d6447c301c61cb2cbf0edd301a StaticDependenciesID=96bc408db0d4333565d41fe558dba2cf 
Start importing Packages/com.unity.visualscripting/Editor/VisualScripting.Core/Plugins using Guid(9397bf768746f40dcac0070d1101cb36) (DefaultImporter) -> (Import Result ID: 'dd18d42452f6b5ea864812e3b8757a28') in 0.000105583 seconds [static dependencies only]. Details - ImportResultOutputID=ec75402fd5dd3712929cd5e6c06ac76c DependenciesID=70f2f0de2b7eaea5bd6deeb27836def7 StaticDependenciesID=c18690132266982e525033138e71e2f8 
Start importing Packages/com.unity.inputsystem/InputSystem/Plugins/Steam using Guid(a3e712d7ab2114ca4960246b0d5e6215) (DefaultImporter) -> (Import Result ID: '4e99bb541cb09208aa5a521881cc7fe3') in 0.000103208 seconds [static dependencies only]. Details - ImportResultOutputID=fde338de620a5a769edb1bfb29386db6 DependenciesID=abe48a0e80b0bc8dc887dc36e086397f StaticDependenciesID=592982ad494acf8b57a459d179b824de 
Start importing Packages/com.unity.collab-proxy/Editor/Gluon/UpdateReport using Guid(a3f9d1ab8dcbb414abb3380d0d8032fc) (DefaultImporter) -> (Import Result ID: '4ad130d6a60c0f3a75c71edc4629548d') in 0.000103125 seconds [static dependencies only]. Details - ImportResultOutputID=882b7a20d125bd329148bfdb5c66af5e DependenciesID=f8c9260c81a7cc12613c6c6f3c515f06 StaticDependenciesID=dd6140c5340649eae69b72d2b523cf72 
Start importing Packages/com.unity.test-framework/UnityEditor.TestRunner/TestLaunchers/Helpers using Guid(a3cb89150b8a4060b89a32725a8e267e) (DefaultImporter) -> (Import Result ID: '3bda8d067121898220d08aae137b3008') in 0.000105 seconds [static dependencies only]. Details - ImportResultOutputID=b68eacd7407205d5d36ce54dd84543ba DependenciesID=18032f5345efdfcc48692e5481ccbdae StaticDependenciesID=94f8be018445c468d0dadcba02b1ae52 
Start importing Packages/com.unity.visualscripting/Editor/VisualScripting.Flow/Properties using Guid(b3e374229d49b431aadc90af8b9a6172) (DefaultImporter) -> (Import Result ID: '0f34c0c04558048d63c1c832087ad7aa') in 0.0001025 seconds [static dependencies only]. Details - ImportResultOutputID=5e75861bbd9938fac1d68cda31a5ab41 DependenciesID=c9d1e33915cb80a8528f1f959e2a7ecf StaticDependenciesID=2ab4c4ce7f823570300e4f27fdbd6f37 
Start importing Packages/com.unity.inputsystem/InputSystem/Devices/Remote using Guid(b3be39d9a3c9496a9a619d6dc185f5f3) (DefaultImporter) -> (Import Result ID: '2ddfb236688b6788f169dc666e6fa6f3') in 0.000102125 seconds [static dependencies only]. Details - ImportResultOutputID=30c37f2b3c32963cbf24a514f53a7edf DependenciesID=2ae3b6749d25a9fcc8581f468bdc6951 StaticDependenciesID=b8d00f31951a81187b8190c3930ae6cf 
Start importing Packages/com.unity.test-framework/UnityEngine.TestRunner/NUnitExtensions/Filters using Guid(c3de99f9efc582a48995bc8e8c2df418) (DefaultImporter) -> (Import Result ID: '0b7d6edec8b6ccc7cd1d6e0dcf26b3c0') in 0.0001065 seconds [static dependencies only]. Details - ImportResultOutputID=bde7ced68a5ee83392204e89ffde41ea DependenciesID=59bbe83c790204f869ca59c2dd8d407c StaticDependenciesID=f52c2f0cf474777ab246f1cfbf1d7ef1 
Start importing Packages/com.unity.visualscripting/Runtime/VisualScripting.Core/Dependencies using Guid(f3750d38b6e2f410894efd787f3a2c4e) (DefaultImporter) -> (Import Result ID: '623700288281d75ab4cd1ca53a2032f1') in 0.000105292 seconds [static dependencies only]. Details - ImportResultOutputID=9aa90d86cd16cf9ceab56b9803afa82b DependenciesID=3248c7e2da41a3adeef9377ac5907595 StaticDependenciesID=269a8118b1c112bb8bfce827e79c7fdf 
Start importing Packages/com.unity.collab-proxy/Editor/_Deprecated/WebApi using Guid(04c87a0216f9bb2468a7ea4efcb91444) (DefaultImporter) -> (Import Result ID: '2f4ed234b29d8998fcab5c5438140ead') in 0.000107167 seconds [static dependencies only]. Details - ImportResultOutputID=6519961cb9b879957d68905f2e7adf28 DependenciesID=2a80e2df2bbe7849129810b4a19d031c StaticDependenciesID=d7faacb017f60b380bde55fb6341d89a 
Start importing Packages/com.unity.visualscripting/Runtime/VisualScripting.Core/SerializedProperties using Guid(44583e23afb864117a0b27750581d61a) (DefaultImporter) -> (Import Result ID: '062a0a52164add9184f91fcf4ab1685e') in 0.000104541 seconds [static dependencies only]. Details - ImportResultOutputID=2437e2068a82a2f16a80600f3feab559 DependenciesID=ca01db7d8e7f307ae0604c551c1c7fac StaticDependenciesID=dad2f4aa8dc80006146f342a618e9dd1 
Start importing Packages/com.unity.collab-proxy/Editor/Views/Welcome using Guid(4419c9c829ee0e9438a5c3ceba3ca88b) (DefaultImporter) -> (Import Result ID: '9bd06870949244e72992ea9b3fad263f') in 0.00011 seconds [static dependencies only]. Details - ImportResultOutputID=a5bb856ad3b3510045be6c3b096ce782 DependenciesID=54d4762e2ba5364ad6bb43c95de1d3ec StaticDependenciesID=f94b8bc7704357c18498b7d0cdcc4d51 
Start importing Packages/com.unity.ugui/Runtime/UGUI/UI using Guid(742654cad2425334696ba6ed4495cfef) (DefaultImporter) -> (Import Result ID: '5ded0a59722f2a2bab9f7764c8c79d63') in 0.000107708 seconds [static dependencies only]. Details - ImportResultOutputID=8ff3d53d67e500e2fae06575293836fd DependenciesID=fb7046d99e6130c4cf72745eff581f15 StaticDependenciesID=026b84597fc8b098bf2920bfa6d71278 
Start importing Packages/com.unity.visualscripting/Editor/VisualScripting.State/Graph using Guid(746d03c4ee4a14b2fa93ddb9d4718f6c) (DefaultImporter) -> (Import Result ID: 'ca1dc7cf26c89ce2d67432ddcc72707f') in 0.000105542 seconds [static dependencies only]. Details - ImportResultOutputID=b1f308c735ff274710d61617d960642b DependenciesID=8101c5dae210607407e6c89df6df357a StaticDependenciesID=2c6bea5657c35d4d3923fffc5a6723b7 
Start importing Packages/com.unity.inputsystem/InputSystem/Devices/Commands using Guid(84ba8e63f115487ca072084bbebf0e55) (DefaultImporter) -> (Import Result ID: 'f9ac58710c11ec30809ce564a531feac') in 0.000101792 seconds [static dependencies only]. Details - ImportResultOutputID=430a52d15a6b97ea5da2e1e22206a3f6 DependenciesID=2622afae2d2b32a7cbcfe796145cf905 StaticDependenciesID=d4cf882a1b565ab0972838ee1714352c 
Start importing Packages/com.unity.visualscripting/Editor/VisualScripting.Flow/Connections using Guid(84fc151c3c97446ff9c9993706319db4) (DefaultImporter) -> (Import Result ID: '2a2b15fb59f47db62f39219b8134b77e') in 0.000108416 seconds [static dependencies only]. Details - ImportResultOutputID=9b2036938db283da16bc0ba785413702 DependenciesID=96596ec3afb27780fa9be8a9b6b1a502 StaticDependenciesID=2e5381359377d022ed859e420212a040 
Start importing Packages/com.unity.inputsystem/InputSystem/Editor/ProjectWideActions using Guid(949d73ae1e0166c469c8706d4d7a21c7) (DefaultImporter) -> (Import Result ID: 'e5b86f234d120a51a839ca802cd878ac') in 0.000106041 seconds [static dependencies only]. Details - ImportResultOutputID=ee47b055e7c62b2643a42f8983962124 DependenciesID=095179828b4196491e4af400fdada759 StaticDependenciesID=562e32aa237f05ff6fa24ac349890f08 
Start importing Packages/com.unity.visualscripting/Editor/VisualScripting.Flow/Ports using Guid(b4ff8197e0b904cda89f0765af03d4b6) (DefaultImporter) -> (Import Result ID: '1a1bea7054013b8168f82c06859d4744') in 0.000106792 seconds [static dependencies only]. Details - ImportResultOutputID=8e1d0a35694217d42faf7dcb78ccea12 DependenciesID=87d3cb91d9188e6c42728b742e70ed89 StaticDependenciesID=e23dfc298f157927f640604b76017a04 
Start importing Packages/com.unity.visualscripting/Editor/VisualScripting.State/Flow using Guid(c49d3c6b3c0954e528e5020c1c49acfa) (DefaultImporter) -> (Import Result ID: 'a9c718dc42a0bb0814c3afe749f460a2') in 0.000104625 seconds [static dependencies only]. Details - ImportResultOutputID=3c2808dd1adfe2577db1261f8fa9e2a8 DependenciesID=031b486cf08a2a46216ed6460fe19d1d StaticDependenciesID=d5959d9b1787f334ea7a7e0c4ec6663d 
Start importing Packages/com.unity.inputsystem/InputSystem/Plugins/WebGL using Guid(d4077c3b095df48b798c97c694ffd684) (DefaultImporter) -> (Import Result ID: '505f1c0cb0f4a1b28850527f972a7f20') in 0.0001045 seconds [static dependencies only]. Details - ImportResultOutputID=cb589c9e419c2811f09dd559edf8bebc DependenciesID=157a2be6f759e528c4a23a1c8797e2b7 StaticDependenciesID=1ef1bce3141c02dd9263ed2176e127cd 
Start importing Packages/com.unity.collab-proxy/Editor/Views/Branch using Guid(15fe89692edc49a4891091bd0e1c6536) (DefaultImporter) -> (Import Result ID: 'e53f019abdc615be6eb3b74b8ec12b8b') in 0.00010525 seconds [static dependencies only]. Details - ImportResultOutputID=d5f296994a84037e9fa20ff6153616d0 DependenciesID=eeee9dda28b413cd5c1c08752bf597bd StaticDependenciesID=5329ade1a15235bc04a6038feb535bc6 
Start importing Packages/com.unity.visualscripting/Editor/VisualScripting.Core/SerializedProperties using Guid(2519400a6db924b22aea200aa1309f53) (DefaultImporter) -> (Import Result ID: '1b1e63e3452f3d4abd1a9ce1f9dd5e6b') in 0.000108625 seconds [static dependencies only]. Details - ImportResultOutputID=03f0063f166d10a6c7136a39e1c3148f DependenciesID=bf7d4f893f340e3111a0ab89f73c608b StaticDependenciesID=d45ef9c29a5247e720cc9c59867bca89 
Start importing Packages/com.unity.test-framework/UnityEngine.TestRunner/TestRunner/Messages using Guid(256a0ca37fa972840bce7fca446e75e7) (DefaultImporter) -> (Import Result ID: '7b2d9eb19a4dcd6ab27be8520f208208') in 0.000105625 seconds [static dependencies only]. Details - ImportResultOutputID=1b5b2f5b7a534e29f8821b45fb609ccb DependenciesID=88a5a13ae1bb59b9845ede4faea81c72 StaticDependenciesID=14e217e02a8e03b795488ca4ac7414a6 
Start importing Packages/com.unity.visualscripting/Runtime/VisualScripting.Core/Input using Guid(35a6e72a9316f4368ac7f6b071ee3b5c) (DefaultImporter) -> (Import Result ID: 'b74710ce53ff37c950dfa338567f1b2a') in 0.000114875 seconds [static dependencies only]. Details - ImportResultOutputID=35ba3d436c17e787d5ea7a8cc1eafc53 DependenciesID=4ff9136864909f46890e36c947472eea StaticDependenciesID=da73f36490d0a17fd5929ecf13949675 
Start importing Packages/com.unity.ide.rider/Rider/Editor/Properties using Guid(354fde95fe0643b09509e5fcee350b33) (DefaultImporter) -> (Import Result ID: '60ad92ab3ad52ea2fe96d57fafc4c8a4') in 0.000111917 seconds [static dependencies only]. Details - ImportResultOutputID=6075a5a375218c990625abd6db5ac95c DependenciesID=b0da63b8bde3b4be318dfdbc041c066f StaticDependenciesID=3c3de4cc9e5d695a328cd65396a08b80 
Start importing Packages/com.unity.visualscripting/Runtime/VisualScripting.Core/Pooling using Guid(55d5918a213bb4ff4938d7043a1f8612) (DefaultImporter) -> (Import Result ID: '36e79a8111c7c8529b4aad65b623a4b4') in 0.000110917 seconds [static dependencies only]. Details - ImportResultOutputID=b3b6d232fced4e69f5dbc69ec60f9528 DependenciesID=9b15163b6e3e8c5bf0b1c5ee11891a34 StaticDependenciesID=e30889e8d01a21f64ff66640785a5f02 
Start importing Packages/com.unity.ugui/Editor/UGUI/UI using Guid(853edc343b78a7c4c81cbb3851d48c0a) (DefaultImporter) -> (Import Result ID: '1fbdc6933ab990fd5ecdc4613cfbb41d') in 0.000105791 seconds [static dependencies only]. Details - ImportResultOutputID=84520dc6aead40cec8a746c9ae2c63a7 DependenciesID=d1364f0f04a4eb2fc050ace70885e4c8 StaticDependenciesID=2e586a8bb2a4c4cf9b2e4bd1c1f41e60 
Start importing Packages/com.unity.ide.rider/Rider/Editor/UnitTesting using Guid(a52391bc44c477f40a547ed4ef3b9560) (DefaultImporter) -> (Import Result ID: '27cea07e7911ba9fc8a501d1255116af') in 0.000107584 seconds [static dependencies only]. Details - ImportResultOutputID=8bffa075393bf4a213adff5500d6c1d6 DependenciesID=2c37f26e8d141378d2de02da6ced3a0a StaticDependenciesID=03eea2c945801d3a9ff15e688fdeed16 
Start importing Packages/com.unity.inputsystem/InputSystem/Editor/AssetEditor using Guid(a5c84a68c16874bd5ba1a9d15a5e5044) (DefaultImporter) -> (Import Result ID: '80bd8f059f384e5fd3b3f1e22e33b2c1') in 0.00010825 seconds [static dependencies only]. Details - ImportResultOutputID=6d1c76f3ac63502aeee1bb2a3da7b78f DependenciesID=a83dd6ad45d571bca3e50e7c9d27654d StaticDependenciesID=1a5b86195d2b6293d10aab6d8a02732f 
Start importing Packages/com.unity.visualscripting/Editor/VisualScripting.Flow/Description using Guid(b5d939ea76bfb4e299827176cffe686c) (DefaultImporter) -> (Import Result ID: 'd65395f583687201d2a0765603f8615b') in 0.000110917 seconds [static dependencies only]. Details - ImportResultOutputID=08e26d1e3bfab85bed88e171f69dadff DependenciesID=a00b778895ebc2bd97790eb0caccba02 StaticDependenciesID=6da7dcd410104abf1767964f55f9cbf0 
Start importing Packages/com.unity.collab-proxy/Editor/Hub/Operations using Guid(b51b4ac3066a00144817d6c4f8c36c71) (DefaultImporter) -> (Import Result ID: '07670ab4ce6c0a37fc0871de999cbc6e') in 0.000119208 seconds [static dependencies only]. Details - ImportResultOutputID=93ee8325146ffaab5998bd2e38345694 DependenciesID=d7d0885736712b76323f126db86c3f56 StaticDependenciesID=e33225b55004499916bd7085d43ae96a 
Start importing Packages/com.unity.test-framework/UnityEditor.TestRunner/GUI/Views using Guid(c5535d742ea2e4941850b421f9c70a1f) (DefaultImporter) -> (Import Result ID: '7cca7e2bf61533aa928abc3b053238e4') in 0.000113458 seconds [static dependencies only]. Details - ImportResultOutputID=2cf960dee8fd3d834afc838bbdec6f83 DependenciesID=d018fe6f0d866e919de2c7374958e0ef StaticDependenciesID=f0448d963a0662d9dbae6bfcdb7f4121 
Start importing Packages/com.unity.visualscripting/Editor/VisualScripting.Core/Inspection using Guid(c524c6c21075047bfbe0b78aeb228cf7) (DefaultImporter) -> (Import Result ID: '38b4cd0fbdd4c9915e096144360e101f') in 0.000113584 seconds [static dependencies only]. Details - ImportResultOutputID=0ded08f94bf07d49adfe298cdac91155 DependenciesID=bd6a5461c2530b9feb55fd969269b9e3 StaticDependenciesID=7c900fde991aede302f66ee2236cef40 
Start importing Packages/com.unity.inputsystem/InputSystem/Plugins/Android using Guid(e5769f689f15dce4a9f92aff27659c54) (DefaultImporter) -> (Import Result ID: 'b017fd939f9364543b70f46984d178e0') in 0.000111 seconds [static dependencies only]. Details - ImportResultOutputID=49dbce1feadc9b77687a8ee3ed1f411e DependenciesID=8ece4d3e320f88e4dafb78f0d2255eae StaticDependenciesID=acf1549001ed2682e7e294b9f36ba94a 
Start importing Packages/com.unity.collab-proxy/Editor/AssetsUtils/Processor using Guid(e5a9787c5ed94504798db0c3330424fe) (DefaultImporter) -> (Import Result ID: '2de43c66d8a8b1fdac14d534bdbc6fcc') in 0.000113583 seconds [static dependencies only]. Details - ImportResultOutputID=040dd5bcf0845abf838657f37c75745f DependenciesID=53d7b29519e5a1316a1e3d8949b57948 StaticDependenciesID=8a4c922fb7f3c6e3823a6bae72f2e02d 
Start importing Packages/com.unity.ugui/Editor/UGUI/EventSystem using Guid(f525580684527b147b70cf94aaa70dbc) (DefaultImporter) -> (Import Result ID: 'd7836f171944f74f2ece943d48bbc584') in 0.000121625 seconds [static dependencies only]. Details - ImportResultOutputID=6f47476b8dbf2396a6f6ca52ca12f774 DependenciesID=18f62315f2a626bf0b20750163310a74 StaticDependenciesID=7c926bd6049aaa228d61dc6f480e8e46 
Start importing Packages/com.unity.collab-proxy/Editor/AssetMenu/Dialogs using Guid(f5d6c6c129fff0140a040d43aedb9547) (DefaultImporter) -> (Import Result ID: '6b12c5ff2b4211155b8efed03cbe0eda') in 0.00011525 seconds [static dependencies only]. Details - ImportResultOutputID=e3ea6d709b33d141c2940b2837456603 DependenciesID=8ba943b834f01b268574b187e93eea8e StaticDependenciesID=67dc5ace859cb1353eaf9590c37a122d 
Start importing Packages/com.unity.visualscripting/Editor/VisualScripting.Core/Variables using Guid(06048b058d37f4b2ebb35cec1ac211e8) (DefaultImporter) -> (Import Result ID: 'e7273b7097cb1de94677e658cee332f6') in 0.000119291 seconds [static dependencies only]. Details - ImportResultOutputID=5c720bd15524bc93b13ff246c640962a DependenciesID=cab8cd41f7b40d107fbd64b9aef785b5 StaticDependenciesID=dbf33f67c7b8e9be1eee8d08c5c22bd0 
Start importing Packages/com.unity.visualscripting/Editor/VisualScripting.State/States using Guid(2679e29c22cab4c519e514fdd6cde9c3) (DefaultImporter) -> (Import Result ID: 'e3c38cedf6c16a80d1459fa63c2b6841') in 0.00010925 seconds [static dependencies only]. Details - ImportResultOutputID=2a6e622b18d7476639a8c1afc754f281 DependenciesID=58c1097eed63a8defd8ad406d842645f StaticDependenciesID=429fb0e850868a9cdf191282054b39f9 
Start importing Packages/com.unity.visualscripting/Editor/VisualScripting.Flow/Framework using Guid(263ad70d08f1443a98e957c081b172a5) (DefaultImporter) -> (Import Result ID: '7f65b4b8597cc6c9f5ac136a5956799d') in 0.000110333 seconds [static dependencies only]. Details - ImportResultOutputID=3c58090cc64cae778c0220a9f6d410b3 DependenciesID=57d7db5b4801a87146a142f7165c2158 StaticDependenciesID=b9b9a0ac3e87c0ec6806354f65941ac9 
Start importing Packages/com.unity.test-framework/UnityEditor.TestRunner/UnityTestProtocol/Data using Guid(3610673068254436ac90019f46e09f01) (DefaultImporter) -> (Import Result ID: '0802c96c75b54fb1d5b1b75062de4e6a') in 0.000108791 seconds [static dependencies only]. Details - ImportResultOutputID=ebc3f86c9be3f5327b5eae9b9841894c DependenciesID=c1e9fda383083938a34b35996c4f40c5 StaticDependenciesID=5b5fe782483721427938c7457d36b349 
Start importing Packages/com.unity.inputsystem/InputSystem/Editor/Debugger using Guid(461c380dccba54a569c07d9810dd3b32) (DefaultImporter) -> (Import Result ID: '1516780845c36d1077426158021e3609') in 0.000108709 seconds [static dependencies only]. Details - ImportResultOutputID=4d4aa693969cea55ee9fe2dc9f375d6c DependenciesID=cf40825c015d086787f89719efa472e7 StaticDependenciesID=9a7656809c3e39e78a1687d7403b667f 
Start importing Packages/com.unity.inputsystem/InputSystem/Devices/Precompiled using Guid(6600059bab4cd4a4ab586e5bb07df47b) (DefaultImporter) -> (Import Result ID: '2678a9d66e8fcf2705b7ca7d3a2e13ab') in 0.000104583 seconds [static dependencies only]. Details - ImportResultOutputID=8d2b156261d72c2d3e86dce3fe69c90f DependenciesID=f0e2f1448516138f6c09c171c00612e6 StaticDependenciesID=f0b363cc9e9c4bdaf13a090bb4fe7837 
Start importing Packages/com.unity.visualscripting/Editor/VisualScripting.Core/Assignment using Guid(662cc5e740e0841e1bb91853ab803f33) (DefaultImporter) -> (Import Result ID: '234d4e56fa01bf55b8d73221dad1440f') in 0.000109583 seconds [static dependencies only]. Details - ImportResultOutputID=073a7a32b362d2215a74ee8a531163a5 DependenciesID=2f21601203bda7c142c08584480e9b68 StaticDependenciesID=1063e4763d23529cc05c2d4cf4ad2edb 
Start importing Packages/com.unity.visualscripting/Runtime/VisualScripting.Core/Macros using Guid(66acd7dd06f644734a144e80d51af491) (DefaultImporter) -> (Import Result ID: 'a4424a8095c9b6063261e2cde0117361') in 0.000105417 seconds [static dependencies only]. Details - ImportResultOutputID=b3afec43f7d0ded711c6a16ea47c0ab4 DependenciesID=07ed31c924d8e0f4888ae694a8d030ac StaticDependenciesID=0228f282839615ea63416881add09029 
Start importing Packages/com.unity.visualscripting/Editor/VisualScripting.Core/IconMap using Guid(66eee8989938a409d8efe5da3ceffe37) (DefaultImporter) -> (Import Result ID: 'b786a027d2f6613a771131eaff059ed9') in 0.00010625 seconds [static dependencies only]. Details - ImportResultOutputID=8dc1e07f0c5e7720056ec27a99b3b834 DependenciesID=66fc4e576ec28d9756f3f2e406bc88be StaticDependenciesID=40ca6837ef5b684e35ebfedd2af05421 
Start importing Packages/com.unity.visualscripting/Editor/VisualScripting.Core/Windows using Guid(76d8bce97cbf24024938e4b5c559e826) (DefaultImporter) -> (Import Result ID: '65be6f7b05d8d26b1f03880047c8d638') in 0.000108917 seconds [static dependencies only]. Details - ImportResultOutputID=19aa526b2ff01f1c291c7802db2c0b1c DependenciesID=6442c33a7bfc7bbadcfc104120c81835 StaticDependenciesID=d259c107a3297d25f8fc8d85590b9003 
Start importing Packages/com.unity.visualscripting/Editor/VisualScripting.Core/Debugging using Guid(86a49d8e5054c4feabbfe4a69b32683b) (DefaultImporter) -> (Import Result ID: '1175660f544e106924e41ca7f2deb3e3') in 0.000108041 seconds [static dependencies only]. Details - ImportResultOutputID=124f7f0dd96663abfd563ad83faeda6c DependenciesID=9895725588616a65d8dd2207926ffdd6 StaticDependenciesID=440cc2f1e26eb06f836ec7ef7fe81e36 
Start importing Packages/com.unity.collab-proxy/Editor/Assets/Images using Guid(8697b23ed1b3db0448e2580433ae07d7) (DefaultImporter) -> (Import Result ID: 'e0d0fda5162e2b47b32382689c5bd4bc') in 0.0001055 seconds [static dependencies only]. Details - ImportResultOutputID=f9429c97693d4ea638d37b1a6858ee62 DependenciesID=3373b268ef6d54b92f8b3924f9c864d9 StaticDependenciesID=97635ee3ecad77969bbe31526a65d9d0 
Start importing Packages/com.unity.inputsystem/InputSystem/Plugins/InputForUI using Guid(96500a17645c67442a0ccdca007e6d28) (DefaultImporter) -> (Import Result ID: 'b0375b8b745de1d620760a09c1f724f9') in 0.000111375 seconds [static dependencies only]. Details - ImportResultOutputID=3d35bd7a488052de1679d55793390b23 DependenciesID=db22f4608f01cfc377b57ad549a7eb20 StaticDependenciesID=5caa7ea44879b4df101128974f7c5c6e 
Start importing Packages/com.unity.test-framework/UnityEditor.TestRunner/NUnitExtension/Attributes using Guid(96c503bf059df984c86eecf572370347) (DefaultImporter) -> (Import Result ID: '6d99fc4df9545b77195e1c73e3af6d92') in 0.000117375 seconds [static dependencies only]. Details - ImportResultOutputID=e517aaf95195350c9e671adf46e5430b DependenciesID=ca2f8a2f1908cab05c2a7db67ccf294b StaticDependenciesID=913f4f8d1c3ad4eef0171fed069e6d75 
Start importing Packages/com.unity.collab-proxy/Editor/UI/Tree using Guid(b642e1c7eeddd064c9520df476000c0c) (DefaultImporter) -> (Import Result ID: 'bf6edbbd80fd50c762bc9249e6950f77') in 0.000104125 seconds [static dependencies only]. Details - ImportResultOutputID=5a094c0b851701e1564fc0a66f5634b9 DependenciesID=060497fe4b49a48aa0a0cb6d7a18aac8 StaticDependenciesID=96cbbfd85e0f0cf65a5eb2435d626475 
Start importing Packages/com.unity.visualscripting/Runtime/VisualScripting.Core/Platforms using Guid(07a287f6c1b2d4c618585f40abbf66d6) (DefaultImporter) -> (Import Result ID: 'dc69eb3801decd11c9506a07a7476b3a') in 0.000112125 seconds [static dependencies only]. Details - ImportResultOutputID=7d97f99d7f1c859f755d3c16945df191 DependenciesID=bf9ba76dce886ae9c20452c6c026c2d1 StaticDependenciesID=fea0b91fec152dd9cc40029060f9ff0b 
Start importing Packages/com.unity.test-framework/UnityEditor.TestRunner/GUI/TestListBuilder using Guid(07ea0326ed848fb4489187cb58f96113) (DefaultImporter) -> (Import Result ID: '6b3429a0d0aa267ace6d18b9ec892a0c') in 0.00010575 seconds [static dependencies only]. Details - ImportResultOutputID=cd6ba34570588566fe1c862c570dec47 DependenciesID=7e44c61f6e925ddc4d9febd2d96ed20e StaticDependenciesID=a427c7b46b182e79a03f3d5cdfce816b 
Start importing Packages/com.unity.collab-proxy/Editor/Views/CreateWorkspace using Guid(173564ff53b74604b8e070b51861b3f9) (DefaultImporter) -> (Import Result ID: 'e93d0ca022fef642fb2b853e8b0c6405') in 0.000105792 seconds [static dependencies only]. Details - ImportResultOutputID=ecb3f21a269807ac1d21ea2e29e6d616 DependenciesID=8eb597122efd5de9d320d8b34c16f56c StaticDependenciesID=f84e2a87c8f1357495ac11103b615f6e 
Start importing Packages/com.unity.collab-proxy/Editor/Views/Diff using Guid(37b5532626676e045a3b172c915e5d79) (DefaultImporter) -> (Import Result ID: '84763918c5190766fa4c762e15070caf') in 0.0001045 seconds [static dependencies only]. Details - ImportResultOutputID=428f095232f53ad17471f4299c661ccc DependenciesID=09bbbdb931a42c9eec6ade363fcb6e42 StaticDependenciesID=50eb4f1835701fd01a89636e0c0ccd90 
Start importing Packages/com.unity.test-framework/UnityEngine.TestRunner/NUnitExtensions/Runner using Guid(37888acc09d9ee848bf9559f06645c45) (DefaultImporter) -> (Import Result ID: '9b018d7eaed7f788b0bd36ce2e9d5798') in 0.000105917 seconds [static dependencies only]. Details - ImportResultOutputID=2ad5d97bd4c9d21b45a0ac76d76651d5 DependenciesID=ce92221e77cd289263d50ec7fdb7b3dd StaticDependenciesID=de5f7d9b89a6cebd7a3a4a4f6e249902 
Start importing Packages/com.unity.visualscripting/Editor/VisualScripting.Core/Products using Guid(377fce46fd3b94b41962db114d5b4629) (DefaultImporter) -> (Import Result ID: '86c03cba8865b069be2c0791235856f5') in 0.000104166 seconds [static dependencies only]. Details - ImportResultOutputID=4d7bcbdccdd8077303a599d0f3ecdf07 DependenciesID=c0348308413cfe473e2baa87b182f5f4 StaticDependenciesID=3b9898c3854a6e4cfed41c78fe5edd30 
Start importing Packages/com.unity.visualscripting/Runtime/VisualScripting.Core/Groups using Guid(477c09d1809e944c8ba6693595829c07) (DefaultImporter) -> (Import Result ID: '7321f792cf132519a4523108d28c5684') in 0.000103042 seconds [static dependencies only]. Details - ImportResultOutputID=743e13cbb9eb018042e973cc8bd937ec DependenciesID=85b34c2ca1442e5279e2af2c9c04d523 StaticDependenciesID=bf1dea199bbb5414d9d33ea68e6359c9 
Start importing Packages/com.unity.inputsystem/InputSystem/Plugins/XInput using Guid(674bcb49f4019404bb8bfd43a597785a) (DefaultImporter) -> (Import Result ID: '31017a0aefca19591a599f5d330f3c7d') in 0.000106292 seconds [static dependencies only]. Details - ImportResultOutputID=ac67252a0b55b206e318210f2a85f02e DependenciesID=73220ffe3edb0f40fdf21489efcb3f29 StaticDependenciesID=c2c1dec21eb744d4f2bc1ec88dcb04a1 
Start importing Packages/com.unity.ugui/Editor/Analytics/IAnalytic using Guid(77417b0f4cf6d334f916c64448d24133) (DefaultImporter) -> (Import Result ID: '3a13588f5a6c43552baf12f324539a6a') in 0.000108417 seconds [static dependencies only]. Details - ImportResultOutputID=5f08b126a5ef5799ef9cf785a0c2fc33 DependenciesID=faed22b25a4557660bfc001badf8b7a3 StaticDependenciesID=04227c1bbecf84d26ab85e3d338047eb 
Start importing Packages/com.unity.inputsystem/InputSystem/Plugins/HID using Guid(a71161af1440e4b1fbbefefb3aaffce0) (DefaultImporter) -> (Import Result ID: '382c7d8e1ecc606ec084cda7235c3872') in 0.000103083 seconds [static dependencies only]. Details - ImportResultOutputID=52828f91d4958e393b64f827e80b8c11 DependenciesID=84e0a29913b405e2919e5a8be23a9986 StaticDependenciesID=ccef8bbaa807b71fc81a8ba8000ede89 
Start importing Packages/com.unity.visualscripting/Runtime/VisualScripting.Core/Serialization using Guid(b7590cb8337054b58a375550a47da0a4) (DefaultImporter) -> (Import Result ID: '52b2e171a9ecd550d1b1579eb311485d') in 0.000104791 seconds [static dependencies only]. Details - ImportResultOutputID=910bb6dba0435f906aa1ddf97b0c28d9 DependenciesID=8cbab86ad4b6f083a061d706ade622ed StaticDependenciesID=bffec77b14ee365543bcec03cc94bee7 
Start importing Packages/com.unity.visualscripting/Editor/VisualScripting.Core/Product using Guid(c7305cb49b358401f9eda1d1c3bf5a2b) (DefaultImporter) -> (Import Result ID: 'e5f915e92a818b1c5b3b9f3c6cf6797b') in 0.00010375 seconds [static dependencies only]. Details - ImportResultOutputID=278d0f977435cef2bd348264f7cf9432 DependenciesID=a717ab93d5f3e78c3ebb6eef574a9ce4 StaticDependenciesID=1ed7dfcfc7e4367c43ed625dfe5c5f76 
Start importing Packages/com.unity.inputsystem/InputSystem/Editor/Analytics using Guid(d7fcb545eb7743c8bd27f341b51151dc) (DefaultImporter) -> (Import Result ID: 'd816454397f4279cfad968ce6e52fc55') in 0.000103083 seconds [static dependencies only]. Details - ImportResultOutputID=2335c86de019a9e0ccd4886702663b24 DependenciesID=3026f9d088a9ab0b234840ba02a27b20 StaticDependenciesID=878a8abd285e509a5522be536a015bf5 
Start importing Packages/com.unity.visualscripting/Runtime/VisualScripting.State/Framework using Guid(e7f4f3642c70f4650b86c2d023e47c3b) (DefaultImporter) -> (Import Result ID: '4983e18928868e206c675de8e70a7725') in 0.000104083 seconds [static dependencies only]. Details - ImportResultOutputID=b9a940c6124307471b3483716f522a30 DependenciesID=95c85d6815e2d338a874d48d88074099 StaticDependenciesID=e619597f8d41f5857b7260ff5847f9d6 
Start importing Packages/com.unity.visualscripting/Editor/VisualScripting.Core/Serialization using Guid(f7986e1ec3964280a81d0cdc0c04017b) (DefaultImporter) -> (Import Result ID: 'd6bc8b294a904108f43b193950028a63') in 0.000104708 seconds [static dependencies only]. Details - ImportResultOutputID=da8d0b052cadb508b8d1478f46c7b829 DependenciesID=a1e79788a4111010b583ef8bfee7a03e StaticDependenciesID=2c4bd0f189ce6d78a145f2a0336f2078 
Start importing Packages/com.unity.test-framework/UnityEditor.TestRunner/GUI/TestListTreeView using Guid(68cb547af0187634aad591a09c01cd5b) (DefaultImporter) -> (Import Result ID: '1b8bcce10db4461ade98eb196d6b2f20') in 0.000104375 seconds [static dependencies only]. Details - ImportResultOutputID=3abc495bd3da53caf02aabe19fa84354 DependenciesID=d9f1a3065e7dcb56454abe27d5e5c21c StaticDependenciesID=4bc02402ca86efe5b9bf7b6ba58ff87f 
Start importing Packages/com.unity.visualscripting/Editor/VisualScripting.Core/Documentation using Guid(78d00aaedcb2549ada767435eb89c80f) (DefaultImporter) -> (Import Result ID: '6cdf85759d061c08831d442504726be4') in 0.000104792 seconds [static dependencies only]. Details - ImportResultOutputID=89699229ab26d01409569800cbb141b5 DependenciesID=0768b2fb80eb966b1333c0388ebc77a5 StaticDependenciesID=89ba5a720943698a9669decc2891feca 
Start importing Packages/com.unity.visualscripting/Editor/VisualScripting.Core/Meta using Guid(780f505ad2cd745a0a8cacf6a6eaa78e) (DefaultImporter) -> (Import Result ID: '62aaf0e6d8229688ea5cc9baff0fa239') in 0.000105958 seconds [static dependencies only]. Details - ImportResultOutputID=ea309400c11c83ec12019aaf620bf5ca DependenciesID=c6df779cdff06049985232b7ddddc128 StaticDependenciesID=8b852455de03d7801e8f24b2bbb84f04 
Start importing Packages/com.unity.visualscripting/Editor/VisualScripting.Core/Descriptors using Guid(78cf5b8e2fa234051a5184242e613a26) (DefaultImporter) -> (Import Result ID: '747c2186275e47a1760d0caac01193f8') in 0.000101959 seconds [static dependencies only]. Details - ImportResultOutputID=b40f74f9d5c6e49ce01dae4843729922 DependenciesID=1dd50296f3fd3eb5553498fccf0dd7ca StaticDependenciesID=6e91eb13cc85046c96b75948e0e3b855 
Start importing Packages/com.unity.collab-proxy/Editor/Views/Changesets using Guid(a83160f252281df4ebb018688dad5f08) (DefaultImporter) -> (Import Result ID: '93ed67429c71690c17f7e74f499873cd') in 0.000105792 seconds [static dependencies only]. Details - ImportResultOutputID=0940acc3d8c71f9cf1d1165dacf29dd5 DependenciesID=023155a203531c4a7fa496c3c0850077 StaticDependenciesID=f71ea476b579560d0407d88dad4d8645 
Start importing Packages/com.unity.visualscripting/Runtime/VisualScripting.State/Properties using Guid(a8356fd10cc2a4a52bb860a13dd47a52) (DefaultImporter) -> (Import Result ID: '9ab0eededc4cd942beecfa9b6c248b04') in 0.00010375 seconds [static dependencies only]. Details - ImportResultOutputID=c446fcd7eeab1002ec3a6ae4bc5693cc DependenciesID=8f27201715d770e05684b4c966fe6ef7 StaticDependenciesID=4f8c0e089f117d09396c9a7877fa11a3 
Start importing Packages/com.unity.visualscripting/Editor/VisualScripting.Core/Decorators using Guid(a89a9b0a7ae9f42b6b547190ba8cd0cf) (DefaultImporter) -> (Import Result ID: 'a1a18882f3162dcbe10c08a852f55e63') in 0.000104042 seconds [static dependencies only]. Details - ImportResultOutputID=84d6c5f01b0876da6f792ca2d36af85f DependenciesID=a86d9a49674eda0b7ecd918c4b11837f StaticDependenciesID=e04e25ef38cf82c1f3c5196dc12ffde2 
Start importing Packages/com.unity.visualscripting/Editor/VisualScripting.Flow/Options using Guid(d8a0b4bfb0e5846738fef75f164079a6) (DefaultImporter) -> (Import Result ID: '23b6d4eb11d9a76a438cebe6b2705b7f') in 0.000105625 seconds [static dependencies only]. Details - ImportResultOutputID=8fb2460c53bc167d700814af54e210bf DependenciesID=743233271722e96da50c122bb77605bc StaticDependenciesID=edf479f5a87f0aacf515033b326420d1 
Start importing Packages/com.unity.visualscripting/Editor/VisualScripting.Core/Utilities using Guid(e884f28c0a6994a81a9ed31ab1163144) (DefaultImporter) -> (Import Result ID: '8b92567fb52bc4388ee9774ede97f6f3') in 0.000107334 seconds [static dependencies only]. Details - ImportResultOutputID=c3eaaee9b6dc3194d3a2c953097480ff DependenciesID=ec89737f92f1f3296c6ec51328e845e8 StaticDependenciesID=68fbf3da0cf63db0bbafb6092b851eb8 
Start importing Packages/com.unity.test-framework/UnityEditor.TestRunner/GUI/Controls using Guid(e88eef57957d4440c8a7ff2ef9dd3d97) (DefaultImporter) -> (Import Result ID: '265b89425a25d87873620e8bd3f2bef2') in 0.000109833 seconds [static dependencies only]. Details - ImportResultOutputID=fb9a28a627d7ab2156f049160d76f87e DependenciesID=59370fe7084e82df07a1e4930165697f StaticDependenciesID=f4359ab8293e796810d43406ee07bc69 
Start importing Packages/com.unity.inputsystem/InputSystem/Plugins/XR using Guid(097288e93d94f44438e9ef4dc93f7346) (DefaultImporter) -> (Import Result ID: '2e3d8de89a8e95f6a674b7de4b0e4b13') in 0.000102708 seconds [static dependencies only]. Details - ImportResultOutputID=edc912fc2e0996e98817153dde84e38a DependenciesID=c9150afe8c3e77aa879d3d3ec1809b85 StaticDependenciesID=e27db3798492865effc4b6684e305e55 
Start importing Packages/com.unity.visualscripting/Editor/VisualScripting.State/Analytics using Guid(090e4bacbeacf4be78a0641c489864bf) (DefaultImporter) -> (Import Result ID: '698921ce1620c2683d8ee14cba9c82c0') in 0.000105417 seconds [static dependencies only]. Details - ImportResultOutputID=5e900caae4af677948105883b2dd61e0 DependenciesID=f8e63160ec4ff68585aac61c6321a290 StaticDependenciesID=c196a92648f40b7cf0c35d4347d674ba 
Start importing Packages/com.unity.test-framework/UnityEditor.TestRunner/TestRun/Data using Guid(4926c06156894939ba0a2680f1b0aa7a) (DefaultImporter) -> (Import Result ID: 'be6efd94b10b0967be08a95ff339093e') in 0.000104917 seconds [static dependencies only]. Details - ImportResultOutputID=0cf452b93a66d7c41c8831adefb6b595 DependenciesID=6f827ba5f26a33acb1042e8f29ce8ea7 StaticDependenciesID=5f4c2075175d8d5208dcb728615776d3 
Start importing Packages/com.unity.inputsystem/InputSystem/Plugins/UI using Guid(69dd334ee54c747c38b3317d02c3967a) (DefaultImporter) -> (Import Result ID: '7ccc1121b3edae73eaff8cf4cc06d270') in 0.000105958 seconds [static dependencies only]. Details - ImportResultOutputID=5d616fae52d34839bede1cccbd5b2581 DependenciesID=cd85b872924c41ed2db0f904b9736dfe StaticDependenciesID=ffa96f2fa9e5e6e84b67abe9b183e893 
Start importing Packages/com.unity.visualscripting/Runtime/VisualScripting.Core/Cloning using Guid(89f0fbd77bac24f9dad0f8c81e7822c5) (DefaultImporter) -> (Import Result ID: 'a3dd68242b7dbfae44d989ff3c3f0563') in 0.000104791 seconds [static dependencies only]. Details - ImportResultOutputID=656708688a8a0e0d8b9ed5d84ee2b67e DependenciesID=773c2ff9c2398c1e8dcc105eb264ccae StaticDependenciesID=10672fec61db9a75e306c545bf9ddda6 
Start importing Packages/com.unity.test-framework/UnityEditor.TestRunner/Api/Analytics using Guid(891bb6b9f5094c36b59c3788e21c8213) (DefaultImporter) -> (Import Result ID: '22a064d4dcf0f8f0c0188c734e1c71ff') in 0.000105667 seconds [static dependencies only]. Details - ImportResultOutputID=905b8288aa16c0bde84b50c2ec2b76a7 DependenciesID=bee69b18acddf765164bc62eded62a0e StaticDependenciesID=97f1ed5f6bd51bac90bf388657f13913 
Start importing Packages/com.unity.inputsystem/InputSystem/Actions/Interactions using Guid(b90e4423894dce34f83bb15a3ba411ba) (DefaultImporter) -> (Import Result ID: '32320bad16d7c57a2d68cad7ea1ddede') in 0.000104542 seconds [static dependencies only]. Details - ImportResultOutputID=125e73de628fadc7032c162dba548cd6 DependenciesID=69492fbdc81b80adfa7524feae650e94 StaticDependenciesID=52ba0c8a678acdeb7792a656f6a43f18 
Start importing Packages/com.unity.test-framework/UnityEditor.TestRunner/TestRunner/Messages using Guid(d9682e749d3efc642af54d789d9090a6) (DefaultImporter) -> (Import Result ID: '379e4a5f6521a594ebf5d45fcb411c65') in 0.000106041 seconds [static dependencies only]. Details - ImportResultOutputID=494e33da9b89b504b6e141b413b3523b DependenciesID=6355c56d4c1dbf055e31096b603c24d6 StaticDependenciesID=015b5bad629e89807a2d5aa8c2061e4d 
Start importing Packages/com.unity.visualscripting/Editor/VisualScripting.Core/Context using Guid(d95a4548a35ec4b78ad08d0210b776ec) (DefaultImporter) -> (Import Result ID: '09672ec07339dac1d424622b7309b050') in 0.000106 seconds [static dependencies only]. Details - ImportResultOutputID=ddde29a2678eaa97146a9ec64d1149ca DependenciesID=95288c8d3cf97d796050c1833c56e6d7 StaticDependenciesID=3a48700d95abc8a373a544a64179667b 
Start importing Packages/com.unity.visualscripting/Runtime/VisualScripting.Core/Properties using Guid(d9cbf5a87cf7248719001a42c12f5c92) (DefaultImporter) -> (Import Result ID: 'd9c90cd0d3a4599645281b416db8124f') in 0.000106291 seconds [static dependencies only]. Details - ImportResultOutputID=41f5e3015cf0a04ebb51a466e80c474f DependenciesID=15109f4a650f7efaacdff85a3a0442c2 StaticDependenciesID=71b56a9a2137e99098088b6ce4766f08 
Start importing Packages/com.unity.collab-proxy/Editor/Configuration/TeamEdition using Guid(e9d092d8c9e8ffe48882f0c22e0e880d) (DefaultImporter) -> (Import Result ID: 'd8ee5602b1cb8c052f6e0aa2c6070caa') in 0.000112833 seconds [static dependencies only]. Details - ImportResultOutputID=c49b752d29496dbb2d1c388ad85fc39f DependenciesID=90dbfa669c09a998e8665a471ef4d692 StaticDependenciesID=669c2d177ba5e19e10157ad3d2e2cf63 
Start importing Packages/com.unity.visualscripting/Editor/VisualScripting.Flow/Units using Guid(f91f7e82c056840faa625a8ca12d106f) (DefaultImporter) -> (Import Result ID: '4abd25d850a606c067175e22207869c2') in 0.000116458 seconds [static dependencies only]. Details - ImportResultOutputID=d968030a3fc622609b5b07382ea03ef5 DependenciesID=a5f3c0501f11cbf0db92ca4b2493845c StaticDependenciesID=e695a8f9125fd60908581ab701594496 
Start importing Packages/com.unity.visualscripting/Editor/VisualScripting.Core/Platforms using Guid(1af1a889025ee46828ecc1aee380e197) (DefaultImporter) -> (Import Result ID: '06db6cb870d2b322e4bc8495c3a3d660') in 0.000113125 seconds [static dependencies only]. Details - ImportResultOutputID=ad3252c2f65081398286c382b31ac93b DependenciesID=66f8bc1f842756077f6d273aadce1cb2 StaticDependenciesID=a386ddad149c9597d22f062c339e357a 
Start importing Packages/com.unity.visualscripting/Runtime/VisualScripting.Core/EditorBinding using Guid(1a7b8e58e4e8f4db380c43b8f05eb2f9) (DefaultImporter) -> (Import Result ID: 'af4ad25937b4e9367c463196fecb6730') in 0.000114334 seconds [static dependencies only]. Details - ImportResultOutputID=d943d52dbc9f3667cdfd432569f07b60 DependenciesID=e79db781096544d67a1b24cb98bd5d8d StaticDependenciesID=6ad13d7c346530303877089d2aff790a 
Start importing Packages/com.unity.collab-proxy/Editor/Views/History using Guid(3ac7d3b2f88744a4c89cb263306add7d) (DefaultImporter) -> (Import Result ID: '41a7ae4fcc2eba92f702e0afcb1a2aaa') in 0.000106625 seconds [static dependencies only]. Details - ImportResultOutputID=7ea3dd10c94f9fb348a20898a08641b5 DependenciesID=8c70e1582f2db6b21ace9732646ec7db StaticDependenciesID=a8af37b216fdc56a0542535e4cd69aa0 
Start importing Packages/com.unity.collab-proxy/Editor/AssetOverlays/Cache using Guid(6a94a55dca335c547ac65bd4b85d2a55) (DefaultImporter) -> (Import Result ID: 'de637e6a71a1cd7b456e4c82a2d6bdec') in 0.000113625 seconds [static dependencies only]. Details - ImportResultOutputID=77b5fc88f0ee4cdfb8bfae72bab9e8f4 DependenciesID=1d744fd9d92b98fc2676fde2294ad289 StaticDependenciesID=ac8a6adc64c19d8c6682fad80cc04039 
Start importing Packages/com.unity.inputsystem/InputSystem/Actions/Composites using Guid(6adbf65a53ff9b04990c2116b3e4d5b7) (DefaultImporter) -> (Import Result ID: '0a2a94d09179fc6271d380f54f1cd19f') in 0.0001285 seconds [static dependencies only]. Details - ImportResultOutputID=27affd11e6100f6f1a14eb5c0de85fc9 DependenciesID=c9297e4b6a8ccd0d9762c8bda3b5d2f7 StaticDependenciesID=18d96158da87b1b982a6acfcc6d63894 
Start importing Packages/com.unity.visualscripting/Runtime/VisualScripting.Core/StickyNote using Guid(7a1d84ad5ed44fa18feb8a550ea61879) (DefaultImporter) -> (Import Result ID: '830b59db4ed29c05beb86c62b3e63d76') in 0.000118833 seconds [static dependencies only]. Details - ImportResultOutputID=826c017e3e409f8840fbb45c239ec79f DependenciesID=910956618f95af8912e926c2da17db60 StaticDependenciesID=d18506d6da70bfbc04e89eb482055be7 
Start importing Packages/com.unity.visualscripting/Runtime/VisualScripting.Core/Graphs using Guid(9abfb8ae46ac648828db54fc974422c4) (DefaultImporter) -> (Import Result ID: '74e83b6a8aabcdfc332f260b98276cb6') in 0.000112334 seconds [static dependencies only]. Details - ImportResultOutputID=ffceca6867da466789d72e9dc2bd8bdb DependenciesID=d4c1b1e6bf2aed70c9becddb2c508ce2 StaticDependenciesID=6029398404b0ad6ca57650d755daa791 
Start importing Packages/com.unity.ide.rider/Rider/Editor/PostProcessors using Guid(aa290bd9a165a0543a4bf85ac73914bc) (DefaultImporter) -> (Import Result ID: 'de2cc0adf66b6aa5a30fa3674aa8ce12') in 0.000129042 seconds [static dependencies only]. Details - ImportResultOutputID=549aa67f72cac42676f9ef87d1186c59 DependenciesID=831312251f1bf17d075abb9da53931b9 StaticDependenciesID=95a9994b902b4b3b113bd75483fc0a1a 
Start importing Packages/com.unity.inputsystem/InputSystem/Plugins/OSX using Guid(ea65eddf43398654fa32b724723c71a4) (DefaultImporter) -> (Import Result ID: '6fa6e97d8f0a661e4c27386e8b7bd941') in 0.000111334 seconds [static dependencies only]. Details - ImportResultOutputID=22999812524486ef0b281decf561b5d9 DependenciesID=ca8881a96709679a9ce4876415458098 StaticDependenciesID=0ef3cb5d70a817e016e2a1250f47470f 
Start importing Packages/com.unity.ugui/Editor/TMP/PropertyDrawers using Guid(ea7c31b5b377c314db28ad3fabbbd38d) (DefaultImporter) -> (Import Result ID: '11b3d827429308f67fd3320242fbc179') in 0.000109125 seconds [static dependencies only]. Details - ImportResultOutputID=7738bd9ec2bcc816f976a61c7f772e16 DependenciesID=52156289a1be5b006609a1956654c1e1 StaticDependenciesID=b0b949c2a409abbf41744604fc5965b6 
Start importing Packages/com.unity.visualscripting/Editor/VisualScripting.Core/Analytics using Guid(fae0344df02e74e0988c577297cc556d) (DefaultImporter) -> (Import Result ID: '7af85317dc89390ede03fb8937aea3b6') in 0.000106542 seconds [static dependencies only]. Details - ImportResultOutputID=84367b8d98f490fccc9d4db0f7ea8c01 DependenciesID=1448c477f31f3b548998efa938daaf0c StaticDependenciesID=6520280abbae5a99f0776d5693cb8e81 
Start importing Packages/com.unity.ugui/Tests/Editor/UGUI using Guid(fae3ac1997e164d1eba5fa5c417cbefd) (DefaultImporter) -> (Import Result ID: 'cbcc510b7b053fce8545e2fbcd5375ec') in 0.000108542 seconds [static dependencies only]. Details - ImportResultOutputID=cb1363e6db3c319736fc17cca82a74af DependenciesID=a94dbe79bffae9ecf2af3536b057d57f StaticDependenciesID=fe01a0b32f8996631250cc71ac03f226 
Start importing Packages/com.unity.visualscripting/Runtime/VisualScripting.Flow/Connections using Guid(fa1a96c0a3f154fbba933b74f7414a76) (DefaultImporter) -> (Import Result ID: '48f98457504f802567d39226d354092e') in 0.000110625 seconds [static dependencies only]. Details - ImportResultOutputID=517e79faf5d3f11a951e7e41e463fe78 DependenciesID=ada8c83bfd0a1ac6b07177c0f9f713aa StaticDependenciesID=4cfcec815b24c524d0ba25779103d5a2 
Start importing Packages/com.unity.collab-proxy/Editor/Configuration/CloudEdition using Guid(0b593e05bcd27824eb229f8c6b20e13b) (DefaultImporter) -> (Import Result ID: 'a2599130018b9f0028a7d02411172d76') in 0.000111041 seconds [static dependencies only]. Details - ImportResultOutputID=5cd0712de1808e9fd043355f34a3a01b DependenciesID=3ec3e5a9d110f57e4d8e1db1bb95ca80 StaticDependenciesID=41b33b51edede4921b9f7f0b6a07ad84 
Start importing Packages/com.unity.visualscripting/Editor/VisualScripting.Flow/Linker using Guid(0b9bc204e63134690a7916ae20e9f2fa) (DefaultImporter) -> (Import Result ID: 'd03af3bd5918e199ceadd07b0d5ea498') in 0.000114041 seconds [static dependencies only]. Details - ImportResultOutputID=074cab317f1843b50c65e482dedfb5dd DependenciesID=77b6a8eeef0ce3e5633c0ecf07edd549 StaticDependenciesID=ab028ec1ac0f0a886a633e12d00308f1 
Start importing Packages/com.unity.visualscripting/Editor/VisualScripting.Core/ResourceProviders using Guid(5b837e1d1a64a47099597077ae47b23b) (DefaultImporter) -> (Import Result ID: 'c427de24b2b031980c927becc0402189') in 0.000106708 seconds [static dependencies only]. Details - ImportResultOutputID=a38d365a215833ba5d04c239318e6d6f DependenciesID=a75ae4fff5edcca02ddc3a77a494fd1e StaticDependenciesID=8441414c3bd097326ffe6ffa6d54493f 
Start importing Packages/com.unity.test-framework/UnityEngine.TestRunner/NUnitExtensions/Commands using Guid(6b72875690e0f7343911e06af3145bd5) (DefaultImporter) -> (Import Result ID: '796538896704bcbe0ab7138ecef825aa') in 0.000110125 seconds [static dependencies only]. Details - ImportResultOutputID=bee2a8d032b4be1b14d679af37744ee2 DependenciesID=1e25f1cff3f286b4a0aca8f1e6c283e1 StaticDependenciesID=39578191c79014c251e7f16b97ffe6f0 
Start importing Packages/com.unity.visualscripting/Runtime/VisualScripting.Core/Collections using Guid(bbe380d5d8ee54393b29ed8756019c95) (DefaultImporter) -> (Import Result ID: '99e99930dfeacc0054be1900f539e823') in 0.000107167 seconds [static dependencies only]. Details - ImportResultOutputID=6f4b3fbd7082ce7b7fa3deba2b530d99 DependenciesID=8a0fee8e5c19c504cdc6008251244087 StaticDependenciesID=7cd44b7e06d1680f64f790fa1e1203b8 
Start importing Packages/com.unity.inputsystem/InputSystem/Editor/UITKAssetEditor using Guid(bb0e7cd0be171ca4ca67132e36b7ccb5) (DefaultImporter) -> (Import Result ID: 'f5438ff7c914798d770703c08e1ceb23') in 0.000111666 seconds [static dependencies only]. Details - ImportResultOutputID=e313d165911ac0c2779376563bc1e742 DependenciesID=d8340ab9ca4d4f20d4343499f4d1d844 StaticDependenciesID=83520abbad9503a437d484c9609c7c27 
Start importing Packages/com.unity.inputsystem/InputSystem/Editor/BuildPipeline using Guid(cb6feb90190641c19dce92f09614edd4) (DefaultImporter) -> (Import Result ID: 'e985d1044638f5735cbdfe4c9ca901e6') in 0.000112125 seconds [static dependencies only]. Details - ImportResultOutputID=6fe9b1c0616bade19fa45896e3213203 DependenciesID=4a9712d3de3d6ae3780611c530b0f679 StaticDependenciesID=faff14886d59898d847587aa2494075e 
Start importing Packages/com.unity.test-framework/UnityEditor.TestRunner/TestLaunchers/PlatformSetup using Guid(ebc4d20cc106cea49b1df1153f0b3b5e) (DefaultImporter) -> (Import Result ID: 'a0d802979b7067789e137ac546941152') in 0.000112916 seconds [static dependencies only]. Details - ImportResultOutputID=d08158b6eede055184bfd4f954898ac2 DependenciesID=9d48552e3005967bea179c8efac8730a StaticDependenciesID=8d453910f3c1c5558f48ab0307b726eb 
Start importing Packages/com.unity.test-framework/UnityEngine.TestRunner/NUnitExtensions/Attributes using Guid(0cb14878543cf3d4f8472b15f7ecf0e3) (DefaultImporter) -> (Import Result ID: '736bb5e087fdd472bd1205d5d3252980') in 0.000105959 seconds [static dependencies only]. Details - ImportResultOutputID=80f22ecc1e354b901ff3ebe8025d655d DependenciesID=88019f8b5788e38abce64430831528ae StaticDependenciesID=fce9fefdb1e25fe2ec5c61c7a81eb005 
Start importing Packages/com.unity.inputsystem/InputSystem/Plugins/Linux using Guid(1c597fa0f94a3d54b9c0e85f56e5f821) (DefaultImporter) -> (Import Result ID: '27632a7656552b9f1dde8ec4136de483') in 0.000102625 seconds [static dependencies only]. Details - ImportResultOutputID=fd37e5a936c34db2afe419c3bd479a27 DependenciesID=03e311b300863dcc46e651fd360aeea9 StaticDependenciesID=14beb549a1c3acf8809a1e8b6532af86 
Start importing Packages/com.unity.inputsystem/InputSystem/Plugins/PlayerInput using Guid(1cccd07fcea7f491793d4e7a5adc17a2) (DefaultImporter) -> (Import Result ID: '8a3e4797f3d8c5c96438b092a8bf3768') in 0.000108625 seconds [static dependencies only]. Details - ImportResultOutputID=4d61b6741f008689d6ea26ff432e5bfa DependenciesID=57b3bd9e22827f6253a6f4d545443cae StaticDependenciesID=ecb388a109861e5327bdb8ad30fffc53 
Start importing Packages/com.unity.collab-proxy/Editor/Views/Locks using Guid(3c4be395f8154c3797fc8aef5645fcac) (DefaultImporter) -> (Import Result ID: 'd4413fd31767c2873a347125a4872091') in 0.000109375 seconds [static dependencies only]. Details - ImportResultOutputID=be34a58284bfde15f2a10a928969c4b0 DependenciesID=5ce14a2580bab6e9cf02a82f786547da StaticDependenciesID=39e5e3ffb2f78ea286f94013aa69abb5 
Start importing Packages/com.unity.visualscripting/Editor/VisualScripting.Core/Threading using Guid(7cea125ea0f314b51a730976d9464df0) (DefaultImporter) -> (Import Result ID: '2761edbef123890fcf9c1cb0e40668b7') in 0.000105042 seconds [static dependencies only]. Details - ImportResultOutputID=ce2df4de6d9854c759d778881a70e847 DependenciesID=8aa2ec236dd57b1043db15b9929393c7 StaticDependenciesID=2a0d99bdc48924153964d2845198b5af 
Start importing Packages/com.unity.visualscripting/Editor/VisualScripting.Flow/Events using Guid(bc884dcacf46c4fd28fe9c7e605b46b4) (DefaultImporter) -> (Import Result ID: '2e3538f442ddd0482ff128177a311ca2') in 0.000104542 seconds [static dependencies only]. Details - ImportResultOutputID=140f9fc803b86f485544a79fc0684227 DependenciesID=b1545546b87b6ed26592af9964504cd4 StaticDependenciesID=3c81bb18797c163a101cf32b3527763c 
Start importing Packages/com.unity.collab-proxy/Editor/Developer/UpdateReport using Guid(cca926c65e360cf4f8637f7c853a7513) (DefaultImporter) -> (Import Result ID: '2e3aaf6c133e24d877917ca437e3432b') in 0.000101875 seconds [static dependencies only]. Details - ImportResultOutputID=e5837107644b0eb051b0aaf30d6b61a8 DependenciesID=05f75f7e2db54fd60d17f836c5115240 StaticDependenciesID=d4282355770a072adafa99e180f3879f 
Start importing Packages/com.unity.visualscripting/Runtime/VisualScripting.Core/Decorators using Guid(fc4d9a317f2ee464887412e4b1ff834a) (DefaultImporter) -> (Import Result ID: 'fdc1d8bbf05d8ce174320c5804d540cb') in 0.000104708 seconds [static dependencies only]. Details - ImportResultOutputID=5d38620f3a4c746d43d6cd2005c98d88 DependenciesID=c039418d2fa55ae89ac92c6c85e8db91 StaticDependenciesID=bab7dae907bb0b1d4b2db2414abc6d32 
Start importing Packages/com.unity.visualscripting/Editor/VisualScripting.Core/Dependencies using Guid(3df1b6ba6281145ca8a95e7cd78c1ce8) (DefaultImporter) -> (Import Result ID: '5671817224fd4d59e0b4e1fbd4b720d6') in 0.000103042 seconds [static dependencies only]. Details - ImportResultOutputID=e28359fc8521b50ce0af7c3fefa128df DependenciesID=9f6167922912ec707eceb7cc0e7aa844 StaticDependenciesID=144dc5a2724056417407aaa4a82f9bed 
Start importing Packages/com.unity.ugui/Tests/Editor/TMP using Guid(3ddaad49a7bcb4087b403f2225d54840) (DefaultImporter) -> (Import Result ID: '39da0e97181014824f54bf3b554c9093') in 0.000111792 seconds [static dependencies only]. Details - ImportResultOutputID=184d39366074dd23ac507e22f3cd75a1 DependenciesID=60456d4e6b5aa2b837da8233dc5b62df StaticDependenciesID=7567c6c1567864eaa9f97c9ebef871c8 
Start importing Packages/com.unity.inputsystem/InputSystem/Editor/Icons using Guid(4dc89088b67654c86810b41295276666) (DefaultImporter) -> (Import Result ID: 'ec91d068d367c51ec4666cbe84d1c9fe') in 0.000106291 seconds [static dependencies only]. Details - ImportResultOutputID=59a30eec914d9e2f7b96f4dc83d7b8bc DependenciesID=0c18b28e45a921e8025db88cfd35afd3 StaticDependenciesID=8e2ace1cbd7c589f2383f08ae4c620c7 
Start importing Packages/com.unity.collab-proxy/Editor/Views/PendingChanges using Guid(5d558eb582a19cf46b06976fb93d7896) (DefaultImporter) -> (Import Result ID: '078a82bd0a0f08e9cfc85daf809d6591') in 0.000103958 seconds [static dependencies only]. Details - ImportResultOutputID=2d47f449b18bcde5fcc630f315b9f828 DependenciesID=d251da7490c220cded41eaab0f3d90a9 StaticDependenciesID=d21d42d0ab3e2a186afb32ee8d9e52c6 
Start importing Packages/com.unity.test-framework/UnityEditor.TestRunner/TestRunner/Callbacks using Guid(5d7f0d6acfced954682a89e7002c04d9) (DefaultImporter) -> (Import Result ID: '5dd1ae02b6aad1bbb2e97e97c05e9fff') in 0.0001055 seconds [static dependencies only]. Details - ImportResultOutputID=4154192d27e305b0b451f622793e4d87 DependenciesID=31e68f2154ba1d49aee6bf9908adc2ad StaticDependenciesID=a5c9094bbefeace299326ad9db79a90f 
Start importing Packages/com.unity.test-framework/UnityEditor.TestRunner/TestRun/Tasks using Guid(6dba53789da15814387fa5b1445e81e0) (DefaultImporter) -> (Import Result ID: '17bed9cf89e2df21f05878d0b95e619e') in 0.000105209 seconds [static dependencies only]. Details - ImportResultOutputID=927e87a820817d08fcfe9616367cd057 DependenciesID=5012d3ccb9d781b51b35f14e878c5122 StaticDependenciesID=ae387f029e5ab05029f320620b0c39b6 
Start importing Packages/com.unity.visualscripting/Editor/VisualScripting.Flow/Acknowledgements using Guid(7d96ebd30e90841de9452b819ccb135e) (DefaultImporter) -> (Import Result ID: 'edb55be2be72f49a94f4a5e1356d566f') in 0.000105792 seconds [static dependencies only]. Details - ImportResultOutputID=d817e1a2b4b72035331d7c75312878ab DependenciesID=8eeb0b86bf16175b5ad9a9bc3371487c StaticDependenciesID=d02ddf12d28d04a9b037ba8c209d9f31 
Start importing Packages/com.unity.visualscripting/Runtime/VisualScripting.Core/Reflection using Guid(9d61905c380b4494aa47078da9f0e4f9) (DefaultImporter) -> (Import Result ID: 'b3a7ebef386b036a88db5621b099dcbc') in 0.000103542 seconds [static dependencies only]. Details - ImportResultOutputID=26f946392243982663ba11c67730b494 DependenciesID=f232289cdf8c2c36f118a0521fe02c2b StaticDependenciesID=ae41c71e07eaaf789671f4323a503e3a 
Start importing Packages/com.unity.inputsystem/InputSystem/Editor/AssetImporter using Guid(9d7486ba41233414a9ed80716a544026) (DefaultImporter) -> (Import Result ID: '0354a70269dca56a17e824d04995e3aa') in 0.000104375 seconds [static dependencies only]. Details - ImportResultOutputID=070ffc3ac495c1a7eb503a6a8648806c DependenciesID=2d91039b5ce89782f1f5437f66fa297b StaticDependenciesID=0969ea37356eec887387e114d82c66aa 
Start importing Packages/com.unity.inputsystem/InputSystem/Editor/DeviceSimulator using Guid(bd293de081caa442dae1595e4c7a6773) (DefaultImporter) -> (Import Result ID: '559eee91c3107c5afb6556bad4dd03c8') in 0.000102833 seconds [static dependencies only]. Details - ImportResultOutputID=576477a767892387c4c5550a36dc394a DependenciesID=30f67af4e4cf8038e2d9347ad3104952 StaticDependenciesID=21b464f21af6f85a1ffde269c07ae83a 
Start importing Packages/com.unity.inputsystem/InputSystem/Plugins/iOS using Guid(cdf0d8abf71784dacb0470320cd8936f) (DefaultImporter) -> (Import Result ID: '9b0d4a545eb6203f322fb9ca34257334') in 0.000104667 seconds [static dependencies only]. Details - ImportResultOutputID=d678b86818abba2f9773c8f8b4898893 DependenciesID=5244421e6abbef5d3218c3a9fe6b6c48 StaticDependenciesID=5e7e8066fed7bc56ea226d244f344dd5 
Start importing Packages/com.unity.ugui/Tests/Editor/Common using Guid(cd9c8fc1c8d64d54ab1e22aae9678d84) (DefaultImporter) -> (Import Result ID: 'c360e00531257dec7998b9ea879a991a') in 0.000103583 seconds [static dependencies only]. Details - ImportResultOutputID=100594f13932649de4dcb5da6cf25517 DependenciesID=2d244ba8cbf1d06a7300291e8d851cea StaticDependenciesID=4ffa1ebfab913ee54cb589285a90518c 
Start importing Packages/com.unity.visualscripting/Runtime/VisualScripting.Core/Connections using Guid(cd7f10104a033462da12776730ed1565) (DefaultImporter) -> (Import Result ID: '630a8a4a0364904b2736d43a3aa92a43') in 0.000101667 seconds [static dependencies only]. Details - ImportResultOutputID=454e655b81650633613c7d50735f8a15 DependenciesID=ac934a9bd6133bc3949f1494daa47af1 StaticDependenciesID=88a6c8de29950874a4ea00e2b275ccfb 
Start importing Packages/com.unity.visualscripting/Editor/VisualScripting.Flow/Plugin using Guid(fdd990452ab694aa89fff386af33e5d1) (DefaultImporter) -> (Import Result ID: '4557daaba22480e34be96e9f5d61fd58') in 0.000104375 seconds [static dependencies only]. Details - ImportResultOutputID=2690b50838bcdca28bc79ed7227322f0 DependenciesID=f419bbb45aeea691f10dc3a62c7b137d StaticDependenciesID=8d7d12890988ba85c5bcfcedb4cab1f3 
Start importing Packages/com.unity.inputsystem/InputSystem/Plugins/OnScreen using Guid(0e49b0a8b53e45445979b3fa9604a35c) (DefaultImporter) -> (Import Result ID: 'c5dee2ac31c132112ebe5e11fbbc866e') in 0.00010325 seconds [static dependencies only]. Details - ImportResultOutputID=9c1d83e944f242bbaeed682f02f0a3db DependenciesID=3fb72005f08319aed42f440139727546 StaticDependenciesID=78b07a10e4d4b645b313a738da7bb907 
Start importing Packages/com.unity.visualscripting/Editor/VisualScripting.Shared/EditorAssetResources using Guid(0e79ab44f7a224723ba9b3d9943eb9de) (DefaultImporter) -> (Import Result ID: '26a1f3359632ad3de3b046e6e6056519') in 0.000110833 seconds [static dependencies only]. Details - ImportResultOutputID=2366988a2432d59d51e7636d4f51488c DependenciesID=defcf46118f58a79c205e1e838a0732d StaticDependenciesID=35262c8dd8fa403de1f7e0ac5846bee9 
Start importing Packages/com.unity.collab-proxy/Editor/Views/Merge using Guid(0ecc4e2fc6e40a54fb97cab710a1dd41) (DefaultImporter) -> (Import Result ID: 'e0369ecc92f123c5859a15bd8117ca48') in 0.000104208 seconds [static dependencies only]. Details - ImportResultOutputID=5d34a5fb74e00ff78d7cd6114ddd7ae4 DependenciesID=d70c2357ad5e45b13773b1844ea22990 StaticDependenciesID=e4aec0852dd56059e09b035979cd4212 
Start importing Packages/com.unity.collab-proxy/Lib/Editor/Localization using Guid(2eb5ea14def0c1b4c8f1f287f85cab43) (DefaultImporter) -> (Import Result ID: 'd03ab83f140e27310a456adf0283dcb2') in 0.000106375 seconds [static dependencies only]. Details - ImportResultOutputID=16f31606d86936340586f6630c124aeb DependenciesID=d6affde8f4616e38c01d8b1716e3b4dc StaticDependenciesID=df21325bc0475c5753f89107964f50a2 
Start importing Packages/com.unity.visualscripting/Runtime/VisualScripting.Flow/Dependencies using Guid(2e688b34379ad4462b284ae6a0cc3cdc) (DefaultImporter) -> (Import Result ID: 'e9630bcfb0e87544b1096ee4a70f0564') in 0.000109584 seconds [static dependencies only]. Details - ImportResultOutputID=f6808569ee6efb6598d676e0519c6ba1 DependenciesID=3c7ce0153325b75ddce9316fd3a15fd8 StaticDependenciesID=8b0c6154e5357269c1e25a43c11b9da3 
Start importing Packages/com.unity.collab-proxy/Editor/UI/UIElements using Guid(2e69b76b513515641800b4ffad031ae8) (DefaultImporter) -> (Import Result ID: 'a2c943e24649ef83f3eef0d781b6a9e8') in 0.000107083 seconds [static dependencies only]. Details - ImportResultOutputID=32e8e63917599cc276f2399598bf80bf DependenciesID=dcf400a6217d73aa0bd4e2db18a8c810 StaticDependenciesID=2ec07c9e24828b3feef151981165eb81 
Start importing Packages/com.unity.collab-proxy/Editor/Gluon/Errors using Guid(4edf5537f8245134c8b023ab85d8e640) (DefaultImporter) -> (Import Result ID: '1416b6769878d877e8dec534928f9d07') in 0.000104084 seconds [static dependencies only]. Details - ImportResultOutputID=bcc9f27d0fad12ecc4f06d10d6cb9df3 DependenciesID=85b135fb07648f1a8fd899272fe1d655 StaticDependenciesID=19106a397f96c96a5fde260bce0b1dd5 
Start importing Packages/com.unity.ide.rider/Rider/Editor/Util using Guid(5e726086cd652f82087d59d67d2c24cd) (DefaultImporter) -> (Import Result ID: 'a8b443b2f2ff0007ed10bd134ba5e98e') in 0.000104667 seconds [static dependencies only]. Details - ImportResultOutputID=ca8ba0c67dee00127f3ae328b0ddccde DependenciesID=07d5fa8d57c6a1d6d39be2c6796da271 StaticDependenciesID=af793ec21b1d9fe5eea5cb35cd96647b 
Start importing Packages/com.unity.visualscripting/Runtime/VisualScripting.Core/Events using Guid(5e73904467b8a4fd9ac64ec135f0d6e7) (DefaultImporter) -> (Import Result ID: 'c8a2ebe9ae0c41704649c7c7c9c7b16f') in 0.000108417 seconds [static dependencies only]. Details - ImportResultOutputID=e4441d67cf3899a3af8a3e2d4dbc5889 DependenciesID=6babf8cb76080cc1dada4c47ca5b0c67 StaticDependenciesID=1fe47f8faefe521c33ad9027cff65036 
Start importing Packages/com.unity.inputsystem/InputSystem/Plugins/DualShock using Guid(6eefa91e7a89647338245ee3818141d1) (DefaultImporter) -> (Import Result ID: '6153b5645921cd219447db175ae02dae') in 0.000104792 seconds [static dependencies only]. Details - ImportResultOutputID=adc9cec929520b827069ea2f8a0498a7 DependenciesID=7c28f034110011d101955031ba3bfd8b StaticDependenciesID=b29141e746583ced5fe540f8e98cda9e 
Start importing Packages/com.unity.collab-proxy/Editor/UI/StatusBar using Guid(7ee3e4292258bf04fb2987ccf9ecf916) (DefaultImporter) -> (Import Result ID: '16e315a58a899179bd5480e223300549') in 0.000103584 seconds [static dependencies only]. Details - ImportResultOutputID=706c4c8afa3f384281f8d465c51a73f2 DependenciesID=d86f27344ed7d097997d032f65775df9 StaticDependenciesID=564d43f10fb4f25f38832aec2d7e89ae 
Start importing Packages/com.unity.test-framework/UnityEditor.TestRunner/UnityTestProtocol/Messages using Guid(9ea154c33fd8466f973f004e5c962df7) (DefaultImporter) -> (Import Result ID: '870b4db7e5be8deacea3980f775dd932') in 0.000113583 seconds [static dependencies only]. Details - ImportResultOutputID=531eb0bf50ce69750c3935cae55a23be DependenciesID=43c5ebf70cad162f209e1d64249e1ce7 StaticDependenciesID=55c146db992d0b918eee42583b521cce 
Start importing Packages/com.unity.collab-proxy/Editor/UI/Progress using Guid(be4a999efc9d629458e92bbcbe233d1d) (DefaultImporter) -> (Import Result ID: '78e09a0ff19948e3c3c42859cab30abd') in 0.000102625 seconds [static dependencies only]. Details - ImportResultOutputID=1845123b25deeb54fb23dc613fcf385a DependenciesID=26d5916633665bcdad860b145fc60ee7 StaticDependenciesID=85ccdee986de0bc5b407921a132b13b8 
Start importing Packages/com.unity.collab-proxy/Editor/Assets/Layouts using Guid(ceb47f1768ea33a4984627a59921a4ee) (DefaultImporter) -> (Import Result ID: '6ff1eac92d59241cd9b8039ec34b0ab8') in 0.000112875 seconds [static dependencies only]. Details - ImportResultOutputID=a0470e165c351063bda9195f9a3b2fae DependenciesID=f5d3a03a4d0babfa1c3093c955cbd501 StaticDependenciesID=62e7dea071d5c2994b8079ea8d0865f8 
Start importing Packages/com.unity.test-framework/UnityEngine.TestRunner/Utils/MonoBehaviourTest using Guid(ce8da628f68c7594b8b9a597fa52db7b) (DefaultImporter) -> (Import Result ID: 'b9563cef265e47a754253cd842ff74e0') in 0.000114208 seconds [static dependencies only]. Details - ImportResultOutputID=5ca0593cb066d91134f20169bd94c4c7 DependenciesID=b12130269fb1ec4b639c1ad8786aab77 StaticDependenciesID=5932a216f3ae9aa73e106fa5a340c22f 
Start importing Packages/com.unity.visualscripting/Runtime/VisualScripting.Core/Exceptions using Guid(de71607b17af64bd6905e93e93a2f11c) (DefaultImporter) -> (Import Result ID: '425ed2cf45d62a35c35a0988fc1cde34') in 0.000117667 seconds [static dependencies only]. Details - ImportResultOutputID=32f202a26fc2574f3522d1c33f4ae001 DependenciesID=eabe38175ff546c0c4918ed52166bbb3 StaticDependenciesID=bffcb57e8e2997ff2b7fd3ae18d1a83f 
Start importing Packages/com.unity.visualscripting/Editor/VisualScripting.Core/Graph using Guid(de04fa7f62af40742be666b67697746f) (DefaultImporter) -> (Import Result ID: '659ddaa3208eebfeead0cfec4f94d320') in 0.000126042 seconds [static dependencies only]. Details - ImportResultOutputID=0b51a1827dc0a5327e9eff6bdfdc9d54 DependenciesID=de6cab7e2eabdd8e1ce20c0b68c1970a StaticDependenciesID=63df6c4cb79c9f3f41c1854610b7f72c 
Start importing Packages/com.unity.ugui/Editor/TMP/HDRP using Guid(eecc124dc0b994047aac97ccf8c8ed0a) (DefaultImporter) -> (Import Result ID: 'a0fb60ffa759fafdc21fc9c85d2ffa4a') in 0.000119834 seconds [static dependencies only]. Details - ImportResultOutputID=fa6292ce51fe93a356414a97c0ba90da DependenciesID=3d3696c3d5d8f3ac4409c54d12141327 StaticDependenciesID=9ea107b82841584f18e98ebc76a5bd4b 
Start importing Packages/com.unity.visualscripting/Runtime/VisualScripting.Flow/EditorBinding using Guid(0f417b240b9ac4d80a5526339bbe758a) (DefaultImporter) -> (Import Result ID: '8811414f1012a1cdc312bb99f1900fe3') in 0.00011225 seconds [static dependencies only]. Details - ImportResultOutputID=4aa955be0b50462270920891f1666e11 DependenciesID=e0b0751c8c90291b82344a0d87791dcd StaticDependenciesID=0763a539ce13bf24d44e686b79a27597 
Start importing Packages/com.unity.test-framework/UnityEditor.TestRunner/TestRunner/Utils using Guid(1f5bbb88ca730434483440cbc0278ef6) (DefaultImporter) -> (Import Result ID: '15595faa9d5344dddae502ccb9ece2f4') in 0.000114625 seconds [static dependencies only]. Details - ImportResultOutputID=2f050ce79f5fb8a227dca0d05ce3972f DependenciesID=fd24f000b5af29c6d52d9050b48e6abc StaticDependenciesID=50dd38d6d12b18080ee18de2ae7ba950 
Start importing Packages/com.unity.inputsystem/InputSystem/Controls/Processors using Guid(6fde91b0a4ee45cd86be18a8d829dc87) (DefaultImporter) -> (Import Result ID: 'dc63b0931e22a373595d1e5a4e9cd78e') in 0.0001155 seconds [static dependencies only]. Details - ImportResultOutputID=8f0a301aa99525be0e5626c82438a56d DependenciesID=ccd06d2305237f537af995155253ed63 StaticDependenciesID=c2b1f146941fcd3e428aea5fb65e8dac 
Start importing Packages/com.unity.ugui/Runtime/UGUI/EventSystem using Guid(7f27709c942d91541be1fd6aa5cb3d78) (DefaultImporter) -> (Import Result ID: 'c16d36e9469e4d78b3c6b9c4118c5f58') in 0.000114458 seconds [static dependencies only]. Details - ImportResultOutputID=2f00aaabef6a5c70a6fdcb7457a3e54d DependenciesID=082a7e18baf6ac7487f03e6132778631 StaticDependenciesID=80ff30d88d86c4eff91271570234047f 
Start importing Packages/com.unity.inputsystem/InputSystem/Utilities/Observables using Guid(9f8944bd1ba848ab8f95afe7acfb4b79) (DefaultImporter) -> (Import Result ID: '57e2b0c87ee7f8df060d0ff36699983f') in 0.000115542 seconds [static dependencies only]. Details - ImportResultOutputID=733c5488d483aa593013d35b0df1226d DependenciesID=5415fdabb68556675e9a7333a2d39640 StaticDependenciesID=322d6da4ca050e7970ab137435d78064 
Start importing Packages/com.unity.visualscripting/Runtime/VisualScripting.Core/Profiling using Guid(9f6b71078904046dd918bd52bb75fc82) (DefaultImporter) -> (Import Result ID: '39a800fe4efda660951704dd1e53783a') in 0.000111541 seconds [static dependencies only]. Details - ImportResultOutputID=e136e32f73c8f03a2f9d2a07b509bc9d DependenciesID=cd6ac29b1a5f8dbe9cab681de4203c71 StaticDependenciesID=b4960ca5708d0b918a99a590430fefda 
Start importing Packages/com.unity.visualscripting/Editor/VisualScripting.State/Plugin using Guid(bf692785fed1a4d2c826ba2f5509edff) (DefaultImporter) -> (Import Result ID: '32bafe3e5f4f5d1f2a8339509ffdf969') in 0.000108542 seconds [static dependencies only]. Details - ImportResultOutputID=ee8815388831c3861a6f769ba12decb1 DependenciesID=af2d6e99f25ed8c47cdca22f3d296967 StaticDependenciesID=fb65e4192e370750c7e2882447bcfbd8 
Start importing Packages/com.unity.ugui/Editor/UGUI/Properties using Guid(cf97e54bcd5479a46bdbade48da047cc) (DefaultImporter) -> (Import Result ID: 'ded2514f136d189a099d7ea21393f4ac') in 0.000106292 seconds [static dependencies only]. Details - ImportResultOutputID=a97d39d60b36d6007a3108af022e7d6f DependenciesID=1ade84b7768f445d2b4b9c2f72b801b3 StaticDependenciesID=2c875d342160267d02d0bf69ba3631c6 
Start importing Packages/com.unity.inputsystem/InputSystem/Plugins/UnityRemote using Guid(cf0897af2cae4ebbaf8b79eaae98fb08) (DefaultImporter) -> (Import Result ID: '147de949b6feafb2664fd4d31445f940') in 0.000113958 seconds [static dependencies only]. Details - ImportResultOutputID=eeac1b983dd1f04409546791230dcf15 DependenciesID=890e260a3dbfbb4b23f25416998dedff StaticDependenciesID=1bf684eb3a5ebd814acdb89794248a61 
Start importing Packages/com.unity.visualscripting/Runtime/VisualScripting.Flow/Properties using Guid(ef5697524b86f4f7f8c36bbf4a83d9db) (DefaultImporter) -> (Import Result ID: '68920504b117dcd9b4cd370412f969d4') in 0.000109875 seconds [static dependencies only]. Details - ImportResultOutputID=7fbdfd5ce3fb1344eddce3591737b17c DependenciesID=5c213e5adf9868c72810886374ea3034 StaticDependenciesID=cf1ea7460be83e7d9fc7a50a19d086b5 
Start importing Packages/com.unity.collab-proxy/Editor/_Deprecated/CollabMigration using Guid(ef074903871b8b64d856ee0a54f14a7c) (DefaultImporter) -> (Import Result ID: '0f480cb249a0f84199ca1bd0fee6a5e1') in 0.000110542 seconds [static dependencies only]. Details - ImportResultOutputID=5f925efa9178e17c822907e9b8e1fa60 DependenciesID=e4da0d3147d8e4312865d81ac574b609 StaticDependenciesID=c044e31bb1ca98aadcf3c9e0a5de171c 
Start importing Packages/com.unity.inputsystem/InputSystem/Plugins/EnhancedTouch using Guid(ef4b66ea93dd243a783c32ab1da39fc4) (DefaultImporter) -> (Import Result ID: 'ba1fa8662b223d146e782b3170a2d5e9') in 0.000106125 seconds [static dependencies only]. Details - ImportResultOutputID=4ed6caff99690835fc6910712bac0ff4 DependenciesID=85753225a6be50032ca7624841b72af9 StaticDependenciesID=3dd6bd99e76c6c85070dfeadd7e788db 
Start importing Packages/com.unity.visualscripting/Editor/VisualScripting.Core/EditorAssetResources using Guid(ff458d04b62b04ae79fced2d6ad37f8c) (DefaultImporter) -> (Import Result ID: '09149914a85b0c5bc69f052296a27b7e') in 0.0001055 seconds [static dependencies only]. Details - ImportResultOutputID=6f6f0fec0a15e8bc9396908d8ce1f00f DependenciesID=663edc2f2ba6dd9ee11f132e4ec361f7 StaticDependenciesID=e61c0eabb1ee420b0be3bd838ab7de9b 
Start importing Packages/com.unity.visualscripting/Runtime/VisualScripting.Core/Attributes using Guid(ffdd4c88c153a284e9574aaf8e695e65) (DefaultImporter) -> (Import Result ID: '9b1d7e571fb3398e6b5ac454448b4d55') in 0.000107084 seconds [static dependencies only]. Details - ImportResultOutputID=e116498b794da8237eb1e86e83943687 DependenciesID=a054c774edce1cf3745db0e6eaa13e77 StaticDependenciesID=2719360223c4156d3c48e15e1518e91d 
Start importing Packages/com.unity.ugui/Tests/Runtime/UGUI/Image using Guid(1091bc2ad06e3234aac2b2fa2841c09d) (DefaultImporter) -> (Import Result ID: '9a3b6d17296cbdbff8778d7b2b912c6c') in 0.000106334 seconds [static dependencies only]. Details - ImportResultOutputID=ba312c050ed62f9e8bcb82d7741e8915 DependenciesID=c20d3ac029abaff78b47a5012b8c8cd4 StaticDependenciesID=09bd6503a3862167e9a4babf45bd8c06 
Start importing Packages/com.unity.visualscripting/Editor/VisualScripting.Core/Inspection/Unity using Guid(206fb1773170a4c71a2e91f8768d6d73) (DefaultImporter) -> (Import Result ID: '774b97a6772d1dcd916bf3738cefbd05') in 0.000115625 seconds [static dependencies only]. Details - ImportResultOutputID=349c6e5c623b64402b0a7032d3d839e7 DependenciesID=c6250ff2e523203f4f691c43630e0a6b StaticDependenciesID=6e933c2808ba61a7da6d65fc41c4c447 
Start importing Packages/com.unity.ugui/Tests/Editor/UGUI/RectMask2D using Guid(305ca32be1aa5504aa182f583895dfe4) (DefaultImporter) -> (Import Result ID: '864b5f0028b85ad62e1f27781413e212') in 0.000115333 seconds [static dependencies only]. Details - ImportResultOutputID=e0b8857afe07068f078b471d056984df DependenciesID=f7bcc8137360de12c7a68eb63f73a720 StaticDependenciesID=75af30b45e4961ed11aaefb59683c9af 
Start importing Packages/com.unity.visualscripting/Runtime/VisualScripting.State/Framework/Graph using Guid(80d5cd46de8ca404692849f4a46c2306) (DefaultImporter) -> (Import Result ID: 'a4d01488a82e18444b6979c2c614e377') in 0.000108375 seconds [static dependencies only]. Details - ImportResultOutputID=a24cdb8bbe8eea1397aa153db7ff0b4f DependenciesID=dac5ae9ab75b41a73d3b100f1bac5f27 StaticDependenciesID=5aebe51ce539d12a07c83360c1522fc4 
Start importing Packages/com.unity.visualscripting/Editor/VisualScripting.Core/Windows/BackupWindow using Guid(d08c65b1e339e40d1b3b8fea0eda0abd) (DefaultImporter) -> (Import Result ID: '44263f9f30ba75e2c648030ad79b94d4') in 0.000108417 seconds [static dependencies only]. Details - ImportResultOutputID=01b8a60379e24138e8fb7198cae4d59e DependenciesID=946354afae396f99f949557380b18ec0 StaticDependenciesID=07b94cafa3e82e6c02990b7fb21453cb 
Start importing Packages/com.unity.visualscripting/Runtime/VisualScripting.Flow/Framework/Math using Guid(41957047a02b44a9c9c682cb05c813d6) (DefaultImporter) -> (Import Result ID: 'd25dec3c8a1e797186b3883c3c290fae') in 0.0001085 seconds [static dependencies only]. Details - ImportResultOutputID=e7f387d17ef1bc7f325db76a22c725b5 DependenciesID=5c6b9509506a5f3edd6d805555316912 StaticDependenciesID=170fdef9afa3906ba6eb16cd21ae5728 
Start importing Packages/com.unity.visualscripting/Runtime/VisualScripting.Flow/Framework/Codebase using Guid(61c823205c2384c13b4d38c05194c1df) (DefaultImporter) -> (Import Result ID: '229b9f37594f9f3073d101a8a6625f28') in 0.000117209 seconds [static dependencies only]. Details - ImportResultOutputID=81977960f54f5493977550f49abfa605 DependenciesID=5498e445df961efc52a66a5bd52bc9cc StaticDependenciesID=cd99c7d5068d34b969cbd98472d583d1 
Start importing Packages/com.unity.ugui/Tests/Editor/UGUI/InputField using Guid(c16c54fe03afb5740bcc0a2a295cb79d) (DefaultImporter) -> (Import Result ID: '2ceae18d8757d62eaf77f8472867924a') in 0.00010325 seconds [static dependencies only]. Details - ImportResultOutputID=a6760ef3df97a391d8bbd66725c3b237 DependenciesID=745a970dcaaaa575cd2cc8a1904fa887 StaticDependenciesID=2b217ca99212873f73adeb22ff1c2c99 
Start importing Packages/com.unity.visualscripting/Editor/VisualScripting.Core/Widgets/StickyNote using Guid(f165647d37e949a79b9f0b21c39b66f7) (DefaultImporter) -> (Import Result ID: '955180fddb0a6764a2143e16f9670697') in 0.000107041 seconds [static dependencies only]. Details - ImportResultOutputID=8c102847e3eaac05f360d64581046a4b DependenciesID=fe03cd657d9933cd578b1bc046b07188 StaticDependenciesID=c802b7d3cf17cffc924e636e1786f83b 
Start importing Packages/com.unity.ugui/Runtime/UGUI/UI/Core using Guid(12c42068351bb084abde965d725b9887) (DefaultImporter) -> (Import Result ID: '4aed3f5235cf236ff5b076d0313baaec') in 0.000103875 seconds [static dependencies only]. Details - ImportResultOutputID=ec9102a70ca70a472c30f30fcbb61427 DependenciesID=b68fcc94767039226e26e833ff0d6a16 StaticDependenciesID=cf83a5ab2d387760d17318a0ab5c9266 
Start importing Packages/com.unity.visualscripting/Editor/VisualScripting.Core/Dependencies/YamlDotNet using Guid(726e3c670f8ea4e9e8e190d18680cdef) (DefaultImporter) -> (Import Result ID: '809d6ddda5621f3d5a149fe32a354e6f') in 0.000106125 seconds [static dependencies only]. Details - ImportResultOutputID=41d95d5d3bebfa7a69d7ee16597823b8 DependenciesID=d45714f9eb9d8d97c982d91e2020777e StaticDependenciesID=7890a798647a584c5544ae37ba363bb7 
Start importing Packages/com.unity.visualscripting/Editor/VisualScripting.Core/Windows/AboutWindow using Guid(c230e5e8711e3480ea2e33b6bac3ebe5) (DefaultImporter) -> (Import Result ID: '6f5d1412fa6842756a852dc88989d4f9') in 0.00010625 seconds [static dependencies only]. Details - ImportResultOutputID=b9cf7134d33369d60476957d13b27fb1 DependenciesID=9c92e62b553dedd99fc220bffabab6f4 StaticDependenciesID=568b545bf2a7015a09838b64adba49af 
Start importing Packages/com.unity.visualscripting/Editor/VisualScripting.Core/Windows/ConfigurationPanel using Guid(c26b211e65e2e45efa3c037960d9c802) (DefaultImporter) -> (Import Result ID: 'e8d1cd29fb247e9f314ff068bd0571ff') in 0.000102541 seconds [static dependencies only]. Details - ImportResultOutputID=3aca7cc40d82eb05f5f61c7d4a2563f8 DependenciesID=7cd8e260d5e8245f865ef83553bf0ae3 StaticDependenciesID=3f7ef8b1b91480f3954fa72cf98f362c 
Start importing Packages/com.unity.ugui/Tests/Runtime/UGUI/Toggle using Guid(e210c8bf2e9c6514d90a1bd77586af1f) (DefaultImporter) -> (Import Result ID: '0bcadf4825165ace8bb903f2b16f8075') in 0.000106708 seconds [static dependencies only]. Details - ImportResultOutputID=1a6c8154d0fedfa9e4a60ba6bb6fd34e DependenciesID=4739eec59c059296762fa30ff6bebe21 StaticDependenciesID=a994c2940f3848bdc409089bf1b557fb 
Start importing Packages/com.unity.ugui/Tests/Runtime/UGUI/Button using Guid(239dd6edc8e5cd14585c03e09e86a747) (DefaultImporter) -> (Import Result ID: 'e33271f9c5edcfe72bb8b42a16c4995b') in 0.000105708 seconds [static dependencies only]. Details - ImportResultOutputID=48f4d3bb1805c13b38d6e90df8309efb DependenciesID=93cf476dc0a662976a7e552864c52013 StaticDependenciesID=e62cb43c63858c391122e08247b6bcb4 
Start importing Packages/com.unity.ugui/Tests/Runtime/UGUI/ScrollBar using Guid(43b1467da3d29ae4597a733828cdd84a) (DefaultImporter) -> (Import Result ID: '3f533011df487cb190fd37b3ea28ed63') in 0.000104333 seconds [static dependencies only]. Details - ImportResultOutputID=826625a2f93ed8daabab9d5729512c91 DependenciesID=c487b2bf10d0d4d41949782eadc19a7a StaticDependenciesID=e08a3267d6816a8dd5dae958a75bf562 
Start importing Packages/com.unity.visualscripting/Editor/VisualScripting.Core/Interface/DragAndDrop using Guid(73eaaeaefae644aa1b311ea6d5404bea) (DefaultImporter) -> (Import Result ID: '731296a13eb766f1bbff475387b03912') in 0.000106125 seconds [static dependencies only]. Details - ImportResultOutputID=997258d416e2a9ffeb4f9fff6e8c999b DependenciesID=301e6a5f024a7005729339b70c95ae68 StaticDependenciesID=f3935b082e0b38b972443686b90e22a4 
Start importing Packages/com.unity.ugui/Tests/Runtime/UGUI/Graphic using Guid(8313ea704470a264295ec9e09aec6ebc) (DefaultImporter) -> (Import Result ID: '8ab09e07e1eb7c87edffc4ab17468866') in 0.000104333 seconds [static dependencies only]. Details - ImportResultOutputID=29e1d22788945b91d6c6538b43df927b DependenciesID=8f62e287cf959f0a0b11b39d919744e8 StaticDependenciesID=73f9964f27d679ee3514478233f8daee 
Start importing Packages/com.unity.visualscripting/Editor/VisualScripting.Flow/Framework/Nesting using Guid(83e4d000386ca49489444704e5167cc4) (DefaultImporter) -> (Import Result ID: '16157cd19b83ca29ec79644a3a39794c') in 0.000108416 seconds [static dependencies only]. Details - ImportResultOutputID=8b664d760c122afe697cd5ff98c412a6 DependenciesID=4c02ff61d4e69b57beb5df77a3969bf7 StaticDependenciesID=a0e056feca56918b675df9acc608d39b 
Start importing Packages/com.unity.visualscripting/Editor/VisualScripting.Core/Plugin/Migrations using Guid(938d43d9c30404060a9a8135d66467aa) (DefaultImporter) -> (Import Result ID: '247f8175d76167c3d263e53c3ab58634') in 0.000105542 seconds [static dependencies only]. Details - ImportResultOutputID=254a434bac7162e0728b009460c4a1ac DependenciesID=9e860aa298746d93c386ef85d7d2d2c5 StaticDependenciesID=21c6961e05788a8e04fcaa5bcb2b1a52 
Start importing Packages/com.unity.ugui/Tests/Runtime/UGUI/TextEditor using Guid(93effba7cf7f3824ab0bd048a27a9c02) (DefaultImporter) -> (Import Result ID: 'd22ae40fd70e061505369f2a4cfb46eb') in 0.000103083 seconds [static dependencies only]. Details - ImportResultOutputID=1d14c149973e6179dd056704191ccb40 DependenciesID=5c7fe1744420eba9ba04c038568dcb11 StaticDependenciesID=fa9a8e2f94c9ade21511b53c46d57760 
Start importing Packages/com.unity.ugui/Runtime/UGUI/EventSystem/EventData using Guid(b3cdabf2f1e76854d8aab5930305d70d) (DefaultImporter) -> (Import Result ID: 'b2ca42919ed68c5f462c334ec04416be') in 0.000102834 seconds [static dependencies only]. Details - ImportResultOutputID=23f256fc2d841fc5af77e67af4c73fa2 DependenciesID=e57d417593acc51352316d747bd0201d StaticDependenciesID=f8b6a6fd8ac76e4e6335d37f1cc3a720 
Start importing Packages/com.unity.visualscripting/Editor/VisualScripting.Core/Interface/Icons using Guid(e34dd660f2f8b4f33862d77c9f1f36f2) (DefaultImporter) -> (Import Result ID: '4ebc5523c6f1a40316f6062f25ddaeaf') in 0.000104 seconds [static dependencies only]. Details - ImportResultOutputID=66737763c7b5a6712366313bda57a3a5 DependenciesID=5a8c14ff305a327e91554330e7ef02de StaticDependenciesID=9145e1ce7ad458b88729ff2494b2c53b 
Start importing Packages/com.unity.visualscripting/Editor/VisualScripting.Core/Plugin/Acknowledgements using Guid(14b2b3422ab1f4cd3b5d928f49fea834) (DefaultImporter) -> (Import Result ID: 'fd4bedd08a0acca5deed3554b3af651b') in 0.000104333 seconds [static dependencies only]. Details - ImportResultOutputID=6e8ca669598809e999cb34e2c3aea90a DependenciesID=17e308b6f69aaf7ba2f94499e153bc2b StaticDependenciesID=33327b0965e0571c4f1f37c1cf4121ef 
Start importing Packages/com.unity.ugui/Runtime/UGUI/UI/Animation using Guid(5472815444de2ce45bf2053a4af04b9d) (DefaultImporter) -> (Import Result ID: '51d87a255421d7fbea239cfc4177077c') in 0.000107041 seconds [static dependencies only]. Details - ImportResultOutputID=d79059b708ed15dba3ef1fcbc2615f48 DependenciesID=4cac1ecb20748514804c6b6aa73c6129 StaticDependenciesID=908cd3afa119611cffe393c40ec84d16 
Start importing Packages/com.unity.test-framework/UnityEditor.TestRunner/TestRun/Tasks/Player using Guid(94a6220ee1a442249702c9df66e0fe1b) (DefaultImporter) -> (Import Result ID: '7321ff35c1d44b8dc167ed5d1822137b') in 0.000112125 seconds [static dependencies only]. Details - ImportResultOutputID=7a362fe027c8600a18a0cecc24649794 DependenciesID=8a37dde014f42d0ee65074bc53cf7cc0 StaticDependenciesID=99ef255be19c3d6460ee55a15ca99d60 
Start importing Packages/com.unity.visualscripting/Runtime/VisualScripting.Core/Listeners/MonoBehaviour using Guid(a488dc86da524cb9bb265db5831d5f11) (DefaultImporter) -> (Import Result ID: '15391af1ee344c6982333982cfdbecaa') in 0.0001065 seconds [static dependencies only]. Details - ImportResultOutputID=d497b3a29883f69f0d19587c608b8f61 DependenciesID=a6d3ec6acd0d41ff67ea81be0bcd0388 StaticDependenciesID=c7e209d449b468a0357eb79ea4abab8f 
Start importing Packages/com.unity.visualscripting/Runtime/VisualScripting.Flow/Framework/Time using Guid(a44aaf75826454371ac01e694753b469) (DefaultImporter) -> (Import Result ID: '4ee70573985f2a2df869dd85bc832871') in 0.000108333 seconds [static dependencies only]. Details - ImportResultOutputID=24f8c0d43f113a46342ac51a4cdb4962 DependenciesID=b19ca2d4f5d8e828b3068d62493b85ac StaticDependenciesID=59109780ce3ef772bd4a0017ddabaab0 
Start importing Packages/com.unity.visualscripting/Editor/VisualScripting.Core/Widgets/Groups using Guid(c460866bde9104774ada13f4d9e92b25) (DefaultImporter) -> (Import Result ID: '124a03dbfe1ab4956d7f6aab6d9590e7') in 0.000105708 seconds [static dependencies only]. Details - ImportResultOutputID=32c359d01263ae7b4c2b0cafa0a47d05 DependenciesID=9d2b27474403ec5fe80fe752537042e2 StaticDependenciesID=d91f6f0c1200e320d351f9f776bc6a7d 
Start importing Packages/com.unity.visualscripting/Editor/VisualScripting.Core/Windows/GenerateDocumentationWindow using Guid(f460a2f74cd1d45a992c21a10d22c582) (DefaultImporter) -> (Import Result ID: '4692fd7f22965657898fcf4922706f1c') in 0.000114875 seconds [static dependencies only]. Details - ImportResultOutputID=1e9e66febdb2b7915c455101771dc2d4 DependenciesID=00cda78e041e38344cd7e72e400a403c StaticDependenciesID=ea911fe3bb2a670aada5d712a9279690 
Start importing Packages/com.unity.visualscripting/Editor/VisualScripting.Flow/Plugin/Changelogs using Guid(f4a59cc4167794c82ac20fc006059f15) (DefaultImporter) -> (Import Result ID: 'f0f41fdb810de3e78a770dde62e19739') in 0.000104625 seconds [static dependencies only]. Details - ImportResultOutputID=a7e19504d53d670a82c285c251229ce4 DependenciesID=558d65c27fd6ca61af914ab1449c1501 StaticDependenciesID=4c98233ffafb3cccfba905afcd03b97f 
Start importing Packages/com.unity.collab-proxy/Editor/Assets/Layouts/PlasticWindow using Guid(f4277b8a08d36f84dacdc200bc870669) (DefaultImporter) -> (Import Result ID: 'a1ab10af2e4e4853fd2747e2304f45f3') in 0.000108458 seconds [static dependencies only]. Details - ImportResultOutputID=f608c01d60fe8b20901869cef58ca04c DependenciesID=4bf1ae1cefe8e7d1a3fffbb6957ea326 StaticDependenciesID=7a9ec36e2bc8e540551b16de10ab69b8 
Start importing Packages/com.unity.inputsystem/InputSystem/Plugins/XR/Controls using Guid(25ea971cc17caa84a8a2fdf9917af7b4) (DefaultImporter) -> (Import Result ID: '4dd023584d0c58cb3a8a7eb755d81297') in 0.0001085 seconds [static dependencies only]. Details - ImportResultOutputID=6ef2efbbad50b5419e9dafc11c6d63e0 DependenciesID=4602ea2e01f7dc9987405624bc93bd0f StaticDependenciesID=3d56ffe7bc59377d77b02d5542824b52 
Start importing Packages/com.unity.visualscripting/Runtime/VisualScripting.Core/Reflection/Operators using Guid(752758c2ce0fa4f74b80a07dc04cf745) (DefaultImporter) -> (Import Result ID: '27a79658898839d4824af9879194d3e8') in 0.000107166 seconds [static dependencies only]. Details - ImportResultOutputID=ff021019768efafab9e5284f437b283a DependenciesID=09e4a464804ad075109f27df639aaef3 StaticDependenciesID=de2d701f6193e67afc2be638929115ce 
Start importing Packages/com.unity.inputsystem/InputSystem/Plugins/XR/Haptics using Guid(8529451a1ee99484a891bdea2f5219f3) (DefaultImporter) -> (Import Result ID: '4e978e1c38678ef089a283e16df78b49') in 0.000105333 seconds [static dependencies only]. Details - ImportResultOutputID=112be0ef65e674f6f8b3fd791ae8b7b7 DependenciesID=b59ef667e00dc26767a2d0f34fabbefe StaticDependenciesID=5038763e3b43a84223c36a4d5291979c 
Start importing Packages/com.unity.ugui/Tests/Runtime/UGUI/Slider using Guid(850af9f3bf6d14143baf2ecfbf25db52) (DefaultImporter) -> (Import Result ID: '5e628931ca049a45020e8839223321bf') in 0.000106333 seconds [static dependencies only]. Details - ImportResultOutputID=a75d95ec6cf4f2e163a260e7e4873219 DependenciesID=00e2f785700201515e3dca6ac1d09748 StaticDependenciesID=9de63e4c5e112efd45ed34723c35a658 
Start importing Packages/com.unity.visualscripting/Runtime/VisualScripting.Core/Reflection/Optimization using Guid(a5260e1cbe5b7460198b99b38fd2739e) (DefaultImporter) -> (Import Result ID: 'fbbfbb5629b6bba3ddf31c990154d869') in 0.000111167 seconds [static dependencies only]. Details - ImportResultOutputID=217bb628d12eeec48b2cf2efad3ab9f9 DependenciesID=ca8a9d4dec4f4c329267277ec28a30c1 StaticDependenciesID=e0d844c5a1cbb3d714b28dd48021c1b5 
Start importing Packages/com.unity.visualscripting/Runtime/VisualScripting.Core/Cloning/Cloners using Guid(c562f70f440ba462ba456f970152ebb1) (DefaultImporter) -> (Import Result ID: '1cc54eb07872fe9762bc4ff2c5914c66') in 0.000110458 seconds [static dependencies only]. Details - ImportResultOutputID=46484943e086be968af0eba8c0472a24 DependenciesID=c3e46a01a951929315d5e3aa48efdc21 StaticDependenciesID=d3beef016fe6b0f14b9e93a58fe80cb8 
Start importing Packages/com.unity.visualscripting/Runtime/VisualScripting.Flow/Framework/Nesting using Guid(d5da508f2c00247c9b8d13e29d614b2c) (DefaultImporter) -> (Import Result ID: '834d9c859a5c333000e1adef18705873') in 0.000117459 seconds [static dependencies only]. Details - ImportResultOutputID=2d22131d474c402bff98d4304d4f78cd DependenciesID=2fc20a02a62700031c51851ba8a7b5d8 StaticDependenciesID=3cbd07c16cbb83635ab776dcc91be4d4 
Start importing Packages/com.unity.visualscripting/Runtime/VisualScripting.Flow/Framework/Nulls using Guid(06ac41c1fd292410bb1f24a3a0c7b68e) (DefaultImporter) -> (Import Result ID: 'b386eddd011b5acfef18731ab1001581') in 0.000116084 seconds [static dependencies only]. Details - ImportResultOutputID=07b2e4ce6392a97758960f288c234395 DependenciesID=9bf31ec8cd6d141a607e031b89fe8c81 StaticDependenciesID=d3119601bb40cf5f6709a2e9c698944e 
Start importing Packages/com.unity.collab-proxy/Editor/Views/Branch/Dialogs using Guid(16e16045695760047a9bd172458c5d6b) (DefaultImporter) -> (Import Result ID: '42a8d3aba054cad6445b7e7930fed70e') in 0.00011675 seconds [static dependencies only]. Details - ImportResultOutputID=6559b258a894342db98e092f23df93e8 DependenciesID=2ddccbf1bc64840eca9b6d4e150e3058 StaticDependenciesID=6cfaed4be8a30172ff4424677925b37d 
Start importing Packages/com.unity.ugui/Runtime/UGUI/EventSystem/Raycasters using Guid(46646a5562f14984690c85ee7b946bc9) (DefaultImporter) -> (Import Result ID: 'ee24bf0b063ca5036bb4c176653cba33') in 0.000122958 seconds [static dependencies only]. Details - ImportResultOutputID=e4c4d7aa6831ae096e2058bbd82b5457 DependenciesID=0c41d5dd5ef23bf11783f1211a684190 StaticDependenciesID=4879da6389d129b910725f5fa9200b08 
Start importing Packages/com.unity.visualscripting/Editor/VisualScripting.Core/Dependencies/ReorderableList using Guid(56d8172dd737d486dbe7fd34ebb6af87) (DefaultImporter) -> (Import Result ID: '2f9fa612ad1e7232b94c140ff4dbdb1e') in 0.000126125 seconds [static dependencies only]. Details - ImportResultOutputID=2b0ae5a4461b3c6a1d9f1504bb681e1b DependenciesID=2dab7caab288b04632a0c6b608bdb39f StaticDependenciesID=6aa8969e6abe9204ddf34e51aed54afd 
Start importing Packages/com.unity.inputsystem/InputSystem/Editor/UITKAssetEditor/Commands using Guid(665321577aaff5344b5a12d626dfcaf7) (DefaultImporter) -> (Import Result ID: '93d4f1e6ac4a42bbbec77001199f4e99') in 0.000120541 seconds [static dependencies only]. Details - ImportResultOutputID=2a795fa2492cbe920a2db567db795b01 DependenciesID=f50c36d938956dd51e5337ab3daaf01f StaticDependenciesID=2b270ce645701fcaec8206cb8e7ed444 
Start importing Packages/com.unity.visualscripting/Runtime/VisualScripting.Flow/Framework/Variables using Guid(76134f9c6fe474b81bf12c29b1f42212) (DefaultImporter) -> (Import Result ID: 'b48c83a6fd3908ec3d7a47488cf066e3') in 0.000109667 seconds [static dependencies only]. Details - ImportResultOutputID=82424d3dbe92a7dc57ff7e48eacc3006 DependenciesID=29b9b5df9ee8bd2e6b00803cb9f1cc6b StaticDependenciesID=6e8c17ce9d6ec9b45df25bcad9eb39cd 
Start importing Packages/com.unity.collab-proxy/Editor/Configuration/CloudEdition/Welcome using Guid(86d9084a265d35f4db65c4e31e0b6769) (DefaultImporter) -> (Import Result ID: '6f8ae97fb3c9844502993c4130d2a50d') in 0.000109792 seconds [static dependencies only]. Details - ImportResultOutputID=140fcaac8950301f73c5c53945b11caf DependenciesID=d943b96230965310fb36cc6dc53829a6 StaticDependenciesID=8bc1c9aa6f80cdef716b4be426f197a8 
Start importing Packages/com.unity.ugui/Tests/Runtime/UGUI/CanvasRenderer using Guid(a69b08936f9f74179ae333a4bebe7c54) (DefaultImporter) -> (Import Result ID: '65359bd6b5e6e10cc9cd1372d0135404') in 0.000112333 seconds [static dependencies only]. Details - ImportResultOutputID=50b0c02b2f427e95ffa27a50b56d6cef DependenciesID=a3626bc2da690d51a4d01b8778815fa1 StaticDependenciesID=fca536e2f327f62e4ea59bbf6b110ec8 
Start importing Packages/com.unity.testtools.codecoverage/Editor/CoverageFormats/OpenCover/Mono.Reflection using Guid(b6c4c078b09304bfeaae896e2e4ffa9e) (DefaultImporter) -> (Import Result ID: '03a48f3135de0c50302ba868505fc5f9') in 0.000121834 seconds [static dependencies only]. Details - ImportResultOutputID=35da10b08c688851d946b26a149390ce DependenciesID=3eaf755aadb613b48a8d1676e7d18e7b StaticDependenciesID=7195808feb2661991e2a59537a075d45 
Start importing Packages/com.unity.visualscripting/Editor/VisualScripting.Core/Inspection/Reflection using Guid(e6ed863584a0244939f99ef91a290603) (DefaultImporter) -> (Import Result ID: '84d168e6acf99245cd62b3358b133690') in 0.00010925 seconds [static dependencies only]. Details - ImportResultOutputID=fb508099f3130966a0de7c51fe9facb9 DependenciesID=f514cb4a088d11fcfae03a15dc06837e StaticDependenciesID=267d41a2607f2e38645f88dcbc6653c5 
Start importing Packages/com.unity.visualscripting/Editor/VisualScripting.Flow/Framework/Variables using Guid(4733f511b28bb48a3b2e651e645500b8) (DefaultImporter) -> (Import Result ID: 'edaf55f60f0cca454faeb5764795973e') in 0.000111625 seconds [static dependencies only]. Details - ImportResultOutputID=849b778b91285e5721f1ad8209eacbfc DependenciesID=cb43810e8b0b919393b3684bda132a54 StaticDependenciesID=76aeadcd799876e43fc199772ca0a698 
Start importing Packages/com.unity.visualscripting/Editor/VisualScripting.Core/Inspection/Root using Guid(77f7cba16116d46b5a8f4254da914ccc) (DefaultImporter) -> (Import Result ID: '59d43e9865be4f8be0312a7979b7c585') in 0.000109292 seconds [static dependencies only]. Details - ImportResultOutputID=66ad5e8f15eadce169f84bb80f75a933 DependenciesID=b7dab2c59ee07c6b743447ced65222aa StaticDependenciesID=93454a4f35b10143b845a01ac2ee1dc4 
Start importing Packages/com.unity.visualscripting/Editor/VisualScripting.Core/Interface/Fonts using Guid(871bb0d44e1764faea61b54f9cf6db4f) (DefaultImporter) -> (Import Result ID: 'fb15fdfb7c4f321b85bbca0077bec716') in 0.00010675 seconds [static dependencies only]. Details - ImportResultOutputID=9520ca0187d8ba0013b772972ccac9d0 DependenciesID=3a3dfbdb5891f3d86f686bf514674c08 StaticDependenciesID=f669907be1addcf94078984cbffcee9c 
Start importing Packages/com.unity.collab-proxy/Editor/Views/Merge/Developer using Guid(97b1b110b0cf5ec428f9553e02bb7c03) (DefaultImporter) -> (Import Result ID: '626bc4a1d04187385ccefe5626867ffd') in 0.000114375 seconds [static dependencies only]. Details - ImportResultOutputID=bc30b0ee24ee2643e8f61512e5391111 DependenciesID=371a9e62ca42bf1d2c8b3be289ea2a20 StaticDependenciesID=0caff013b6d243ca040d861c7ca3d1e5 
Start importing Packages/com.unity.ugui/Tests/Editor/UGUI/UI using Guid(e7689eda3a8b1a847a8b197dbe90d9a6) (DefaultImporter) -> (Import Result ID: 'f913f2e81a31a4176d82bb2344812ee5') in 0.000104791 seconds [static dependencies only]. Details - ImportResultOutputID=ea89c036b919678465a9d111c7b94092 DependenciesID=e35bbf043211013ad729a9ca95cb7820 StaticDependenciesID=1a83703b1241b7346fa47d38ff1c31f6 
Start importing Packages/com.unity.collab-proxy/Editor/Views/Merge/Gluon using Guid(184012b39edc5c7468c23f916818433e) (DefaultImporter) -> (Import Result ID: 'd596db0c3c755f425b43b9528b84c996') in 0.000104667 seconds [static dependencies only]. Details - ImportResultOutputID=46199d70a5cbb11707faaedb40f2d3db DependenciesID=3cfb24be71b8beebd56980f888e7495d StaticDependenciesID=fe953905e2fc5b4759cc90edf169c36d 
Start importing Packages/com.unity.visualscripting/Runtime/VisualScripting.Core/Serialization/Converters using Guid(283d955e2208d4ad5ab108cd26f8c25b) (DefaultImporter) -> (Import Result ID: '7b87a5d118e38f0dcfe0947da0c54c17') in 0.00010725 seconds [static dependencies only]. Details - ImportResultOutputID=999d24d4321dd3d6a8865e62f5630c6b DependenciesID=d1bb0b39d9cf95d986a34090c51579ba StaticDependenciesID=7d74d0dfdb7b6d586c76ff746d7d7819 
Start importing Packages/com.unity.inputsystem/InputSystem/Editor/UITKAssetEditor/PackageResources using Guid(7894838fa258e3a4197077ddbda0eec5) (DefaultImporter) -> (Import Result ID: '78b8a9dfefd1bd204125f04492c5b5d0') in 0.000107042 seconds [static dependencies only]. Details - ImportResultOutputID=712f42538323829a24ee4d140d005c5d DependenciesID=1a355ee2bebbbfa1861aaf16e1dd7835 StaticDependenciesID=8119bd3591eacba85ff42691bfec4d7a 
Start importing Packages/com.unity.ugui/Tests/Editor/UGUI/EventSystem using Guid(98d14ab1acf42df4f88a0561822ac807) (DefaultImporter) -> (Import Result ID: '55a77dc21e285c1ed0db611b693a9ee6') in 0.000106375 seconds [static dependencies only]. Details - ImportResultOutputID=d7d1d12b039d984dfc7b4bdb1611ee78 DependenciesID=1a154fb1eb300a58daae444362553459 StaticDependenciesID=348cb88f898fc12433f9841523c821ca 
Start importing Packages/com.unity.visualscripting/Runtime/VisualScripting.Flow/Framework/Graph using Guid(98334bb8cc7445e29e30f5b50c9fe53a) (DefaultImporter) -> (Import Result ID: 'daa36969b34a70397c4b2c8a0d491194') in 0.000108041 seconds [static dependencies only]. Details - ImportResultOutputID=7a8ef6bf14b0593fc5b1c23768106af3 DependenciesID=762aae00923bbb1c9fdb4e0c949f1a2b StaticDependenciesID=eea2f1950543319089f54ee2a0afae57 
Start importing Packages/com.unity.ugui/Tests/Editor/UGUI/Canvas using Guid(b86b117346968ac4d9cc63e4385becb7) (DefaultImporter) -> (Import Result ID: 'b9f69540f357f5f201819701b89d1ea4') in 0.000108208 seconds [static dependencies only]. Details - ImportResultOutputID=a58f5c1c75c9198b1d6861a620d9d4c5 DependenciesID=b4b2fb1f4bb13a0212228a2139ae41ce StaticDependenciesID=15dc62be1ec7c036ce2ff2d1fe0fd4ef 
Start importing Packages/com.unity.collab-proxy/Editor/Views/PendingChanges/Changelists using Guid(090403d21f0cddf46805f00282634419) (DefaultImporter) -> (Import Result ID: 'd0ebf66bf7fc8fd369586bb17c76c25a') in 0.000103959 seconds [static dependencies only]. Details - ImportResultOutputID=f1ef29f2c3a6bed6c7a910e21f94bfe7 DependenciesID=1cb885b363be640abac751b64f150beb StaticDependenciesID=7c556a0391c30219c54f5355a592e215 
Start importing Packages/com.unity.visualscripting/Runtime/VisualScripting.Core/EditorBinding/Inspector using Guid(193fa7c33c70d40c59275a970ac8eaf8) (DefaultImporter) -> (Import Result ID: '7a8e9c75a512b96839be396a332f966f') in 0.000107625 seconds [static dependencies only]. Details - ImportResultOutputID=aa1d65ea9f13d365e2d89e6c86d80ac9 DependenciesID=a71ea0380e5350868dee368b94140479 StaticDependenciesID=4ea6cac9e26b7991f4419bf21fe50124 
Start importing Packages/com.unity.visualscripting/Runtime/VisualScripting.Flow/Framework/Control using Guid(295db730a69ce4455861615708163352) (DefaultImporter) -> (Import Result ID: '6d40fc841d49d9ec580ca05efdd8a9aa') in 0.000110042 seconds [static dependencies only]. Details - ImportResultOutputID=5fe7c6b56a3e0593b9ebe0321b57498c DependenciesID=142f96ae328cebe3b2bfdabc719eee68 StaticDependenciesID=9dbc4aebe321b5dde0ee36a5234de5a5 
Start importing Packages/com.unity.test-framework/UnityEditor.TestRunner/TestRun/Tasks/Scene using Guid(692476ac695e7b74a8d9eabd48862009) (DefaultImporter) -> (Import Result ID: '44d0f09a7db472dc960f4b9e106b9e47') in 0.000113667 seconds [static dependencies only]. Details - ImportResultOutputID=b2ae14d94987e56e122eb8e5c8f24fec DependenciesID=ff9dd572f3efc9e77ace0b49e3f46066 StaticDependenciesID=3604ce2d9d55320480c4606b4b818092 
Start importing Packages/com.unity.visualscripting/Editor/VisualScripting.Core/Interface/Annotations using Guid(d930815aa4d314c73b7bceaaf5559e08) (DefaultImporter) -> (Import Result ID: '6a551c9a86905005224b0205f4b6761d') in 0.0001075 seconds [static dependencies only]. Details - ImportResultOutputID=e58580694ece3c969bad9cea90a1fc73 DependenciesID=97042f9623fc337ded478935d4bf9ce1 StaticDependenciesID=fe220f7d942928a6c4d268cc5f9c682a 
Start importing Packages/com.unity.visualscripting/Runtime/VisualScripting.Core/Dependencies/AssemblyQualifiedNameParser using Guid(d9533b5df35dc4eb1ae391f2b0f7fede) (DefaultImporter) -> (Import Result ID: '443bc4852621c7591a23760261108970') in 0.000107625 seconds [static dependencies only]. Details - ImportResultOutputID=1d2ebc9158097b7966193de49cbca969 DependenciesID=1d4451b645b2683b40b9af6ac38029ab StaticDependenciesID=d4b21c67f68937fff1efb7551c255cfd 
Start importing Packages/com.unity.test-framework/UnityEditor.TestRunner/TestRun/Tasks/Platform using Guid(d973b7805df545bdae3986ab72a6c2e8) (DefaultImporter) -> (Import Result ID: 'bddf373865e4928dd164ee9a0874c0b8') in 0.000105125 seconds [static dependencies only]. Details - ImportResultOutputID=4b07e9ee3a6f45d3b20c1e979fcb14e5 DependenciesID=8ffba4a3f6b17d4ca0bb8e82c9869ab6 StaticDependenciesID=5d7867fb1e937711fb48054e5b1e270c 
Start importing Packages/com.unity.ugui/Tests/Editor/UGUI/UnityEvent using Guid(e90cc37a5ccf4a44dbecc5b7172ec512) (DefaultImporter) -> (Import Result ID: 'aec40a2b54e2e9248069e3afef558f6d') in 0.00010275 seconds [static dependencies only]. Details - ImportResultOutputID=a58b26e3fa74887557e1fc25df9e2df2 DependenciesID=d6cff3e81787a89945e4f4c6a8dab24d StaticDependenciesID=d236f017a5b306e90980231944a66f26 
Start importing Packages/com.unity.collab-proxy/Editor/Views/PendingChanges/PendingMergeLinks using Guid(e91cd01ab44d05b4fabcebe1e4ce2ebe) (DefaultImporter) -> (Import Result ID: '962f5621503a576323726f46cf823c49') in 0.00010525 seconds [static dependencies only]. Details - ImportResultOutputID=984fb3058c69c74ba3065b23538dda5b DependenciesID=9d1aae65a82008fa537a1ef61e905121 StaticDependenciesID=fe5b32448420afe37610ec75d314f386 
Start importing Packages/com.unity.visualscripting/Editor/VisualScripting.Core/Plugin/Changelogs using Guid(e99ef42f2dc664abaa33403d1979699a) (DefaultImporter) -> (Import Result ID: 'de8cb0e65f799d1405c3c21cf746819c') in 0.000105625 seconds [static dependencies only]. Details - ImportResultOutputID=77479aaed95af603d245d6e2f3323004 DependenciesID=47395b5f452fb72096eff5d76117b512 StaticDependenciesID=b50f81040efa65348a4fda8a06d0fb2a 
Start importing Packages/com.unity.ugui/Tests/Runtime/UGUI/InputField using Guid(2a28c2fab6b1bb745a844ef6b908e7ee) (DefaultImporter) -> (Import Result ID: '5d149ace5be42519d154b075d4802858') in 0.000103959 seconds [static dependencies only]. Details - ImportResultOutputID=7bb28a73b1772f07b199a13a37dd45b4 DependenciesID=caf649635daa20f0ef692d7f2f383b1a StaticDependenciesID=edfdf8bec9ffda89428ee52399e7b7e2 
Start importing Packages/com.unity.collab-proxy/Editor/Views/Diff/Dialogs using Guid(3ac250bc549a212428286f328779be0e) (DefaultImporter) -> (Import Result ID: '7ef681cad8e7cef6797b2eec0c68672f') in 0.000106416 seconds [static dependencies only]. Details - ImportResultOutputID=e42ff8b2ea96e8b8167e8e0ae30533b9 DependenciesID=721ab768c1f471cec3fec71d34cf8b03 StaticDependenciesID=de3415d37b10fecb11949ac52c3e0d0e 
Start importing Packages/com.unity.visualscripting/Runtime/VisualScripting.Core/Listeners/UIInterfaces using Guid(5afcc60754c24fa39866d5a4fd95fcc1) (DefaultImporter) -> (Import Result ID: '722a1c385fe12f30181df7cf5819b41e') in 0.000106459 seconds [static dependencies only]. Details - ImportResultOutputID=8352b5cb8bcb75f19845dbe7a336c23d DependenciesID=8d52413834900cbcae3b97d76755443e StaticDependenciesID=ae6d9020319200e52e8c3e1922674af2 
Start importing Packages/com.unity.visualscripting/Editor/VisualScripting.Core/Inspection/Primitives using Guid(6a9fbaa15f2d040cc945c733922cb783) (DefaultImporter) -> (Import Result ID: '3cbdd92a64dca89caaa4fd5351db2204') in 0.000105167 seconds [static dependencies only]. Details - ImportResultOutputID=243726ccee1f9101495f209bfa632cef DependenciesID=e6ce18bf99168d3daccfc9ea6118dd17 StaticDependenciesID=6d64b1a4ed164d96593349fedd775ce6 
Start importing Packages/com.unity.inputsystem/InputSystem/Plugins/XR/Devices using Guid(7ada2e545c685b44a8367bdab267f0dc) (DefaultImporter) -> (Import Result ID: '9d1e06163f5706c09cb7ebad9e6d1326') in 0.00010475 seconds [static dependencies only]. Details - ImportResultOutputID=b80e52c703b699b81feab5ff2927785d DependenciesID=5f3f8536fc2d63d371e3f1d05d859792 StaticDependenciesID=a51bbdf69c07c110ccbe13ef2952e238 
Start importing Packages/com.unity.ugui/Tests/Runtime/UGUI/Canvas using Guid(9a3557da07c729b4eb774b8e30e157a4) (DefaultImporter) -> (Import Result ID: '728a41d2553f235c13893cb76f92a4f6') in 0.000106416 seconds [static dependencies only]. Details - ImportResultOutputID=5087cb9a3ac5fed9d0bfac7af182fa99 DependenciesID=06d4f28bae7111ed5ea8f634b43e0dd4 StaticDependenciesID=dc296daa83d06c03730199bcf8d853a4 
Start importing Packages/com.unity.ugui/Tests/Runtime/UGUI/Dropdown using Guid(bae197be297529d4fa735fbe7c91828d) (DefaultImporter) -> (Import Result ID: 'bd022d055f526834f5040735f3996019') in 0.000103084 seconds [static dependencies only]. Details - ImportResultOutputID=5fe54bd3d9490fd5f1acaca14470f0e2 DependenciesID=2f16304997026849f695ff09db971bdd StaticDependenciesID=ce3fef206791ac40ffc82e8fb47435cd 
Start importing Packages/com.unity.visualscripting/Editor/VisualScripting.Core/Interface/Fuzzy using Guid(ca61879ea313e4198a5fb28bcce7bdb4) (DefaultImporter) -> (Import Result ID: '4f8558dfa9143130f8c5949e23f41845') in 0.000110125 seconds [static dependencies only]. Details - ImportResultOutputID=7027185b1966d6a977233ffe068ea5b2 DependenciesID=f0944321742ea86169d1d27c3ab92766 StaticDependenciesID=8b8f07b513428254145a43fb70d1b285 
Start importing Packages/com.unity.visualscripting/Editor/VisualScripting.Core/Inspection/Other using Guid(da54b93a26c5a405a91f8f731988058b) (DefaultImporter) -> (Import Result ID: '87502c02b91fc0112d6b90def4b8d8a9') in 0.00010725 seconds [static dependencies only]. Details - ImportResultOutputID=fdcc0de6a5c9a729820989488428fbff DependenciesID=a2489ceb2d7f8d603ccdf6e9bcf1117c StaticDependenciesID=743578c5fc0d1c5d8deb234e2e3373b0 
Start importing Packages/com.unity.visualscripting/Runtime/VisualScripting.Flow/Dependencies/NCalc using Guid(fac4026eb26ea42c29c85fec8007face) (DefaultImporter) -> (Import Result ID: '8f3aa72c448beda4353d00d8e461ea96') in 0.000107584 seconds [static dependencies only]. Details - ImportResultOutputID=4b10a0c42797c996490c85cfa5adba7f DependenciesID=655472137cb92572e6ee670ad202ac80 StaticDependenciesID=45668fde8a2727d1e9ac5a2e1d724191 
Start importing Packages/com.unity.visualscripting/Editor/VisualScripting.Core/Interface/Dropdowns using Guid(fa5b88539fe81444bb2a9348cea36818) (DefaultImporter) -> (Import Result ID: '2e801871ce8e7098ab62de81d8b587df') in 0.000104834 seconds [static dependencies only]. Details - ImportResultOutputID=1c9717504c74c7b18624a1a6a37f9acb DependenciesID=6cd3b4c22b0e2c8217092be82c3f3789 StaticDependenciesID=8cbad4e145c2dc7088a5aec9b526ce59 
Start importing Packages/com.unity.visualscripting/Editor/VisualScripting.Flow/Plugin/Migrations using Guid(0bc0e8e6daf494df5a1d72287fa3a1ae) (DefaultImporter) -> (Import Result ID: '4653877b5f4c612420650f7c743cf2ab') in 0.000105542 seconds [static dependencies only]. Details - ImportResultOutputID=eb440ef2a7388c2cef4360775cf5ad34 DependenciesID=cf51f3609f34445ff13c6ac4c25ece06 StaticDependenciesID=4cd4b6741d215801674a1fd9783a267e 
Start importing Packages/com.unity.visualscripting/Editor/VisualScripting.State/Plugin/Migrations using Guid(0b1525bda7254587be55ddfe956a7b96) (DefaultImporter) -> (Import Result ID: '75dcf3010abe70484eae8886928b3221') in 0.000105542 seconds [static dependencies only]. Details - ImportResultOutputID=68bc081791169d984cc2c1f91846a157 DependenciesID=e683f9b1de0803791595b883be09ead6 StaticDependenciesID=f9ac790f1962fc88346680a3f4c36391 
Start importing Packages/com.unity.visualscripting/Runtime/VisualScripting.Flow/Framework/Logic using Guid(1b5cf8905f3354973b2e6c96dd67a425) (DefaultImporter) -> (Import Result ID: '30a93df2af04147b5a9ede4fed1ac13a') in 0.0001075 seconds [static dependencies only]. Details - ImportResultOutputID=d371a835abc3f6c85649037e6f8dc492 DependenciesID=11be5d026759cde8597fdd520aec2789 StaticDependenciesID=ce55838c31a1d524114d89cef2a2c57e 
Start importing Packages/com.unity.ugui/Tests/Runtime/UGUI/MaskClipping using Guid(2bc8a181dfd9de24388de89bb8db7713) (DefaultImporter) -> (Import Result ID: '48015890605710417db9fe07cf7788c7') in 0.000103958 seconds [static dependencies only]. Details - ImportResultOutputID=3acde4fe734af03085eac59f2624c8cd DependenciesID=e79386481df45dfb90f692d92162d2e4 StaticDependenciesID=d9ab2cde871381c46f0d40df68cb2b36 
Start importing Packages/com.unity.visualscripting/Editor/VisualScripting.Core/Inspection/Special using Guid(3b3cfcfecab3b47f2b858c4bb5e3ae5e) (DefaultImporter) -> (Import Result ID: 'f6f846299661f9e7d222c4a5bbf1ff57') in 0.000115959 seconds [static dependencies only]. Details - ImportResultOutputID=89640b2476a14caaaeae7de56fe1232f DependenciesID=88fd1d69aa6f5964d9cffab853f50481 StaticDependenciesID=09e4549e1ee94c77e96f208c587ee667 
Start importing Packages/com.unity.visualscripting/Runtime/VisualScripting.Flow/Framework/Collections using Guid(3b0d8ccc2f7184e87956a482fb08d49b) (DefaultImporter) -> (Import Result ID: 'af99bde220845e0ee0fb1ad8b7b86373') in 0.000106875 seconds [static dependencies only]. Details - ImportResultOutputID=55664f79918e6b2ae90bc1f4798b04e5 DependenciesID=08639766ef888e9d7d404360ea0c4bef StaticDependenciesID=c3cc17c2955a4063296456b6bdf58d97 
Start importing Packages/com.unity.inputsystem/InputSystem/Editor/ControlPicker/Layouts using Guid(5b630b769a2a8aa499ce2d2093f40500) (DefaultImporter) -> (Import Result ID: 'fecb7a7f7ec639ab857c5ceadd10e3c2') in 0.000106334 seconds [static dependencies only]. Details - ImportResultOutputID=6cfe0d656fde44c1c572f8d72e56b8bd DependenciesID=2ea482db162b34e697ec43e1ebf4d460 StaticDependenciesID=456cea1a66a6acd93de83ab10fe0ea8d 
Start importing Packages/com.unity.visualscripting/Editor/VisualScripting.Flow/Framework/Codebase using Guid(8bacd8e244a98460fb44204788e98cf4) (DefaultImporter) -> (Import Result ID: '99e3f984e660767418fe18c86bb8f8f0') in 0.000115584 seconds [static dependencies only]. Details - ImportResultOutputID=d26b73a6aaac076f68876ec61a5c83f9 DependenciesID=ff5221cf48239d46d377d6a8ab942c54 StaticDependenciesID=a6e80404ff5b409e8733c8e4090556bb 
Start importing Packages/com.unity.ugui/Tests/Runtime/UGUI/ScrollRect using Guid(9bedab6f9886aee42b33e424bffdb640) (DefaultImporter) -> (Import Result ID: '6b17e4f28cb36bc6e32154ad73d0f179') in 0.000107375 seconds [static dependencies only]. Details - ImportResultOutputID=f6d091833965e59c379f9afc60f5e026 DependenciesID=20c3867a4e0b9bedf26271e4b266ee65 StaticDependenciesID=4fd179a782252b6555ee75eb69ee62f2 
Start importing Packages/com.unity.ugui/Tests/Runtime/UGUI/EventSystem using Guid(ab93e1a81defc3243a6e9cd0df3cb443) (DefaultImporter) -> (Import Result ID: 'd1c3af011f33fc2d6a340510e2723cfc') in 0.000104625 seconds [static dependencies only]. Details - ImportResultOutputID=504cc597dbae328b0c0575b0aca0e92c DependenciesID=da3b0c69d82ce72c6a3494c259d2cd3c StaticDependenciesID=1371a544340d12847c2c21b14204a406 
Start importing Packages/com.unity.ugui/Tests/Runtime/UGUI/RawImage using Guid(eb7e44c5cec24463ab95d52834898a3b) (DefaultImporter) -> (Import Result ID: 'd2bca0f09c5734ff2c3f8434b79d9fba') in 0.000108125 seconds [static dependencies only]. Details - ImportResultOutputID=2961006c53e044ef228f91cde6e09c83 DependenciesID=8d856df171549b60646bd3b46097fccc StaticDependenciesID=26db2fb1cfe384b20e81d123297e9da6 
Start importing Packages/com.unity.visualscripting/Runtime/VisualScripting.Core/Listeners/UI using Guid(2c39f18f7f0743f5a9868cd04710836f) (DefaultImporter) -> (Import Result ID: 'd8b21f58f56648077b708d067b26d0b8') in 0.000108333 seconds [static dependencies only]. Details - ImportResultOutputID=235a4239b10d332f1d0abeae1d1cf276 DependenciesID=a6c37540803c1170f59b5a1828b23bdd StaticDependenciesID=355aade0ebed1bd55427d5ac471c7165 
Start importing Packages/com.unity.ugui/Tests/Editor/UGUI/Slider using Guid(4cfe5ade9a1375e40aed87618b92bd12) (DefaultImporter) -> (Import Result ID: '9fc7a5888ab07b39777bf512f1bd2104') in 0.000112375 seconds [static dependencies only]. Details - ImportResultOutputID=b040acdb2ce653defab8301740699d27 DependenciesID=ef203762e0e8335354b29ae74ffce2db StaticDependenciesID=506dca5a6573f527871662e371db399b 
Start importing Packages/com.unity.inputsystem/InputSystem/Editor/Internal/AdvancedDropdown using Guid(5cdea6ae28e4a4b6ca0bb7506f88764c) (DefaultImporter) -> (Import Result ID: '20540e51e26639ae921a29a2475bcb92') in 0.000111208 seconds [static dependencies only]. Details - ImportResultOutputID=9726c044aacf92cb7056d8f27c5160ca DependenciesID=01eca65b7c8fc939e5e5e3f06d557b01 StaticDependenciesID=e849f8f3ac3080bf1fb621c1d42e6e24 
Start importing Packages/com.unity.visualscripting/Editor/VisualScripting.Core/Dependencies/DotNetZip using Guid(7cd58b9bfbae54e3ca6f21748b8474fb) (DefaultImporter) -> (Import Result ID: '73f2f3fcfc3c10ae95590e88ca3f581a') in 0.000117708 seconds [static dependencies only]. Details - ImportResultOutputID=e3a4fc34dc6148a0ad389f16e7202cda DependenciesID=661f79261e2a06bd0c3126e46fa1a664 StaticDependenciesID=aec58c35e80159c6fe8b7b6586904f06 
Start importing Packages/com.unity.visualscripting/Editor/VisualScripting.Core/Widgets/Nodes using Guid(8c8b5a1b6b06541849101ec598e0d2dd) (DefaultImporter) -> (Import Result ID: '7d1a4a8090da066307a9f87d14f8f735') in 0.000119125 seconds [static dependencies only]. Details - ImportResultOutputID=6cf9017c3a94e011feb5197369205e2c DependenciesID=ec6c50be9380a3702516ac50a4d6fd6f StaticDependenciesID=04b93d68c4e722e1d46234cc9840190c 
Start importing Packages/com.unity.visualscripting/Editor/VisualScripting.Core/Dependencies/SQLite using Guid(8cae937a9ee604987a953d6fa7b46919) (DefaultImporter) -> (Import Result ID: 'd034e836d7e175cb28c82d6befd1eb46') in 0.000109958 seconds [static dependencies only]. Details - ImportResultOutputID=445c9b3ecc35be094164715936ae5369 DependenciesID=54d3ef6e47218284f88da9c08e7863ac StaticDependenciesID=31ead5a74308b774e91e447e3453b5ef 
Start importing Packages/com.unity.visualscripting/Editor/VisualScripting.Core/Dependencies/Assemblies using Guid(9c067f8a1273d414a81e4032509b0ae9) (DefaultImporter) -> (Import Result ID: '2ff4b3ed65376af42a80c0a7b39fd31d') in 0.000116667 seconds [static dependencies only]. Details - ImportResultOutputID=7c7076628dceaa9406cadde1ad115c03 DependenciesID=d6a590d7967fa3cdba2f99720683605d StaticDependenciesID=04bd494cb962defd26784f74d6bcb05e 
Start importing Packages/com.unity.testtools.codecoverage/Editor/CoverageFormats/OpenCover/Model using Guid(9c2ede2081f2f4c45a6f7f4c92e3a735) (DefaultImporter) -> (Import Result ID: '541f9f3f6622cddd2c5e101973f881ee') in 0.000120583 seconds [static dependencies only]. Details - ImportResultOutputID=b89d9b05b12749a01e4896477ed2b9ad DependenciesID=5309a733e82974cd1c492e0918307af6 StaticDependenciesID=983d113061ebb4af53ef056ae624db65 
Start importing Packages/com.unity.visualscripting/Editor/VisualScripting.State/Plugin/Changelogs using Guid(ac1f64ab829894a92a9a4727bbee1721) (DefaultImporter) -> (Import Result ID: '504f70402f1a9901fb47b90405b77cc9') in 0.000117375 seconds [static dependencies only]. Details - ImportResultOutputID=5b2b9d0a22f758905277c01b1a9b2aee DependenciesID=294093b3318980a1e9fcce76d47dabd2 StaticDependenciesID=90bccdda5ffbf2486c2c035a5827c055 
Start importing Packages/com.unity.ugui/Editor/UGUI/UI/PropertyDrawers using Guid(bc9aa6d5a7945f34882c442e9e201537) (DefaultImporter) -> (Import Result ID: '06dc84f63dd9f4fce5966d39efc6530d') in 0.000122834 seconds [static dependencies only]. Details - ImportResultOutputID=00c4fe6939a5d0c6a9274dc1196d1ae7 DependenciesID=e550e4d79caefab155dd45995d0b1f70 StaticDependenciesID=eefcc5c12a54181116b3ddf286da3476 
Start importing Packages/com.unity.ugui/Tests/Runtime/UGUI/Layout using Guid(cc313cc004395df4a9884390556690a5) (DefaultImporter) -> (Import Result ID: '79975958eb32eeb261bc0eec0968bf52') in 0.000111334 seconds [static dependencies only]. Details - ImportResultOutputID=280c775cda03c7503bcdfca2af0126e6 DependenciesID=9e5da9981a204ea40d17394f7b651c6f StaticDependenciesID=0dc6e17b925f01bd5dbef26166d17979 
Start importing Packages/com.unity.test-framework/UnityEditor.TestRunner/TestRun/Tasks/Events using Guid(cca5935142d6c754f9ecdce1294f7079) (DefaultImporter) -> (Import Result ID: '537b2c6b3d5e2c3e2e6a95d57a2ab732') in 0.0001205 seconds [static dependencies only]. Details - ImportResultOutputID=7753be1fc1216fad74edccc11ffae5f2 DependenciesID=f55622fc9baa757bc6b3601f6197b456 StaticDependenciesID=22b8c9e14ed645a8a42096c91b57ba10 
Start importing Packages/com.unity.visualscripting/Editor/VisualScripting.Flow/Framework/Time using Guid(1dc330b52fbf34ea0aea313001203712) (DefaultImporter) -> (Import Result ID: '3008fb7354c62604d16688a8e1484a60') in 0.000115375 seconds [static dependencies only]. Details - ImportResultOutputID=42056b867c661f2414fed26f037e4be9 DependenciesID=e1b08961da8721a33597f752ab8113b8 StaticDependenciesID=b31ffece881e8874ba874aeb51b6deb7 
Start importing Packages/com.unity.inputsystem/InputSystem/Editor/UITKAssetEditor/Views using Guid(2db76e4ad9537964994bd20263e1c379) (DefaultImporter) -> (Import Result ID: 'a5c257bb53824cb644291c61b9eb5d6a') in 0.000108958 seconds [static dependencies only]. Details - ImportResultOutputID=23e18c336d962a9f092d6f5bb41e7237 DependenciesID=8276dacb8e5f099cedd4f0ae43d81277 StaticDependenciesID=a62c7b412e14c23ccf78f3254fa96e7a 
Start importing Packages/com.unity.ugui/Tests/Runtime/UGUI/LayoutGroup using Guid(2d9b6ff056b6f484ba6500aa8e06bcf3) (DefaultImporter) -> (Import Result ID: '3f63c7c9ec344712ff2ac5e68f787f69') in 0.000108292 seconds [static dependencies only]. Details - ImportResultOutputID=9f408e66f4ab959c5070133db68a5f11 DependenciesID=8639417f878b0fc8045071fc588c9ef4 StaticDependenciesID=d5499d7afcd0da18513950e8922753a5 
Start importing Packages/com.unity.ugui/Runtime/UGUI/EventSystem/UIElements using Guid(5dc64c943466a44498be3b620c743b45) (DefaultImporter) -> (Import Result ID: '8e3fcef29879db14e6397b0369c44a6f') in 0.00011125 seconds [static dependencies only]. Details - ImportResultOutputID=efa911328bd0759159469d8ab9426ca2 DependenciesID=4838f245c7e1d3c933e034b68da2fa65 StaticDependenciesID=cf6168e760149196d79dabc7362fcbf1 
Start importing Packages/com.unity.inputsystem/InputSystem/Editor/AssetEditor/PackageResources using Guid(ad61ded360bb0784b9301188fc603d6d) (DefaultImporter) -> (Import Result ID: 'fc59bf7dd5794bf03c611fdf32b68e5e') in 0.000112041 seconds [static dependencies only]. Details - ImportResultOutputID=1cadd7eb58ef4ad3e57706cfb9107b3d DependenciesID=e766f31ecb2d92d9662d6e30ca5d39bf StaticDependenciesID=1fd938f57ffd70d1152a116229a6901e 
Start importing Packages/com.unity.visualscripting/Editor/VisualScripting.Core/Interface/Licenses using Guid(cd5a03b8be51145d4b86df3d086aff76) (DefaultImporter) -> (Import Result ID: '2541431431f42fa3be06167ddebd4258') in 0.000108042 seconds [static dependencies only]. Details - ImportResultOutputID=ec2901ae3ed8a3fc370c9afd17222833 DependenciesID=ffc4ff383fbacf753e895d007541cd1d StaticDependenciesID=3045c474bd90980649604ce1ca456828 
Start importing Packages/com.unity.collab-proxy/Editor/Views/PendingChanges/Dialogs using Guid(6e70bba63d1604ffb90a65601cb8abae) (DefaultImporter) -> (Import Result ID: '1ce5549e439a7dd5a69820ec5f94be29') in 0.000116542 seconds [static dependencies only]. Details - ImportResultOutputID=0187f775bc8bbe59d9f585b6bbb259ef DependenciesID=9207b97034104ef81b9f99e200bee636 StaticDependenciesID=e07703e8b5696281cae1d3a4702c19a1 
Start importing Packages/com.unity.visualscripting/Editor/VisualScripting.Core/Interface/Colors using Guid(6e961785e582b4915986db20c2c596ea) (DefaultImporter) -> (Import Result ID: '4303f7d7c4c2ee598f212a5b16acd497') in 0.000108291 seconds [static dependencies only]. Details - ImportResultOutputID=938b854ef0f32b2c258d6539b80495aa DependenciesID=dc7761a8e7138345ed976474f4917e1a StaticDependenciesID=e2c8935e904887814d65caaeeeb760bb 
Start importing Packages/com.unity.ugui/Runtime/UGUI/EventSystem/InputModules using Guid(8e78f8a8575e4a04f8337a54e241cdc5) (DefaultImporter) -> (Import Result ID: '1c8fb42076aaf749a2b527333caf73fd') in 0.000106708 seconds [static dependencies only]. Details - ImportResultOutputID=9e59e92f53bdf076c4f1f5fd676b9fa3 DependenciesID=c3692bd2a2798201723fd9ffbab4d470 StaticDependenciesID=6ce20152e65db7676a885f6a4a41bf38 
Start importing Packages/com.unity.visualscripting/Editor/VisualScripting.Core/Windows/UpdateWizard using Guid(9e6a387d0884c4a498f92e10b75a4868) (DefaultImporter) -> (Import Result ID: 'f81e5298ecb216cbf7778ea745235a87') in 0.000111459 seconds [static dependencies only]. Details - ImportResultOutputID=bd5d8bc218a2d73928b3000f7ee74cba DependenciesID=d4c289367ee637bd32be7a2336e8870f StaticDependenciesID=7079ebf47a58d1db7dbbb08b383bab94 
Start importing Packages/com.unity.ugui/Tests/Editor/UGUI/CanvasRenderer using Guid(ae242449e9279d44789513b922d3178a) (DefaultImporter) -> (Import Result ID: '50f603c76e72f0fc69cd25acd56e0de2') in 0.0001135 seconds [static dependencies only]. Details - ImportResultOutputID=caf0d2df4c33e16307955b8d0f865461 DependenciesID=35173c8644ee06a61f4773609cebdb3c StaticDependenciesID=addc01ace8fc1de12d5a44ed76c0bf7a 
Start importing Packages/com.unity.visualscripting/Editor/VisualScripting.Core/Windows/GeneratePropertyProvidersWindow using Guid(ce9b394fa99e54d76a3ab4162fa76d54) (DefaultImporter) -> (Import Result ID: '666da712b3cff65060895457d988e52c') in 0.000113333 seconds [static dependencies only]. Details - ImportResultOutputID=2d2d961a59ea52a8b379afcf72a6c802 DependenciesID=e808b3b9d60e151c21f8a73d804a00f8 StaticDependenciesID=df908a8784524eb4ac6e1a0ebb77dc94 
Start importing Packages/com.unity.collab-proxy/Editor/Views/CreateWorkspace/Dialogs using Guid(cecb087091caedf48adcc1cd3b0ebd6d) (DefaultImporter) -> (Import Result ID: '3bc58c9fe76ad268143b0f67da2feadd') in 0.00010425 seconds [static dependencies only]. Details - ImportResultOutputID=b8abc32635168645ec0f05aab8ca726b DependenciesID=d29a853a337baa39b19f79707634c1b2 StaticDependenciesID=214aaa68fc6f409cdab1cf2e52710c05 
Start importing Packages/com.unity.visualscripting/Editor/VisualScripting.Core/Windows/Sidebars using Guid(dea5b0eb666584f3382f80a2a824f446) (DefaultImporter) -> (Import Result ID: '09e33219da1fbcb605635bdd0727d26e') in 0.000109542 seconds [static dependencies only]. Details - ImportResultOutputID=bf303c25e7ed5c42e1659eff1da16acf DependenciesID=b22da20348b4cfc202c0fd1cf32dc9f1 StaticDependenciesID=02a16b1cad92a5241e4f0667026db63d 
Start importing Packages/com.unity.visualscripting/Runtime/VisualScripting.Core/Dependencies/FullSerializer using Guid(febf30edd777246c5afbf74d55f387d7) (DefaultImporter) -> (Import Result ID: '28d1bf529302baffcc408196de06090d') in 0.000106333 seconds [static dependencies only]. Details - ImportResultOutputID=2a3c408b41705c766dd717b592ed688a DependenciesID=18484cc72b465dafca3f2086bfbed6d9 StaticDependenciesID=602a9392e673a6f8d553d93175809554 
Start importing Packages/com.unity.ugui/Tests/Editor/UGUI/Dropdown using Guid(1f71aeacc4a9f1a40b22a1a590331f6b) (DefaultImporter) -> (Import Result ID: '33155e024c061c7a5179192b156a5c4f') in 0.000106625 seconds [static dependencies only]. Details - ImportResultOutputID=71c5e11c51b3486adeede36e294f35b6 DependenciesID=8943f580a30fd256de67637246ec3036 StaticDependenciesID=fd95686efb4dbb162f06fdc101ce4100 
Start importing Packages/com.unity.ugui/Tests/Editor/UGUI/Text using Guid(4f9ac6e545d53f94b9f09c85b9576f36) (DefaultImporter) -> (Import Result ID: 'd836c8550e51ec3bb60206b32b80c942') in 0.000106458 seconds [static dependencies only]. Details - ImportResultOutputID=a1df4aac1f974c8ebad9d441b9249e77 DependenciesID=bd6c13e9561a3f3186071acd4f016484 StaticDependenciesID=f0d4141e4cb657819668cca72694317c 
Start importing Packages/com.unity.visualscripting/Editor/VisualScripting.Flow/Framework/Control using Guid(7fa0110038ac741958220c7ffa78ba9a) (DefaultImporter) -> (Import Result ID: 'b558ff3349eb799336bfe9ecefc62a17') in 0.000106916 seconds [static dependencies only]. Details - ImportResultOutputID=7d6ee58c9a3e01a377cdc6afb8df1abb DependenciesID=a3f6b8e75d6d41a968716c784ff97f87 StaticDependenciesID=d66494a04e6b5e75c53b6951e0e21528 
Start importing Packages/com.unity.visualscripting/Runtime/VisualScripting.Core/Ensure/Extensions using Guid(9f69b51c7e4bf47d6bfa7b05c1e192f7) (DefaultImporter) -> (Import Result ID: 'dec16ea768d6b34bbb30e25f71f19384') in 0.000106458 seconds [static dependencies only]. Details - ImportResultOutputID=ca730055b554adf7fd7a27e075682398 DependenciesID=e7174356ae8485b4ba4be9dda6124a8e StaticDependenciesID=7d98140f7e1350a267f6d9a6e0c63b54 
Start importing Packages/com.unity.ugui/Tests/Runtime/UGUI/Util using Guid(af30a361ab68260438b6ec3fb7e64500) (DefaultImporter) -> (Import Result ID: '8a8c7404eedb047bec76e0622e31eaba') in 0.000103875 seconds [static dependencies only]. Details - ImportResultOutputID=3e464ebb433ee7a40cfb80463da567a5 DependenciesID=d76aba6454acdf37478588eb5ba78f22 StaticDependenciesID=e84d7b4affe3e1f300bb2402259bc5be 
Start importing Packages/com.unity.visualscripting/Runtime/VisualScripting.Flow/Framework/Events using Guid(cfdd0e61e391c49e0a7ae3616510e7e8) (DefaultImporter) -> (Import Result ID: 'e99cd0889b2327402be4c3296045111b') in 0.000105667 seconds [static dependencies only]. Details - ImportResultOutputID=f5704047f4205c68c1ca6c80e61c3924 DependenciesID=8e944b45b39681bd849230ad7a3df29c StaticDependenciesID=ca3b7caeff74e64d5439ce21d84cecb0 
Start importing Packages/com.unity.ugui/Tests/Runtime/UGUI/NestedLayout using Guid(efad3ddb7270ac241b9b1357ec5ee2f2) (DefaultImporter) -> (Import Result ID: '9b1209fc3cc01f8cb9cc759d5b6bfb82') in 0.000102208 seconds [static dependencies only]. Details - ImportResultOutputID=95a7d2deeae4154c8910a994a634fb0e DependenciesID=f00f9270e06119686f2d7c177a109cc0 StaticDependenciesID=62e4a5db8e3e611105f2fef1344449f9 
Start importing Packages/com.unity.visualscripting/Runtime/VisualScripting.Flow/Framework/Math/Vector2 using Guid(50e5988621f6449898f4d88ce6841c21) (DefaultImporter) -> (Import Result ID: '8973919a97942309102a49b0999751c0') in 0.000109084 seconds [static dependencies only]. Details - ImportResultOutputID=f36e1930b60864b0e0734cc011b4f3fd DependenciesID=87f1fbbdfcc59d3814501feadb66d39d StaticDependenciesID=77cca94da4d29d71503135835e270199 
Start importing Packages/com.unity.visualscripting/Editor/VisualScripting.Core/Dependencies/Assemblies/WINx64 using Guid(51651ecece87bbe46b6b4c9574de00e3) (DefaultImporter) -> (Import Result ID: '3234dc7c833f8c3347c0b43245eb076d') in 0.000130916 seconds [static dependencies only]. Details - ImportResultOutputID=bcc7ba4b7e26c031e6bf137d8066b7ef DependenciesID=a6962fa363b02c0bd056a32960d08f4b StaticDependenciesID=1fde2acfee212fd5032667cd74be69de 
Start importing Packages/com.unity.visualscripting/Editor/VisualScripting.Flow/Framework/Variables/Obsolete using Guid(51cfb7de5f5e440b5bef2d44350468ac) (DefaultImporter) -> (Import Result ID: '463a6f02dc9ba0f757fe1b0e79fcd41e') in 0.0001265 seconds [static dependencies only]. Details - ImportResultOutputID=11c78869064ddeb69c163ac495243a5c DependenciesID=9fcb6eedf36a4b7b3ba8ae53c2c6b5f2 StaticDependenciesID=8249fec79bbcfa417ec2569ab7bed32c 
Start importing Packages/com.unity.visualscripting/Runtime/VisualScripting.Flow/Framework/Math/Vector4 using Guid(3242e6d647d3448178b0b1397aa8e4a9) (DefaultImporter) -> (Import Result ID: '19b3bc663c6f2cd6cb4a9cc1d5e18e33') in 0.000115167 seconds [static dependencies only]. Details - ImportResultOutputID=eea2b9a4eff2db4828b6e2eb7b69bd9e DependenciesID=78aba360d0d25d605dcea7809b801316 StaticDependenciesID=d067b453687a407221a9f31b9cee003b 
Start importing Packages/com.unity.visualscripting/Runtime/VisualScripting.Flow/Framework/Events/Physics using Guid(037e7593ac7294eb7845d91bb73b20f4) (DefaultImporter) -> (Import Result ID: 'fe88406fad493b63daf854f48527fae2') in 0.0001085 seconds [static dependencies only]. Details - ImportResultOutputID=beedab4514d80d46b08c118b8f1ccd63 DependenciesID=998b60ca0f775156b30e3a3204986b73 StaticDependenciesID=8cedf4561d5bc5dbf230b019290bd9da 
Start importing Packages/com.unity.visualscripting/Editor/VisualScripting.Core/Dependencies/ReorderableList/ElementAdderMenu using Guid(a3acef7d15db64e8798153e7600b5bc2) (DefaultImporter) -> (Import Result ID: '802089618c98f48320a17d65c76c7b71') in 0.000106708 seconds [static dependencies only]. Details - ImportResultOutputID=950afb4eacfb521a3fd903bb201efa08 DependenciesID=6ef7e6b0346eea27148c415da92711e5 StaticDependenciesID=6fae9eae4bb1858ea34ab5a902a9e9fd 
Start importing Packages/com.unity.visualscripting/Editor/VisualScripting.Core/Plugin/Changelogs/LegacyLudiqCore using Guid(b355d4dd6af14440fa93b47e2075e485) (DefaultImporter) -> (Import Result ID: 'c7a1211763b5b0414b682aa61a33eb40') in 0.000107041 seconds [static dependencies only]. Details - ImportResultOutputID=f3c72d8998359a6e5a38e73bfe25f9b6 DependenciesID=4e5844b90ab6f2006ab69660d138ff7e StaticDependenciesID=79059e2bb3e6cd5c730e82c605f0caa1 
Start importing Packages/com.unity.visualscripting/Runtime/VisualScripting.Flow/Framework/Math/Scalar using Guid(f38e841c0fbf340d2a3cc021bf487c71) (DefaultImporter) -> (Import Result ID: '30f4ecad8b2d1478c38a0e0c458c0c6b') in 0.0001055 seconds [static dependencies only]. Details - ImportResultOutputID=b6954abe10e6dce2fc2083a100afd406 DependenciesID=39193dcf5fc1fe69ee7930aee6b38b9c StaticDependenciesID=969752f03ce597cdb74e796bddb231c9 
Start importing Packages/com.unity.ugui/Tests/Editor/UGUI/UI/PropertyDrawers using Guid(24333a116497b144f9782b1160984b57) (DefaultImporter) -> (Import Result ID: '7cedf3f3990a9f41f2af31754f1543f7') in 0.00010425 seconds [static dependencies only]. Details - ImportResultOutputID=0ae135196dc961876c4fb35080855c4c DependenciesID=ee7acbab8ee65571b2603f2e5d1a6eac StaticDependenciesID=fe3c49ab92de55f45b600587a30d0635 
Start importing Packages/com.unity.visualscripting/Runtime/VisualScripting.Flow/Framework/Events/GUI using Guid(651dc128fc72346d9b1cfedd6996f3ac) (DefaultImporter) -> (Import Result ID: '46a05fef7d4a702233bef0976835c404') in 0.00010525 seconds [static dependencies only]. Details - ImportResultOutputID=6896ccae51ebec319391c8946ddadcd7 DependenciesID=3919b3087af3d900f55d3c1c25db4254 StaticDependenciesID=d876abaeb11b5aaabb3a9ad0c968c066 
Start importing Packages/com.unity.inputsystem/InputSystem/Editor/AssetEditor/PackageResources/personal using Guid(95391b99439094c00a105cd26ba61b1b) (DefaultImporter) -> (Import Result ID: '4e1355c1abdc2ed1315882294f309474') in 0.00010575 seconds [static dependencies only]. Details - ImportResultOutputID=9279e0cced6e7343c42be14a543e5b80 DependenciesID=d75c69b4fe75ccda79486c5b85fb05fe StaticDependenciesID=6bd5bec139ec052a9be88c566ad851c8 
Start importing Packages/com.unity.visualscripting/Runtime/VisualScripting.Flow/Framework/Events/Physics2D using Guid(16e691f00ebfa4a6db763bf2e94ab07c) (DefaultImporter) -> (Import Result ID: 'c421c78c5a333df7a319df55c27cab79') in 0.000109209 seconds [static dependencies only]. Details - ImportResultOutputID=5c160aa2d82e319afcbc7a50922e9f67 DependenciesID=678736cb16466342acea36c377321995 StaticDependenciesID=47a7c355b057993de95886057efc134e 
Start importing Packages/com.unity.visualscripting/Runtime/VisualScripting.Flow/Framework/Events/Animation using Guid(76aa07459e97e401d8d9fb266cb41ff9) (DefaultImporter) -> (Import Result ID: 'a596a139ac19684e72e6b22db05dae62') in 0.000110417 seconds [static dependencies only]. Details - ImportResultOutputID=dcb6b35aa1ba8a51b6b398d74c4c426d DependenciesID=b0a0430af344f570ae347c817c8e617f StaticDependenciesID=e856b5adc145e3a4696503fd56ede6ac 
Start importing Packages/com.unity.ugui/Runtime/UGUI/UI/Core/Utility using Guid(d63dd1a776d383248a21ec2a8a6e7868) (DefaultImporter) -> (Import Result ID: 'e4a3041c7a2d121cb8ad073769add8d1') in 0.000105916 seconds [static dependencies only]. Details - ImportResultOutputID=51f2dff1529f589d11de549e4de02114 DependenciesID=28cfd81c790f42ec77a88e4619641956 StaticDependenciesID=00dee47944070b1be5026f4881319515 
Start importing Packages/com.unity.ugui/Runtime/UGUI/UI/Core/Culling using Guid(27ed3e221887b3544bd9d6505d4a789f) (DefaultImporter) -> (Import Result ID: 'a9c79b26f9fdce60950a21280e90d313') in 0.000104708 seconds [static dependencies only]. Details - ImportResultOutputID=0ad7d611116b940ef07a7885f57543c0 DependenciesID=2741811fe998b72f90ca2b2856939f0f StaticDependenciesID=020ac5e216dc4ad12f5ea47f316bff38 
Start importing Packages/com.unity.visualscripting/Editor/VisualScripting.Core/Dependencies/ReorderableList/Internal using Guid(d7fde4fd12d424114ac46ee0b420be59) (DefaultImporter) -> (Import Result ID: 'd9b596ddb9e313e6317ae29371f14eb5') in 0.000105958 seconds [static dependencies only]. Details - ImportResultOutputID=73b0872f369d9cdcfec76c7e7f412537 DependenciesID=d4748e2b7ea30b3f3071022199fed821 StaticDependenciesID=dc72afa0ea48175a1d6dd23318bbbe5d 
Start importing Packages/com.unity.visualscripting/Runtime/VisualScripting.Flow/Framework/Events/Editor using Guid(38164072c56204142abecaf906e1fad4) (DefaultImporter) -> (Import Result ID: 'd70c834b23d830df345e24a60594e663') in 0.000105 seconds [static dependencies only]. Details - ImportResultOutputID=5b0a1328659adf2962ae916769a0a6d9 DependenciesID=7ff4a70748831e9c0df530220083af2c StaticDependenciesID=6ef4a73e93586fa94635af464637c245 
Start importing Packages/com.unity.visualscripting/Runtime/VisualScripting.Flow/Framework/Math/Vector3 using Guid(b8b94ff2cb93c4b64bd511710c7124a2) (DefaultImporter) -> (Import Result ID: 'f2c4a100e6cbfeb94f8cb0803518a2b1') in 0.000107542 seconds [static dependencies only]. Details - ImportResultOutputID=1afaf96f7b3b4c5fef2a4d7e5bb1d206 DependenciesID=7c705afd80691ab64c313c393404e9d4 StaticDependenciesID=00ac03b17579733c528ca42aebd8d562 
Start importing Packages/com.unity.visualscripting/Runtime/VisualScripting.Flow/Framework/Events/Time using Guid(b83b0271b4a104a5b8fd124115e1b15f) (DefaultImporter) -> (Import Result ID: 'a3a5849a0d94d28efa4573310aa7354e') in 0.000109584 seconds [static dependencies only]. Details - ImportResultOutputID=b1f8616e2ddfea673e228cbbbb0c1aca DependenciesID=2c5a60f9ae4c27a2226e9933a4320c5d StaticDependenciesID=41c614da4d625ca7147d66383b629e93 
Start importing Packages/com.unity.visualscripting/Runtime/VisualScripting.Flow/Framework/Events/Navigation using Guid(b8ac8dd9dd1c8423db2701d5bd6aeb00) (DefaultImporter) -> (Import Result ID: 'bb5755907798f17c23d022369e77c0a5') in 0.000105625 seconds [static dependencies only]. Details - ImportResultOutputID=7ca82287035c583c08359c6202599892 DependenciesID=63879cdc63839ec883b893b40ea28787 StaticDependenciesID=d4546129672538aa031f4d3d8c7561b3 
Start importing Packages/com.unity.visualscripting/Runtime/VisualScripting.Flow/Framework/Events/Rendering using Guid(f8eaf03840a934f5fa828ca5a0224c81) (DefaultImporter) -> (Import Result ID: '555109d389d394a6dbdf2aa84c47ab52') in 0.000102917 seconds [static dependencies only]. Details - ImportResultOutputID=d4d64260ecb0e6e9df7a28e41f249065 DependenciesID=1f7205907bb9c1a1727bcce0502c0877 StaticDependenciesID=f573c832d176e9600dea3279a6243c53 
Start importing Packages/com.unity.ugui/Runtime/UGUI/UI/Core/SpecializedCollections using Guid(f8ed4321a98682942b9980996131cf26) (DefaultImporter) -> (Import Result ID: '8dbb24b5ccca1d3ce9886f653bdf36e8') in 0.000107833 seconds [static dependencies only]. Details - ImportResultOutputID=470cd70b0d933d028c8b409137958007 DependenciesID=719fc79db736d3b0306208fcdfc3fc6d StaticDependenciesID=bf9b6e57968bc07f82db03bb06b41a7b 
Start importing Packages/com.unity.ugui/Runtime/UGUI/UI/Core/Layout using Guid(1999349e7f492c947bb6eb70f624382e) (DefaultImporter) -> (Import Result ID: 'c9567a4b3af800e5b1d9469b759c406c') in 0.000107917 seconds [static dependencies only]. Details - ImportResultOutputID=ef7e6a4365da9335662f8079efa1f3fe DependenciesID=d4bc8af7b7ffb0ccf0435e23e92e0056 StaticDependenciesID=4a641686efc92e0d3b86dccc3942ce17 
Start importing Packages/com.unity.visualscripting/Runtime/VisualScripting.Flow/Framework/Collections/Lists using Guid(595933039dbdb4e7ca040caec13d06de) (DefaultImporter) -> (Import Result ID: 'cb6f33ae64b026c8b9529663a31cf880') in 0.0001135 seconds [static dependencies only]. Details - ImportResultOutputID=166703e609004d54b7e207daf31ee2b6 DependenciesID=4eff34b8107e2b252e77639d1efffe5f StaticDependenciesID=3922541cd7ed893076eb911500a78c28 
Start importing Packages/com.unity.visualscripting/Runtime/VisualScripting.Core/Dependencies/FullSerializer/Converters using Guid(d987e9d47d9a848d181e7806e6c9013f) (DefaultImporter) -> (Import Result ID: '2a53d7943e6b6022a482074c289ab7fd') in 0.00010925 seconds [static dependencies only]. Details - ImportResultOutputID=e4bbf03d865166fd5706fe9510b74e75 DependenciesID=b83939aedeb19bfed9801bb4dddaf1ae StaticDependenciesID=2dff7827acbaa8a54da36b448ab934e7 
Start importing Packages/com.unity.visualscripting/Runtime/VisualScripting.Flow/Framework/Events/Input using Guid(e9d0cb75db03b44ebae978ba3dbcd6de) (DefaultImporter) -> (Import Result ID: '3178f1bf96b7cdd1b574ce5a9b1bfb5c') in 0.000116125 seconds [static dependencies only]. Details - ImportResultOutputID=1d94d86adf6b0efab8b4db66b6bbfc31 DependenciesID=a612bdc3efba675a17b5775f2400554e StaticDependenciesID=d9164d6a24178727c37ad07d928f3554 
Start importing Packages/com.unity.visualscripting/Runtime/VisualScripting.Flow/Framework/Variables/Obsolete using Guid(5acd3137a2b37451dad7253dd8c60d0d) (DefaultImporter) -> (Import Result ID: 'a3ff7c50a9b8a29507e2bb71d9f15c56') in 0.000116834 seconds [static dependencies only]. Details - ImportResultOutputID=60017b08e9c4bd1f6d01bca75d142396 DependenciesID=a7c2cb418fb3a7fba4579e5f0acd8a9c StaticDependenciesID=143b88f42ae61db0a3082b4e58501ce3 
Start importing Packages/com.unity.ugui/Tests/Runtime/UGUI/EventSystem/InputModuleTests using Guid(7a892c920c8ad2848b469ec9579c5219) (DefaultImporter) -> (Import Result ID: 'd7566b693acbb68e49ad5c4d29c0f809') in 0.000121334 seconds [static dependencies only]. Details - ImportResultOutputID=fa4a64487cae0f3c0fb19a59766a96b6 DependenciesID=88acae624bcce4b798dd21fa831e6c86 StaticDependenciesID=3b860232ff14db006971970f2b132c7c 
Start importing Packages/com.unity.visualscripting/Runtime/VisualScripting.Flow/Framework/Events/Hierarchy using Guid(ba6dc0659417f4e999f20101bcb1927f) (DefaultImporter) -> (Import Result ID: 'a0bb4338038180396ade8073ac0e2b1f') in 0.000111583 seconds [static dependencies only]. Details - ImportResultOutputID=7e5f39ab04872a8496ebfd8fa1a0b115 DependenciesID=d7fade0178c4c661bb0cb93b7cbdfc10 StaticDependenciesID=04ab2ff601900601c2f94896e2ecfb22 
Start importing Packages/com.unity.visualscripting/Editor/VisualScripting.Core/Dependencies/Assemblies/WINARM64 using Guid(4bc570abe77b73e429f529fb23f1b8d3) (DefaultImporter) -> (Import Result ID: '74f0366294947c7feb40fe2e3b4cbf79') in 0.000117 seconds [static dependencies only]. Details - ImportResultOutputID=abf3016668d38e153920ff1521b42029 DependenciesID=42fafa52bf82a01d824440af3ee8b3e6 StaticDependenciesID=65d02a435f6dfada18ab75eb082b9dea 
Start importing Packages/com.unity.collab-proxy/Editor/Views/Merge/Developer/DirectoryConflicts using Guid(5b3802c1581ef894d83aa9fcb7ace84c) (DefaultImporter) -> (Import Result ID: '8d74a47745c31f5c64c1b9b011307359') in 0.000122625 seconds [static dependencies only]. Details - ImportResultOutputID=6eefb6875c47a72421f3ab9d2b8d2d78 DependenciesID=c7a9d92a7f0661a1e3da241b0c38173c StaticDependenciesID=fa85c76a89eea1229eaf6d1916c93125 
Start importing Packages/com.unity.ugui/Runtime/UGUI/UI/Core/MaterialModifiers using Guid(7c6295db74da28645bf49db58b7c9c65) (DefaultImporter) -> (Import Result ID: '92be376c225a2eef7bc0f8047d47b0e3') in 0.000116833 seconds [static dependencies only]. Details - ImportResultOutputID=4fd69e60c642b2af740eae5155cd8b48 DependenciesID=b6aba3eca10081e0777812a596dc71a6 StaticDependenciesID=c2b35c560eae6d6fef286124403c7a23 
Start importing Packages/com.unity.visualscripting/Runtime/VisualScripting.Core/Dependencies/FullSerializer/Reflection using Guid(9ddd8c837d1c542b5aaf490022c44132) (DefaultImporter) -> (Import Result ID: 'e96f4d5371b46c6d433cb10e96ac85d1') in 0.000119 seconds [static dependencies only]. Details - ImportResultOutputID=90afb5f602b14bda1d19690adfb37ff9 DependenciesID=62133bc0a51e74d4b8ff4356e514639a StaticDependenciesID=5efe6cfb0e99a5e317be1f7e802a77fa 
Start importing Packages/com.unity.visualscripting/Runtime/VisualScripting.Flow/Framework/Events/Application using Guid(cd8236ae45f864b36b81fcc375c82fd6) (DefaultImporter) -> (Import Result ID: 'dbff1a2682f27ed96174c25f77a02fde') in 0.000118917 seconds [static dependencies only]. Details - ImportResultOutputID=999623928ba843ffec4e9ee1b1feab45 DependenciesID=65ff2b81476ad5cc93611816b2842cc7 StaticDependenciesID=76b143bcf5b4533c2da0601badc2b6b6 
Start importing Packages/com.unity.visualscripting/Runtime/VisualScripting.Core/Dependencies/FullSerializer/Internal using Guid(3ee33d080bf544382a0b3bb52e994713) (DefaultImporter) -> (Import Result ID: 'badb561a87c5f5fa45fbd4876aa9aee0') in 0.000115 seconds [static dependencies only]. Details - ImportResultOutputID=0002a57c77bd05d8d36c8a4027d49c1f DependenciesID=95dca89263171d003964f24612199239 StaticDependenciesID=b4e663fca2785182085094db63534eb3 
Start importing Packages/com.unity.visualscripting/Runtime/VisualScripting.Flow/Framework/Events/Lifecycle using Guid(4ea96049b8b3649878bcff741aada9df) (DefaultImporter) -> (Import Result ID: '19148bb6e7f8771cf568dc0ab8c2937d') in 0.000116167 seconds [static dependencies only]. Details - ImportResultOutputID=41f0402d50d88e748d3989caecdadce5 DependenciesID=0c657343e1096a36f29d33bde39dc977 StaticDependenciesID=eaae04a8967bd5f1ccf6b9c8e55e0a58 
Start importing Packages/com.unity.visualscripting/Runtime/VisualScripting.Flow/Framework/Math/Generic using Guid(9ea27efbe8c1b4ede9eda4df7f6c3898) (DefaultImporter) -> (Import Result ID: 'd00bbee49f2ca9496905ca4a04feda55') in 0.000107458 seconds [static dependencies only]. Details - ImportResultOutputID=eb790e387e4d80b4f2160a82a627a42f DependenciesID=18b5e4d6445e75effa521cef11e8fdde StaticDependenciesID=645b3c61f521ca921ed26ce11ff8d156 
Start importing Packages/com.unity.inputsystem/InputSystem/Editor/AssetEditor/PackageResources/pro using Guid(be2b3c041afc2477ea1f172b6d14c3dc) (DefaultImporter) -> (Import Result ID: '1a97cf8d52d1be91f4a27fd85d7ef137') in 0.000108666 seconds [static dependencies only]. Details - ImportResultOutputID=ee76577a889d444f165caf72f258855c DependenciesID=cc78cdf641ffcd5adc65131b1940ae4d StaticDependenciesID=a00a2fde5a2459d5023aa8be090c966a 
Start importing Packages/com.unity.visualscripting/Runtime/VisualScripting.Flow/Framework/Collections/Dictionaries using Guid(fe09e9cdabae047b9a8e6d245eec4ade) (DefaultImporter) -> (Import Result ID: '35ad4e618a77e5ec5793e468b9655acd') in 0.000110375 seconds [static dependencies only]. Details - ImportResultOutputID=709f0e540bdfb0c5375d0b34232ba04d DependenciesID=a1792bb14654148f1b977406bd5608af StaticDependenciesID=53591a61d1813e4a469eb08e4d9fd416 
Start importing Packages/com.unity.visualscripting/Editor/VisualScripting.Core/Plugin/Changelogs/LegacyLudiqGraphs using Guid(6f93aced576b346d98d755c70033115f) (DefaultImporter) -> (Import Result ID: '03181189cba3d8aab89e6223779d789d') in 0.000126583 seconds [static dependencies only]. Details - ImportResultOutputID=875fd4a25b6e4b124d7f26deb19dbf63 DependenciesID=647f8d6299d37082ed807bd469d413ee StaticDependenciesID=a27d4d873e4b3538dd3aa53890496885 
Start importing Packages/com.unity.ugui/Runtime/UGUI/UI/Core/VertexModifiers using Guid(cfa73a847eeff06448bb50a8ac6a94e0) (DefaultImporter) -> (Import Result ID: '2255f61925ea5433e236a82485427040') in 0.00011325 seconds [static dependencies only]. Details - ImportResultOutputID=36c5f1640e42304586c64ccd56aedf2b DependenciesID=0055696bb9240975933f7daeee9728e2 StaticDependenciesID=2eba9b26746c07fe9e190ba88eb12675 
Start importing Packages/com.unity.visualscripting/Runtime/VisualScripting.Core/Dependencies/FullSerializer/Converters/Unity using Guid(50b35552dbca348bc84a9fcbd885547c) (DefaultImporter) -> (Import Result ID: '0759a7475ece7d0e5ba728bf8d16be04') in 0.000110416 seconds [static dependencies only]. Details - ImportResultOutputID=dce8655a80e21010dc74e1be2bb6dfdf DependenciesID=15b8fe921af26a0bc7087bd0fb4079b1 StaticDependenciesID=29bec213d206450743ecf4b34a7bd990 
Start importing Packages/com.unity.visualscripting/Runtime/VisualScripting.Flow/Framework/Events/Input/InputSystem using Guid(8555723f31a24db88a1447dd8bc38295) (DefaultImporter) -> (Import Result ID: 'a0c4ee047a12ec948246d3b3b46b11d5') in 0.000107708 seconds [static dependencies only]. Details - ImportResultOutputID=1931e1010449cabf1258063fa5c43a97 DependenciesID=6d381876d4aa732560d5055aa5459687 StaticDependenciesID=7a09e261efe3969646cc26a1523641bb 
Start importing Packages/com.unity.test-framework/Tests/TestNewCustomAssembly/TestNewCustomAssembly.asmdef using Guid(005d90528beb64e71b011a6207806ed5) (AssemblyDefinitionImporter) -> (Import Result ID: '746ed0c78cb69f5dc9ddfd5effdf564a') in 0.000505375 seconds [static dependencies only]. Details - ImportResultOutputID=2c7a2cf7fdda3d8520fdadb542f8ec47 DependenciesID=2cad09c501dbafb454fefbc5db73c060 StaticDependenciesID=8356369af7e5affe1cd0d6e97af8de87 
Start importing Assets/QuantumUser/View/QuantumUser.View.asmdef using Guid(304d8a944f183426cacbb352ad00b2cc) (AssemblyDefinitionImporter) -> (Import Result ID: '49754360760699e35e4a8b641eb92c6a') in 0.000473833 seconds [static dependencies only]. Details - ImportResultOutputID=0179eeb49ad629d3eb23b68872fff885 DependenciesID=9e49682c9a66857f0236767148158b17 StaticDependenciesID=0bc8d689d903ee49aea8823b9291cd32 
Start importing Packages/com.unity.ugui/Runtime/TMP/Unity.TextMeshPro.asmdef using Guid(6055be8ebefd69e48b49212b09b47b2f) (AssemblyDefinitionImporter) -> (Import Result ID: '384997faef7adff01aa5c7492871335f') in 0.00025225 seconds [static dependencies only]. Details - ImportResultOutputID=da671f87e6398541d866800d880e8f56 DependenciesID=e6fc387ed61b07fd4195cfb706af53b1 StaticDependenciesID=534bfd0930ea9805eeb9930c7249c08c 
Start importing Packages/com.unity.visualscripting/Runtime/VisualScripting.Core/Unity.VisualScripting.Core.asmdef using Guid(21b0c8d1703a94250bfac916590cea4f) (AssemblyDefinitionImporter) -> (Import Result ID: '2d53a873e91f46e8f810d418c7d8d4ae') in 0.000502459 seconds [static dependencies only]. Details - ImportResultOutputID=08eba5d1cb8b7b1ef34456cf5f14a1eb DependenciesID=626bfbe21c839d4c305dc3f9ca3abdee StaticDependenciesID=b7faa4951c0a19439af7d53625f34007 
Start importing Packages/com.unity.performance.profile-analyzer/Editor/Unity.Performance.Profile-Analyzer.Editor.asmdef using Guid(211d499e772b640dbb43b9de9b957156) (AssemblyDefinitionImporter) -> (Import Result ID: '83c4bfbb6a1f20fa30bef6fe2153305a') in 0.000389041 seconds [static dependencies only]. Details - ImportResultOutputID=d4db8ae2df3adae198782a010a80a7de DependenciesID=14e75eeddf334d17cb28fcb26abc396a StaticDependenciesID=893251495a4965ffe1115881e2b1b33e 
Start importing Packages/com.unity.visualscripting/Runtime/VisualScripting.State/Unity.VisualScripting.State.asmdef using Guid(315d634a9ac6d460a9515f5a56be6311) (AssemblyDefinitionImporter) -> (Import Result ID: '8ece7fc21185184d27aa8d397d2885dc') in 0.000308292 seconds [static dependencies only]. Details - ImportResultOutputID=8d530f4696c69578f816544bcdb16110 DependenciesID=d89ceb04add39b9276c2e92705a226ac StaticDependenciesID=a4bf08826724cd6e120fe1379863af94 
Start importing Packages/com.unity.inputsystem/DocCodeSamples.Tests/DocCodeSamples.asmdef using Guid(41b01d3964f844d8b43923c18b3a9a6f) (AssemblyDefinitionImporter) -> (Import Result ID: '4c30289851e88904c89730680484dd31') in 0.000350375 seconds [static dependencies only]. Details - ImportResultOutputID=521a7fa6114c548d7177c95737af2b57 DependenciesID=75712f32ff303883e84308c3bfdca2b4 StaticDependenciesID=86472e36ebc88159e6f152cad44398a6 
Start importing Packages/com.unity.visualscripting/Editor/VisualScripting.State/Unity.VisualScripting.State.Editor.asmdef using Guid(f10496e9d78b943308af5e7e9e4543c8) (AssemblyDefinitionImporter) -> (Import Result ID: '64f9afe0e0f6216533665d100c8d22a7') in 0.000266792 seconds [static dependencies only]. Details - ImportResultOutputID=b8d790b61ec12c440a20dd88e90e72e2 DependenciesID=d71a819716e329c37d501416e1e61dd5 StaticDependenciesID=b1cd64a9dfc5cb058cda8952f4695acb 
Start importing Packages/com.unity.visualscripting/Editor/VisualScripting.Flow/Unity.VisualScripting.Flow.Editor.asmdef using Guid(23f3c6063e13e4fd9addce3606ff4e42) (AssemblyDefinitionImporter) -> (Import Result ID: '5826c8d70f79988adf6566cbd92c03ea') in 0.00026375 seconds [static dependencies only]. Details - ImportResultOutputID=7535735ebaa1632604cb75f4232276f3 DependenciesID=dbb1d5867f9d50d030e5709131402c72 StaticDependenciesID=a2a227649f9372228d1639b9c835c4d9 
Start importing Packages/com.unity.ugui/Runtime/InternalBridge/Unity.InternalAPIEngineBridge.004.asmdef using Guid(43b111c4a445f446abd2c02e77750ff5) (AssemblyDefinitionImporter) -> (Import Result ID: 'ebd30b409c3be8c240c0bfc0344e43ce') in 0.000337542 seconds [static dependencies only]. Details - ImportResultOutputID=70b7801aeafd95e6d509502b0330639f DependenciesID=97ec574e015543b421cc8c9001755f6c StaticDependenciesID=e00d0679b02875e8b89ecfea20c2470a 
Start importing Packages/com.unity.ugui/Editor/Analytics/UnityEditor.UI.Analytics.asmdef using Guid(8394c018a82352f41ae354f7bdad54e3) (AssemblyDefinitionImporter) -> (Import Result ID: '9871dfdaed61dcb6f2142c68f6c61f4d') in 0.000264292 seconds [static dependencies only]. Details - ImportResultOutputID=e89dcebde65053afca871f8b181f11eb DependenciesID=b2a3599920ecef6651b120af3500b5cf StaticDependenciesID=1954bc445428c62e5ffafd738a17a829 
Start importing Packages/com.unity.ugui/Editor/UGUI/UnityEditor.UI.asmdef using Guid(343deaaf83e0cee4ca978e7df0b80d21) (AssemblyDefinitionImporter) -> (Import Result ID: 'd9afa846710564b650f443933fcbe494') in 0.000292666 seconds [static dependencies only]. Details - ImportResultOutputID=7d55c8b7aa29075dcf6b24f2b74e4498 DependenciesID=b676107977492d520edf83b5fd62eea9 StaticDependenciesID=b45a7a6d08ac928bbf5b89e9c4984181 
Start importing Packages/com.unity.visualscripting/Editor/VisualScripting.Core/Unity.VisualScripting.Core.Editor.asmdef using Guid(54cb1906aeb4e4264bc1d2aa3818a43f) (AssemblyDefinitionImporter) -> (Import Result ID: 'c86d9e03164899e1df33a70048d52472') in 0.000303792 seconds [static dependencies only]. Details - ImportResultOutputID=491e4f5f6b3e3fe973dd8c836e146b0e DependenciesID=37e20dc281ba002e03635b98cb4dcf5d StaticDependenciesID=6824845d3b05e13d830b98a1bb533d2e 
Start importing Packages/com.unity.visualscripting/Editor/VisualScripting.Shared/Unity.VisualScripting.Shared.Editor.asmdef using Guid(8461334e883c84d819a008a46143a5ad) (AssemblyDefinitionImporter) -> (Import Result ID: 'd0a1faabaa353a9801ee12008d5cd2a3') in 0.00030725 seconds [static dependencies only]. Details - ImportResultOutputID=404aa66773ee4ea985661a0c16fdcb60 DependenciesID=8cb956fde56eb8b2cb1fa2ad6f5c76c7 StaticDependenciesID=e266684bdc30d46155406ecd8d1807cc 
Start importing Packages/com.unity.ugui/Tests/Editor/Common/UnityEditor.UI.Common.Tests.asmdef using Guid(05242c3d99f24a74f99cc20369fcb344) (AssemblyDefinitionImporter) -> (Import Result ID: '89968be9802b24b67e3d6aa922f9783f') in 0.000291417 seconds [static dependencies only]. Details - ImportResultOutputID=1c04ae8ffec03f26cee77a9da82a331b DependenciesID=b89204a1a57cc0c2e7fbc7da2464707b StaticDependenciesID=cdda208f70117f8e4bc960867fed727e 
Start importing Packages/com.unity.testtools.codecoverage/Editor/Compatibility/Compatibility.asmdef using Guid(5518f4bf96c8e9849ab65cbaaf1191e1) (AssemblyDefinitionImporter) -> (Import Result ID: '771d8f6934386da92789a01078a190c2') in 0.000337708 seconds [static dependencies only]. Details - ImportResultOutputID=114a49b4823e9a4e0af011d8b126e2a4 DependenciesID=e5c420312755c200cdd10479d63de9c9 StaticDependenciesID=0268c34d10c0c0a80b4cb2991418a415 
Start importing Packages/com.unity.ugui/Editor/TMP/Unity.TextMeshPro.Editor.asmdef using Guid(6546d7765b4165b40850b3667f981c26) (AssemblyDefinitionImporter) -> (Import Result ID: '388135919283349669f1946bbd605375') in 0.00037275 seconds [static dependencies only]. Details - ImportResultOutputID=f8c9d4e6c208ed3639a3d3fcf16932ad DependenciesID=8250cad476c2d4873b6857413837555f StaticDependenciesID=adc52cb477a25a6b8e854ae6a03bda49 
Start importing Packages/com.unity.ugui/Tests/Editor/TMP/Unity.TextMeshPro.Editor.Tests.asmdef using Guid(656e461844099ae43a609ff6109b0877) (AssemblyDefinitionImporter) -> (Import Result ID: '3aa8265584f051598ec7aaf550b647c4') in 0.000464459 seconds [static dependencies only]. Details - ImportResultOutputID=4693dc0428ba769ec386a8ce1147114f DependenciesID=14076cbf46e4c88cbcb9a8a99b3e026c StaticDependenciesID=e4fc2acf1295f219f02b7bc0b0c51a86 
Start importing Packages/com.unity.inputsystem/InputSystem/Unity.InputSystem.asmdef using Guid(75469ad4d38634e559750d17036d5f7c) (AssemblyDefinitionImporter) -> (Import Result ID: '3db63acfdb28fec12fa3eab8089f524d') in 0.000322584 seconds [static dependencies only]. Details - ImportResultOutputID=8d5caae7b8db8ac1423c9e7bad9f00f4 DependenciesID=b19135e93248f03b9168c579db14f513 StaticDependenciesID=1acb06a021785072bb0ebc433bcf1b40 
Start importing Packages/com.unity.ide.rider/Rider/Editor/com.unity.ide.rider.asmdef using Guid(d528c8c98d269ca44a06cd9624a03945) (AssemblyDefinitionImporter) -> (Import Result ID: '60719bc967e759eb940b5b0a86a57f86') in 0.000281583 seconds [static dependencies only]. Details - ImportResultOutputID=bc7be72da9354eff2ffe6e412d127723 DependenciesID=0eb153142157dc59cce014ff1cca7180 StaticDependenciesID=8071211475185d602f498ccd060d8bcd 
Start importing Packages/com.unity.collab-proxy/Editor/Toolbar/Unity.CollabProxy.Editor.asmdef using Guid(17b36165d09634a48bf5a0e4bb27f4bd) (AssemblyDefinitionImporter) -> (Import Result ID: '1025468e72e16255172808c8e8253fcc') in 0.000309125 seconds [static dependencies only]. Details - ImportResultOutputID=a2a8c9234300e267459f45afc30d12a3 DependenciesID=a6ef25452f9ffed5a3fd675c7ba26a2f StaticDependenciesID=438121b6a8c64bfee457d9abf64bb57b 
Start importing Packages/com.unity.test-framework/UnityEngine.TestRunner/UnityEngine.TestRunner.asmdef using Guid(27619889b8ba8c24980f49ee34dbb44a) (AssemblyDefinitionImporter) -> (Import Result ID: 'e4f16196bdeeff9ba5a9af40aabf88d0') in 0.000276917 seconds [static dependencies only]. Details - ImportResultOutputID=d883a1296ab0cc71d583d3adc8ae7860 DependenciesID=9dffbefde55ab4174295ecb5ec5c0e6e StaticDependenciesID=b527a6e0ae521901dbd7ce695e6ed8ac 
Start importing Packages/com.unity.testtools.codecoverage/Editor/CodeCoverage.Editor.asmdef using Guid(37180d43aa4b85c4b9076e2ef48a3b2a) (AssemblyDefinitionImporter) -> (Import Result ID: '5b68d5bf92ec3ceee7f6e6f2238f790f') in 0.000263709 seconds [static dependencies only]. Details - ImportResultOutputID=c5f5e697cd690f724b1d48d6e2455f49 DependenciesID=48c2e40216b5f9fd82e34af2a2f7ef39 StaticDependenciesID=2312314b363550ce9ff47682bee33fe9 
Start importing Packages/com.unity.editorcoroutines/Editor/Unity.EditorCoroutines.Editor.asmdef using Guid(478a2357cc57436488a56e564b08d223) (AssemblyDefinitionImporter) -> (Import Result ID: 'cea5a979c1fc8729c2d6acb73b6cc98e') in 0.000293166 seconds [static dependencies only]. Details - ImportResultOutputID=cab7b57665ce0def7daba920e59264c4 DependenciesID=3e0b3f58bd03bcf906a1bf2995b8408f StaticDependenciesID=15753c03283d303eb0ea4b8483deb4d1 
Start importing Packages/com.unity.performance.profile-analyzer/Tests/Editor/Unity.Performance.Profile-Analyzer.EditorTests.asmdef using Guid(97505fd80b553409c995f274ad2a533b) (AssemblyDefinitionImporter) -> (Import Result ID: '3c456624db73559c80ff762e55c1620d') in 0.000300542 seconds [static dependencies only]. Details - ImportResultOutputID=bccb248633aae311fe874203997d5aea DependenciesID=540d4eb439502df4222e9477a92b28b0 StaticDependenciesID=b119f588f7a20d7fe1e079f2019c9187 
Start importing Packages/com.unity.settings-manager/Tests/Editor/Unity.Settings.Editor.Tests.asmdef using Guid(b8c9b6a82a342504c8e4a2747471d23c) (AssemblyDefinitionImporter) -> (Import Result ID: '24aec90f924ab71e6dc643fcb153ce3d') in 0.000274541 seconds [static dependencies only]. Details - ImportResultOutputID=1df52ffcabf6f63296067ac331289fbf DependenciesID=1adb1759de27bd2c77d386805af73341 StaticDependenciesID=7824e3db8757d5720c58ec3fd6d0c098 
Start importing Packages/com.unity.inputsystem/InputSystem/Plugins/InputForUI/InputSystemForUI.asmdef using Guid(09dcc9c0126b6b34ab2a877b8f2277f5) (AssemblyDefinitionImporter) -> (Import Result ID: 'ca7a54b5c517991e66ae79ac7eb6fce0') in 0.000288083 seconds [static dependencies only]. Details - ImportResultOutputID=026baf6b8476e9e76bf86ed312dc8b28 DependenciesID=cfa97a9fa31ee10ab532ed3913211582 StaticDependenciesID=1beef0b079205dd0bc128bd80fe4f26c 
Start importing Packages/com.unity.testtools.codecoverage/Editor/CoverageFormats/OpenCover/Model/Model.asmdef using Guid(19c3df1967929405fba735480b3da9a7) (AssemblyDefinitionImporter) -> (Import Result ID: '94da322fa62fcdd821c4b232d42cae3e') in 0.000291583 seconds [static dependencies only]. Details - ImportResultOutputID=b3064c1e9c589d5e80aaba019e31f409 DependenciesID=d083dce1e96e5e9b990c1cc644cdbccd StaticDependenciesID=97690bca652976a4acc39590104b45ef 
Start importing Packages/com.unity.settings-manager/Editor/Unity.Settings.Editor.asmdef using Guid(49818357e697641afb75d2f8acaf1861) (AssemblyDefinitionImporter) -> (Import Result ID: '45f5bac37692a659789d20c8ac8d8eaf') in 0.000270417 seconds [static dependencies only]. Details - ImportResultOutputID=c734c3fe8e3c65988b6de40718d27bc7 DependenciesID=2e4810966538530873ef4a68b55c2289 StaticDependenciesID=ffe43fee7abf39319015ce1ae3da6465 
Start importing Packages/com.unity.ide.visualstudio/Editor/com.unity.ide.visualstudio.asmdef using Guid(b93f844d45cfcc44fa2b0eed5c9ec6bb) (AssemblyDefinitionImporter) -> (Import Result ID: '5cdbc535584f505368744727c707cc33') in 0.000404417 seconds [static dependencies only]. Details - ImportResultOutputID=602437ffa297739d580fd958111c7080 DependenciesID=430b65bb1b447a10b7132d8a118b2d79 StaticDependenciesID=edcf6c7bc5a49fe52b415e4f6b22f076 
Start importing Packages/com.unity.ugui/Tests/Runtime/UGUI/UnityEngine.UI.Tests.asmdef using Guid(e9745f6a32442194c8dc5a43e9ab86f9) (AssemblyDefinitionImporter) -> (Import Result ID: '8db7193d2a0aa0bbf466d6e8dd2da6fd') in 0.000275333 seconds [static dependencies only]. Details - ImportResultOutputID=883e652b799a1b329b9e731566d3d4f3 DependenciesID=84bbd63b8a1c157463d9f0c08a32d7c5 StaticDependenciesID=bf3ffcb7c7b7d41d130cf4a9bf6f487a 
Start importing Packages/com.unity.test-framework/UnityEditor.TestRunner/UnityEditor.TestRunner.asmdef using Guid(0acc523941302664db1f4e527237feb3) (AssemblyDefinitionImporter) -> (Import Result ID: '678fd7939f5f0ce7701d571d44f39947') in 0.000282541 seconds [static dependencies only]. Details - ImportResultOutputID=2fa4682781c8524be3df50bc2165d16f DependenciesID=a418be33502a28bf7b8a4d3906815eb1 StaticDependenciesID=7415875286b28f1aa415e382e3c5613b 
Start importing Packages/com.unity.visualscripting/Editor/SettingsProvider/Unity.VisualScripting.SettingsProvider.Editor.asmdef using Guid(2aa54ddaa48744e1caddee916e39805e) (AssemblyDefinitionImporter) -> (Import Result ID: 'bb17146c93d6467d72dc56827283cf21') in 0.000265375 seconds [static dependencies only]. Details - ImportResultOutputID=8b0f3bc68cf40e49933c2570124c2327 DependenciesID=9c7c3b348d09eadca281ffe2118b35b5 StaticDependenciesID=36eecc6e28d2215ff28ac5c57f58e121 
Start importing Packages/com.unity.inputsystem/Tests/IntegrationTests/Unity.InputSystem.IntegrationTests.asmdef using Guid(3ae5734e49d646442ad24f37762ebdd2) (AssemblyDefinitionImporter) -> (Import Result ID: '4d45f9623bdddb4d8c222258dca2e7b9') in 0.00025025 seconds [static dependencies only]. Details - ImportResultOutputID=896a9c34530f3688fc8de544e66494fa DependenciesID=2123c31f0dd546c6b6bb61d7183894ce StaticDependenciesID=e5cb69072920c005908dfc585d28b6ad 
Start importing Packages/com.unity.visualscripting/Runtime/VisualScripting.Flow/Unity.VisualScripting.Flow.asmdef using Guid(ea715009a4efd4c6cbc85be3ae097dd3) (AssemblyDefinitionImporter) -> (Import Result ID: '74fe02decc438180b3c49dd29a2a1727') in 0.000292667 seconds [static dependencies only]. Details - ImportResultOutputID=b0ea4bf43bf40511e83cec22bf784932 DependenciesID=fe500b261ac85bacb2f167a8a2a5e804 StaticDependenciesID=ff35667354c3463f68ef0967e8d82df8 
Start importing Packages/com.unity.ugui/Runtime/UGUI/UnityEngine.UI.asmdef using Guid(2bafac87e7f4b9b418d9448d219b01ab) (AssemblyDefinitionImporter) -> (Import Result ID: 'f3068fd85fb8494110b9754d5d6f3b7b') in 0.000290208 seconds [static dependencies only]. Details - ImportResultOutputID=a5ebd70b05df2e062a5fdcf9c7057a76 DependenciesID=b1cf4b5b7136b4d86a88011e17271d72 StaticDependenciesID=6f6721708553c32f00ca5258114487be 
Start importing Packages/com.unity.collab-proxy/Editor/Unity.PlasticSCM.Editor.asmdef using Guid(4b84427fd7ace4b4cb623ef8a46124ed) (AssemblyDefinitionImporter) -> (Import Result ID: '36ec8fa6c36fca4aebfc82a4c6d5cc43') in 0.0002705 seconds [static dependencies only]. Details - ImportResultOutputID=18523b5409e6d34f9770dca77e7cff45 DependenciesID=be55e23d84fe2f5c618e23e10b82cf5a StaticDependenciesID=5e680ca58a1c65a92b9241c5b96d14c0 
Start importing Packages/com.unity.ide.vscode/Editor/Unity.com.unity.vscode.Editor.asmdef using Guid(8b845b123ab418448a8be2935fa804e0) (AssemblyDefinitionImporter) -> (Import Result ID: 'b9aed3b0d7d5406c31621fe41ad95d60') in 0.000258125 seconds [static dependencies only]. Details - ImportResultOutputID=615c31228bfbb7192f8f47cfb626f4f8 DependenciesID=2ca3207a23fb7054c8f93a2d3479a45d StaticDependenciesID=0e240b1ee4429307b8634c066038694d 
Start importing Packages/com.unity.ugui/Tests/Runtime/TMP/Unity.TextMeshPro.Tests.asmdef using Guid(bb05cab7d802aa5468f8f2f86840d984) (AssemblyDefinitionImporter) -> (Import Result ID: '82c024a108820b443a6255cb05b488ce') in 0.000278834 seconds [static dependencies only]. Details - ImportResultOutputID=bf77e4ab245f733d4749a33a9911e939 DependenciesID=5165f407cd587b59fb058da5e6aea1f1 StaticDependenciesID=5dc554ab649bb7bfa3474c54a4f5e1ba 
Start importing Assets/QuantumUser/Simulation/QuantumUser.Simulation.asmdef using Guid(dbec5301a93794e608ca46e103456fb8) (AssemblyDefinitionImporter) -> (Import Result ID: '560381ab916b73c7527efa5182bbc68d') in 0.00057725 seconds [static dependencies only]. Details - ImportResultOutputID=72a7a0a26d8abf60152a4b8a6899358d DependenciesID=58875b5a965bccb3bccdd6c039e8dc21 StaticDependenciesID=15da227d23044ad6dbc65bd9781588ba 
Start importing Packages/com.unity.ugui/Tests/Editor/UGUI/UnityEditor.UI.EditorTests.asmdef using Guid(7c04f0dfa9243c04681a55d90d3ff3fc) (AssemblyDefinitionImporter) -> (Import Result ID: '04156fb09cdcfaa09adfb2dbfe524c49') in 0.000283959 seconds [static dependencies only]. Details - ImportResultOutputID=b114d6b1ce60ad830c47b2fefb764e95 DependenciesID=6a717f89cea9d439d5a42b6ae0998076 StaticDependenciesID=8aa0a0a7db5876dbaf17982090a64804 
Start importing Packages/com.unity.inputsystem/Tests/TestFixture/Unity.InputSystem.TestFramework.asmdef using Guid(dc04f38471c3a459fb4d31124ee9127d) (AssemblyDefinitionImporter) -> (Import Result ID: 'ae0bf756df915a04e2ef9afab1e95acf') in 0.000257625 seconds [static dependencies only]. Details - ImportResultOutputID=9d36faa0fa33b911776f6510f45694b7 DependenciesID=8adc6d2bd63ab2911c671ae88a5e9409 StaticDependenciesID=f921a391c6fd3c17644ee33556032e28 
Start importing Packages/com.unity.testtools.codecoverage/Editor/CoverageFormats/OpenCover/Mono.Reflection/Reflection.asmdef using Guid(eecdf9bdfcb2949619db458f3e24c5e2) (AssemblyDefinitionImporter) -> (Import Result ID: 'a58c117b18486dd4c2b4e071d6f8fda4') in 0.000269125 seconds [static dependencies only]. Details - ImportResultOutputID=214b5e78b2587d38a6f637b355b358f3 DependenciesID=8625d1adb461b85d2cf0a801673845d5 StaticDependenciesID=d47eec6234830cba748d5e336444382f 
Start importing Packages/com.unity.modules.ui/package.ModuleCompilationTrigger using Guid(51fa60bb2bd1e5bc74e8cc95a7bfd5b7) (DefaultImporter) -> (Import Result ID: 'b852eeef4328136e95162172b7d667f2') in 0.465913209 seconds [static dependencies only]. Details - ImportResultOutputID=c50079973e4a88af9749dba6a913e595 DependenciesID=15a093d6daee02153bbe95cbc8efd8b0 StaticDependenciesID=d18b7a06c127bc8e9680c26fe5735dac 
Start importing Packages/com.unity.modules.hierarchycore/package.ModuleCompilationTrigger using Guid(d104359075a97392b803d3d5aebc77f7) (DefaultImporter) -> (Import Result ID: 'c7e9340a97d5ff9564e8d103340fca43') in 0.000627083 seconds [static dependencies only]. Details - ImportResultOutputID=520b0278478998e8c9287e82c73f1f0d DependenciesID=1a5624c006d1cf4b66d29249b9c1d7cd StaticDependenciesID=5c956f14cdd17c2b3e55b6c4769497c2 
Start importing Packages/com.unity.modules.jsonserialize/package.ModuleCompilationTrigger using Guid(e6a135e3ea9cb46795d1b0e05ac3e1e5) (DefaultImporter) -> (Import Result ID: '041bd8831b0d160550e4f528890a3790') in 0.000343416 seconds [static dependencies only]. Details - ImportResultOutputID=04e6eb819594b4830a558b276a5756c3 DependenciesID=ca425e30432096aa4fbd59a24ca2baa7 StaticDependenciesID=186a8e069fed39ae4a5104aafb1e5b12 
Start importing Packages/com.unity.modules.uielements/package.ModuleCompilationTrigger using Guid(8a752aaaadd2410dd9a84e01c1bace9f) (DefaultImporter) -> (Import Result ID: '59433b45c43d6c41ebea969580eaf242') in 0.0002375 seconds [static dependencies only]. Details - ImportResultOutputID=c3abc6b3b7f98b35d61b624634bdb9f9 DependenciesID=8601d063114a97760ed98618c8c13333 StaticDependenciesID=63e885045ed59c48282f7ebe4c95aa0c 
Start importing Packages/com.unity.modules.physics/package.ModuleCompilationTrigger using Guid(5c1ee4056d0ac7ad3c5a16597fcaa38a) (DefaultImporter) -> (Import Result ID: 'cac9e79da4894527482b054fae5c024d') in 0.00020725 seconds [static dependencies only]. Details - ImportResultOutputID=7e84f44c9ee6d7567cb045214a4e4402 DependenciesID=101f95293de7cc0d0b962d54b1ebaf1d StaticDependenciesID=ea574778e448a66d43867cf6688c9a3d 
Start importing Packages/com.unity.modules.imgui/package.ModuleCompilationTrigger using Guid(be13c398521e3c1ad21fb9da30ab2ab6) (DefaultImporter) -> (Import Result ID: '1ea9ee2e50a8be2eae03e775f13e4226') in 0.000204 seconds [static dependencies only]. Details - ImportResultOutputID=aec4c9c8a45e017694034262611127b0 DependenciesID=aed208ea29f2495c6f63496b0399ac79 StaticDependenciesID=88a26c640c2a45d247eae041e9bcaeb2 
Native extension for Android target not found
Native extension for OSXStandalone target not found
ScheduleIndexationOnStartup MainProcess:True IndexOnStartup:True
Mono: successfully reloaded assembly
- Finished resetting the current domain, in  0.390 seconds
Domain Reload Profiling: 832ms
	BeginReloadAssembly (192ms)
		DisableScriptedObjects (5ms)
		CreateAndSetChildDomain (133ms)
	RebuildCommonClasses (22ms)
	RebuildNativeTypeToScriptingClass (10ms)
	initialDomainReloadingComplete (20ms)
	LoadAllAssembliesAndSetupDomain (198ms)
		LoadAssemblies (122ms)
		AnalyzeDomain (105ms)
			TypeCache.Refresh (90ms)
				TypeCache.ScanAssembly (81ms)
			BuildScriptInfoCaches (11ms)
			ResolveRequiredComponents (3ms)
	FinalizeReload (390ms)
		SetupLoadedEditorAssemblies (0ms)
			InitializePlatformSupportModulesInManaged (14ms)
			BeforeProcessingInitializeOnLoad (67ms)
			ProcessInitializeOnLoadAttributes (211ms)
			ProcessInitializeOnLoadMethodAttributes (24ms)
Start importing Library/BuildPlayer.prefs using Guid(00000000000000005000000000000000) (DefaultImporter) -> (Import Result ID: '4568e6c60e9c102b282fbc882b7f9d0c') in 0.00230675 seconds [static dependencies only]. Details - ImportResultOutputID=c9d0cf2ecfa3f71dff3e93722d4a0d1a DependenciesID=7a3b5c0878618b9a6acd85f7043a384f StaticDependenciesID=db1f0b78f0a340435451b6f76edee113 
Start importing Assets/Scenes/Phase0_LocalQuantum.unity using Guid(378886bf88656469e82e83ed575ba8d8) (DefaultImporter) -> (Import Result ID: 'dcbe708c5224d6f802d6cf5ab064872c') in 0.0046795 seconds [static dependencies only]. Details - ImportResultOutputID=9a8b5cca39aac37dc6440b3f7d4c7e22 DependenciesID=de7e7bdeeb3878a6275a33a85430c586 StaticDependenciesID=e16d84dfa35ab9f0bd65c0af95cd6916 
Start importing Packages/com.unity.visualscripting/Graphics/Method_16x.ai using Guid(50518b6178c7543489da50084db7cb42) (DefaultImporter) -> (Import Result ID: 'd26b78c1b3e54e841a8a0dc6ff8b6fae') in 0.094476708 seconds [static dependencies only]. Details - ImportResultOutputID=d06eb24e2a250461ce8bd242574d6a6f DependenciesID=e1f60b767fb1da6852b694562ccc96c7 StaticDependenciesID=c530a34981155101850341d8f0982c9e 
Start importing Packages/com.unity.visualscripting/Graphics/Namespace_16x.ai using Guid(609c3f6a050cd044abf73af2fbab64bf) (DefaultImporter) -> (Import Result ID: '6d688974155099e063515f864d3583ec') in 0.000487125 seconds [static dependencies only]. Details - ImportResultOutputID=2f51b0f948151c2461b26ef85920e0f4 DependenciesID=d1155192bd750207ceff3b7e57c610b3 StaticDependenciesID=6d67c0d5d3817363b869dbb72ee0b7b0 
Start importing Packages/com.unity.visualscripting/Graphics/Source.afphoto using Guid(512ef2ddcfeb6204995803593a149a5b) (DefaultImporter) -> (Import Result ID: '7a6c63ec7919827b26bdd65a869568a2') in 0.015494083 seconds [static dependencies only]. Details - ImportResultOutputID=022b078c3353438930706fb7bc46d8df DependenciesID=7debb38520fac814f10d99ef5051f186 StaticDependenciesID=f0182953a319ff441d1f7c377e874f03 
Start importing Packages/com.unity.visualscripting/Graphics/Icons_32x_72dpi.afphoto using Guid(024914b324544f4479884d642b910d1c) (DefaultImporter) -> (Import Result ID: 'd7352717be69d890195d022b860e3b87') in 0.000490959 seconds [static dependencies only]. Details - ImportResultOutputID=579b01eaa25c324de8c430ab41230bb9 DependenciesID=86e6cf9ef393029bfb79db9d0519c4bb StaticDependenciesID=b58018621ce03831f8f17941107a928c 
Start importing Packages/com.unity.visualscripting/Graphics/FlowPorts_12x.afphoto using Guid(d29ceac7c5137ce448ed2c50bd46467c) (DefaultImporter) -> (Import Result ID: '5cd80718a557923728e92421cb9463ba') in 0.000331166 seconds [static dependencies only]. Details - ImportResultOutputID=e1d6c899844b7938539bb7d7b4354a5a DependenciesID=3e5bf098f27f5cd381fe761f7ee5ee9e StaticDependenciesID=3780db8c50314a21b9ed5131af2a1391 
Start importing Packages/com.unity.visualscripting/Graphics/Field_16x.ai using Guid(04284a5c673029d43b07b690037dda4a) (DefaultImporter) -> (Import Result ID: '4a0cf9cf69c5a135c8205b6d176baf31') in 0.000254 seconds [static dependencies only]. Details - ImportResultOutputID=daed59b0d5607558974472c994be024d DependenciesID=44db00b15b9dfd8f3fb47d7313b5f9d7 StaticDependenciesID=d8193c82637aa6c781026db43526455e 
Start importing Packages/com.unity.visualscripting/Graphics/Structure_16x.ai using Guid(3490969118efdfd4da95e61cc38d408f) (DefaultImporter) -> (Import Result ID: 'bf407eaf10c268749c0701e22e608be0') in 0.000236042 seconds [static dependencies only]. Details - ImportResultOutputID=c3941e699f5dcd3cf332f5a8508eb54e DependenciesID=d7128e133345299fa555da65cd6b416b StaticDependenciesID=0330011a4b015b83dbf059190cffef53 
Start importing Packages/com.unity.visualscripting/Graphics/Icons_16x_72dpi.afphoto using Guid(66f2f0bd24913304386d572f96263953) (DefaultImporter) -> (Import Result ID: 'db02c2823024f9dce1e59ccafb8a8357') in 0.000247333 seconds [static dependencies only]. Details - ImportResultOutputID=f665a509b4676a2c8467c05598ed6f33 DependenciesID=e0c832f55178b6a5964670a9c6dbb0ef StaticDependenciesID=bc2d29e1d6067b356f0024a70791b673 
Start importing Packages/com.unity.visualscripting/Graphics/FlowPorts_24x.afphoto using Guid(87170d6a42571c440b520411bfeb3af5) (DefaultImporter) -> (Import Result ID: '9c7c20da7d612af2d0dac6f7058a4efc') in 0.000276833 seconds [static dependencies only]. Details - ImportResultOutputID=dc5dbe1b958e7d8de3ca015c442964f2 DependenciesID=0e0a230474eae8dd7d7d4d35c0bf59f6 StaticDependenciesID=d4e3f0f5608be358462303838f485903 
Start importing Packages/com.unity.visualscripting/Graphics/Constant_16x.ai using Guid(58cddc0883dde5740a5da5c1395c30e7) (DefaultImporter) -> (Import Result ID: '0a60eec2eed9e2a18bb452ac782d939a') in 0.000252667 seconds [static dependencies only]. Details - ImportResultOutputID=208b550e4fdef2db798909fd7d69bbb3 DependenciesID=f763730a35b9d6ec7af460f93b70cf47 StaticDependenciesID=90cf2016bdda83c327a4b1fe95a4ba48 
Start importing Packages/com.unity.visualscripting/Graphics/EnumItem_16x.ai using Guid(e99e627aecef48147afe455970fc03f6) (DefaultImporter) -> (Import Result ID: 'f2c62eb12a136a6723887cc24a8c714d') in 0.000234583 seconds [static dependencies only]. Details - ImportResultOutputID=ef548ed85626ee7013dc8f872cb3efcc DependenciesID=389bfd1a15118f1a6a15584c27ee00dc StaticDependenciesID=1139c69d6f0c6519214ec2f2ef353f9a 
Start importing Packages/com.unity.visualscripting/Graphics/SetupSelector.afphoto using Guid(ea5f31fe3c5b9134aadd01484f811c2f) (DefaultImporter) -> (Import Result ID: '6b451bb569dba7a96408a13fb553720a') in 0.000230209 seconds [static dependencies only]. Details - ImportResultOutputID=03ef56d92ff4b77b7c2092f501805aef DependenciesID=2f7cc2589bbe496401fab6f06df5381b StaticDependenciesID=f2b79e4e2a22296c10f4fe80c75abd12 
Start importing Packages/com.unity.ugui/Package Resources/TMP Examples & Extras.unitypackage using Guid(bc00e25696e4132499f56528d3fed2e3) (DefaultImporter) -> (Import Result ID: 'b1952f04e2d91fa387ada84ab6cc3ae3') in 0.001016708 seconds [static dependencies only]. Details - ImportResultOutputID=d5535ae1814e55b4b3245dbd32e0d36e DependenciesID=2f256a3a0deece8cb829228abe0b859a StaticDependenciesID=50c9581a52fa615ee437a986f049ca7d 
Start importing Packages/com.unity.visualscripting/Graphics/Variables.afphoto using Guid(dc515790ed9124547ad5050ecba1a05a) (DefaultImporter) -> (Import Result ID: '055e422f86502a7cb56031008140bfbc') in 0.0002455 seconds [static dependencies only]. Details - ImportResultOutputID=a440137b6e59f0b2ca93663c33891293 DependenciesID=d46f5a5dfc59bba0beb5b06ffa5d7ca8 StaticDependenciesID=c22f871e1d8f7be46c37c22dbb6d4520 
Start importing Packages/com.unity.visualscripting/Graphics/ExtensionMethod_16x.ai using Guid(cd0037c3364f08f44991688f5dacb32e) (DefaultImporter) -> (Import Result ID: 'f171dfb0b317a1d9494a915d2e83a071') in 0.000230667 seconds [static dependencies only]. Details - ImportResultOutputID=49165199c84526fafa29f009501101cf DependenciesID=de3970435d4da2c81b24622f946be2e5 StaticDependenciesID=9206abffb103929fa68cf7faa199c55c 
Start importing Packages/com.unity.ugui/Package Resources/TMP Essential Resources.unitypackage using Guid(ce4ff17ca867d2b48b5c8a4181611901) (DefaultImporter) -> (Import Result ID: '6d008830a4a7913a86e0ceb5a309fc62') in 0.000139125 seconds [static dependencies only]. Details - ImportResultOutputID=f381a815b06e687f1a6222b4153c2938 DependenciesID=8ea02dabab0c2ef09912c9325da7ee97 StaticDependenciesID=eed2f7a204f06386a225b97635436b60 
Start importing Packages/com.unity.visualscripting/Graphics/Events.afphoto using Guid(2f0cb32e9f8a4724ab6642e567fa5a7d) (DefaultImporter) -> (Import Result ID: 'e5543edd70d8eea7eb4b1940bf8c89f1') in 0.000220292 seconds [static dependencies only]. Details - ImportResultOutputID=f2f6735b10d4673603cec8f146eed30a DependenciesID=e905eb8fe2f5b184ac1c0a0550cb734c StaticDependenciesID=0b6e2b93faf442de74f76e5fc3d74e2e 
Start importing Packages/com.unity.visualscripting/Runtime/VisualScripting.Flow/Antlr3.Runtime.defines using Guid(5029d678f341c40e888b037abf7f6672) (DefaultImporter) -> (Import Result ID: '13f8de9aff221a5ed9e1976a8865a362') in 0.014758417 seconds [static dependencies only]. Details - ImportResultOutputID=61f59f1de2f7a00fd0ec396de8530e86 DependenciesID=adc18569df2340cbbfc64b685e0bb81c StaticDependenciesID=90b167dfe627faa62a49ed18d95b6ebc 
Start importing Packages/com.unity.visualscripting/Editor/VisualScripting.Core/System.Threading.defines using Guid(3258e0f4f1b5249ee8b246485bb0f066) (DefaultImporter) -> (Import Result ID: '10bebc2076967d56cb9acf40f2cce126') in 0.000403458 seconds [static dependencies only]. Details - ImportResultOutputID=dbab1bbc707d382cf5e223a404e0406d DependenciesID=3a0231b1e933c9e4f517cd264ce7747c StaticDependenciesID=142b5533bd73860180e7a2b234439e09 
Start importing Packages/com.unity.visualscripting/Editor/VisualScripting.Core/YamlDotNet.defines using Guid(a6e2adee452624dfebf435c2239d2cce) (DefaultImporter) -> (Import Result ID: '7a87840a7af0035ec007e9d9a3e3b7e3') in 0.0002695 seconds [static dependencies only]. Details - ImportResultOutputID=6714f80ca4f43316c0080a399229db82 DependenciesID=79193864a340908b3b97e4c32223af38 StaticDependenciesID=f9a4976af5519e19f387854759126274 
Start importing Packages/com.unity.ide.visualstudio/Editor/VSWhere/vswhere.exe using Guid(585c3fb85b32bd64e8814074e754163e) (DefaultImporter) -> (Import Result ID: 'e4dedcd47d75d4c8441e19199c3afe12') in 0.403150125 seconds [static dependencies only]. Details - ImportResultOutputID=7fac80256fd32a25cd78006ef9eb648d DependenciesID=96bc3df296f30871395d9dc2494e2feb StaticDependenciesID=d28c8b97e1c52768e2fd95def783f24a 
Start importing Packages/com.unity.visualscripting/Runtime/VisualScripting.Core/MiscUtil.defines using Guid(0b88d70c1d7d94d5ba520b604479fb04) (DefaultImporter) -> (Import Result ID: '81dff1076684514e1ca62005dbcc1e55') in 0.000495875 seconds [static dependencies only]. Details - ImportResultOutputID=a2ab5609e40a8cecb049d97de15bbdfa DependenciesID=dc5109b4646d44c7a007b14a03eac020 StaticDependenciesID=565b7f27a9921c0d5da82e14e61f950e 
Start importing Packages/com.unity.ide.visualstudio/Editor/COMIntegration/Release/COMIntegration.exe using Guid(cb67edc1800c2ec4ba8dfb1cf0dfc84a) (DefaultImporter) -> (Import Result ID: '55e2d37d0d30121327d63ddcc69651a1') in 0.001058042 seconds [static dependencies only]. Details - ImportResultOutputID=649858fe0148a67682820cfbec20cc82 DependenciesID=99aeb8f8318e1ca14e03ef97f6446a6e StaticDependenciesID=fea880952d9cd7633f2a0b3fcf117777 
Start importing Packages/com.unity.visualscripting/Runtime/VisualScripting.Flow/Dependencies/NCalc/NCalc.g using Guid(1d65eede9661f46a88d6e1949070eb9f) (DefaultImporter) -> (Import Result ID: 'c449d40e183c1dc8272c8e3d9cf724ad') in 0.01496 seconds [static dependencies only]. Details - ImportResultOutputID=e1c491951a6a40eb719ea4e34f673364 DependenciesID=b96f05dc86584bfd42613dca8543db02 StaticDependenciesID=6df78eef13170de0cc3003f4641cd015 
Start importing Packages/com.unity.inputsystem/InputSystem/Editor/Icons/ChevronUp@3x.png using Guid(006305b616daf47409935f3dc8a172e2) (TextureImporter) -> (Import Result ID: '86036167334f7c2b69ee0b42e9c25c87') in 0.002775917 seconds [static and dynamic dependencies]. Details - ImportResultOutputID=20bc2114a68cdeaf790b85576501f9ad DependenciesID=d3cbe9b09e440f7e2e635729e8965c0c StaticDependenciesID=464748960c3798260cd7642e397bc5c4 
Start importing Packages/com.unity.inputsystem/InputSystem/Editor/Icons/d_ChevronDown@2x.png using Guid(0068f400a72d84c92a1b8f5889a574b2) (TextureImporter) -> (Import Result ID: '0309c3ec481d563db9eae2dc1f4a29e8') in 0.0006105 seconds [static and dynamic dependencies]. Details - ImportResultOutputID=7ac635763303205dc984ae12ad099c2a DependenciesID=79c437626773463a773c695db154fcb3 StaticDependenciesID=818338819e4f7b830843e3129dd4b8e9 
Start importing Packages/com.unity.collab-proxy/Editor/Assets/Images/step2@2x.png using Guid(0029170d14ce6c04c9f45c22cdae5559) (TextureImporter) -> (Import Result ID: '78836158ffb4245d68bcce6798bebc0b') in 0.000569833 seconds [static and dynamic dependencies]. Details - ImportResultOutputID=545b6067a7b891662991cd4f604931f6 DependenciesID=b2398d195011688e795b86aeee8c8fb5 StaticDependenciesID=0dbb40997fc69d524e5045629a8856d8 
Start importing Packages/com.unity.collab-proxy/Editor/Assets/Images/d_iconlockedremoteoverlay.png using Guid(1046ed65e6aaffb4391378f6d08d6c14) (TextureImporter) -> (Import Result ID: '046bf4d20177b6dddf0108966b7b6727') in 0.000454958 seconds [static and dynamic dependencies]. Details - ImportResultOutputID=840aa519f9685c9fb83dd7a5b9da7bd6 DependenciesID=9ea4c678bc8bba54b23eebbff1401d42 StaticDependenciesID=7125a1a79608d4ab836c66b269b90509 
Start importing Packages/com.unity.inputsystem/InputSystem/Editor/Icons/Interactive Binding@2x.png using Guid(2027b97fd12d842d7a3169c784502a54) (TextureImporter) -> (Import Result ID: '4114a67edd1e32e4dd70ddbebc228555') in 0.000433333 seconds [static and dynamic dependencies]. Details - ImportResultOutputID=b668766d7e5a0b438368829ccd30bfe7 DependenciesID=e8f82a888c731de97c7fad3f80f2229a StaticDependenciesID=ab92d5e1e4134bdba484b71049e4adcb 
Start importing Packages/com.unity.collab-proxy/Editor/Assets/Images/iconplastic.png using Guid(3042b019b052942a1baf7aa49d7ca6bb) (TextureImporter) -> (Import Result ID: '39f6efb335c9968d4e7f861ccb948cba') in 0.000701667 seconds [static and dynamic dependencies]. Details - ImportResultOutputID=176609bc0d649176a8f04453c131bd57 DependenciesID=2d14acd44c1b57d75da89829fccbb6c3 StaticDependenciesID=96b267a57d44b994f32e61514fe4a4d8 
Start importing Packages/com.unity.collab-proxy/Editor/Assets/Images/d_iconinviteusers.png using Guid(3094096a150921c409ef35579f2ada0f) (TextureImporter) -> (Import Result ID: '08ca582422b58a17065d0ef80be3bad0') in 0.000907417 seconds [static and dynamic dependencies]. Details - ImportResultOutputID=7ff0c6cf5c84b74ae406ed37b1a39621 DependenciesID=b7495aa6a473b15977a77209c75889c4 StaticDependenciesID=5af3e369d4c9f3092292524048b60ef1 
Start importing Packages/com.unity.collab-proxy/Editor/Assets/Images/d_buttonssosigninemail.png using Guid(3086d66a563317b40a20a20da2c64ac0) (TextureImporter) -> (Import Result ID: 'fab4337196788deb948adf27d1163800') in 0.000455541 seconds [static and dynamic dependencies]. Details - ImportResultOutputID=9f6312d739b6190bc616c880cd612c36 DependenciesID=7afd9da1a1dc3281912c59e5da9f5d1a StaticDependenciesID=bdb6cf35329163fbbb2bd7dfcb3d0d28 
Start importing Packages/com.unity.inputsystem/InputSystem/Editor/Icons/InputSystemUIInputModule@64.png using Guid(3028dc075ba8c584d9bc7d1e0255e038) (TextureImporter) -> (Import Result ID: '3865351a4cb4756efb6b0692dea195a4') in 0.000497375 seconds [static and dynamic dependencies]. Details - ImportResultOutputID=f512570d8b72fe3f19635729856b5ba0 DependenciesID=c2cc398181fa41262eb563e82b90702a StaticDependenciesID=4318ba60f7377b30358910352603d489 
Start importing Packages/com.unity.collab-proxy/Editor/Assets/Images/iconconflictresolvedoverlay@2x.png using Guid(309b1d5a294fd6c43ae9cf77656c1852) (TextureImporter) -> (Import Result ID: '65a00af01a20144b599f94a680971bb5') in 0.00045025 seconds [static and dynamic dependencies]. Details - ImportResultOutputID=5967ba5966e5a4be14d1352733c1a59b DependenciesID=ae405a106fe78e22289ead20856d7db4 StaticDependenciesID=4702c1e471105df06214a13a247d3847 
Start importing Packages/com.unity.collab-proxy/Editor/Assets/Images/iconinviteusers.png using Guid(40e23f4f2fddc724db517c63f4d8990d) (TextureImporter) -> (Import Result ID: '7e2bddc3f75491ddb179ad6cd34f1bc4') in 0.000519541 seconds [static and dynamic dependencies]. Details - ImportResultOutputID=386d52a598c467cec0e03d52b012ec47 DependenciesID=8b1bc4c7e6c11dd800e6bd4fc913494f StaticDependenciesID=a2b3697b1acc402c7a19a313fbdbedc3 
Start importing Packages/com.unity.inputsystem/InputSystem/Editor/Icons/InputAction.png using Guid(40265a896a0f341bb956e90c59025a29) (TextureImporter) -> (Import Result ID: '995522d81623df79a4160e01e2c926ec') in 0.0015025 seconds [static and dynamic dependencies]. Details - ImportResultOutputID=b88be9b05b8623afc0c6d1b67f1a4560 DependenciesID=b3cec9ec406f8a84127d9ca62a7d5485 StaticDependenciesID=cebf88e5991183b99b27346313c21671 
Start importing Packages/com.unity.collab-proxy/Editor/Assets/Images/iconprivateoverlay@2x.png using Guid(40685941c1361aa4a957b61174bce3f6) (TextureImporter) -> (Import Result ID: 'b5c15d09912ee0ef1763b44c37aa3c42') in 0.000601625 seconds [static and dynamic dependencies]. Details - ImportResultOutputID=6014030705be96650d7b32ce56962380 DependenciesID=ffc0a53e60017fba848087f427175bc2 StaticDependenciesID=d33e24c0eca587b302815db79e289d68 
Start importing Packages/com.unity.collab-proxy/Editor/Assets/Images/d_refresh@2x.png using Guid(602b72d4617c3694aa94419fc1b68e04) (TextureImporter) -> (Import Result ID: 'b27407bda8803619e85b5737e15272a9') in 0.000516209 seconds [static and dynamic dependencies]. Details - ImportResultOutputID=b1dc15caf23fcafd9280aa5465fe596f DependenciesID=46c4d360577c691290b8226ed4b86ac5 StaticDependenciesID=d311fe2c594dc5c69832b0bd752fcd6a 
Start importing Packages/com.unity.collab-proxy/Editor/Assets/Images/icondeletedremote@2x.png using Guid(70e3ce8ad01f39248a3ea97a35bcf238) (TextureImporter) -> (Import Result ID: '941931a1d7011db145e2b58904cb3292') in 0.000478875 seconds [static and dynamic dependencies]. Details - ImportResultOutputID=ed55571fe6d6bc36f5e9cfaf904ad8f7 DependenciesID=64a2b0cfe36b54e0e9b757ddcba462d0 StaticDependenciesID=a5827a17b37bcd93cda50ac3b7b46602 
Start importing Packages/com.unity.visualscripting/Editor/VisualScripting.Core/IconMap/AnimatorMessageListener@32x.png using Guid(9059e055aa673b3469a5c2896c0b8fb5) (TextureImporter) -> (Import Result ID: 'eb2f48907ea43ec242a4703883f136e0') in 0.000502917 seconds [static and dynamic dependencies]. Details - ImportResultOutputID=ebe3aec3fb9e4a8968c709f149c09dad DependenciesID=7359cba384c19d25f759d24d12c7601a StaticDependenciesID=ca76ba83d10991308ed3d7dc8053e70f 
Start importing Packages/com.unity.collab-proxy/Editor/Assets/Images/iconretainedoverlay@2x.png using Guid(a01087ce1455c7e4c8f2410c26afcfd2) (TextureImporter) -> (Import Result ID: '15bb7488c2ef0a19c31688d317a84bcd') in 0.000637708 seconds [static and dynamic dependencies]. Details - ImportResultOutputID=e9e79bd79d5749e5e7ffb462d1563196 DependenciesID=fbf36c8de62571f889896dac75004a0b StaticDependenciesID=90bcf84e6d1313c1d02ee3f1b26a29dc 
Start importing Packages/com.unity.inputsystem/InputSystem/Editor/Icons/Mouse@4x.png using Guid(a0b78c5ab9d654a9daba91ff774b4931) (TextureImporter) -> (Import Result ID: '59eb397c7b7c24f162760be2dd63a754') in 0.000544416 seconds [static and dynamic dependencies]. Details - ImportResultOutputID=3cd31a052ee1504f15124f832e727bf2 DependenciesID=fade9cd6282ff6c13b58382c5f91a740 StaticDependenciesID=a7e9a923503beca4d64b22d6e4ace408 
Start importing Packages/com.unity.inputsystem/InputSystem/Editor/Icons/InputActionAsset.png using Guid(b025a2a0f9e554d1e88a93b5649dfc3f) (TextureImporter) -> (Import Result ID: '2f47457040305fc67fcda4355ba6278d') in 0.001466084 seconds [static and dynamic dependencies]. Details - ImportResultOutputID=d5cc1dbb335498c20483fd82c78a48a0 DependenciesID=ac55ae73347c7432eb96a5cbb87adc80 StaticDependenciesID=d591f2b56bcc5397414a78bb43d22d62 
Start importing Packages/com.unity.inputsystem/InputSystem/Editor/AssetEditor/PackageResources/pro/propertiesBackground.png using Guid(b02e3f0c0798a4f1789a89a7697660be) (TextureImporter) -> (Import Result ID: '551dd4dfd5d7aaf8b3b47b98de252c7e') in 0.000488042 seconds [static and dynamic dependencies]. Details - ImportResultOutputID=d29f81e9cda7c36421a528a7551d2a90 DependenciesID=00bc83eb644ad54ff09c71d2ea07b8c6 StaticDependenciesID=cba12558813abaccd2a718d5dd62e743 
Start importing Packages/com.unity.inputsystem/InputSystem/Editor/AssetEditor/PackageResources/pro/foldoutBackground.png using Guid(c0996bc290ff74bf4834f4a8b7dc8c3e) (TextureImporter) -> (Import Result ID: '267e42d32e2ad9f1302a83970a836508') in 0.000409291 seconds [static and dynamic dependencies]. Details - ImportResultOutputID=bfb284b70666a74ed2f9fbecfaa01ff1 DependenciesID=21078e9e3a45a0fb8b1cb5dd04d66b35 StaticDependenciesID=15b575b3bba6cc9171f18c024a602313 
Start importing Packages/com.unity.inputsystem/InputSystem/Editor/Icons/Axis@2x.png using Guid(d0006d51a864248adba0238883f8c71e) (TextureImporter) -> (Import Result ID: '7f64ea8e735ec5d2ca65496fd5f3e8a2') in 0.000480875 seconds [static and dynamic dependencies]. Details - ImportResultOutputID=0409e057d584b1a337b862f03f71b5a1 DependenciesID=ca402f092b99baabc29388cbfc47cf14 StaticDependenciesID=7c9a46ed6e3921485316b37210020dc1 
Start importing Packages/com.unity.inputsystem/InputSystem/Editor/Icons/d_Axis@4x.png using Guid(e01ab4b854c6d4fa3a8d869b67ecd643) (TextureImporter) -> (Import Result ID: '19e51ba6c39091df6aeb730a71ff9c73') in 0.000504833 seconds [static and dynamic dependencies]. Details - ImportResultOutputID=4f98e2512abc0e80dcc3cfb0c2940c84 DependenciesID=e0d5d9ed374883bf4ef08f50d24cc024 StaticDependenciesID=1887ba31893e0e83df5a800f200b6f76 
Start importing Packages/com.unity.ugui/Editor Resources/Textures/btn_AlignRight_Light.psd using Guid(e05ace3bd15740cda0bad60d89092a5b) (TextureImporter) -> (Import Result ID: 'c45e1ed53a7d469b8784ed3d7e6cb785') in 0.001007209 seconds [static and dynamic dependencies]. Details - ImportResultOutputID=a5f5d1389bc2652ce57edd1d03403aa7 DependenciesID=81f09a998d4341f53a4c29ca2fe9dab8 StaticDependenciesID=863b9ba2fa931f2595a5d6cedf467826 
Start importing Packages/com.unity.visualscripting/Editor/VisualScripting.Core/IconMap/State@32x.png using Guid(f02ed452c3e0d1e448429a89e1773fd7) (TextureImporter) -> (Import Result ID: 'c85d997f778848c4784562c164d023c1') in 0.000437542 seconds [static and dynamic dependencies]. Details - ImportResultOutputID=f5f0393d61aef33445058f6947133d0a DependenciesID=459d4125eb041f8fa6a9d745141545a6 StaticDependenciesID=aaf855cc4b44477b59afff0e65830c61 
Start importing Packages/com.unity.collab-proxy/Editor/Assets/Images/buttonssosigningoogle.png using Guid(f09eae8c0ea04254b90c5386a034a225) (TextureImporter) -> (Import Result ID: '7c526475bdcbdb517d049cf938116e04') in 0.000451125 seconds [static and dynamic dependencies]. Details - ImportResultOutputID=f47e4ca5ab743f5b02e39dec50c2fb4f DependenciesID=f0290f18cc2208d658190f4add756d07 StaticDependenciesID=2f857528a7f2e6254873528ffb619eb5 
Start importing Packages/com.unity.inputsystem/InputSystem/Editor/Icons/Interactive Binding.png using Guid(2196c18f03faf4184b1aeb2c61d5571d) (TextureImporter) -> (Import Result ID: '67a447f376efd268d129cf040158e3a5') in 0.000419541 seconds [static and dynamic dependencies]. Details - ImportResultOutputID=b6b7162a7a035d6e70b50e4442bc285a DependenciesID=23c2403da86d73d706bd4394197d867d StaticDependenciesID=aa0376a78fa008b0d8d9d9a453e9be5c 
Start importing Packages/com.unity.collab-proxy/Editor/Assets/Images/d_iconplasticview@2x.png using Guid(3168140d6f409d0448447f18568d9482) (TextureImporter) -> (Import Result ID: '53060ead10ed36590ce211ac028f21ed') in 0.0004685 seconds [static and dynamic dependencies]. Details - ImportResultOutputID=afb6a9f9ea45e2b0fc632cf27844a617 DependenciesID=16405aa07b5a607e03272b8549cc65c6 StaticDependenciesID=1db8fd755b158551d141a6c2ee36d88d 
Start importing Packages/com.unity.ugui/Editor Resources/Textures/btn_AlignMiddle.psd using Guid(41b96614b2e6494ba995ddcd252d11ae) (TextureImporter) -> (Import Result ID: '84cbe4a86109e99dab7bd97385fbcd4e') in 0.000850375 seconds [static and dynamic dependencies]. Details - ImportResultOutputID=d0768295d994fc000fef2a085a34a9ad DependenciesID=d8baa8542ef63a384ebdce708a32098f StaticDependenciesID=d91936d8b710fffca2be1e8ef63357a7 
Start importing Packages/com.unity.inputsystem/InputSystem/Editor/Icons/d_Dpad@4x.png using Guid(41edf25d451a744e6ad1172a677603bd) (TextureImporter) -> (Import Result ID: '72fffcddca646868feea800e181534de') in 0.000459042 seconds [static and dynamic dependencies]. Details - ImportResultOutputID=a36d137bcee046efdbf0b6b728521dec DependenciesID=a4fc3f8123f255f210423bb1a0efab9a StaticDependenciesID=a525dbac72b634d2c0c8c24f95d20d5d 
Start importing Packages/com.unity.collab-proxy/Editor/Assets/Images/d_iconplasticnotifyconflict.png using Guid(51582ae5ea51fa14996791a550f89473) (TextureImporter) -> (Import Result ID: '8fb48c14e24c07cdc186681885e56ff8') in 0.000386667 seconds [static and dynamic dependencies]. Details - ImportResultOutputID=945900a517015a29f0a2065fa320f516 DependenciesID=8d9141a17b01dc33fcdaff661e497f71 StaticDependenciesID=fd8c432d1162bb599cea73d2757492e7 
Start importing Packages/com.unity.collab-proxy/Editor/Assets/Images/d_iconplasticview.png using Guid(519d97e745e55f041b609f3666cbc037) (TextureImporter) -> (Import Result ID: 'b3ca4727eec928681026f641c8fefefb') in 0.000414375 seconds [static and dynamic dependencies]. Details - ImportResultOutputID=827df490cc318839cc42f90134441ca7 DependenciesID=7ea2936ab3cc9107a3e651e2489dfe2c StaticDependenciesID=a76eb32596b14fb898cff70d536d0005 
Start importing Packages/com.unity.inputsystem/InputSystem/Editor/Icons/Keyboard@3x.png using Guid(6191a40940a3e46899ecf82fa8389d01) (TextureImporter) -> (Import Result ID: '0b6a1ca81d43e10ef9aa1f7eaa4c556b') in 0.000472125 seconds [static and dynamic dependencies]. Details - ImportResultOutputID=b77ea333b978ffdb4dc64845edb0c4a4 DependenciesID=a2df250b894299642be19dc5c127659d StaticDependenciesID=f2b610724c94c49652048892855aa0db 
Start importing Packages/com.unity.inputsystem/InputSystem/Editor/Icons/d_Mouse@3x.png using Guid(6164e492ad3164525ab8ecd9968c3a64) (TextureImporter) -> (Import Result ID: '3bef2307284dcbe6493f842a01876b7b') in 0.000455583 seconds [static and dynamic dependencies]. Details - ImportResultOutputID=a1ad3197cc3d49ad63376f1c02ecc3d8 DependenciesID=895777ecb119f6527c4cf06f45f7d0a4 StaticDependenciesID=da4375c59cca67c7d9084ca314db4d45 
Start importing Packages/com.unity.collab-proxy/Editor/Assets/Images/d_iconbranches.png using Guid(612c5e166a121e3449dad067fbdc37a4) (TextureImporter) -> (Import Result ID: 'a6d871bd88ccdd3f22068282cae0d18a') in 0.000417625 seconds [static and dynamic dependencies]. Details - ImportResultOutputID=a2084bb644409c135ebf2e9a81fb8a9e DependenciesID=20c1d3bbb7f5c27ee8255783ae89aec1 StaticDependenciesID=23d459d1b55a6f92b88d5d1be0641517 
Start importing Packages/com.unity.collab-proxy/Editor/Assets/Images/d_iconlockedlocaloverlay.png using Guid(71c45f80bffdb9145ad2c456254c862e) (TextureImporter) -> (Import Result ID: 'e71f3297432d0c1864bad49b77dcc2e6') in 0.000385292 seconds [static and dynamic dependencies]. Details - ImportResultOutputID=3fab2ac6bfa5c9e28f5a6688dbcd7c66 DependenciesID=170ccc9b9eccbeea2ae460c280971680 StaticDependenciesID=fe2eb364991fdf8b1c6f299fc9a179e5 
Start importing Packages/com.unity.ugui/Editor Resources/Textures/btn_AlignCenter.psd using Guid(81ed8c76d2bc4a4c95d092c98af4e58f) (TextureImporter) -> (Import Result ID: 'c810c6a29ed5817e723fe048a39d4435') in 0.001154792 seconds [static and dynamic dependencies]. Details - ImportResultOutputID=539273474e6f4acfd0cdf0a2b4c50c3b DependenciesID=18cce2d98b9b805c3ffdaf81628fdbb8 StaticDependenciesID=09fda03a60a6ebb02ff9fe5cd702f5b9 
Start importing Packages/com.unity.collab-proxy/Editor/Assets/Images/iconemptygravatar.png using Guid(91976e8b9ce0f0341838727acd55621c) (TextureImporter) -> (Import Result ID: '65f9f58cd9124a9bcf6712b67fe73ab4') in 0.000638916 seconds [static and dynamic dependencies]. Details - ImportResultOutputID=d2be9a09146c09847002be19e0762327 DependenciesID=b07421d324003ba04ad1c72e141db15b StaticDependenciesID=edb712a214fd5cd98621cf5e0b566fb9 
Start importing Packages/com.unity.inputsystem/InputSystem/Editor/Icons/d_Dpad@3x.png using Guid(a1b7d9ffed68a47128c5622c13ba4752) (TextureImporter) -> (Import Result ID: '0c94012240462fa891782a101328b8c2') in 0.00053575 seconds [static and dynamic dependencies]. Details - ImportResultOutputID=884a9010784b9444c1d9ff6c13f2ba5e DependenciesID=4025ec22575c4842434b4af74f960b44 StaticDependenciesID=c4401373a91809468b186f912e752f7c 
Start importing Packages/com.unity.collab-proxy/Editor/Assets/Images/iconshelve.png using Guid(b1b37c2733b68854ba004ff712ef849f) (TextureImporter) -> (Import Result ID: '212404e0e5fad05263e3578aaf4fa681') in 0.000516958 seconds [static and dynamic dependencies]. Details - ImportResultOutputID=a7631f8add4e5e130d3a5c482c8fca6a DependenciesID=7e7bd981c25ae77c35f96d83262ebd81 StaticDependenciesID=f50c7dfff631b33e824048b771117824 
Start importing Packages/com.unity.collab-proxy/Editor/Assets/Images/d_iconbranch.png using Guid(c1516142c0a669b42aecce30a3459017) (TextureImporter) -> (Import Result ID: 'e7ff323c0350a3118d32c82df28161d1') in 0.000511125 seconds [static and dynamic dependencies]. Details - ImportResultOutputID=027fe96e971a1cb8aaeeaa37d2beea49 DependenciesID=a6c1e6cc8b2a978cd83e0d9840f07def StaticDependenciesID=1f258f443ba0649df8ff2ab7be47fa7c 
Start importing Packages/com.unity.collab-proxy/Editor/Assets/Images/d_iconclipboard@2x.png using Guid(c115023c6a2060d4da6a7684bd40c5c0) (TextureImporter) -> (Import Result ID: '3ffc09c55fa59dbc5c6a6ff3c42b035f') in 0.0005435 seconds [static and dynamic dependencies]. Details - ImportResultOutputID=c22ce7cb7d58621a3f953319db264faa DependenciesID=6ec5b2d03b90ccdabf3779dcdd3184fc StaticDependenciesID=7c5ccb9c8e2a039fbc1501334a382f1d 
Start importing Packages/com.unity.collab-proxy/Editor/Assets/Images/iconconflicted.png using Guid(d1c88f142eee55b4eb2b2cfd7b3624ce) (TextureImporter) -> (Import Result ID: '1cb1a25a1419e962dcdcf384cb3315de') in 0.000403708 seconds [static and dynamic dependencies]. Details - ImportResultOutputID=2b0ec6f980c3f01d273ec6022f819f94 DependenciesID=ff9f8ba5bc2ab3e40c79387abbbf297e StaticDependenciesID=491b0bd3c55f4720d29b8491a570a98c 
Start importing Packages/com.unity.inputsystem/InputSystem/Editor/Icons/ChevronDown@4x.png using Guid(d1acbe0a708dc40dc80254764e67ecfa) (TextureImporter) -> (Import Result ID: '7999b064dcd84b292ab2bbfaaba78176') in 0.000457833 seconds [static and dynamic dependencies]. Details - ImportResultOutputID=3a30e789d98b2aa0c6678541a1906092 DependenciesID=f3fbd957b6981e0cfa7aed7c4ebc6d1a StaticDependenciesID=2a17113bf46f4cd52cce32668c736ae1 
Start importing Packages/com.unity.inputsystem/InputSystem/Editor/Icons/d_Position@3x.png using Guid(e1da124f7cbda41a4925397406076a42) (TextureImporter) -> (Import Result ID: '77f505e1220b002669bc91a98a87ab53') in 0.000476875 seconds [static and dynamic dependencies]. Details - ImportResultOutputID=f0f87c3cb7bcb9927d50ecd38d2206c3 DependenciesID=b6a366b237d9377592168aecf9a9b102 StaticDependenciesID=79eb43948d29b5d771d74967047f60c6 
Start importing Packages/com.unity.visualscripting/Editor/VisualScripting.Core/IconMap/StateMachine@32x.png using Guid(f144232ea2c6046438f6cda6c1bad1af) (TextureImporter) -> (Import Result ID: '6b640f61029bb582dd0441307a8dec05') in 0.000442417 seconds [static and dynamic dependencies]. Details - ImportResultOutputID=ce3fa927efc9c8f23fcf708a61b7a498 DependenciesID=176ad4911ca50e49e7823642c3a7269c StaticDependenciesID=3c35c54393668d2e15c3deacd6708da6 
Start importing Packages/com.unity.inputsystem/InputSystem/Editor/Icons/d_Keyboard@2x.png using Guid(f14e3a4027f834f16b235498ac15bb3f) (TextureImporter) -> (Import Result ID: 'fab4e055f0997dbec47a45dc1f558519') in 0.000428333 seconds [static and dynamic dependencies]. Details - ImportResultOutputID=fc50a3fb723cb823e2e084261fb81009 DependenciesID=3fa8ea4ec6d067d1b70a61f4ea7db3e1 StaticDependenciesID=57efbdad26d7d7dee6d95e3ca2f3e4c1 
Start importing Packages/com.unity.collab-proxy/Editor/Assets/Images/d_iconaddedlocal@2x.png using Guid(02800fb9cff14da47a04572790384d8b) (TextureImporter) -> (Import Result ID: '97a938b70b8ba1adc52b873fdb5a1d69') in 0.000467375 seconds [static and dynamic dependencies]. Details - ImportResultOutputID=47e99b62104fa65c85e7e2c87fd88dc4 DependenciesID=6cd4629d67e982692477a9785c2894f1 StaticDependenciesID=2ee7e815450a02d2ef56cf1099634a8f 
Start importing Packages/com.unity.ugui/Editor Resources/Textures/btn_AlignLeft_Light.psd using Guid(12736c98af174f91827a26b66d2b01b9) (TextureImporter) -> (Import Result ID: '267ac98fbc8218e9b50b37c5d9ae6c51') in 0.000791333 seconds [static and dynamic dependencies]. Details - ImportResultOutputID=437191f8e14feb4aadf718aa982639f2 DependenciesID=30c7802bc71c6b72e967e16b95f701b9 StaticDependenciesID=ab5d5304f6fcf2ae4f980ed8719390bf 
Start importing Packages/com.unity.collab-proxy/Editor/Assets/Images/iconmergelink.png using Guid(120bf54dff785a0429b068b814e9c12a) (TextureImporter) -> (Import Result ID: '56da4d3e12b119e6d20dbb1fcf37f044') in 0.000394583 seconds [static and dynamic dependencies]. Details - ImportResultOutputID=e92bdc9311a895ae37429e1e8ff695c6 DependenciesID=87cf8f838c2993603526e4ae5aa1e58b StaticDependenciesID=73a157b13992ab5233ed4006db8b2353 
Start importing Packages/com.unity.inputsystem/InputSystem/Editor/Icons/d_Keyboard@4x.png using Guid(123b6218ad27a41af933311ee524dcdc) (TextureImporter) -> (Import Result ID: 'eb353793389ce1ad5b24b2e2adba9fcc') in 0.000484291 seconds [static and dynamic dependencies]. Details - ImportResultOutputID=9afd85bc02d4975aafa148b2d6f48a13 DependenciesID=0d7178fc84508a559be06767b566a9ae StaticDependenciesID=7a482f6b691a0d49896b823c8d711c55 
Start importing Packages/com.unity.collab-proxy/Editor/Assets/Images/ok.png using Guid(3238dca1e9ea9fb4aa64b28298ba6dbd) (TextureImporter) -> (Import Result ID: '54a865c28822f5a8365ca4057e035efb') in 0.000411417 seconds [static and dynamic dependencies]. Details - ImportResultOutputID=96359a416ff3d7e4bab72cd713d991eb DependenciesID=8af28ea573f10adf6974078f68e523a2 StaticDependenciesID=8b73928c5f159116d6c79054856607f7 
Start importing Packages/com.unity.testtools.codecoverage/Editor/Icons/d_FolderOpened@2x.png using Guid(327ac160fa4588b4ab06124fe53fdbd1) (TextureImporter) -> (Import Result ID: '29e8a3a1954ded5e9a761b73026d3f02') in 0.000754125 seconds [static and dynamic dependencies]. Details - ImportResultOutputID=7335a77a4343f0fecd596e12f6ca8004 DependenciesID=374a64467e156e12d1358b2667a34e3d StaticDependenciesID=053f96b21b6a984bd8e0d2f498cdb6d8 
Start importing Packages/com.unity.collab-proxy/Editor/Assets/Images/iconbranch@2x.png using Guid(425970578f3342a43b40545d1ac8a25d) (TextureImporter) -> (Import Result ID: '52d4ccfe0ddd47460c4c840f2d7a4d3d') in 0.000586167 seconds [static and dynamic dependencies]. Details - ImportResultOutputID=d3c3eb4547ec4a62f305e3268be6eaaf DependenciesID=dde3f7d25259a06ec5edecb0e26267f8 StaticDependenciesID=ff6bfc4647f8e45c431f3a447401e16d 
Start importing Packages/com.unity.inputsystem/InputSystem/Editor/Icons/d_Orientation@3x.png using Guid(424bff4d3ea64400e9b384cb8bebfb96) (TextureImporter) -> (Import Result ID: '22e73c0ed21cefbf548df9b5a0b0ae5a') in 0.000526458 seconds [static and dynamic dependencies]. Details - ImportResultOutputID=b8bb3b0ea77ab8ca276665ee4be2dbb1 DependenciesID=36cb13e2ab00cb7505987ed0e2e93d63 StaticDependenciesID=403ab6845e2645b9bbd5bac9191c3c59 
Start importing Packages/com.unity.visualscripting/Editor/VisualScripting.Shared/EditorAssetResources/SplitButtonArrow.png using Guid(52236e1d9300f4f718999db6c872a5d8) (TextureImporter) -> (Import Result ID: 'a0aedbf576eca8ac8b055606b2c9ab71') in 0.000400917 seconds [static and dynamic dependencies]. Details - ImportResultOutputID=c3706ac80f32b4d3e58237c601946828 DependenciesID=9fa12848982456c2b0d01052e910e10d StaticDependenciesID=1a44d84f238956557faf5aca0446b565 
Start importing Packages/com.unity.inputsystem/InputSystem/Editor/Icons/Stick.png using Guid(6234dae5cf6f04acb9a51e04d448e444) (TextureImporter) -> (Import Result ID: '1eebe28118d2d77de16e9d60b00a7956') in 0.000397834 seconds [static and dynamic dependencies]. Details - ImportResultOutputID=6626c81cfdb31af1765d493d99f37183 DependenciesID=eed0626c08475abcb9e3f76ba61a791f StaticDependenciesID=ac97be0a8931f1223ca940e34eb6dc5e 
Start importing Packages/com.unity.inputsystem/InputSystem/Editor/Icons/d_Axis@3x.png using Guid(62c846073cb844a2b926e4bbd3189647) (TextureImporter) -> (Import Result ID: '183c480fbb07fe2be5bfce772ed61433') in 0.000438917 seconds [static and dynamic dependencies]. Details - ImportResultOutputID=449840b198b87be687b1f7f3e061ba97 DependenciesID=55cdc1f01ed9fc8b20533f1558fb2c88 StaticDependenciesID=1e8a4b225d0480dd58d0cf33104bd909 
Start importing Packages/com.unity.inputsystem/InputSystem/Editor/Icons/Orientation@2x.png using Guid(62f8dda50382d487597224e197cbd34f) (TextureImporter) -> (Import Result ID: 'fff426a34d7b05dbb538e06f5c01fb49') in 0.000393583 seconds [static and dynamic dependencies]. Details - ImportResultOutputID=135393990d184582ba2a10053659df8a DependenciesID=ec3e2539eb4eb8a42e9ff186f1b1a6e4 StaticDependenciesID=bf2135cf9c525e6946a08f4e19a8b98f 
Start importing Packages/com.unity.collab-proxy/Editor/Assets/Images/d_icondeletedremote@2x.png using Guid(626b9cddb29049e4cac50cd87b419945) (TextureImporter) -> (Import Result ID: '439900c62c29b9909fded3aaf55619e5') in 0.000400834 seconds [static and dynamic dependencies]. Details - ImportResultOutputID=e40ceb1c61b1ccba93ab81eb70498d93 DependenciesID=933ee038e496fc42cd470a7d9b2c485f StaticDependenciesID=40a6e82c8fb90ac6166681d831da6db8 
Start importing Packages/com.unity.inputsystem/InputSystem/Editor/Icons/InputControl@2x.png using Guid(62ce957ca99fe4fcba573a5b141eb113) (TextureImporter) -> (Import Result ID: 'd76713870b835395533b8221f959d7a4') in 0.000391584 seconds [static and dynamic dependencies]. Details - ImportResultOutputID=54ed481e1182804a1007f1806f122cf1 DependenciesID=5144522bd41f79a182ffc6faa2a7a7d7 StaticDependenciesID=144719d44fafedc1c2201564cb89beb9 
Start importing Packages/com.unity.inputsystem/InputSystem/Editor/Icons/Touch@2x.png using Guid(82073a8bfd6b8488a89b8796d500d12d) (TextureImporter) -> (Import Result ID: '82798591d7774df8ec21021c96db659a') in 0.000418041 seconds [static and dynamic dependencies]. Details - ImportResultOutputID=1da8c125c77e14248844a37cd90e09ec DependenciesID=ee906c216475327bcb65d485b0afbf4c StaticDependenciesID=b9828471fa5f233f9086b86f33bd1a25 
Start importing Packages/com.unity.ugui/Editor Resources/Textures/btn_AlignJustified.psd using Guid(92027f7f8cfc4feaa477da0dc38d3d46) (TextureImporter) -> (Import Result ID: 'a14c585dda293f63c0bfc4724fb2919e') in 0.000735542 seconds [static and dynamic dependencies]. Details - ImportResultOutputID=b54ca21ac506fa7d8839b8c0ab311a06 DependenciesID=493e7aad0ce4c8897b0ebe87f50e4c67 StaticDependenciesID=2071d40e265bb80aa62dff3f6f828acc 
Start importing Packages/com.unity.collab-proxy/Editor/Assets/Images/d_icondeletedlocaloverlay@2x.png using Guid(92b204cca46037444ab18ba6701f86f7) (TextureImporter) -> (Import Result ID: '78d00d44a30d566a41de1d2d68e90996') in 0.000444208 seconds [static and dynamic dependencies]. Details - ImportResultOutputID=8b700e81a48e1370b09abc5b433a9ef4 DependenciesID=ae42aafaf0f72ea232f7fed835e59d01 StaticDependenciesID=6b0a905d086aea354abb7f6e87ee0fbd 
Start importing Packages/com.unity.collab-proxy/Editor/Assets/Images/d_iconshelve@2x.png using Guid(9264df9de832d7f4bb90a1d0c31d8343) (TextureImporter) -> (Import Result ID: 'c408d5dd8f9921d3f773e2a90f05c092') in 0.000535625 seconds [static and dynamic dependencies]. Details - ImportResultOutputID=8b2d18cc86b4e4b85687b9a59209f037 DependenciesID=d11e48b42a5674d40f41f57b97fb5c65 StaticDependenciesID=3d61595a954bfff56a5cd412f339e5fb 
Start importing Packages/com.unity.ugui/Editor Resources/Textures/btn_AlignLeft.psd using Guid(9288066c33474b94b6ee5465f4df1cc0) (TextureImporter) -> (Import Result ID: '375900292717ef98aa01bd475d99ed1f') in 0.000895375 seconds [static and dynamic dependencies]. Details - ImportResultOutputID=1a7062129dbcd846936d88a4bba5b9af DependenciesID=8f0f5121a2f18d83aed9a85fb784a09d StaticDependenciesID=2cdd540800d570f5e93c896a7dd2299c 
Start importing Packages/com.unity.collab-proxy/Editor/Assets/Images/d_refresh.png using Guid(92b8c447daf4d4b41a0ec148d1091261) (TextureImporter) -> (Import Result ID: 'adb637120c07a955cb582f65c68fafdf') in 0.000549042 seconds [static and dynamic dependencies]. Details - ImportResultOutputID=72d74f07a721a33c5f4b16779ad15837 DependenciesID=f82bb54fe4003598b5c1a93fd552deee StaticDependenciesID=30132234e725ba5fa4ecae0fe28cd8eb 
Start importing Packages/com.unity.collab-proxy/Editor/Assets/Images/notondisk.png using Guid(b205f4b28f59dda49af458b35d8a3ff3) (TextureImporter) -> (Import Result ID: '45bbcfcd66eaf1e62ec1810a5682e153') in 0.000457542 seconds [static and dynamic dependencies]. Details - ImportResultOutputID=1ae710ba3f7ca86bf6939e94af99b1bc DependenciesID=d5185078b440d0dcfaa98359d4958c1f StaticDependenciesID=4ae49959a41be69a92ed19a72ed57b0f 
Start importing Packages/com.unity.ugui/Editor Resources/Textures/btn_AlignMidLine.psd using Guid(c2f7f6a88b4c4f20a53deb72f3d9144c) (TextureImporter) -> (Import Result ID: '5765083bef421bd4c2e88cf2b6710c13') in 0.000770291 seconds [static and dynamic dependencies]. Details - ImportResultOutputID=dc8ccd4bad5e63947bcaa72097e3c9f9 DependenciesID=be8477d3af336a230e139f6534bc5d26 StaticDependenciesID=787b1751ee9a9461f3fae57ff3282086 
Start importing Packages/com.unity.inputsystem/InputSystem/Editor/Icons/Joystick.png using Guid(c28849deb3e3b45c98965e7efd26f7be) (TextureImporter) -> (Import Result ID: '1537166b2683caeee7fa6779559730eb') in 0.000400292 seconds [static and dynamic dependencies]. Details - ImportResultOutputID=c78af56558db92bcefb08c2ebd168dbe DependenciesID=3cde49a59e0244a08786d8c8485a38b7 StaticDependenciesID=b0b01a99d549ad107a33f107d510917a 
Start importing Packages/com.unity.collab-proxy/Editor/Assets/Images/buttonssosigninemail.png using Guid(d24e7e0b75e1a244bb9687d6fd4315ef) (TextureImporter) -> (Import Result ID: '57f191d363cbf14b4fd60cee87ed3e7e') in 0.000477375 seconds [static and dynamic dependencies]. Details - ImportResultOutputID=e20635bff8ec12991503b3aec3cb52d6 DependenciesID=db43622b862bba2b49281cba0224ff45 StaticDependenciesID=dead09ff7174318547e7a59a8dcf906a 
Start importing Packages/com.unity.inputsystem/InputSystem/Editor/Icons/d_InputControl@4x.png using Guid(e2078613efd9e410c8771cbd2717f4e7) (TextureImporter) -> (Import Result ID: '6c18269b99d87c851210c50084ca9812') in 0.000569167 seconds [static and dynamic dependencies]. Details - ImportResultOutputID=38eb58200a4d081ae5b2fe9e201be6e5 DependenciesID=25a655fee6461bbb024eb846b59f0dfa StaticDependenciesID=7fe4efd05f72f990d37013a327a6fa62 
Start importing Packages/com.unity.inputsystem/InputSystem/Editor/Icons/d_Stick@4x.png using Guid(f2fd4d7aa99c94a67a6a137fe979a760) (TextureImporter) -> (Import Result ID: '850d8c8f38a446f4e477bd82a8afb019') in 0.0004915 seconds [static and dynamic dependencies]. Details - ImportResultOutputID=9bd1d132c9630b98ae607db40cfe2387 DependenciesID=478ca79bd3ce4998f6bbb50d8ebe70c9 StaticDependenciesID=c42b81e256bfb69df605a58fb9658e9c 
Start importing Packages/com.unity.inputsystem/InputSystem/Editor/Icons/d_Stick@3x.png using Guid(03c3559bb64164f7785cd1250e475250) (TextureImporter) -> (Import Result ID: 'fc703ce6e3e5d85d7172cd16b905237a') in 0.000432834 seconds [static and dynamic dependencies]. Details - ImportResultOutputID=b510df560223db130731c607187acf47 DependenciesID=f89b12cc831c9c3475e0e6341201d246 StaticDependenciesID=07fad0ed434d0d78e586d1f0a1118a21 
Start importing Packages/com.unity.inputsystem/InputSystem/Editor/Icons/d_Button.png using Guid(0309256f03c114697813e2296f0a1f18) (TextureImporter) -> (Import Result ID: '61ba323e5f8d0e4a489b024ac171773f') in 0.00038925 seconds [static and dynamic dependencies]. Details - ImportResultOutputID=78be15fdf398a1c0a332c3333a0e8a0e DependenciesID=637debeed97eb2bf978078bd3765d3eb StaticDependenciesID=e38d38f58b757f9b3a6c1712f8cae47b 
Start importing Packages/com.unity.collab-proxy/Editor/Assets/Images/secondarytabclose.png using Guid(03cefa94d5aa9d74993fb2138af9d607) (TextureImporter) -> (Import Result ID: 'cd57506dda55cc403a67a6452bfe5f18') in 0.0004595 seconds [static and dynamic dependencies]. Details - ImportResultOutputID=7565ff82795bc708763b6cdc996c77a1 DependenciesID=53d8e7c7735b525b8f3c5ee9ba0406d7 StaticDependenciesID=f6e135bfd1ed1b8e3e191e9d90ee96ca 
Start importing Packages/com.unity.visualscripting/Editor/VisualScripting.Core/IconMap/SceneVariables.png using Guid(1322acb2dac5e7f4cbae25e022caf9d2) (TextureImporter) -> (Import Result ID: '1beb11356f293b4aa465aad9779e5b8d') in 0.000493292 seconds [static and dynamic dependencies]. Details - ImportResultOutputID=274bfdf93531e88eb4d5ac9920c81f2d DependenciesID=4120cd464d98de0b0eecbfd24c9992c9 StaticDependenciesID=41a92c13d1d66e98fe8fcfecf47e2403 
Start importing Packages/com.unity.collab-proxy/Editor/Assets/Images/iconclosebutton.png using Guid(13527793884104b46b7446fd7464c3ed) (TextureImporter) -> (Import Result ID: '2d5c3e3e6ce12b776a95c93e44596cdf') in 0.000637792 seconds [static and dynamic dependencies]. Details - ImportResultOutputID=73e4a65e680ecf57c90a2a9329f2c056 DependenciesID=978f6da190c433eafc15d2c052e6baae StaticDependenciesID=63cbdabd0c5e07f49d381771c2536619 
Start importing Packages/com.unity.inputsystem/InputSystem/Editor/Icons/Pen@2x.png using Guid(13fb345befe624412ac0bd0138d7bcf2) (TextureImporter) -> (Import Result ID: 'eeecb6c8f9fc4533b48467764e5b22fb') in 0.000430125 seconds [static and dynamic dependencies]. Details - ImportResultOutputID=77670f4c55c9a37e5486394b61de4904 DependenciesID=602aeaf1dc1d42220efdc59d10110d93 StaticDependenciesID=0dc4b7b45e9ff05069b0c604d68a3843 
Start importing Packages/com.unity.collab-proxy/Editor/Assets/Images/d_iconplasticnotifyconflict@2x.png using Guid(23743f0c0ed1e6546808a5d645c2a6a5) (TextureImporter) -> (Import Result ID: '4ea0b1802a86e786b454b2c697088510') in 0.000447625 seconds [static and dynamic dependencies]. Details - ImportResultOutputID=93a2c77e3c9675c0dbf8824c5db91fc5 DependenciesID=93ae4ab499c51c09a36438efbee54c85 StaticDependenciesID=36bc826b83ef790d969170572d58a28d 
Start importing Packages/com.unity.collab-proxy/Editor/Assets/Images/d_icondeletedremote.png using Guid(23e66f7264c74424889342127f229577) (TextureImporter) -> (Import Result ID: '97b94862aa10ab54c5684d515796b0e9') in 0.000397209 seconds [static and dynamic dependencies]. Details - ImportResultOutputID=79b93d51acc2f5cc48d7e1362f007a78 DependenciesID=1db69ac03b6d1509a01a1b3ba609c7f3 StaticDependenciesID=af475cc40421651169b847d29470023a 
Start importing Packages/com.unity.inputsystem/InputSystem/Editor/AssetEditor/PackageResources/blue.png using Guid(33f32142c2c2d4662be5f5274db27158) (TextureImporter) -> (Import Result ID: '0f22c02809dcffda93fda6405b70a0ac') in 0.000401542 seconds [static and dynamic dependencies]. Details - ImportResultOutputID=d96dd664afa7ee81994da422698a3d5a DependenciesID=122d4d61b7c367f8ff4bc9b640618598 StaticDependenciesID=df9621125696aa0caca5ede6d5c3049a 
Start importing Packages/com.unity.collab-proxy/Editor/Assets/Images/iconoutofsync.png using Guid(636d03a8834e3ed4cac3a1cb4b82deaf) (TextureImporter) -> (Import Result ID: 'a69caf6e6e2e80c5566be33a0c72ea4f') in 0.00039475 seconds [static and dynamic dependencies]. Details - ImportResultOutputID=c768fafc64f4501976e4e47b125d3495 DependenciesID=69f6a27e9c3118425b99d269801fb2ff StaticDependenciesID=6b7cc9e6c380155416989288935353ac 
Start importing Packages/com.unity.collab-proxy/Editor/Assets/Images/d_iconaddedoverlay.png using Guid(73d124bf77e463c45942d14136745d9f) (TextureImporter) -> (Import Result ID: '9cb18c5f6431cb4db30edb785702c946') in 0.000381666 seconds [static and dynamic dependencies]. Details - ImportResultOutputID=6a05805683c4ba1fa92b199a18c4709f DependenciesID=19d95a1223de9efb0a451c7775dcefa5 StaticDependenciesID=0151d41e8b735ad1c0e20359453964d5 
Start importing Packages/com.unity.collab-proxy/Editor/Assets/Images/iconinfobellnotification@2x.png using Guid(830164d71b9d60c40b606822b957d10b) (TextureImporter) -> (Import Result ID: '583400e1771785b18a0843270da559d8') in 0.000565375 seconds [static and dynamic dependencies]. Details - ImportResultOutputID=016abc17a24f8d8e9b6ca62b3e9fb822 DependenciesID=0feb3f96f81afa02f6f5fa002361bfa1 StaticDependenciesID=dd7d18a45c54c40c62f188d75ef527c8 
Start importing Packages/com.unity.inputsystem/InputSystem/Editor/Icons/d_Gamepad@4x.png using Guid(83438053370c84456a73f7f95ef821fb) (TextureImporter) -> (Import Result ID: 'd790baceeb6135b1d663ddbccbb4affb') in 0.000524208 seconds [static and dynamic dependencies]. Details - ImportResultOutputID=201c52ba51c55f3c2e4903eebec557d8 DependenciesID=f91e4203fa1b21e6a566d51d062a29c5 StaticDependenciesID=3e3de7a5880217d69db0e172c2b18d10 
Start importing Packages/com.unity.inputsystem/InputSystem/Editor/Icons/d_Keyboard.png using Guid(83382fb171da648c594229ca6fa7ad94) (TextureImporter) -> (Import Result ID: '63e1f630c7a6d5b30bb18aca834abbde') in 0.000388458 seconds [static and dynamic dependencies]. Details - ImportResultOutputID=49ccbfc2a16b7e01f4b6e5d9dd9884b7 DependenciesID=0dda5784b180f1d6837f058a6932d2e4 StaticDependenciesID=1794997a761472e73b7b0feffc154211 
Start importing Packages/com.unity.collab-proxy/Editor/Assets/Images/icondeletedlocaloverlay@2x.png using Guid(a3e491f99ea3ad74f8731ca93e84c497) (TextureImporter) -> (Import Result ID: 'afc502af1dd126857b8e4555b701d69a') in 0.000418333 seconds [static and dynamic dependencies]. Details - ImportResultOutputID=df874826e7416a85a9d6ea973f899680 DependenciesID=25955e4eacbdbc1dd412b4f47c74dc7b StaticDependenciesID=a427950a4027e5f52c3bdc539dc3b840 
Start importing Packages/com.unity.inputsystem/InputSystem/Editor/Icons/Position@2x.png using Guid(a3fa73829479e4b41965e749fcca7c12) (TextureImporter) -> (Import Result ID: 'dd98fa34c94da3dae47f3806fda18a7b') in 0.000411375 seconds [static and dynamic dependencies]. Details - ImportResultOutputID=817fd59d8d3134c84c3dab3c9065737e DependenciesID=007100961f7669b21dcef50d4d5b0e49 StaticDependenciesID=7f7011659d9eda6c62707b994a5387d8 
Start importing Packages/com.unity.collab-proxy/Editor/Assets/Images/d_iconconflictedoverlay@2x.png using Guid(a3ced8f7044b9de4787602a9e9b20ea7) (TextureImporter) -> (Import Result ID: '3e81510b1beeab390ade3a047ee76a07') in 0.000430791 seconds [static and dynamic dependencies]. Details - ImportResultOutputID=cb105449be2037761b60cb55893a6736 DependenciesID=315dcf86dea07045169144af910d570d StaticDependenciesID=e17ec24a32bae92bde4be46f187cc9f6 
Start importing Packages/com.unity.collab-proxy/Editor/Assets/Images/d_iconretainedoverlay@2x.png using Guid(c34cd61ed96ff9a40a54e159467c5155) (TextureImporter) -> (Import Result ID: '269caeb172874264b86b5e6d49a877ad') in 0.00050775 seconds [static and dynamic dependencies]. Details - ImportResultOutputID=d5c205e16f31700ed199e118f772792f DependenciesID=85188771ba82dd98809507059230fa3b StaticDependenciesID=f2ba9190b6f49bfa99558b241c4a34d4 
Start importing Packages/com.unity.ugui/Editor Resources/Textures/SectionHeader_Light.psd using Guid(e3b0f810fdea84e40ab4ba20f256f7e8) (TextureImporter) -> (Import Result ID: 'fdfdd6b3e41f633e31d2113def4c6787') in 0.000872834 seconds [static and dynamic dependencies]. Details - ImportResultOutputID=e7cd5ed1ea7e2e1a377f064c3c64a52e DependenciesID=ebf8dfdcb63b1e46b74d69a8929b9262 StaticDependenciesID=c8071a6a28ac2b154858fe10c4115022 
Start importing Packages/com.unity.collab-proxy/Editor/Assets/Images/d_iconplasticnotifyincoming.png using Guid(f31d2c855644aad4cb2030bce12859f6) (TextureImporter) -> (Import Result ID: 'c95ece23a2b72d1d29354d6b1e803bfa') in 0.000446375 seconds [static and dynamic dependencies]. Details - ImportResultOutputID=b7a0705ecf63a8f8189a52baed5094f5 DependenciesID=9ec12119b2bf088ef20b8bfa1152892e StaticDependenciesID=7f9f77ddc602d31ecd81e9384f2a1b37 
Start importing Packages/com.unity.collab-proxy/Editor/Assets/Images/d_iconinfobellnotification.png using Guid(f38e832edef3ab648bcc2ab5dfa2906d) (TextureImporter) -> (Import Result ID: 'c2b23c7958f3fd194826fc78ae258c03') in 0.000493125 seconds [static and dynamic dependencies]. Details - ImportResultOutputID=f48f745246ae6e7fe7544fbb599cc950 DependenciesID=54e4f67fd178d9da1ec700fe7a25c2cd StaticDependenciesID=43615b9f55b394dd2865ac4b05edb8a9 
Start importing Packages/com.unity.collab-proxy/Editor/Assets/Images/d_buttonssosigninemail@2x.png using Guid(144aa74618b85974a9a50f612c2fa8fd) (TextureImporter) -> (Import Result ID: '48cbcde10c70bb2f2d39727c66045039') in 0.000513208 seconds [static and dynamic dependencies]. Details - ImportResultOutputID=3a6371b346419a3383b849b3da87f636 DependenciesID=f7daf176634cba30b8ff6a4093ab98a1 StaticDependenciesID=fef900d36df8d606b8cd926e218c7c28 
Start importing Packages/com.unity.collab-proxy/Editor/Assets/Images/d_stepok@2x.png using Guid(3494dc956dfd7174abc07060940a2848) (TextureImporter) -> (Import Result ID: 'e92569a7bc48ea7dabd1a179b5251632') in 0.000465 seconds [static and dynamic dependencies]. Details - ImportResultOutputID=d1af9694f7a3eb7400e055230a28242e DependenciesID=a06636eef4fb391c4a2a3d04c7d53b6d StaticDependenciesID=75594fa05861480a67ac634923b458aa 
Start importing Packages/com.unity.inputsystem/InputSystem/Editor/Icons/d_Axis.png using Guid(34f9452ba2ee14c0b9c976800caef571) (TextureImporter) -> (Import Result ID: '57bd57cc522dfaee3d53e5ccbee54367') in 0.000384709 seconds [static and dynamic dependencies]. Details - ImportResultOutputID=2dec121b62e3dee3f8eeaea54882965d DependenciesID=d9da3439d0d0ac2167783ec92c1a0c0c StaticDependenciesID=b4f9798bb7d32b91a0fc59b94fbba941 
Start importing Packages/com.unity.ugui/Editor Resources/Textures/btn_AlignRight.psd using Guid(342a0f8aca7f4f0691338912faec0494) (TextureImporter) -> (Import Result ID: '141b2a1b3e5134358a98cf1e1135f9bc') in 0.000806291 seconds [static and dynamic dependencies]. Details - ImportResultOutputID=baa0611ac192f2e374807b5a1c5e92b4 DependenciesID=61929d3f8eb00219cfbc0a82d5d9d665 StaticDependenciesID=9ae621eec8b9a6d42feac41baaddcbb4 
Start importing Packages/com.unity.inputsystem/InputSystem/Editor/Icons/d_Interactive Binding@3x.png using Guid(542599ad529004327a7b18f7b2a4aeb8) (TextureImporter) -> (Import Result ID: '5e88f07eb13038e44818afea8e76cb74') in 0.00054175 seconds [static and dynamic dependencies]. Details - ImportResultOutputID=dce38de668d75daf015b1a0bb85f1263 DependenciesID=7a6424147e3ff51eb25b362c843919cc StaticDependenciesID=41d947648c700acf4ebee3e9a261d3b3 
Start importing Packages/com.unity.ugui/Editor Resources/Textures/btn_AlignFlush_Light.psd using Guid(64b9fad609434c489c32b1cdf2004a1c) (TextureImporter) -> (Import Result ID: '30f49a3a35ae9c5542081932a7681b79') in 0.000746083 seconds [static and dynamic dependencies]. Details - ImportResultOutputID=192f3122365ac44eb38d8e469459681f DependenciesID=a27dc62ab7c71ce8e5e1a7291cb24d9f StaticDependenciesID=3c347fdadd618e4662e03422697a3d0f 
Start importing Packages/com.unity.visualscripting/Graphics/Icons_16x_72dpi.psd using Guid(749d1db079e2d5e4ea440488ee312b04) (TextureImporter) -> (Import Result ID: '3213d7b2251a02d0dfb17ffd982c6593') in 0.000513458 seconds [static and dynamic dependencies]. Details - ImportResultOutputID=eca98c8ad40288c1bff2314bcb0670c1 DependenciesID=9d22cb21e2d1c0ca40aff1562265e4a6 StaticDependenciesID=7b11fd5863d1aa024e055099d56e827c 
Start importing Packages/com.unity.collab-proxy/Editor/Assets/Images/iconaddedoverlay@2x.png using Guid(74ef721fef79c44489d4e3edb0ab0c01) (TextureImporter) -> (Import Result ID: '477898db29b18e2e22ee537bec8ca598') in 0.000457084 seconds [static and dynamic dependencies]. Details - ImportResultOutputID=2b2d1d3ba58650e47a62e83ebbd27148 DependenciesID=f25fdc7201e230d1fc635b479e9f24ef StaticDependenciesID=fdcf44cad257f8be8656a649c1e7bc87 
Start importing Packages/com.unity.visualscripting/Editor/VisualScripting.Core/IconMap/UnityMessageListener@32x.png using Guid(9494e5b136d34c74f96fb0df4a7b9a77) (TextureImporter) -> (Import Result ID: 'dae00d855571568f125a1bec1465d09f') in 0.000439334 seconds [static and dynamic dependencies]. Details - ImportResultOutputID=af8338a39663801516d96f0ddffbaef0 DependenciesID=d820368284ce7dbc774af90050cc1a5b StaticDependenciesID=36e032b608bf59affff374326648eb0e 
Start importing Packages/com.unity.inputsystem/InputSystem/Editor/Icons/d_Touch.png using Guid(94fa2e214a138425e8afbbe1329e0b55) (TextureImporter) -> (Import Result ID: 'e9a39094b04f702daa7c2637170907f8') in 0.000368625 seconds [static and dynamic dependencies]. Details - ImportResultOutputID=d12098f4be0e5f2cf2cf0fee93fedf0a DependenciesID=008b074c79e868cfd1493c8dc19d6b74 StaticDependenciesID=44528b1da8c56d63a79ce70954d5dcf5 
Start importing Packages/com.unity.inputsystem/InputSystem/Editor/AssetEditor/PackageResources/pro/actionTreeBackgroundWithoutBorder.png using Guid(943deaaee9c9347e0a455aa208526c42) (TextureImporter) -> (Import Result ID: 'fedf2fa81486fd791cc41ab4c2d9348c') in 0.000361291 seconds [static and dynamic dependencies]. Details - ImportResultOutputID=306bc55dc279c736b10a31619163a8a5 DependenciesID=a77e558be19133e9bb56956da6c30d7f StaticDependenciesID=b9de63115e8af948673066100e632404 
Start importing Packages/com.unity.collab-proxy/Editor/Assets/Images/iconpressedclosebutton.png using Guid(94fe868620119564f9474f40cd6145aa) (TextureImporter) -> (Import Result ID: 'ed89103d222fa693c680bac9aa04b3f0') in 0.000556583 seconds [static and dynamic dependencies]. Details - ImportResultOutputID=4a43a95201d2a0b339f96303f9fa5150 DependenciesID=fe4e281e20b81dc14168c98ff7099615 StaticDependenciesID=5c831c5966055acd6845bc8b55ea15de 
Start importing Packages/com.unity.inputsystem/InputSystem/Editor/Icons/Joystick@3x.png using Guid(a4610f64a5a4e4625b1ddbd44b04c5a6) (TextureImporter) -> (Import Result ID: 'e1c8d872aed9d466c6888b22302a3478') in 0.0004435 seconds [static and dynamic dependencies]. Details - ImportResultOutputID=9b6f1bc61256dd6e8ba1e8b665a2389f DependenciesID=9cd2c50d387091c5acfdd1660c63a7d0 StaticDependenciesID=c78bdf1220401629960930f407695054 
Start importing Packages/com.unity.inputsystem/InputSystem/Editor/Icons/TrackedPoseDriver.png using Guid(a4d5a38cb01e9c54aa75431f797059cb) (TextureImporter) -> (Import Result ID: '986d5060165a2150efc71db8828fb542') in 0.000424375 seconds [static and dynamic dependencies]. Details - ImportResultOutputID=423db577c4a0456ef0e5b98394c74860 DependenciesID=eee00cf3eedcfc3405b6eae2995b35a4 StaticDependenciesID=18ae34e38c59300e2b5456eac5afb211 
Start importing Packages/com.unity.inputsystem/InputSystem/Editor/Icons/d_Add Binding.png using Guid(a4bbff684804d4c84b61cd0256cd2360) (TextureImporter) -> (Import Result ID: 'e82067af5b15e27368a22ca8cb27af03') in 0.000404875 seconds [static and dynamic dependencies]. Details - ImportResultOutputID=014e85dbbbb3d61483954785fdaad6d2 DependenciesID=8c1695aff117cb04d7deba07fef989e4 StaticDependenciesID=65cbb35bc1bef7dea1bf69cfe250e835 
Start importing Packages/com.unity.inputsystem/InputSystem/Editor/Icons/Position@3x.png using Guid(a43c2c10c85c448b584c8f2840f86915) (TextureImporter) -> (Import Result ID: 'bcbb5294c55302a01a473e88a98d1d3a') in 0.000435416 seconds [static and dynamic dependencies]. Details - ImportResultOutputID=610fbcde30a01801262a379907e4ca4d DependenciesID=46ac063fc986763612a45e692330bad6 StaticDependenciesID=dd41abc8cc20078b47e74ac1c980bded 
Start importing Packages/com.unity.inputsystem/InputSystem/Editor/Icons/Stick@3x.png using Guid(a4deca3e01bf64bfc9136f4cb3b41c9f) (TextureImporter) -> (Import Result ID: 'd19997063e85016a7b92c5e8f9ac6999') in 0.000438584 seconds [static and dynamic dependencies]. Details - ImportResultOutputID=aa6fcbe111f5c5595013d178eff9e654 DependenciesID=19617f5aa76c091f2e537ba44d6d6f72 StaticDependenciesID=81cbd4f7a136eb44f4aee455382200bc 
Start importing Packages/com.unity.collab-proxy/Editor/Assets/Images/iconinviteusers@2x.png using Guid(b43651fb085b38445ade3f9de3ab0636) (TextureImporter) -> (Import Result ID: '38a342f28baa2693f8e6b2c982f4e38c') in 0.0006395 seconds [static and dynamic dependencies]. Details - ImportResultOutputID=42e0719760beadcb1402c905a7ed509f DependenciesID=d667b358e501d5b5f66cf338a06b6c73 StaticDependenciesID=8db5eef87f9a45cd71935f9e485bfbad 
Start importing Packages/com.unity.inputsystem/InputSystem/Editor/Icons/d_InputControl@2x.png using Guid(c4235c4abfa134435bd4c8c1f8fd8c56) (TextureImporter) -> (Import Result ID: '8ee38d395820b2dea6c6f1d5e705b371') in 0.000403542 seconds [static and dynamic dependencies]. Details - ImportResultOutputID=c0a5e23bba44029a528a7804ea76bc82 DependenciesID=4a010f9f6eef1dc01cafe590e03e23ac StaticDependenciesID=1e2022ff967e6da53165d4babbfb0d55 
Start importing Packages/com.unity.inputsystem/InputSystem/Editor/AssetEditor/PackageResources/pro/actionTreeBackground.png using Guid(c4b66e31395c54087a2fbc13ae7e0f3c) (TextureImporter) -> (Import Result ID: 'b1a92a3fe10910167583eda1922b8340') in 0.00038375 seconds [static and dynamic dependencies]. Details - ImportResultOutputID=3d382fb85f1a6d829ca33f58b2245d1e DependenciesID=10496171b077c745d1fa835f34a63241 StaticDependenciesID=75cb57a9a6e0961419d60060f5375ab2 
Start importing Packages/com.unity.inputsystem/InputSystem/Editor/Icons/ChevronUp@4x.png using Guid(c4f7551c56dfb47a7a105b6579646d2f) (TextureImporter) -> (Import Result ID: '0c70e75defaf043c9cc38e92b94be51b') in 0.000445416 seconds [static and dynamic dependencies]. Details - ImportResultOutputID=ddb1c502c460123d1085eb773f68b2f3 DependenciesID=830bece6c11ae6a784b2110c5cef07d0 StaticDependenciesID=3a9813db4c826d6c54cbe1d339900afc 
Start importing Packages/com.unity.collab-proxy/Editor/Assets/Images/stepok.png using Guid(d4780dc1205c7c7478c970d8c61d24e8) (TextureImporter) -> (Import Result ID: '28ff93730e83b9a5a146d64a1aa34506') in 0.000431375 seconds [static and dynamic dependencies]. Details - ImportResultOutputID=1683ac7535a3f610bf02393db19f6db4 DependenciesID=a8add702bf57cc9c2450af4decea9e1b StaticDependenciesID=ad8ba4402573ba61aea97d13177bd4d6 
Start importing Packages/com.unity.collab-proxy/Editor/Assets/Images/d_iconbrex.png using Guid(d44f9c7a4044e1845b5b3627ba32fb10) (TextureImporter) -> (Import Result ID: '20d922230b1e3007bea0e5e4d8f6dc4d') in 0.000430292 seconds [static and dynamic dependencies]. Details - ImportResultOutputID=6b7c7e9aac21adc9f9e7fc673f4f381b DependenciesID=8c67a6035fbebaa0fcddaceb84208e90 StaticDependenciesID=832068782929b98c46fc348a5ec07cd2 
Start importing Packages/com.unity.collab-proxy/Editor/Assets/Images/iconbranches@2x.png using Guid(e45389a8a97044d4caf408f252370632) (TextureImporter) -> (Import Result ID: 'a46435468b983f1e89c3dfe23593cded') in 0.000411208 seconds [static and dynamic dependencies]. Details - ImportResultOutputID=c669edf3df27465ff5e1672f48194cab DependenciesID=e0f223b74a4447186fabfbfa927d2ff5 StaticDependenciesID=378aad18cfc0093f02cdddb0c0787d01 
Start importing Packages/com.unity.inputsystem/InputSystem/Editor/Icons/d_ChevronUp@4x.png using Guid(e46ad23216d074f828f3437b21912c64) (TextureImporter) -> (Import Result ID: '634796308b85f2da281aabdaae0740db') in 0.000440167 seconds [static and dynamic dependencies]. Details - ImportResultOutputID=da50b229f1f88eaff5d5094843705259 DependenciesID=ff245ef030500adfe349361fddd536ea StaticDependenciesID=5d9599f9db729b7b1d0d190ec8f69f80 
Start importing Packages/com.unity.inputsystem/InputSystem/Editor/Icons/d_Interactive Binding@4x.png using Guid(f4e6ca70dd9734da1a812be882c6364e) (TextureImporter) -> (Import Result ID: 'd4f0b94587bd467d2e88159e6e8e1283') in 0.0005305 seconds [static and dynamic dependencies]. Details - ImportResultOutputID=66161e1749cfb7d6aa4955f9dc4b046d DependenciesID=a09406b317abe820a4d81da6652eae6a StaticDependenciesID=8ab4ffa84c03b0d2536806dc314c7aae 
Start importing Packages/com.unity.collab-proxy/Editor/Assets/Images/d_iconclosebutton@2x.png using Guid(0525793900d728a42936791a8a6de63b) (TextureImporter) -> (Import Result ID: 'ee7adf1fbbb7217a2be85496a9595b66') in 0.000468708 seconds [static and dynamic dependencies]. Details - ImportResultOutputID=3070e55d9644895a7c2cbb3ea8e584fd DependenciesID=8e262262005ba71c940bb01de3262e51 StaticDependenciesID=b61d2d1144037a7fdaf13d074ada6c24 
Start importing Packages/com.unity.inputsystem/InputSystem/Editor/Icons/Mouse@3x.png using Guid(05bbafd21bf3c4cca93cb8ddfbbd4070) (TextureImporter) -> (Import Result ID: 'fcd9d09c9112be3c668f04c2371e4b9a') in 0.000477708 seconds [static and dynamic dependencies]. Details - ImportResultOutputID=4d86cfd0f09619dfb9f4b73cf7dae62b DependenciesID=88bd99cb034714fb4960fa930c237f0b StaticDependenciesID=a0adac9a5dd706be7c45793d911a2693 
Start importing Packages/com.unity.collab-proxy/Editor/Assets/Images/d_iconconflictresolvedoverlay.png using Guid(056ee72c467a4e24d87541d42839ca72) (TextureImporter) -> (Import Result ID: '117fe200439de57510e38eb992966d27') in 0.000440041 seconds [static and dynamic dependencies]. Details - ImportResultOutputID=9707702a7828363fcd96687c446991fc DependenciesID=9113918fcc05d9d4a97497adbb234516 StaticDependenciesID=d8c0b48fa79a99094b422bc7951fb211 
Start importing Packages/com.unity.collab-proxy/Editor/Assets/Images/d_iconprivateoverlay.png using Guid(059fb5367594a3343814dc25ace454b3) (TextureImporter) -> (Import Result ID: 'f6ffc2c0af2040b2397c6ee4bb93adb0') in 0.000430375 seconds [static and dynamic dependencies]. Details - ImportResultOutputID=d325431e0918136d4946fe2abaec815f DependenciesID=94dacede7610eb994cda5286ed70feda StaticDependenciesID=d5d43f741fd5d176ea12b92e2b699a6e 
Start importing Packages/com.unity.inputsystem/InputSystem/Editor/Icons/ChevronDown@2x.png using Guid(153c8e15f7f6c452ca50f6795813ed39) (TextureImporter) -> (Import Result ID: '18923d091bc5f2e85b0298ae0f0495c7') in 0.000504959 seconds [static and dynamic dependencies]. Details - ImportResultOutputID=02ad18a68ae0dafe4c016d3a0fb27d6e DependenciesID=cd21661bed74b7ad56b89473dec0af6b StaticDependenciesID=44557198a6afa4f9fbbfc316ce875966 
Start importing Packages/com.unity.inputsystem/InputSystem/Editor/Icons/d_Position@2x.png using Guid(2552e303d22424da2ad62552efbd06e8) (TextureImporter) -> (Import Result ID: 'ebcea4bd201bce2ac07a7f1b347af9b5') in 0.000489334 seconds [static and dynamic dependencies]. Details - ImportResultOutputID=a8620bd095d4f7ac024ae96d8be6ddd2 DependenciesID=d80d20bf5f7e35b0a54d03e364607c4d StaticDependenciesID=11a2db4c23723d49118b000e0f043f58 
Start importing Packages/com.unity.visualscripting/Graphics/Icons_32x_72dpi.psd using Guid(35a21b8c004950548af9fc81919e1aa9) (TextureImporter) -> (Import Result ID: '1da470c27921726ef94349d88db6a02a') in 0.000668708 seconds [static and dynamic dependencies]. Details - ImportResultOutputID=e139b4be321690831e3255871ec1f95b DependenciesID=63c93b5cd3ad69fd8cea398feccaab38 StaticDependenciesID=70ce9f9f03f75351d471cc83dcc992fc 
Start importing Packages/com.unity.ugui/Editor Resources/Textures/btn_AlignCenterGeo_Light.psd using Guid(35ff0937876540d3bd4b6a941df62a92) (TextureImporter) -> (Import Result ID: '138dd3303dac88aae83bc41e05536d49') in 0.001155458 seconds [static and dynamic dependencies]. Details - ImportResultOutputID=619ef1506070e27b28d3b30c446ecc67 DependenciesID=ee661248c399e30fd18ca22b0481d81b StaticDependenciesID=21f07cc71c7e4bbc926a43018d7e3b0d 
Start importing Packages/com.unity.inputsystem/InputSystem/Editor/Icons/d_Stick.png using Guid(55040e210fa9b426b861a26909ab4de7) (TextureImporter) -> (Import Result ID: 'b1b06ac18753fd8f64072870b9ee779c') in 0.000444041 seconds [static and dynamic dependencies]. Details - ImportResultOutputID=80e36c3fde86d87da89a3d4dcc022691 DependenciesID=dabb1479dc47c60196be8083fbc1e1a3 StaticDependenciesID=74d45329f95988e86de7862f0f9a09b9 
Start importing Packages/com.unity.collab-proxy/Editor/Assets/Images/d_iconlock@2x.png using Guid(55747841a2e3b47dab36dc8d5e0dc4df) (TextureImporter) -> (Import Result ID: '92dc31f1eb2e846b7b23e48c895a6fb4') in 0.000594083 seconds [static and dynamic dependencies]. Details - ImportResultOutputID=7fe1cc20e9f451be4c3eb67f970b3a05 DependenciesID=344ad908f8b74ffcd302c83233fe7f81 StaticDependenciesID=1c7666eeed93970c1e949475370c6d4f 
Start importing Packages/com.unity.collab-proxy/Editor/Assets/Images/xlink.png using Guid(556a2f3b046024d4c9621c1b4be5f0c1) (TextureImporter) -> (Import Result ID: 'c007998306da671e6b365db6883b6a52') in 0.000416542 seconds [static and dynamic dependencies]. Details - ImportResultOutputID=731c906229a0f9ba462fb6a4fc997ca7 DependenciesID=07a1b99dc6e3ea803c1c517f7157119e StaticDependenciesID=8c05514fc9aada3ae1a934aeb17e1e0f 
Start importing Packages/com.unity.collab-proxy/Editor/Assets/Images/d_iconconflicted@2x.png using Guid(65f0e363b74cf5845ab8c3fbc14f39ac) (TextureImporter) -> (Import Result ID: 'd03577b105cab2048684aa077a6135c8') in 0.000425708 seconds [static and dynamic dependencies]. Details - ImportResultOutputID=f657c44b0c75fe55a7665239f9102829 DependenciesID=f70cb499cad322064002cab4dd068749 StaticDependenciesID=effd14bc7b04264e2ee4a4b5d89f8869 
Start importing Packages/com.unity.inputsystem/InputSystem/Editor/Icons/Gamepad@4x.png using Guid(7543bb6341c2140f292c8c852e7a3bbf) (TextureImporter) -> (Import Result ID: 'bce32e2b2b22fd92d1ee4d267a5065e0') in 0.000480458 seconds [static and dynamic dependencies]. Details - ImportResultOutputID=6ea29aa69488c6377c28c183d14cb9f7 DependenciesID=142d613e6115c37df98b27af8d9088b3 StaticDependenciesID=cfa7e7881f09498445a73da99b3069ba 
Start importing Packages/com.unity.inputsystem/InputSystem/Editor/Icons/Add Binding.png using Guid(958a10dec4f3a4764bb345b0aa03510b) (TextureImporter) -> (Import Result ID: 'aa8cb74be27f26d4268cfb562b1446cd') in 0.000384166 seconds [static and dynamic dependencies]. Details - ImportResultOutputID=4c62adcc55a0784a81711c0b42f26fab DependenciesID=46373fb0c5511406b07224c436a746e2 StaticDependenciesID=afb079a4ca5816732403251eae4c143f 
Start importing Packages/com.unity.collab-proxy/Editor/Assets/Images/iconlockedlocaloverlay@2x.png using Guid(b528c1b33a65cf94ea74f830b54c9acb) (TextureImporter) -> (Import Result ID: '3194f65c7706aacb5c5d78a00c7f0887') in 0.000413084 seconds [static and dynamic dependencies]. Details - ImportResultOutputID=b8c1edbb433acd1a59f870908b069eb8 DependenciesID=39210e267e18206d21b0635cfe304643 StaticDependenciesID=b6b1a68ec731589e4345287ad9f357a4 
Start importing Packages/com.unity.visualscripting/Editor/VisualScripting.Core/IconMap/GlobalMessageListener@32x.png using Guid(c588f7acb736b6940bac7b559c8f59dd) (TextureImporter) -> (Import Result ID: '6b8e0900571c566a22577282636b8203') in 0.000414541 seconds [static and dynamic dependencies]. Details - ImportResultOutputID=1c7b149f32c89d02a90670a396f75e17 DependenciesID=5def06754e5425089b0a24494a07014f StaticDependenciesID=7463a7219b016eb5f52bd7cc14bead7d 
Start importing Packages/com.unity.collab-proxy/Editor/Assets/Images/d_iconplasticnotifyincoming@2x.png using Guid(c5fc116b3271b5947808130b2212cd60) (TextureImporter) -> (Import Result ID: 'e53e1336a80d25307ce96dcbc143c090') in 0.000427292 seconds [static and dynamic dependencies]. Details - ImportResultOutputID=70f0d1ab45eaccf0aa5ce54744f87c9d DependenciesID=ef5d41ea46cff3b2db7dde24f2a459f7 StaticDependenciesID=8650a1e7e7ee899731ece4244ea52827 
Start importing Packages/com.unity.inputsystem/InputSystem/Editor/Icons/d_Position.png using Guid(c5bdeae4dabac4bf19f7a1afcf5ca678) (TextureImporter) -> (Import Result ID: '711e81755a2abeabf30a463c890765bd') in 0.000402917 seconds [static and dynamic dependencies]. Details - ImportResultOutputID=dfd8603b528ee848237af88749102b0b DependenciesID=b5099f7e8a0ff0783ffa9899c0ff081f StaticDependenciesID=5bdd07debcede2760f3d1a6016d763fe 
Start importing Packages/com.unity.collab-proxy/Editor/Assets/Images/icondeletedremoteoverlay@2x.png using Guid(d5c3277b1dbad9448b46c2ec87a2cef8) (TextureImporter) -> (Import Result ID: '48b7726ae0fcd8fc4d8bf6052acba350') in 0.000416292 seconds [static and dynamic dependencies]. Details - ImportResultOutputID=aad28f1942b724624361e5218c1ff37d DependenciesID=f8e7dbcbb720040a057ce32e1b140d95 StaticDependenciesID=8c49508e7e7840d6e5b2ec857bb2e107 
Start importing Packages/com.unity.collab-proxy/Editor/Assets/Images/d_loading.png using Guid(d58e94bfb1bac774dbb8ca9c2597ef2e) (TextureImporter) -> (Import Result ID: '2dfd8ca6555fe213e9e349ef4ee24822') in 0.000389833 seconds [static and dynamic dependencies]. Details - ImportResultOutputID=e8ac47e75e30f26296096a08c95525eb DependenciesID=7b12be4cb422026961a4c4f0aa49b2d9 StaticDependenciesID=33e2c3db238b7e3d09c0fade66b12073 
Start importing Packages/com.unity.inputsystem/InputSystem/Editor/Icons/Joystick@4x.png using Guid(f58c918f135bd4b8abe5fdb06bda7f4d) (TextureImporter) -> (Import Result ID: 'a21c9cc6b7e880a1a56b4868222d997c') in 0.000489542 seconds [static and dynamic dependencies]. Details - ImportResultOutputID=3d957845380e539d2574666117ad5453 DependenciesID=8299e81feb50d48160c188859e967350 StaticDependenciesID=e80034f4366bdaf1ecef28c2f71b1aeb 
Start importing Packages/com.unity.inputsystem/InputSystem/Editor/Icons/Stick@4x.png using Guid(f5ace3d653812436a812bebfe7f9a242) (TextureImporter) -> (Import Result ID: 'f205802fed43c1ee04188d051f42ac89') in 0.000448542 seconds [static and dynamic dependencies]. Details - ImportResultOutputID=e8896a08c8909fbb0f4e83aa657f3d04 DependenciesID=f5e4d433b0ec02bdecd3813e87ed38d7 StaticDependenciesID=86c64ade1121bb9b6bb92d9e3c0d1ae6 
Start importing Packages/com.unity.ugui/Editor Resources/Textures/btn_AlignMiddle_Light.psd using Guid(066619c9c9c84f89acb1b48c11a7efe2) (TextureImporter) -> (Import Result ID: 'a9d889545212c8c10a7ad85109b61e5e') in 0.000813334 seconds [static and dynamic dependencies]. Details - ImportResultOutputID=ea17df8b2a762feebba67d68fb1e8c28 DependenciesID=f8e889bcca6c40d8396ae47aa1ba3505 StaticDependenciesID=5cfbddede4c8af1bbb535986afe71751 
Start importing Packages/com.unity.inputsystem/InputSystem/Editor/Icons/d_ChevronDown.png using Guid(06ad495fb07444736b59782982d96250) (TextureImporter) -> (Import Result ID: '411d873aed9ea3468a2ed435dc570a27') in 0.000443292 seconds [static and dynamic dependencies]. Details - ImportResultOutputID=4b85e4617c99bb0c8a746b49ae8554ca DependenciesID=2ed13aa322fee493a6182127ba212dfc StaticDependenciesID=549f396f739f638d5a231443c6a8d626 
Start importing Packages/com.unity.collab-proxy/Editor/Assets/Images/d_iconbranch@2x.png using Guid(267a89f787a621e4290fbff7a5442750) (TextureImporter) -> (Import Result ID: '7a783871131c0a212ba60e4229968802') in 0.000544709 seconds [static and dynamic dependencies]. Details - ImportResultOutputID=796c011dc963a1529bc625150adbd48d DependenciesID=51ebc32d6e7576b10004e1c503979ced StaticDependenciesID=ebd934117996eddbb14bd20e64a69066 
Start importing Packages/com.unity.inputsystem/InputSystem/Editor/Icons/d_Mouse.png using Guid(264ffc05d7d2841d5a6065854b6282ca) (TextureImporter) -> (Import Result ID: '29077d4731b87411553951258a019bc4') in 0.000362333 seconds [static and dynamic dependencies]. Details - ImportResultOutputID=107152cd1868aff26d1917f686b7114b DependenciesID=90b9ef8db6b0b74fcafb2fa159f2943b StaticDependenciesID=ee614318391c4f73e662e4ffeb0a3fa1 
Start importing Packages/com.unity.collab-proxy/Editor/Assets/Images/step3@2x.png using Guid(36e6970b84831434a9eac79abd03700b) (TextureImporter) -> (Import Result ID: '7b1620aa1824f9d96b32b95d15815710') in 0.000430583 seconds [static and dynamic dependencies]. Details - ImportResultOutputID=3d19e9f37d29149ef748b55165065646 DependenciesID=d0aba70ac75b4aaa7b5522024115d577 StaticDependenciesID=1765f7080245c601381af55cd70135c4 
Start importing Packages/com.unity.collab-proxy/Editor/Assets/Images/d_step3.png using Guid(46930b20180b59e46b73494adf53abbb) (TextureImporter) -> (Import Result ID: '31b8349f3e65bba66bb0373ac5cac81d') in 0.00042475 seconds [static and dynamic dependencies]. Details - ImportResultOutputID=5b872e9616f6e9869f6b03101db5e4a7 DependenciesID=06eab80e68833e2208371cd8799575f1 StaticDependenciesID=9e2f598c39cab0341dd2f1fd2493888d 
Start importing Packages/com.unity.inputsystem/InputSystem/Editor/Icons/Position.png using Guid(5684eb521fa99491e9061de682d1622e) (TextureImporter) -> (Import Result ID: 'fe4a56a3df1a58611cad1ed7e2dc6f52') in 0.00039825 seconds [static and dynamic dependencies]. Details - ImportResultOutputID=49d8ed46fcba55e5fdfeca4feb994fff DependenciesID=c12e8d15c3c94fb5a3f357f31e45f439 StaticDependenciesID=d9827f855d68f25cd3ae55d871b8b91b 
Start importing Packages/com.unity.collab-proxy/Editor/Assets/Images/iconconflictedoverlay@2x.png using Guid(5679a74364f6b4440ab7e7aed55cd95e) (TextureImporter) -> (Import Result ID: 'a321d5294b5ae088512e59bb923a2b66') in 0.000418041 seconds [static and dynamic dependencies]. Details - ImportResultOutputID=3fc60514da2c4beeccfd5cccfee43d34 DependenciesID=96fa0f0d90612ead6f5e6c13c7a93216 StaticDependenciesID=456123add31cbbd6182c137cdb1a3bfe 
Start importing Packages/com.unity.visualscripting/Editor/VisualScripting.Core/IconMap/VariablesAsset@32.png using Guid(562f2dd7647d95e499d958215476bbde) (TextureImporter) -> (Import Result ID: '813d64e67d87325fb0bfe8bfdf6fc463') in 0.000455167 seconds [static and dynamic dependencies]. Details - ImportResultOutputID=c66149cb9a4a03046e78b3e0d5bb2a97 DependenciesID=8e5d38b1bfc8762e5db9d96dbaf0e6bb StaticDependenciesID=73880c647028d0b4eb7e37196792d5d6 
Start importing Packages/com.unity.testtools.codecoverage/Editor/Icons/d_FolderOpened.png using Guid(663a080499383ea4e9297061febf5ef7) (TextureImporter) -> (Import Result ID: '80e48d34e40245d1383e5f99f988c3c9') in 0.00066775 seconds [static and dynamic dependencies]. Details - ImportResultOutputID=5bdc9a22196b030b69c4d83f311c6e64 DependenciesID=97bf7f301ffe3f262af11776b3207d0a StaticDependenciesID=cac37b638e4d3aced5e6ad73166f86fb 
Start importing Packages/com.unity.inputsystem/InputSystem/Editor/Icons/d_Gamepad.png using Guid(76dc61ff6c2d84b24b0a2ce01dc2842d) (TextureImporter) -> (Import Result ID: 'b162c84b2f3a598b522c6a8a86c0bba6') in 0.000359958 seconds [static and dynamic dependencies]. Details - ImportResultOutputID=3814a246ef60eeb64e9081d74a5fabe9 DependenciesID=ec16cb476597cc19674b6ff229255aec StaticDependenciesID=374bf624839e1418db6037dde97e4d72 
Start importing Packages/com.unity.testtools.codecoverage/Editor/Icons/d_CodeCoverage@2x.png using Guid(8616c9d86a8504a4b8b5c65bb6a5644f) (TextureImporter) -> (Import Result ID: '386e06f584197d67b1bb7060d8627915') in 0.000644166 seconds [static and dynamic dependencies]. Details - ImportResultOutputID=7a9720aa970011a14acd21f17b22af03 DependenciesID=af7728e6059c0dd8a831ac9afbb4743f StaticDependenciesID=c157a80343daeae319e2e94275be1417 
Start importing Packages/com.unity.inputsystem/InputSystem/Editor/Icons/Add Binding@4x.png using Guid(862c5ca31844d4a6d9aa804af982ce65) (TextureImporter) -> (Import Result ID: 'e6ec78ea61cd10786962c8eed318f3fc') in 0.000491292 seconds [static and dynamic dependencies]. Details - ImportResultOutputID=aeb154be7058aa381c53d6ada185906a DependenciesID=de691fa0eff841e3ac234655702f836f StaticDependenciesID=0fc92c24d2379a5215af1be0ae2a9106 
Start importing Packages/com.unity.inputsystem/InputSystem/Editor/Icons/d_Pen@2x.png using Guid(96f7582a52a6843c09e0c71617e94f2d) (TextureImporter) -> (Import Result ID: '288d9f2a252c54975c24569af7e3f4ad') in 0.000402459 seconds [static and dynamic dependencies]. Details - ImportResultOutputID=b11c0f1e7acbd700b1633f361704fdbe DependenciesID=cd7bdf0fd39c6d8c508cdb868c51932c StaticDependenciesID=eb614bb6a8887ac33e4bd63ff48eef12 
Start importing Packages/com.unity.collab-proxy/Editor/Assets/Images/iconbranches.png using Guid(a6219d44b6fc910449f7c3fee45db5c5) (TextureImporter) -> (Import Result ID: 'b453d5c96ae035ef45a1142fbb8c1d3b') in 0.000383917 seconds [static and dynamic dependencies]. Details - ImportResultOutputID=5a1084604141cb9fc9959537beac78a2 DependenciesID=8981fac0aaad9d67aa0394f5d2b9d143 StaticDependenciesID=ba3b2af69b44910b7d7211fbc708f467 
Start importing Packages/com.unity.collab-proxy/Editor/Assets/Images/iconaddedlocal@2x.png using Guid(a67b58d6cddcd4345b1e001340de5a76) (TextureImporter) -> (Import Result ID: 'c414e10931d9cfc3e2be40345e3cc5a3') in 0.000453417 seconds [static and dynamic dependencies]. Details - ImportResultOutputID=2119a7e074f2722451a6a968c435fdb1 DependenciesID=4a13e53c0312fe771067d5606e95e919 StaticDependenciesID=c0797abfc2ae53cb23d92ff534e0e92f 
Start importing Packages/com.unity.collab-proxy/Editor/Assets/Images/d_iconaddedoverlay@2x.png using Guid(a6fbd5a181bc51e42a61a73fe8d727c8) (TextureImporter) -> (Import Result ID: 'fdcfecd424a2877b862ba9d76a491d4f') in 0.000421709 seconds [static and dynamic dependencies]. Details - ImportResultOutputID=5cf6eb59b9f61043eadc54c686a6dde4 DependenciesID=c30dd1b4bc007d95fbae756b1b8fab9f StaticDependenciesID=ca037238d6e52549cdfb5a5ce4737d33 
Start importing Packages/com.unity.inputsystem/InputSystem/Editor/Icons/d_Dpad.png using Guid(b60b9eb0384c345c89435d0982a6e4fd) (TextureImporter) -> (Import Result ID: 'ce086a87b7337d843d8a355013652ed4') in 0.000398916 seconds [static and dynamic dependencies]. Details - ImportResultOutputID=439b85c353e0969b4240a980bb6c987f DependenciesID=dc9e69597893935d1ef845185edddd56 StaticDependenciesID=1cc41a872c4285cc3abe4cc87abc90c9 
Start importing Packages/com.unity.collab-proxy/Editor/Assets/Images/loading.png using Guid(c6b1bcaa3f4767141acd747384dbb276) (TextureImporter) -> (Import Result ID: '03392ad36d145ff5f360d4f860a91b00') in 0.000424459 seconds [static and dynamic dependencies]. Details - ImportResultOutputID=d716897b4050439b5a0ee425426da072 DependenciesID=421b717be248b13c2c71335f97f3a806 StaticDependenciesID=5fd29cf795a6e0076e617f53c035d1ce 
Start importing Packages/com.unity.inputsystem/InputSystem/Editor/Icons/d_Pen@3x.png using Guid(17b3fef87d666459d860ad88452862da) (TextureImporter) -> (Import Result ID: '239881e038c98e40fa451787d879b182') in 0.000420208 seconds [static and dynamic dependencies]. Details - ImportResultOutputID=d8a0de1f283eafc137962aaff27c0827 DependenciesID=787c092546b5f3b87fa27d6338932539 StaticDependenciesID=bbcdeca2f5f32947e6034b08c40b4348 
Start importing Packages/com.unity.inputsystem/InputSystem/Editor/Icons/Gamepad.png using Guid(17c8753d0e5e24194b06404851be7f13) (TextureImporter) -> (Import Result ID: '30b549a6271d8848efa5b28ed3ceba59') in 0.000355 seconds [static and dynamic dependencies]. Details - ImportResultOutputID=136b21703e045805fc04610e54d9f999 DependenciesID=670c63f78d73a48ff00c545a4e713038 StaticDependenciesID=7713d1705ea654e0dc9e078b04996d18 
Start importing Packages/com.unity.inputsystem/InputSystem/Editor/Icons/d_Axis@2x.png using Guid(27163f3cda5b9431d928f2b33eeb5cf1) (TextureImporter) -> (Import Result ID: 'ba48b0a0b8b0edfbfbc92df757177f7a') in 0.000396709 seconds [static and dynamic dependencies]. Details - ImportResultOutputID=ab54458e25983264af6d89ee68f03115 DependenciesID=0fecebf013871ef070aff4a5bce1d7ed StaticDependenciesID=9058103d145de50228e65179e1df28fb 
Start importing Packages/com.unity.inputsystem/InputSystem/Editor/Icons/d_Joystick@2x.png using Guid(27fa98be5deb54cbf9c11ffc540272b2) (TextureImporter) -> (Import Result ID: 'ab79c707abe2e6b9cd5992f1b211d8a5') in 0.000438291 seconds [static and dynamic dependencies]. Details - ImportResultOutputID=886f96cd00e33d476f4b447bee85ef4e DependenciesID=b6e7a2898298f53abca4f7da7f958bc3 StaticDependenciesID=52da9b6eb7688b9e8835417f25187cf6 
Start importing Packages/com.unity.testtools.codecoverage/Editor/Icons/CodeCoverage@2x.png using Guid(37164f8d49df70f448b593fa86e488f5) (TextureImporter) -> (Import Result ID: '05ba27a2d0bb3678cc602bcd09894e64') in 0.000685875 seconds [static and dynamic dependencies]. Details - ImportResultOutputID=3e3bc79cdb8d4004c326ba54df5ec153 DependenciesID=8ab6af873c7c87d73f915d61b45b5c70 StaticDependenciesID=273de495afab055f039ad04c1c18f8a6 
Start importing Packages/com.unity.collab-proxy/Editor/Assets/Images/iconoutofsyncoverlay@2x.png using Guid(3728580c149181a44b359e89f6edacae) (TextureImporter) -> (Import Result ID: '4a767534c33c2a9ad05e3d6451a61017') in 0.000397 seconds [static and dynamic dependencies]. Details - ImportResultOutputID=9c15db76c541dd984a8687d69200c2b8 DependenciesID=06ee089de7fe623465f68774baa1ccbe StaticDependenciesID=6bea64850d0ed47708925f1fee1f91bb 
Start importing Packages/com.unity.inputsystem/InputSystem/Editor/AssetEditor/PackageResources/yellow.png using Guid(47cf506b4219343519083fe1c0b8fc9c) (TextureImporter) -> (Import Result ID: '7ad411851c75a0a2ea9dc4d07c8da608') in 0.000369542 seconds [static and dynamic dependencies]. Details - ImportResultOutputID=8ed82866eec06feb774e47254db87f88 DependenciesID=9847e860194cee8194fd8140ff59a609 StaticDependenciesID=581d6834445e7d6fbf03d408ac66f7ac 
Start importing Packages/com.unity.inputsystem/InputSystem/Editor/Icons/ChevronUp@2x.png using Guid(57dfdce0eaf2f48a9bd9e60e920e446b) (TextureImporter) -> (Import Result ID: '4e96644910d2c9b7db019c87bffa53a7') in 0.000436209 seconds [static and dynamic dependencies]. Details - ImportResultOutputID=2060642ae4c6ca8d666f06406e1c3f8d DependenciesID=ba04c8c15a14e27b89202aa542005b7c StaticDependenciesID=efb724f68d6e986fb07aaf1df835e961 
Start importing Packages/com.unity.collab-proxy/Editor/Assets/Images/icondeleted.png using Guid(77a39e873655d3c4b93d0b7696397b83) (TextureImporter) -> (Import Result ID: '28d5a57f37d10ce2baa679baf1317050') in 0.000371375 seconds [static and dynamic dependencies]. Details - ImportResultOutputID=3b18c604c4ca248fbdc04f319e764416 DependenciesID=f09028076488d430fa5b26bd2f6acae3 StaticDependenciesID=be4ac5af5fe73d0fddd1908e00d8596a 
Start importing Packages/com.unity.collab-proxy/Editor/Assets/Images/iconbrex.png using Guid(87480bc179519ff4da25283c61c2573b) (TextureImporter) -> (Import Result ID: '0284010c00b019005625dac454aedad2') in 0.00043825 seconds [static and dynamic dependencies]. Details - ImportResultOutputID=3df70b3099aa802f68319d42d796f15a DependenciesID=482a1cbc9a4c22c8a58c92cd7c0911e9 StaticDependenciesID=38cd6d6848f55efd5e96b8b3445595ff 
Start importing Packages/com.unity.collab-proxy/Editor/Assets/Images/d_iconbranches@2x.png using Guid(874d8401331ede14087e8d8d486ddda6) (TextureImporter) -> (Import Result ID: '726406ccc6eb494164773083a6647abf') in 0.000414875 seconds [static and dynamic dependencies]. Details - ImportResultOutputID=6281a3d625725d37a79f61e84445e178 DependenciesID=d3333360fe4d39c1549d07ff790737ad StaticDependenciesID=315e3fffe715b10a55c2ae8221724fff 
Start importing Packages/com.unity.inputsystem/InputSystem/Editor/Icons/Keyboard@2x.png using Guid(87ae93efe5d3b4262995b0acdc987d88) (TextureImporter) -> (Import Result ID: 'eed431e0b81c8c7b2488f42a13ad92b7') in 0.000424875 seconds [static and dynamic dependencies]. Details - ImportResultOutputID=1654583ce0ddba8fb0a1b89c4f662977 DependenciesID=0873a139767c0d8401d75d64aea9f25b StaticDependenciesID=f8b0353fb11e574f648bd15d7947068f 
Start importing Packages/com.unity.inputsystem/InputSystem/Editor/Icons/Mouse@2x.png using Guid(9721efa02e520488d96c36460fe7e4a6) (TextureImporter) -> (Import Result ID: '1b0c0ca6ec3e4f5b61c155aee5b1f601') in 0.000389417 seconds [static and dynamic dependencies]. Details - ImportResultOutputID=16f37a4ce9f5897ae8abdf279d001e49 DependenciesID=9c13c409e60acafd0eb66b77a38ee880 StaticDependenciesID=214ac7a34b3800c315cc504a7919b6ef 
Start importing Packages/com.unity.collab-proxy/Editor/Assets/Images/iconplasticview@2x.png using Guid(97a4e2b6ae08b1140a5ba9e22953e029) (TextureImporter) -> (Import Result ID: 'aaf7dd7a185f353c3332a8378fa68093') in 0.00043525 seconds [static and dynamic dependencies]. Details - ImportResultOutputID=d16f69db7af3d1287991ea2305037634 DependenciesID=3cebb06c98511938a5bd36dfaad56c8f StaticDependenciesID=13304ca016f26a6b140a33f2448e1729 
Start importing Packages/com.unity.ugui/Editor Resources/Gizmos/TMP - Dropdown Icon.psd using Guid(a7ec9e7ad8b847b7ae4510af83c5d868) (TextureImporter) -> (Import Result ID: 'd8d2d8ef448eb039aaa4e9d941d99941') in 0.001460333 seconds [static and dynamic dependencies]. Details - ImportResultOutputID=72deb33ade8bf45ef6fcc125272451e4 DependenciesID=41b30e343adfae9d51828da3761cd9e6 StaticDependenciesID=7321b2737b263c9c1e7d5e2308b440bc 
Start importing Packages/com.unity.ugui/Editor Resources/Textures/btn_AlignCenterGeo.psd using Guid(c76700ea0062413d9f69409b4e9e151b) (TextureImporter) -> (Import Result ID: '0bd0e9fcc75c74c6d7174774fcf11c43') in 0.00093475 seconds [static and dynamic dependencies]. Details - ImportResultOutputID=8042d95bac3ee3435824448088927928 DependenciesID=b2c30798d500fd99117a264ddab401ee StaticDependenciesID=92050bd533a84a83a03f293eceb0311c 
Start importing Packages/com.unity.inputsystem/InputSystem/Editor/AssetEditor/PackageResources/pink.png using Guid(d7b144323984d4298924c65ed071dea1) (TextureImporter) -> (Import Result ID: '4aca0532d66efdad1584d7b30151c64e') in 0.000410084 seconds [static and dynamic dependencies]. Details - ImportResultOutputID=da1d8b5d122b5b4b1ac4a03bbdc7746c DependenciesID=81cfeadfbb4c6957e38305d60afa1a46 StaticDependenciesID=3b72a972fc2ee3a859e32381561e592e 
Start importing Packages/com.unity.inputsystem/InputSystem/Editor/Icons/Dpad@4x.png using Guid(d7073cfe15a1a48bfb7ff59225052484) (TextureImporter) -> (Import Result ID: '985a125351ec4e9c439416e537406b0d') in 0.000481292 seconds [static and dynamic dependencies]. Details - ImportResultOutputID=2bd05c9e759a46e1d5d31921c51f7e30 DependenciesID=d9622465741046922580c46b28c1e5ed StaticDependenciesID=59177400fdef0d36fc7de8db7a778ad4 
Start importing Packages/com.unity.collab-proxy/Editor/Assets/Images/iconoutofsync@2x.png using Guid(d7094718bdac022428dd29244922d06b) (TextureImporter) -> (Import Result ID: '00a98a0ce782a6d685832a12704c8880') in 0.000450667 seconds [static and dynamic dependencies]. Details - ImportResultOutputID=3110a27c70a357ce58f9e6de19296dba DependenciesID=af19adaca26b569e41221c9489720d06 StaticDependenciesID=eea62b6779690fc7a476cb0b8b992cd6 
Start importing Packages/com.unity.inputsystem/InputSystem/Editor/Icons/d_Touch@3x.png using Guid(e77ee65b5139048949dc0ac5614efeec) (TextureImporter) -> (Import Result ID: 'c49fb2aff4a24a1ee69405a683a0f452') in 0.000446083 seconds [static and dynamic dependencies]. Details - ImportResultOutputID=c1bbffa8cbb927502819070f51e19bb1 DependenciesID=388ef5aee851a7de1f49862430457759 StaticDependenciesID=d9902f41f55a3ca3233176a99f11974b 
Start importing Packages/com.unity.inputsystem/InputSystem/Editor/Icons/Dpad.png using Guid(e76f0489d4db34a2fbc3532e07f2848a) (TextureImporter) -> (Import Result ID: 'fd10c033be00934133300ecfda217878') in 0.000363625 seconds [static and dynamic dependencies]. Details - ImportResultOutputID=9175be60232a0b7299b4627502fba7c7 DependenciesID=81078abd08e8f309e318bb2374c4624d StaticDependenciesID=fec6ba4bf2eddf50471ecbb374e62d19 
Start importing Packages/com.unity.visualscripting/Editor/VisualScripting.Core/IconMap/FlowMachine@32x.png using Guid(f723b77167d184d4a8ab528db8b55744) (TextureImporter) -> (Import Result ID: 'f003829b07f10dd46cffd313bb636836') in 0.0004155 seconds [static and dynamic dependencies]. Details - ImportResultOutputID=549ae2279648ae0c8b1bd61dc0d4748f DependenciesID=f8ec9c104107871d3f94a249c324792a StaticDependenciesID=de46d61b4fc08e1cc068f4de587a8d0c 
Start importing Packages/com.unity.collab-proxy/Editor/Assets/Images/iconlockedremoteoverlay@2x.png using Guid(f73a7d8758d7be04588b15637d94b5a8) (TextureImporter) -> (Import Result ID: '8c86ac1cf67a2008967dc05b23a61889') in 0.000411584 seconds [static and dynamic dependencies]. Details - ImportResultOutputID=cf6636ed319568244d6ad7fc8fbba42b DependenciesID=6fe27d60d6452789742d9e7825f96073 StaticDependenciesID=5a3de8f41fc54e688f2adf54f2d79a33 
Start importing Packages/com.unity.collab-proxy/Editor/Assets/Images/d_iconlock.png using Guid(f7adc828ed70a485db62c459bdf09525) (TextureImporter) -> (Import Result ID: 'e11cb0efc27e821c7fdb536490d79437') in 0.00048775 seconds [static and dynamic dependencies]. Details - ImportResultOutputID=d4405f69c8a39251e07e061a95ba9009 DependenciesID=da8798526dac394200139750297c4a4b StaticDependenciesID=5050c0a260ece2564cfccf2a0db41167 
Start importing Packages/com.unity.inputsystem/InputSystem/Editor/Icons/InputControl@4x.png using Guid(08c99f7c2a7fa410d8567323e32ad5f5) (TextureImporter) -> (Import Result ID: 'dd3a616500a84ff9ff17f441d967402a') in 0.000512083 seconds [static and dynamic dependencies]. Details - ImportResultOutputID=8a5b69ad501cfe6b0b0908827180c3de DependenciesID=c7be651b0642a34d2b2a22a1f6201572 StaticDependenciesID=0674a847558d564217ef5fd1b3924294 
Start importing Packages/com.unity.inputsystem/InputSystem/Editor/Icons/Joystick@2x.png using Guid(18e45e1f11fae429c80c200cca8e0b4c) (TextureImporter) -> (Import Result ID: '920295f3cfff43f6882e63c8dd5fe1f2') in 0.000462083 seconds [static and dynamic dependencies]. Details - ImportResultOutputID=9d40b7165bd08d6bf8bc96bdd60261d0 DependenciesID=e350b578211f7ae13bcd37d5a2183798 StaticDependenciesID=ef6d2621271160d1c5abcfce55ecc67e 
Start importing Packages/com.unity.ugui/Editor Resources/Textures/btn_AlignBaseLine_Light.psd using Guid(18775b51e3bd42299fd30bd036ea982f) (TextureImporter) -> (Import Result ID: '9b9af6bc2901ac09b940af793f619c89') in 0.001094 seconds [static and dynamic dependencies]. Details - ImportResultOutputID=f4cde230aed5b8705898d873a6cd333f DependenciesID=e7a9819b871e530cc66041eb3f8f5757 StaticDependenciesID=b8714f51d2e13283f39b5a1298d4fc5f 
Start importing Packages/com.unity.collab-proxy/Editor/Assets/Images/d_step1.png using Guid(38236a82ff44aaa4b972248479d5f970) (TextureImporter) -> (Import Result ID: 'f94719e10a04388025402cb1edf494d6') in 0.000631375 seconds [static and dynamic dependencies]. Details - ImportResultOutputID=e834c190ebc02504c7d4dc2ede6154f7 DependenciesID=f220bea6f1176de6cd06fc97d2fe6454 StaticDependenciesID=c0c54e9833f124b8f4518ba130fa5f61 
Start importing Packages/com.unity.ugui/Editor Resources/Textures/btn_AlignTop.psd using Guid(48d034c499ee4697af9dd6e327110249) (TextureImporter) -> (Import Result ID: '3185f5f83080974b4f59516757d004b1') in 0.000795375 seconds [static and dynamic dependencies]. Details - ImportResultOutputID=666e66f89e8467932024e48e96c6747d DependenciesID=7232ec66b0aeec5201583f7370f673ba StaticDependenciesID=2454a16dfc9ca141e4098c55b1f7ec2f 
Start importing Packages/com.unity.testtools.codecoverage/Editor/Icons/d_CodeCoverage.png using Guid(48e45b7f100ee4b48a02e05135e6cece) (TextureImporter) -> (Import Result ID: 'ec8c0a6689c7a792352d8f5f0673f971') in 0.000680459 seconds [static and dynamic dependencies]. Details - ImportResultOutputID=2b7549a27af0a52a49bdb2894eca901d DependenciesID=7f80eb0cc68509d538a91af5acaf4d1a StaticDependenciesID=18c12a4983da4347ab96d41ffe239db5 
Start importing Packages/com.unity.inputsystem/InputSystem/Editor/Icons/Touch.png using Guid(588041e6f0efb43489b38677e0aac58f) (TextureImporter) -> (Import Result ID: '37058e382fad7cad314eafc022b7bfc5') in 0.000403792 seconds [static and dynamic dependencies]. Details - ImportResultOutputID=e6063067820635c6a69c8effb8bf9a89 DependenciesID=ddbed06d9c649fd512a8949853ff56eb StaticDependenciesID=c41ac125326009e6e3271b4affefc4d0 
Start importing Packages/com.unity.inputsystem/InputSystem/Editor/Icons/Stick@2x.png using Guid(5881d226463a047cb8db57c9cb0ebc0f) (TextureImporter) -> (Import Result ID: 'd516ebd1fa137adc3c3503c34ce78481') in 0.000420667 seconds [static and dynamic dependencies]. Details - ImportResultOutputID=3a5623e4946077ba12b4ec38382444a9 DependenciesID=1e9d9b9eb9049a4fd83dd115bde5dea8 StaticDependenciesID=df415d00b93ebf476655051ffe1aaaac 
Start importing Packages/com.unity.inputsystem/InputSystem/Editor/Icons/Dpad@2x.png using Guid(5806833d077654e5784b7cbf3e722f58) (TextureImporter) -> (Import Result ID: 'd4e1ea0e7af14a5d9b96f92c2fb84393') in 0.000410917 seconds [static and dynamic dependencies]. Details - ImportResultOutputID=c5138bd6b2e95f75b3023ff24d519ae0 DependenciesID=770923f68e649a23fd4f3126c6be9f56 StaticDependenciesID=7bc4dab68ee9d383e538f0dab9c6e2be 
Start importing Packages/com.unity.ugui/Editor Resources/Textures/btn_AlignBottom_Light.psd using Guid(585b70cb75dd43efbfead809c30a1731) (TextureImporter) -> (Import Result ID: 'd78aaf8d06c91a90e8b080f59b3126e4') in 0.000717208 seconds [static and dynamic dependencies]. Details - ImportResultOutputID=9ea3903d9817f65248227ccad9894305 DependenciesID=6f094da8bb57ce210b522cb47f4514eb StaticDependenciesID=34f132e2c54b2663086b29ad861423d0 
Start importing Packages/com.unity.collab-proxy/Editor/Assets/Images/d_ignoredoverlay@2x.png using Guid(68fafd0a2acc3774988418f657bf7b68) (TextureImporter) -> (Import Result ID: '2828b4ae46a43d4d933b9be7fa8dd11e') in 0.00041525 seconds [static and dynamic dependencies]. Details - ImportResultOutputID=fff6da3e9a3ffe35954b3e0ed7857bf1 DependenciesID=8904888a55ac3e0d4b3ee2953d7699bc StaticDependenciesID=5de36f2c639303372e82dc7cc47c4cb1 
Start importing Packages/com.unity.collab-proxy/Editor/Assets/Images/d_iconconflicted.png using Guid(881798b77426a8f47b533dcc4767e9e5) (TextureImporter) -> (Import Result ID: 'f54c5d713ffd74fda395d41f5d8e60b3') in 0.000379167 seconds [static and dynamic dependencies]. Details - ImportResultOutputID=c1a5de32125c4aa2184afeb868b09750 DependenciesID=e1f2802c2db3bd0228becda45ceef17a StaticDependenciesID=d5577b499e7dd81ea7a59b1a9f872fa7 
Start importing Packages/com.unity.collab-proxy/Editor/Assets/Images/iconundo.png using Guid(98773313eabe35543bfdbf542ccea271) (TextureImporter) -> (Import Result ID: '124581dd35bec15ce4303298a3b4fb68') in 0.00039525 seconds [static and dynamic dependencies]. Details - ImportResultOutputID=eda75c1d715541c9fb9c311d5773f8dc DependenciesID=0b6ada5e0d1058b802daa2202ebf7082 StaticDependenciesID=2815393102fba3a9b90d07c525a87362 
Start importing Packages/com.unity.collab-proxy/Editor/Assets/Images/iconbranch.png using Guid(981b1c6358520f245a69c070270eca96) (TextureImporter) -> (Import Result ID: '03a1732c5e37e306fd50efbc4bd2fcf6') in 0.000466375 seconds [static and dynamic dependencies]. Details - ImportResultOutputID=248f4a5ab41e13515cbaced0bbc92de7 DependenciesID=7d8aaa7f28c61bba137dc3ac6dd559fa StaticDependenciesID=4d9bb158ac68ef34e220e92f5ec34633 
Start importing Packages/com.unity.inputsystem/InputSystem/Editor/Icons/ChevronDown@3x.png using Guid(985cbca1705a64c80b370afdb30b3ee7) (TextureImporter) -> (Import Result ID: '0c0ee4208e8bbe2fe0fc6fca27e2b6df') in 0.000444709 seconds [static and dynamic dependencies]. Details - ImportResultOutputID=33a2201e0ec7881ad798821625f24a9f DependenciesID=a11d6326a5d3e4137a34f22cc3b2a134 StaticDependenciesID=8fb934a81fc9fa86134dab56f33d825e 
Start importing Packages/com.unity.collab-proxy/Editor/Assets/Images/d_iconconflictedoverlay.png using Guid(a892bcc7ae1871447926b3c44d158763) (TextureImporter) -> (Import Result ID: '7c27f21da17307db78565d0ac0583826') in 0.000397 seconds [static and dynamic dependencies]. Details - ImportResultOutputID=adf6b93cbbf00d8e378e1fc9a686b6e7 DependenciesID=60859790df7cf63509ebcb2d93857632 StaticDependenciesID=5df8664b53fffb9c770f2d4d6da00adc 
Start importing Packages/com.unity.inputsystem/InputSystem/Editor/Icons/d_ChevronUp@2x.png using Guid(a89bfcdeffde84e7ebf930d44b695435) (TextureImporter) -> (Import Result ID: '7d653f7721375318ed34713a50e7909d') in 0.000417584 seconds [static and dynamic dependencies]. Details - ImportResultOutputID=f051ad623b8e883143f768cefd45b52e DependenciesID=8ed0771c831cfed52a85af6419e50517 StaticDependenciesID=2f8d3a31d87fa46494ca676e421df042 
Start importing Packages/com.unity.collab-proxy/Editor/Assets/Images/icondeletedremote.png using Guid(b85a4b2ec6433d04895612d791edc260) (TextureImporter) -> (Import Result ID: 'bc1e3600b631b27f89cd66e05ac063cf') in 0.000389875 seconds [static and dynamic dependencies]. Details - ImportResultOutputID=122f315412acdb43216be9516d26e94f DependenciesID=0027612d6b1ffe450f5240da45882c3b StaticDependenciesID=4c551633a7fcea5ea3d4dbc4a7cc4405 
Start importing Packages/com.unity.collab-proxy/Editor/Assets/Images/d_step1@2x.png using Guid(c8a69ecdf54ac8e4b873466605de27ff) (TextureImporter) -> (Import Result ID: '9b63244f755faa5a9aa6190618cba1e5') in 0.000462417 seconds [static and dynamic dependencies]. Details - ImportResultOutputID=c891caac76be025d5754c296e74ce57e DependenciesID=72848d7aacc64760560eb0fdd609c848 StaticDependenciesID=2ea3d39032d87815d534f47ecbdb920d 
Start importing Packages/com.unity.inputsystem/InputSystem/Editor/Icons/d_Joystick@4x.png using Guid(d88596134c72c47b99d7d55583f4c6bf) (TextureImporter) -> (Import Result ID: '46fb4ab4eaba8573ac3094b4c7e2992c') in 0.000497666 seconds [static and dynamic dependencies]. Details - ImportResultOutputID=5cd7b7b8bd13423a7f781817f5c34ccf DependenciesID=754b4d80ca6f3ae218cc561da099d9c7 StaticDependenciesID=04bd50d9063df1aa49b6f6d0e70fbe7f 
Start importing Packages/com.unity.collab-proxy/Editor/Assets/Images/d_iconoutofsync@2x.png using Guid(f82dfc5fc3c5a8f4080a3550427019c8) (TextureImporter) -> (Import Result ID: 'ea6fe79acaf09b3ab6ab9a4bf5a4215a') in 0.000451583 seconds [static and dynamic dependencies]. Details - ImportResultOutputID=2060604ac99d505f76ef7d74f7f5e430 DependenciesID=10ab9a70f2df132f3a571b3a29d5cc1f StaticDependenciesID=46551f85cd614dfa8b327809e92ff598 
Start importing Packages/com.unity.inputsystem/InputSystem/Editor/Icons/d_Button@2x.png using Guid(0962795d1cafc460b9027de55b1c0a80) (TextureImporter) -> (Import Result ID: '7c97d7f219d76c944471eb3ced639bc8') in 0.0004 seconds [static and dynamic dependencies]. Details - ImportResultOutputID=1a05c2623618265ef51fa7df1bb4c513 DependenciesID=ef9ae8cca5ab1b271f6aa5bb36945b6f StaticDependenciesID=6355cfe30c1e27e305a0f10eedf288f3 
Start importing Packages/com.unity.testtools.codecoverage/Editor/Icons/FolderOpened.png using Guid(1935829ae7024da448814ef05b31e6c4) (TextureImporter) -> (Import Result ID: '34e312dd205ce4e71146730f1bd70ec1') in 0.0006355 seconds [static and dynamic dependencies]. Details - ImportResultOutputID=d5d1d637ab45d9a49bda2e35583779c3 DependenciesID=fafd38440a29e9f3a85800e1b39c9b3c StaticDependenciesID=7ee4d079e1ca0ac21278bfa232255c20 
Start importing Packages/com.unity.inputsystem/InputSystem/Editor/Icons/d_Mouse@4x.png using Guid(1918e7bff8ff44878a0003977ca03971) (TextureImporter) -> (Import Result ID: '816b676cdf091ce0c94e66d2881505ad') in 0.000522916 seconds [static and dynamic dependencies]. Details - ImportResultOutputID=896d7059f89566cfdc5eedc4e6049e4b DependenciesID=f3607a6e3bd8aa07bf2304d1b29ee9a8 StaticDependenciesID=78da98127841d4f452d598064c93594c 
Start importing Packages/com.unity.collab-proxy/Editor/Assets/Images/d_iconshelve.png using Guid(292bae633fda01e41b8847fad37495c2) (TextureImporter) -> (Import Result ID: 'd4392ee3466ee3da63e8a12a5e695925') in 0.000441583 seconds [static and dynamic dependencies]. Details - ImportResultOutputID=6f933dc3d6452e09ca49111309a34e06 DependenciesID=45312934a3d3b7822f7364551688983d StaticDependenciesID=fdcafc51c8aa294abf8263e5a337ae8b 
Start importing Packages/com.unity.collab-proxy/Editor/Assets/Images/iconcheckedoutlocaloverlay@2x.png using Guid(3999034958d54364da380a8839a11050) (TextureImporter) -> (Import Result ID: 'e7da1b4d95d13c3fd9c7d4ced3c1ebb8') in 0.00039025 seconds [static and dynamic dependencies]. Details - ImportResultOutputID=808ffda581be8cd84ef2e363dc64cb32 DependenciesID=7b83cba815dc02af42b31e8671f9021f StaticDependenciesID=fc0dabfecb5e78c92fd991359fd51a9e 
Start importing Packages/com.unity.inputsystem/InputSystem/Editor/Icons/d_InputControl.png using Guid(399cd90f4e31041e692a7d3a8b1aa4d0) (TextureImporter) -> (Import Result ID: '57da30c98cce15d32cc250bc91056c33') in 0.000374 seconds [static and dynamic dependencies]. Details - ImportResultOutputID=cc46b6756558b8fbd55e69eab4915a4d DependenciesID=14aa9236b475991cad9d16f559f83ef9 StaticDependenciesID=4c238b636368f0ae3494c657696ab0bb 
Start importing Packages/com.unity.ugui/Editor Resources/Textures/btn_AlignCapLine_Light.psd using Guid(49679f302ac6408697f6b9314a38985c) (TextureImporter) -> (Import Result ID: '607413741d754262b6728d9b1e5064d9') in 0.000722625 seconds [static and dynamic dependencies]. Details - ImportResultOutputID=2886075853e0fb7dca0e4a7b55c93af9 DependenciesID=0b2e5809ba37045136b75d1d3ecfb6f3 StaticDependenciesID=cd515d1bc008ee6824351f902f7e498a 
Start importing Packages/com.unity.collab-proxy/Editor/Assets/Images/refresh@2x.png using Guid(59571f82a0dc1a14da606dc0df6f8ea7) (TextureImporter) -> (Import Result ID: '644350c32d9ac26f71f3517c54a2993e') in 0.000413 seconds [static and dynamic dependencies]. Details - ImportResultOutputID=8756ed9d313162059573e8c7286acd5f DependenciesID=bae5394985491f1a00b270f98f76bf38 StaticDependenciesID=8c557d6284b39ff1609a294d64740368 
Start importing Packages/com.unity.collab-proxy/Editor/Assets/Images/ignored.png using Guid(595bc97bc8e1e0b46bd4c2148ba3723a) (TextureImporter) -> (Import Result ID: '77d8b1614760a9a4cd205b1ca586fb34') in 0.000376166 seconds [static and dynamic dependencies]. Details - ImportResultOutputID=6ce81ee3173ead0a9e725abd9dd4f37f DependenciesID=ab78f7de726ad3590a54a81d1e06b602 StaticDependenciesID=2fdbc4f241edc0964a0e3529684474fe 
Start importing Packages/com.unity.ugui/Editor Resources/Textures/btn_AlignFlush.psd using Guid(691475c57a824010be0c6f474caeb7e1) (TextureImporter) -> (Import Result ID: '4f2389139f384e1c1cae383f756b6335') in 0.000707083 seconds [static and dynamic dependencies]. Details - ImportResultOutputID=12b1bd2e6d15bded825d9e0c260f30a4 DependenciesID=ddf31348b2bbc6b1dfad30f49be1ac31 StaticDependenciesID=a3f7515ec548ca00903cf03ca8ac54c2 
Start importing Packages/com.unity.collab-proxy/Editor/Assets/Images/d_secondarytabclose.png using Guid(6975ee4c1f40caf4da8dd733ee2cfeaf) (TextureImporter) -> (Import Result ID: '1e65be593133c781ec5775f001515904') in 0.00045475 seconds [static and dynamic dependencies]. Details - ImportResultOutputID=695fcc0a6d750ec2cf76686589eebb1d DependenciesID=f250b2d40806cf4522510726ccd3a1ff StaticDependenciesID=ed89b7ac19086b64b48e55ab8577d65c 
Start importing Packages/com.unity.collab-proxy/Editor/Assets/Images/step3.png using Guid(69899ed144c8eea4baea48b858b37746) (TextureImporter) -> (Import Result ID: 'a8f8ca650d336a7641ff49abc0ef103e') in 0.000413292 seconds [static and dynamic dependencies]. Details - ImportResultOutputID=d31cdad031cfa39346a036e20306456f DependenciesID=b47334a9aa4b00fc717b86b5e90c9bf8 StaticDependenciesID=d560ab3a3c9c9cc2c48e3bfe78d411fc 
Start importing Packages/com.unity.collab-proxy/Editor/Assets/Images/d_iconundo.png using Guid(691dc543ff5b9ca44bf846657ba04161) (TextureImporter) -> (Import Result ID: 'acef99f6cc57997b05ad505697b92c59') in 0.000526792 seconds [static and dynamic dependencies]. Details - ImportResultOutputID=2709d5f0a885b698e2857f77e3aa740a DependenciesID=53d8d82af0cd651dae74e63ea1f2e46a StaticDependenciesID=116846d77052b4f407a028c6c9ccc3cb 
Start importing Packages/com.unity.collab-proxy/Editor/Assets/Images/iconshelve@2x.png using Guid(695fbddd7238dc94c8f102d9191c2886) (TextureImporter) -> (Import Result ID: 'c39d77555ac3a7428368896e03de9480') in 0.000618833 seconds [static and dynamic dependencies]. Details - ImportResultOutputID=1a00d58e1199b9ce4881cc85b6ea31da DependenciesID=915c0843b3e24dd353fed4e73759668e StaticDependenciesID=2d8100b15b3d7d10a59420144d1a8a53 
Start importing Packages/com.unity.collab-proxy/Editor/Assets/Images/d_step2.png using Guid(897c3a3f5c4038345a7143573bbb4a40) (TextureImporter) -> (Import Result ID: '70888062ced662ebcfcd0e96e0d28198') in 0.000415584 seconds [static and dynamic dependencies]. Details - ImportResultOutputID=1f29b9ed353ddb20b4ad9a00acef83de DependenciesID=76b49cb4cf65d6a19b9e0c5a20a41f6b StaticDependenciesID=b8121395247fc37a5551b8fb16b8ba3d 
Start importing Packages/com.unity.collab-proxy/Editor/Assets/Images/ignoredoverlay@2x.png using Guid(999d04c0ea94ccc41b3d80788160695b) (TextureImporter) -> (Import Result ID: 'acd06c461f544d150a5ea0f7012feb13') in 0.000446458 seconds [static and dynamic dependencies]. Details - ImportResultOutputID=859788009459b13301df44f95706352b DependenciesID=8d4bd9ae071b3bf5dedd699535c808fc StaticDependenciesID=0007c18387540fb3d58dbc0598d49849 
Start importing Packages/com.unity.inputsystem/InputSystem/Editor/Icons/Axis@4x.png using Guid(a940917cc397643afb071010cb2143d9) (TextureImporter) -> (Import Result ID: '3fb2dd269fc8bf9e8d7d2ed36c0aa2c2') in 0.000492125 seconds [static and dynamic dependencies]. Details - ImportResultOutputID=0bbc13c0d16dfb34be12d3d41a569bbf DependenciesID=9569dcca7274831d2506d0b12b3ba2c4 StaticDependenciesID=aadd83687b96d71314fe22c79f851e28 
Start importing Packages/com.unity.collab-proxy/Editor/Assets/Images/iconplasticnotifyconflict.png using Guid(a916ed6819efd014588f58e3cfc48196) (TextureImporter) -> (Import Result ID: '436c84131d7381030effb12c190f2540') in 0.000385958 seconds [static and dynamic dependencies]. Details - ImportResultOutputID=b8519db2dc826709841c4e174260a882 DependenciesID=01dc2c48a649fd20ac1e842e1b9c4d65 StaticDependenciesID=2fb890be9fee4df1dc48538e83a5b585 
Start importing Packages/com.unity.inputsystem/InputSystem/Editor/Icons/ChevronUp.png using Guid(a9fe7c3d19af4432b9ae2a5172f4ea72) (TextureImporter) -> (Import Result ID: 'c4395351a568f8d2efedb95b568c2402') in 0.000408375 seconds [static and dynamic dependencies]. Details - ImportResultOutputID=90de0432a268d60823e12174148582e3 DependenciesID=880db2544b832698aaa4bd4c390c3979 StaticDependenciesID=b6e7ec7a43d93e437936dd9a41e7e5a2 
Start importing Packages/com.unity.inputsystem/InputSystem/Editor/Icons/d_Orientation.png using Guid(c933c2bcad7ef46309fde7c1cf11b39a) (TextureImporter) -> (Import Result ID: '67c9dc907e27fc37a9b6c5d1418d5cea') in 0.000404875 seconds [static and dynamic dependencies]. Details - ImportResultOutputID=c67cb9976330a2d0d506969712aecf27 DependenciesID=07e50e3f85d5d4bc3338f9667f294da1 StaticDependenciesID=adde74008fb387f8f23fabdc5895066a 
Start importing Packages/com.unity.inputsystem/InputSystem/Editor/Icons/Position@4x.png using Guid(c998b283038914e699477f514ecb31ac) (TextureImporter) -> (Import Result ID: 'dc3b25972992ec88add535503903854d') in 0.000491625 seconds [static and dynamic dependencies]. Details - ImportResultOutputID=a688276af2290723d35dcb9fb8c26e43 DependenciesID=4fc422a3359e3589be7a4bf98641c3ca StaticDependenciesID=61b67d941b8b7e83038ee9aa8bc74d24 
Start importing Packages/com.unity.collab-proxy/Editor/Assets/Images/d_step3@2x.png using Guid(c9ed6d6ea2f9657409bfa068d4846139) (TextureImporter) -> (Import Result ID: '7f7e0456e0bb61b24bbc5ce431dba8e8') in 0.00044575 seconds [static and dynamic dependencies]. Details - ImportResultOutputID=a759d1392be7703699e05f86d928326a DependenciesID=e3ee69f8b3264439e9646683d472211c StaticDependenciesID=f682914acc16dde2bfabfa0979c99e0b 
Start importing Packages/com.unity.collab-proxy/Editor/Assets/Images/buttonssosigninunity.png using Guid(f9161c6c9e06dc445ada3ee16d991f90) (TextureImporter) -> (Import Result ID: 'dc28d796455ad3ae52eb9f7c797e2f71') in 0.00044725 seconds [static and dynamic dependencies]. Details - ImportResultOutputID=447efba3c7ad07198d3c23d5dd77fecd DependenciesID=d511caed05ee7a0fd3fed05ddecd7587 StaticDependenciesID=0dc02baa9e8fd48067c68b221b87886b 
Start importing Packages/com.unity.collab-proxy/Editor/Assets/Images/iconconflicted@2x.png using Guid(f95f697d66d238446b1ab717def09945) (TextureImporter) -> (Import Result ID: 'f75b86e7c7e8cd9094af76f34a69c474') in 0.0004025 seconds [static and dynamic dependencies]. Details - ImportResultOutputID=e76398caf66f7bf63f7304541c5f6ce3 DependenciesID=247744b27b01b00de8847aa580130bf6 StaticDependenciesID=fe3bf8130bd9ba2eb53766411d95f9ec 
Start importing Packages/com.unity.collab-proxy/Editor/Assets/Images/d_iconemptygravatar@2x.png using Guid(0ac55f9f886d827408c102bdf33c5ff7) (TextureImporter) -> (Import Result ID: '3d982f28c0efb0c004707a9cf16be6f1') in 0.000648458 seconds [static and dynamic dependencies]. Details - ImportResultOutputID=6fbda1baccce3259c2ebbb585b5e5a23 DependenciesID=82cb42e0b0edfe7b03510b3b4fafb236 StaticDependenciesID=d324dc9d13bea536619c817295060e67 
Start importing Packages/com.unity.inputsystem/InputSystem/Editor/Icons/d_Pen@4x.png using Guid(0aec7c7bf99354f66bc2a1d18bd0b4d2) (TextureImporter) -> (Import Result ID: '89f3bb5f3f727f23afee499f6ed8801a') in 0.000437417 seconds [static and dynamic dependencies]. Details - ImportResultOutputID=a5d1f9049e77f263d144834ae07511b2 DependenciesID=f4bce1f167c1d5a0fe8e685b6d0aaebc StaticDependenciesID=2fe42d00ff0ac00acebca284e2ba7544 
Start importing Packages/com.unity.inputsystem/InputSystem/Editor/Icons/Button.png using Guid(2a5d0a7febdc741039abf135883517e5) (TextureImporter) -> (Import Result ID: 'ac2fd7637fa6b2ba66c0c1d711ebac8e') in 0.000367042 seconds [static and dynamic dependencies]. Details - ImportResultOutputID=8b698c94bca18c6c370dc02b7b8b0e31 DependenciesID=d1a127374e7ca1d8278394789789c770 StaticDependenciesID=b3da553979b3da112b6093371e051495 
Start importing Packages/com.unity.inputsystem/InputSystem/Editor/Icons/Gamepad@3x.png using Guid(4ae0b2f68c2464272b1b10105262b09b) (TextureImporter) -> (Import Result ID: '1d1dbb05c04f1fb3d621569b107be65c') in 0.000469291 seconds [static and dynamic dependencies]. Details - ImportResultOutputID=a4ec44fd47d5e9f0c26f718b7ec7c4a8 DependenciesID=6a6a185d536bc7997d97c1008db137c0 StaticDependenciesID=85f7e1ca05f05635ebce46bfe57eddce 
Start importing Packages/com.unity.collab-proxy/Editor/Assets/Images/d_iconconflictresolvedoverlay@2x.png using Guid(4a231ba0e81e63849a8f985c228e8acd) (TextureImporter) -> (Import Result ID: 'd1863197ed1b837324ba4d63e5ac8e50') in 0.000487375 seconds [static and dynamic dependencies]. Details - ImportResultOutputID=865986f7d3e034fe712af760e4ca5a7a DependenciesID=3f3b6ae17040d3ad638f29e055c09dbc StaticDependenciesID=23f38264f4194e59cc1e6a20cb739033 
Start importing Packages/com.unity.inputsystem/InputSystem/Editor/Icons/d_Add Binding@4x.png using Guid(4a0ce0eda6ee74c669b13104649e1313) (TextureImporter) -> (Import Result ID: '0827fdca760d5c75711c4c28e3a18697') in 0.000574125 seconds [static and dynamic dependencies]. Details - ImportResultOutputID=e8d22bfb29492f863edebce329b2770a DependenciesID=7284c17d01c289e9631c1d0cba0d2ce7 StaticDependenciesID=3b8fe64f6ef15b6211abade6d6d3dcde 
Start importing Packages/com.unity.inputsystem/InputSystem/Editor/AssetEditor/PackageResources/personal/foldoutBackground.png using Guid(5ab69704aa4984b49bc426da72fabbed) (TextureImporter) -> (Import Result ID: '9de2dc1fa5311bc7faee4d35e1d75b75') in 0.000468125 seconds [static and dynamic dependencies]. Details - ImportResultOutputID=db3a8f95eb384b3c54c486183bbbe0cd DependenciesID=b383ec14b845f530a531a5eb7b244060 StaticDependenciesID=02fcc1e2669a6d9790e54ca8a09f8cf9 
Start importing Packages/com.unity.inputsystem/InputSystem/Editor/Icons/Keyboard.png using Guid(5a5b9538c3aaa4587856e68a93a92a51) (TextureImporter) -> (Import Result ID: 'ac52b49e02bbb025203ee79e4e13759f') in 0.000445041 seconds [static and dynamic dependencies]. Details - ImportResultOutputID=b0f1692d6e4cb046ce9878d3f0baa6cb DependenciesID=a23a8abd01c102c9709ed1169aaaf029 StaticDependenciesID=95aedad9157dadbbf266299e35732c91 
Start importing Packages/com.unity.inputsystem/InputSystem/Editor/Icons/MultiplayerEventSystem@64.png using Guid(6a237171e2346e3458db37eb0f90d42b) (TextureImporter) -> (Import Result ID: '4dfc231843f34335bd73537b5d5e803e') in 0.000546291 seconds [static and dynamic dependencies]. Details - ImportResultOutputID=dcb25edccd1320bf52e2373a65973f6b DependenciesID=741b4f2ab7043e628e2fd8a9b95d9aaf StaticDependenciesID=dea2c22ba7ee362ec9551f95c534aa1c 
Start importing Packages/com.unity.collab-proxy/Editor/Assets/Images/d_secondarytabclosehover.png using Guid(6a9d211bea1bc4a429d86cbb2d0b0a3e) (TextureImporter) -> (Import Result ID: '06275fd49c03e521bfa1cdbba60eeb5f') in 0.000470084 seconds [static and dynamic dependencies]. Details - ImportResultOutputID=a9163ea13066e984d85e961d9996b554 DependenciesID=533b0853764498cd5e103f090244753f StaticDependenciesID=22b9a275b0f2c772531fe0e6193f153f 
Start importing Packages/com.unity.ugui/Editor Resources/Textures/btn_AlignCenter_Light.psd using Guid(6ace62d30f494c948b71d5594afce11d) (TextureImporter) -> (Import Result ID: 'e1b8ed5f39abcf86117b88a44247ecdc') in 0.000886334 seconds [static and dynamic dependencies]. Details - ImportResultOutputID=f3b8d6d25745926ff87ef7a77996aa85 DependenciesID=debc519a8198b6e98934bf85f5de05c0 StaticDependenciesID=070d4dd6f06a6f720ba2d9ca097ebc5b 
Start importing Packages/com.unity.collab-proxy/Editor/Assets/Images/iconmoved.png using Guid(8a6cca56e2b63344eb4769cd92d93ffb) (TextureImporter) -> (Import Result ID: 'de317873b902d1673c76a9bafc6ddd6a') in 0.000431292 seconds [static and dynamic dependencies]. Details - ImportResultOutputID=9e2d7b30e8a758761c7cfb3287e9109f DependenciesID=bc5b63da4fe99bed6ece633ddcba7965 StaticDependenciesID=4328d9907746acd6a660e2c971b4768e 
Start importing Packages/com.unity.collab-proxy/Editor/Assets/Images/d_secondarytabclosehover@2x.png using Guid(9aa4348290784b2468144a97eb15d8d7) (TextureImporter) -> (Import Result ID: '5f6cf75e1f408a8cfa8bd9f157b5e305') in 0.000487125 seconds [static and dynamic dependencies]. Details - ImportResultOutputID=6f979f3f1f48b44fa1888ff11424e32b DependenciesID=9f940813f1a504cd4695a958b42a4828 StaticDependenciesID=9f238f7643179f458306740f8b1d9cee 
Start importing Packages/com.unity.inputsystem/InputSystem/Editor/Icons/Touch@3x.png using Guid(9ad5d5b6a25b749e78b4950eae0a8ec2) (TextureImporter) -> (Import Result ID: '45ae5de590823b13836cca590b504902') in 0.000452 seconds [static and dynamic dependencies]. Details - ImportResultOutputID=96ccffde1837ac19151b04edb511b151 DependenciesID=3cbbb1200e635fa8a4f451c61139941d StaticDependenciesID=e5a116d93a650c5f0322442af6e5c231 
Start importing Packages/com.unity.collab-proxy/Editor/Assets/Images/iconaddedlocal.png using Guid(9a1ab8af8c446204e989a90f18305caf) (TextureImporter) -> (Import Result ID: '8930d05250c46031271b3b7a5ed23728') in 0.000363833 seconds [static and dynamic dependencies]. Details - ImportResultOutputID=49403b87a100047e250b37f774527b97 DependenciesID=4cfc33653615eaf6d143bb29cf780f53 StaticDependenciesID=bbcecf01db17fcbeac29ea1f4a8f3097 
Start importing Packages/com.unity.visualscripting/Graphics/GraphGroup.psd using Guid(9aebf5eaf632b8a4898b295d2cb20c0d) (TextureImporter) -> (Import Result ID: 'ba477649075b5fdb487d20723d10ed71') in 0.0006175 seconds [static and dynamic dependencies]. Details - ImportResultOutputID=97aad256e2fc667d7210e529702406df DependenciesID=4d72ed45987e0d173188c03c91d56493 StaticDependenciesID=bdc9c9e50afd6540a1600803d7847c33 
Start importing Packages/com.unity.collab-proxy/Editor/Assets/Images/d_iconemptygravatar.png using Guid(9aebd705574f9e642aef1e5f59b3e4d8) (TextureImporter) -> (Import Result ID: '72cf681276a2427b0c72bc7c88f44abd') in 0.000473375 seconds [static and dynamic dependencies]. Details - ImportResultOutputID=080b6a1b3556b71f7b232c7dd5383eb2 DependenciesID=52d93de57935ae859f4d80ed36a643fc StaticDependenciesID=cd4e81bcf7537e63ac98f67b0e8f880e 
Start importing Packages/com.unity.inputsystem/InputSystem/Editor/Icons/Button@4x.png using Guid(aa356632480554016ab8f4200032981b) (TextureImporter) -> (Import Result ID: '92b7aabbdfc6f693d53b04f4beccfbe4') in 0.00045925 seconds [static and dynamic dependencies]. Details - ImportResultOutputID=dcd89dbb2c29cb9b80f49fe4f4b08407 DependenciesID=dacafc62411aa02fc23aa5916186ceea StaticDependenciesID=1159491b3a312a3a3bd1c8fe61e1bf6a 
Start importing Packages/com.unity.inputsystem/InputSystem/Editor/AssetEditor/PackageResources/personal/propertiesBackground.png using Guid(aa4c2360f910d46f497f75b4b6677358) (TextureImporter) -> (Import Result ID: 'e713f51b9eac29c5abd9bb9b35ba7d4c') in 0.000362166 seconds [static and dynamic dependencies]. Details - ImportResultOutputID=f69eac069ffaa9389a209ea1c8929f9a DependenciesID=9fae868ffd9580fe1e61b4235a632646 StaticDependenciesID=8ea2c84acd575ec1fccf7754838bbd44 
Start importing Packages/com.unity.inputsystem/InputSystem/Editor/Icons/ChevronDown.png using Guid(ba304f5556a3a4fac98d126883083e7e) (TextureImporter) -> (Import Result ID: '69240cb76dae617d307b75c7e96c4da6') in 0.00042175 seconds [static and dynamic dependencies]. Details - ImportResultOutputID=d97f8dfd3c0bdf7f680271c9a2d011a4 DependenciesID=07cde6f2972ecd42f0757f48849a277c StaticDependenciesID=c37e2db6ed8d73b0657c759a7f3be766 
Start importing Packages/com.unity.visualscripting/Editor/VisualScripting.Core/IconMap/Variables@32x.png using Guid(ba736aa67df8cee43b1b679c961d74f4) (TextureImporter) -> (Import Result ID: '426d4339f10629adb9ac7adc957d03b5') in 0.000410833 seconds [static and dynamic dependencies]. Details - ImportResultOutputID=7efea297825661d443611660b1e23f7e DependenciesID=c1ed73ae69375ada7222e515b3a9e7dc StaticDependenciesID=2b5a4ae1a5f48d7d5d7349b357e58fe7 
Start importing Packages/com.unity.collab-proxy/Editor/Assets/Images/iconlock@2x.png using Guid(ba96945b6a1b743579931a87e98041fe) (TextureImporter) -> (Import Result ID: '4d9de104de7a6385d9bcf9e6c62d49ad') in 0.000624875 seconds [static and dynamic dependencies]. Details - ImportResultOutputID=b3b2df2cd7b4f9655f8cfa28dc9fb28b DependenciesID=bd4681cfefe744d9cd8dc47a6f663754 StaticDependenciesID=283859295a009e35242371d6f63ba697 
Start importing Packages/com.unity.ugui/Editor Resources/Textures/btn_AlignBottom.psd using Guid(ca51b19024094d1b87f3e07edb0a75fb) (TextureImporter) -> (Import Result ID: 'ebd6bf1e3cc8c54502b3d24d9c803d28') in 0.000774834 seconds [static and dynamic dependencies]. Details - ImportResultOutputID=7f6a6b95a18a0fa6e34d91e34e96add2 DependenciesID=bb64b46662a3cdf7e0aa0ddc07de0dcd StaticDependenciesID=a8cc25ae5f736890df9dd612604205ae 
Start importing Packages/com.unity.collab-proxy/Editor/Assets/Images/iconinfobellnotification.png using Guid(ca9343b72095cb846be99d76d069dfc0) (TextureImporter) -> (Import Result ID: '31a758ae201b6147c7e5d251c41d9ad3') in 0.000456709 seconds [static and dynamic dependencies]. Details - ImportResultOutputID=8d648c929df9b46b9519ba6a6ff8b7a5 DependenciesID=17e03996e45e1a84e4ac086c78f0f3f6 StaticDependenciesID=239daec982311d5ecb73fc3e2ae22797 
Start importing Packages/com.unity.inputsystem/InputSystem/Editor/Icons/d_Add Binding@3x.png using Guid(ca933a91c81734ddd88b17c8481ec1e9) (TextureImporter) -> (Import Result ID: '3be808602a91495f4278783ee3aa7a72') in 0.000449916 seconds [static and dynamic dependencies]. Details - ImportResultOutputID=a5f825804e522aec7b8deb3d811c562f DependenciesID=074c26416b914f01d1ed9b221ba3cee3 StaticDependenciesID=cec918ff3f2862ab2f856b23b7fd9095 
Start importing Packages/com.unity.inputsystem/InputSystem/Editor/Icons/Interactive Binding@3x.png using Guid(cac8742b1b72b44699fd1663287ca47d) (TextureImporter) -> (Import Result ID: '5482b294e9dbc48a53b829ee92742cb9') in 0.000453 seconds [static and dynamic dependencies]. Details - ImportResultOutputID=5ab7efae3a37c49b718aac1e19d4bb3d DependenciesID=0a888d81f0dfecd714a6f7c468665480 StaticDependenciesID=a9cb5b27a1ae7cb37973639418adb327 
Start importing Packages/com.unity.inputsystem/InputSystem/Editor/Icons/d_Orientation@2x.png using Guid(cae83450c8b18499c8c0239edf8bcc31) (TextureImporter) -> (Import Result ID: 'bc2ad05f0d758bf441ca0196036546b3') in 0.000426333 seconds [static and dynamic dependencies]. Details - ImportResultOutputID=6f6c4c0ea556dcfcc2825007d5999136 DependenciesID=2c63b24b7b67fd547b4266aa41d4c8af StaticDependenciesID=bafbce074ac7e5f59d802270e80296a6 
Start importing Packages/com.unity.collab-proxy/Editor/Assets/Images/iconemptygravatar@2x.png using Guid(da545229eea36164d8b8cba2f75a1143) (TextureImporter) -> (Import Result ID: 'e16ca2e64882bea1b6e457d03c0f4603') in 0.000672625 seconds [static and dynamic dependencies]. Details - ImportResultOutputID=954a44e74df5d6636826ed2ae823f24d DependenciesID=0b19e93f1e1c6aef03a412fbfdec2342 StaticDependenciesID=dd2dcd714ac4e5da37b664596088c3dd 
Start importing Packages/com.unity.inputsystem/InputSystem/Editor/Icons/d_Mouse@2x.png using Guid(daa9ba527d8a34b218224b8287ce11d3) (TextureImporter) -> (Import Result ID: '2ba0607a8ec5170eb4648d273d95eaf7') in 0.000385709 seconds [static and dynamic dependencies]. Details - ImportResultOutputID=7f6155ad254397a6fcb844c205480c66 DependenciesID=09645f3c50d4fddff6605d1c4a6b480d StaticDependenciesID=a7cf5b8467d1015b302d42a2ba755b76 
Start importing Packages/com.unity.inputsystem/InputSystem/Editor/Icons/Pen.png using Guid(ea8b7319643924985a9ee4ca18b8db59) (TextureImporter) -> (Import Result ID: 'cee976abd07b689b5803aeb23d1566af') in 0.000348625 seconds [static and dynamic dependencies]. Details - ImportResultOutputID=d290e5ed79f705b2954f166d5eedf07b DependenciesID=8e8f3d126fc4042d1f543d5b79f965a2 StaticDependenciesID=beefdecfc6fe7e613b1e3320d9e15fa8 
Start importing Packages/com.unity.ugui/Editor Resources/Textures/btn_AlignJustified_Light.psd using Guid(fa6bd40a216346b783a4cce741d277a5) (TextureImporter) -> (Import Result ID: 'eb4a53fa548e83408e525961e322ee5e') in 0.000684791 seconds [static and dynamic dependencies]. Details - ImportResultOutputID=73df87006b028511258b1e691a469f4b DependenciesID=c99862cc9bece6516a3d9e0d66664a38 StaticDependenciesID=b3b0772207d298bbc137be750c734ff6 
Start importing Packages/com.unity.inputsystem/InputSystem/Editor/Icons/Pen@3x.png using Guid(1bf9cdd4bc492489c8c7c6190785fc48) (TextureImporter) -> (Import Result ID: '55fd2260fbafb27e20fb51ea7cf30597') in 0.000423625 seconds [static and dynamic dependencies]. Details - ImportResultOutputID=40854b0e90550a7d4fe6862ee9e23fd7 DependenciesID=6cf85a4a9db10fb43afbf43112fc8a48 StaticDependenciesID=ae2bb992840c4c044ee836947b81eee9 
Start importing Packages/com.unity.collab-proxy/Editor/Assets/Images/d_iconlockedremoteoverlay@2x.png using Guid(2bb4e96f5d0b02c468932d665a015c54) (TextureImporter) -> (Import Result ID: '177ac132156c56bf25df484aa29868ef') in 0.000419708 seconds [static and dynamic dependencies]. Details - ImportResultOutputID=662a88226f68ea10f47a0bb3ce9327f9 DependenciesID=799609ddced6db50c1c8cb8f11a16ddd StaticDependenciesID=4134923de0122472042916b5fa8ef96a 
Start importing Packages/com.unity.collab-proxy/Editor/Assets/Images/d_iconinviteusers@2x.png using Guid(2b9bf8ec5d54fe249ac9e20979ccd42c) (TextureImporter) -> (Import Result ID: '8e1031e0049f2e990e9bc41be1e52524') in 0.000583542 seconds [static and dynamic dependencies]. Details - ImportResultOutputID=aed0efc11d81f1870c85599bb03eb4f0 DependenciesID=84bd29525cdaaf243df46c0ddbeb8b49 StaticDependenciesID=245bc93ab853d52cb4d76db17fb8f049 
Start importing Packages/com.unity.inputsystem/InputSystem/Editor/Icons/d_Interactive Binding@2x.png using Guid(3b78dc1763429489c9a1c70faf4f9a0e) (TextureImporter) -> (Import Result ID: 'f33498036247c9c5eac3575d1d3ccb00') in 0.000414084 seconds [static and dynamic dependencies]. Details - ImportResultOutputID=0ffe9d6bb0c55ee21e022db47c7e73e0 DependenciesID=895d054e45ccace79ce8668c6adab3cc StaticDependenciesID=bde3fedac05cb5a909cbbc4dc2c28b74 
Start importing Packages/com.unity.inputsystem/InputSystem/Editor/Icons/TrackedPoseDriver@4x.png using Guid(7b8bfaee8f8631c4789ac62373cbc2d4) (TextureImporter) -> (Import Result ID: '7e7142b8b51956f60eb6cea1391702cf') in 0.000496375 seconds [static and dynamic dependencies]. Details - ImportResultOutputID=66c2dc6f45469d0bd7c88acc6828e472 DependenciesID=63b326257c12516ba2f4b66a2b945d5c StaticDependenciesID=e76247e6652a48aff02e1a18607e6423 
Start importing Packages/com.unity.inputsystem/InputSystem/Editor/Icons/Add Binding@3x.png using Guid(8be1fbf4b24de44c99840805bdae9e40) (TextureImporter) -> (Import Result ID: 'bd79d160bfe658db5ff46b777a324711') in 0.000439833 seconds [static and dynamic dependencies]. Details - ImportResultOutputID=d07418aeb8e787b3d7178dda091c945e DependenciesID=0b7d1751e3df4a385d047d8687a96bb9 StaticDependenciesID=3dfdc3a15c9efc0a27f02a79023fbdb9 
Start importing Packages/com.unity.ugui/Editor Resources/Textures/btn_AlignBaseLine.psd using Guid(8bc445bb79654bf496c92d0407840a92) (TextureImporter) -> (Import Result ID: '63fc6d6faf195b8161752df5525119d5') in 0.000916791 seconds [static and dynamic dependencies]. Details - ImportResultOutputID=6033ff4626ba612b9aacfb5e0d37cf19 DependenciesID=387b2d2a02db2459e3510bd79c4ce87c StaticDependenciesID=f0252a0321548f72bf4274402febc389 
Start importing Packages/com.unity.collab-proxy/Editor/Assets/Images/d_iconbrex@2x.png using Guid(9b76c79563c3a274aa48b0dbdf009693) (TextureImporter) -> (Import Result ID: '422b5830abca29c4c799d9e8a8300039') in 0.000630167 seconds [static and dynamic dependencies]. Details - ImportResultOutputID=ffc58e609fedd5b247f5b1a434d2d1ee DependenciesID=db8bc02552ba406f62c5c05a4c829e69 StaticDependenciesID=a41edac3ca241b1e5f4cd41b1d39f589 
Start importing Packages/com.unity.collab-proxy/Editor/Assets/Images/iconbrex@2x.png using Guid(ab97695f01bc84c4b93e8440531417e7) (TextureImporter) -> (Import Result ID: 'da804e599b543301a06b5f65584cfb68') in 0.000574625 seconds [static and dynamic dependencies]. Details - ImportResultOutputID=09befa523e6b6bb88d03109ee5441f9d DependenciesID=938924ebcb7cfae845d0fd7abdb565bc StaticDependenciesID=ee905d09bffac1d825015428b5fd213c 
Start importing Packages/com.unity.inputsystem/InputSystem/Editor/Icons/d_Dpad@2x.png using Guid(ab9b5824ece1d443aa1f3a5672d9da86) (TextureImporter) -> (Import Result ID: 'b8c7ad220b2f1f7e478785d8e75b45b6') in 0.0004385 seconds [static and dynamic dependencies]. Details - ImportResultOutputID=711c4b61b173e52c99a4d4e7ca40adc6 DependenciesID=d8b8762fb61eb573b6f5e7256cd95090 StaticDependenciesID=dbb4b037079fac25f1104e60f82d50d0 
Start importing Packages/com.unity.ugui/Editor Resources/Textures/btn_AlignMidline_Light.psd using Guid(bb42b2d967d6427983c901a4ffc8ecd9) (TextureImporter) -> (Import Result ID: 'e2a4a0fc848b7fcf5304233c853e1ddd') in 0.000746291 seconds [static and dynamic dependencies]. Details - ImportResultOutputID=961b1325e8662c48df7d5a92b843391d DependenciesID=965a0d3e4d3606916f334a8c9e9e60c6 StaticDependenciesID=3b99e974cbd4e4ea2dc4897f59a6cc89 
Start importing Packages/com.unity.inputsystem/InputSystem/Editor/Icons/d_Pen.png using Guid(bb42fb9342e9d4e68b6cf39a2e071d9b) (TextureImporter) -> (Import Result ID: '199dee23ec64f7bd089018321f2e9f8b') in 0.000365292 seconds [static and dynamic dependencies]. Details - ImportResultOutputID=4ec6e36ccc044d4a591c2dc0ffd754dc DependenciesID=fd0b1c5fab39f912a15af4e0435da0e3 StaticDependenciesID=fd2ace9b078fd06688031653a4be92ef 
Start importing Packages/com.unity.collab-proxy/Editor/Assets/Images/d_iconcheckedoutlocaloverlay.png using Guid(bb1928aff4fd4cf44af1f629dc14ef9b) (TextureImporter) -> (Import Result ID: 'b448282c5be067fdb95f4d8268aa9cd7') in 0.000377208 seconds [static and dynamic dependencies]. Details - ImportResultOutputID=0483d687db122fe63c149dd073bd9d5d DependenciesID=5d47fccf1ea4681e8853eb4c9fb33217 StaticDependenciesID=02e6740e41c259de60530a95db6b6ecb 
Start importing Packages/com.unity.inputsystem/InputSystem/Editor/Icons/Add Binding@2x.png using Guid(bb5fa99d6e9434c9ebf101c956021ee1) (TextureImporter) -> (Import Result ID: 'b8cda5a45d1e2134b4c2b03b1e6a4d33') in 0.000398625 seconds [static and dynamic dependencies]. Details - ImportResultOutputID=9a051f2d83725e7bf5326ee487e010e8 DependenciesID=99221e9fff5d9da356fd79782d319417 StaticDependenciesID=40db2e9d296902224c017817ed4b8cd1 
Start importing Packages/com.unity.inputsystem/InputSystem/Editor/Icons/d_Button@4x.png using Guid(db3dc7a02ac6d4e90bbe905a44ac265b) (TextureImporter) -> (Import Result ID: 'e1ce5868a7691e764a0708b15c62c1b1') in 0.000481917 seconds [static and dynamic dependencies]. Details - ImportResultOutputID=99f74bf7a978f40033e3b566ee3c5128 DependenciesID=98007effdaa42f373656e055e1247604 StaticDependenciesID=c3d68dc795db6292c5d5811450f3e330 
Start importing Packages/com.unity.inputsystem/InputSystem/Editor/Icons/d_Interactive Binding.png using Guid(eb28fd64eacfa495c97193108f1cdf03) (TextureImporter) -> (Import Result ID: '8dba721a263ea277b2a7700bbf447706') in 0.000423 seconds [static and dynamic dependencies]. Details - ImportResultOutputID=57d9a8b7f40d9715276f56a38cca3f82 DependenciesID=822ed103d523cae826114881ff2bf274 StaticDependenciesID=5b1b5cd326ccd12c7a5e3433e57ce53c 
Start importing Packages/com.unity.ugui/Editor Resources/Textures/SectionHeader_Dark.psd using Guid(fb5730e24283d0c489e5c7d0bee023d9) (TextureImporter) -> (Import Result ID: 'eb34bd0714f290783cdb358c4d61e42c') in 0.000770625 seconds [static and dynamic dependencies]. Details - ImportResultOutputID=e7835b5fa6931f12a6274a0daead0313 DependenciesID=9752bf727ee47316c95c86010c221f26 StaticDependenciesID=2d958d7ba847fb563a2afd7e4dcd21bb 
Start importing Packages/com.unity.visualscripting/Graphics/FlowPorts_24x.psd using Guid(fb8aec2313da2234687b591ff0c0e622) (TextureImporter) -> (Import Result ID: 'b3fdaa8c2b48b2f6bd275433a00bc5e2') in 0.000543084 seconds [static and dynamic dependencies]. Details - ImportResultOutputID=94e5eb13a50653122fd206ed14e49261 DependenciesID=63d26ef0e7846691737a8c87a7d26baf StaticDependenciesID=db986e4d44b9460027c0322339413cf1 
Start importing Packages/com.unity.collab-proxy/Editor/Assets/Images/d_iconaddedlocal.png using Guid(0c6a2a64ca9f9c946a7dbbd1674cf5bd) (TextureImporter) -> (Import Result ID: '0be181f18ffd238636b8cdb8cd1af158') in 0.000461667 seconds [static and dynamic dependencies]. Details - ImportResultOutputID=4247c7df41f95b61f347aa7806ce0c69 DependenciesID=1ba4d9e93ea60e8a9e8ebede3eff6d03 StaticDependenciesID=196da416844215c80787ef4e5bf88496 
Start importing Packages/com.unity.visualscripting/Editor/VisualScripting.Core/IconMap/FlowGraph@32x.png using Guid(0ccb256674ae837499e788d1cca73948) (TextureImporter) -> (Import Result ID: '91da85ed63abff57f400dcbacd8a6f2e') in 0.0005105 seconds [static and dynamic dependencies]. Details - ImportResultOutputID=ef371e8a74a6ceb0bd405a6662bc1f8f DependenciesID=191d98c53fa654694fdd64ccf7bd7f29 StaticDependenciesID=267ba038556985ef58325cdd8a5f9ee2 
Start importing Packages/com.unity.inputsystem/InputSystem/Editor/Icons/Orientation@4x.png using Guid(1c751eb104ad5407992e614361d5f81e) (TextureImporter) -> (Import Result ID: 'f992c1b969ce311a12aa21c8844d80c0') in 0.000581625 seconds [static and dynamic dependencies]. Details - ImportResultOutputID=f64e5191a34a984043f8cfd314730a05 DependenciesID=5c7b139a07f0592c6ff9f54fc7572090 StaticDependenciesID=6ded2c8c4af94dbc4b7c011024922992 
Start importing Packages/com.unity.inputsystem/InputSystem/Editor/Icons/Button@2x.png using Guid(1c37f00575bd6494ea726be5afee89b9) (TextureImporter) -> (Import Result ID: '102506d5be24e35c8c24369fc85efed3') in 0.000487292 seconds [static and dynamic dependencies]. Details - ImportResultOutputID=397b1fe155cf1b83443e8a89d43f5c10 DependenciesID=4af8132a17d995d739f3a8f7c5b26064 StaticDependenciesID=fe5a345580beb60464ea49e15fd3d646 
Start importing Packages/com.unity.collab-proxy/Editor/Assets/Images/d_icondeletedremoteoverlay@2x.png using Guid(2cfbf6619eb047545a425e8a31732c83) (TextureImporter) -> (Import Result ID: '31d2bdb533c64e6acdf2bb044d99dd0f') in 0.000484958 seconds [static and dynamic dependencies]. Details - ImportResultOutputID=1cfbdd9216f515ab55ee07513a5f49ca DependenciesID=af3cc1b90127a47c5bf9442be1e60a70 StaticDependenciesID=247e4d90ef889e20f075f03421567b76 
Start importing Packages/com.unity.collab-proxy/Editor/Assets/Images/d_iconinfobellnotification@2x.png using Guid(3cf8ae89579fd29479f4269d09600e16) (TextureImporter) -> (Import Result ID: '3a30c239d19e805aa3c88336b82c47b1') in 0.000531 seconds [static and dynamic dependencies]. Details - ImportResultOutputID=b4d061d2170dc38ae36dc18955178e2e DependenciesID=5fc4c5d802344838d3e8a68474f0c8b4 StaticDependenciesID=26d4ee6eeda07805c705127b3580af2f 
Start importing Packages/com.unity.inputsystem/InputSystem/Editor/Icons/Dpad@3x.png using Guid(6c1147159d9dc42948601b29dfc9a40c) (TextureImporter) -> (Import Result ID: 'fbf9161c81558264340bfe5b9a25004f') in 0.000412834 seconds [static and dynamic dependencies]. Details - ImportResultOutputID=1c7a12130fcb25152ef602ae156709c5 DependenciesID=f8e64b83f027168b1f2ef44cb0981cf4 StaticDependenciesID=94ea0230465f42fa0dda5686a10cd5ec 
Start importing Packages/com.unity.collab-proxy/Editor/Assets/Images/step1.png using Guid(9ce84ff0fdeb13d4a83f077d075dd9a5) (TextureImporter) -> (Import Result ID: '04b12504a1ca447d43c43ac53206b7d5') in 0.000371959 seconds [static and dynamic dependencies]. Details - ImportResultOutputID=3266f3f42a6dd99de0f4c68e277e8966 DependenciesID=d58762b7f05bc256ada8d4fabfa42670 StaticDependenciesID=1c404990836070ac82f2bbb7ac17225a 
Start importing Packages/com.unity.collab-proxy/Editor/Assets/Images/d_iconclosebutton.png using Guid(9cadde7a0d5f9024ab3f2cd5f6a740d6) (TextureImporter) -> (Import Result ID: 'c3454790c203c4b16cbeb306b75036eb') in 0.000404833 seconds [static and dynamic dependencies]. Details - ImportResultOutputID=8e7f2dec570860ac134fc23843b4df4b DependenciesID=06cb64f007ce801338820deee0cbf63b StaticDependenciesID=96a528129ac684bfe9a8f2187bc0f9a8 
Start importing Packages/com.unity.inputsystem/InputSystem/Editor/Icons/Pen@4x.png using Guid(acf10446fff184bb98db6350c2c43148) (TextureImporter) -> (Import Result ID: 'e91c1c738f69b851440b137ef9a0d89b') in 0.000440708 seconds [static and dynamic dependencies]. Details - ImportResultOutputID=bc14b8c9b9e7c7a9ea0c04934af321d0 DependenciesID=23386dbd84a115d839e93cb14e526657 StaticDependenciesID=78b403546fca0fc88c6c4ef63f08d41b 
Start importing Packages/com.unity.inputsystem/InputSystem/Editor/Icons/d_Position@4x.png using Guid(ac4c5ccb2785f4460b2dcfe47010c688) (TextureImporter) -> (Import Result ID: '854cec4a777cc1e40234fe60d8390e60') in 0.000438458 seconds [static and dynamic dependencies]. Details - ImportResultOutputID=9bae8d99ceed91f66da8032b21c0f729 DependenciesID=7b322a070500fcf327bbc456734f34ad StaticDependenciesID=34a55d18ae95cb58611e49a0880bd9a2 
Start importing Packages/com.unity.collab-proxy/Editor/Assets/Images/iconplasticview.png using Guid(dcb2ee37925b97e438ae244996d81a55) (TextureImporter) -> (Import Result ID: '0998b65ba923dd01ab47118e158c937e') in 0.000404792 seconds [static and dynamic dependencies]. Details - ImportResultOutputID=ac4f4e3f18079ae3c6d871d29eeb41aa DependenciesID=51a25ac80916a4ce26f58db39c33f89d StaticDependenciesID=696370fac3da0f020646606017a8b667 
Start importing Packages/com.unity.collab-proxy/Editor/Assets/Images/d_iconoutofsyncoverlay.png using Guid(dc633de6e6e7415448c7568418239a9d) (TextureImporter) -> (Import Result ID: 'd720f864b69c3fd90198e1258cbe91bb') in 0.000372458 seconds [static and dynamic dependencies]. Details - ImportResultOutputID=a5ce077982cde46b5cf8fff2367a6049 DependenciesID=6a81adc5526cd336b48648f596a35f68 StaticDependenciesID=3f2cfb306e4250a7060029b27611268a 
Start importing Packages/com.unity.inputsystem/InputSystem/Editor/Icons/InputControl.png using Guid(ec85de66fa5b64dd984fdcc82f8f92b3) (TextureImporter) -> (Import Result ID: 'e2df854a934f2af2600e9d27f6c985b8') in 0.000354292 seconds [static and dynamic dependencies]. Details - ImportResultOutputID=617d081914c201eba2cfa8a882bd38bf DependenciesID=b307e54483476edc9477262364a20b8f StaticDependenciesID=00df2b339213b4bc93eda83d776353c6 
Start importing Packages/com.unity.ugui/Editor Resources/Gizmos/TMP - Sprite Asset Icon.psd using Guid(ec7c645d93308c04d8840982af12101e) (TextureImporter) -> (Import Result ID: 'a7442e6e3daeb4481842bfb4ffd7d23a') in 0.001070375 seconds [static and dynamic dependencies]. Details - ImportResultOutputID=c7b9924218c65d398dc8622614251263 DependenciesID=466493b1e0308fe7f0a421aae941fae2 StaticDependenciesID=28800261f08e7508c734984dba8600ac 
Start importing Packages/com.unity.inputsystem/InputSystem/Editor/Icons/d_Joystick@3x.png using Guid(fcaa0d99df7c74f52afaa17a375dd393) (TextureImporter) -> (Import Result ID: 'a804ee7c9b13a74bedd62177a160a68f') in 0.0004345 seconds [static and dynamic dependencies]. Details - ImportResultOutputID=444d54c4ae6ddafa53a1ff87b5932c50 DependenciesID=a9f30f60e180b7502b7a26f95cf23b30 StaticDependenciesID=1aecc854a210d4d761ecaf5ffde9467c 
Start importing Packages/com.unity.inputsystem/InputSystem/Editor/Icons/d_ChevronDown@4x.png using Guid(0de917098a5b848b1a371e570928ce10) (TextureImporter) -> (Import Result ID: '8b2f0b00a064f7d501156c6b9a8abba4') in 0.000422084 seconds [static and dynamic dependencies]. Details - ImportResultOutputID=24041a6ec57045b4769c9d6c09cc248b DependenciesID=b39e574ce6dc9af58194a13f170887e3 StaticDependenciesID=988cf5bf7dcc5f8afee16eea3815bee7 
Start importing Packages/com.unity.ugui/Editor Resources/Textures/btn_AlignCapLine.psd using Guid(0d9a36012a224080966c7b55896aa0f9) (TextureImporter) -> (Import Result ID: '4ec9604635ad7ddde1260d5504d3d9c2') in 0.000728875 seconds [static and dynamic dependencies]. Details - ImportResultOutputID=eaeebf8b5d51c9db0550cd48a27d2cc7 DependenciesID=66dc54e6ed800b2737685e882d1ee278 StaticDependenciesID=966f3b8aca2d6b750ed78e7bf5777de0 
Start importing Packages/com.unity.collab-proxy/Editor/Assets/Images/iconundo@2x.png using Guid(0dfbb2b6ddcdd254da80e3418498b3a6) (TextureImporter) -> (Import Result ID: 'fb7206b66884c2074e3a997d9fefb4c7') in 0.000437042 seconds [static and dynamic dependencies]. Details - ImportResultOutputID=d5e14936a30b6d836921025ec67099a6 DependenciesID=f0e7c00fd8da39b3312f9befa8d3fed5 StaticDependenciesID=e895940ba07edd4779f6d345e40d74e0 
Start importing Packages/com.unity.collab-proxy/Editor/Assets/Images/d_icondeletedremoteoverlay.png using Guid(3de8a0634e55df8499c88204001cb0dd) (TextureImporter) -> (Import Result ID: '6a17cffa1b524992ddaa295fa8a21bd5') in 0.000378541 seconds [static and dynamic dependencies]. Details - ImportResultOutputID=9a4a38c201dc0c9da478e890bbc8f0f5 DependenciesID=e15d7a42d7ecde22f5a5e98a351c896b StaticDependenciesID=3fb16112b4db011b0a97ec07d8fcfe52 
Start importing Packages/com.unity.inputsystem/InputSystem/Editor/Icons/d_Add Binding@2x.png using Guid(3d7dc8d6b9a96490b9aa433645712fdf) (TextureImporter) -> (Import Result ID: 'bba66f2ba56cc08c961f9723fda99a4d') in 0.000453917 seconds [static and dynamic dependencies]. Details - ImportResultOutputID=d0365b84ed0e18a9d38d56a4a02bfbe2 DependenciesID=861bcc741b530c57d3a5b8d8ea2c72b7 StaticDependenciesID=76b3e610c251e40ee4f0088db0897ad5 
Start importing Packages/com.unity.collab-proxy/Editor/Assets/Images/d_icondeletedlocaloverlay.png using Guid(4da274d970a82a943ae3979e7833f3dd) (TextureImporter) -> (Import Result ID: '69adb1f9dbd368cc6a4f748c9b68e416') in 0.000373333 seconds [static and dynamic dependencies]. Details - ImportResultOutputID=68b16cbb8259862d016ebf469b7b72a1 DependenciesID=73ecb68be08698f712e1f250f59ab6a6 StaticDependenciesID=998c1cbc8f6dcf9a3a6b011a5972f59b 
Start importing Packages/com.unity.collab-proxy/Editor/Assets/Images/d_iconoutofsyncoverlay@2x.png using Guid(4d7e6e570e9d65a4c9a994783a0652e2) (TextureImporter) -> (Import Result ID: 'c01d755a648ee3ff7bda01e09612e3c4') in 0.000383625 seconds [static and dynamic dependencies]. Details - ImportResultOutputID=7bd99f61f69d43790029c212d1d9f1fb DependenciesID=f696ca47ccbd23185692da523f012034 StaticDependenciesID=2c403f206969a80f1a491f0d976786cc 
Start importing Packages/com.unity.inputsystem/InputSystem/Editor/Icons/Gamepad@2x.png using Guid(4defb5292901c41f29313d9c9c87a7eb) (TextureImporter) -> (Import Result ID: '94bdd68ae1a9bb5ab715ebd5f37b4e3a') in 0.000385042 seconds [static and dynamic dependencies]. Details - ImportResultOutputID=fc9ac47563e1e67e3fcd6c29133b85d8 DependenciesID=618b6e140c34ae3148e8c4198e7d10ec StaticDependenciesID=0057f998f5fffb327afc0eaab99ea5b7 
Start importing Packages/com.unity.inputsystem/InputSystem/Editor/Icons/d_ChevronDown@3x.png using Guid(5d96795fd770f47d69d997b053532730) (TextureImporter) -> (Import Result ID: '6fb898211573ebf0fb4e1a66ec6b6555') in 0.0004145 seconds [static and dynamic dependencies]. Details - ImportResultOutputID=8028e9eede332dd15d2d0bcf752fbf36 DependenciesID=9626190f96b0bf17515a91b912e28207 StaticDependenciesID=8f9281bc282c36457d329ee2c6e52f2c 
Start importing Packages/com.unity.inputsystem/InputSystem/Editor/Icons/d_Stick@2x.png using Guid(5d0b11389336d4b16b96f147c9f912e2) (TextureImporter) -> (Import Result ID: '33706217420966bdc6bb634280f9f38e') in 0.000379 seconds [static and dynamic dependencies]. Details - ImportResultOutputID=cac53cb1b2e1c8b341387b791ba39506 DependenciesID=ebff7f7c1d3de12ba6635b71901161d1 StaticDependenciesID=8aa0fc2c64f72603adbf6902674edaaf 
Start importing Packages/com.unity.collab-proxy/Editor/Assets/Images/loading@2x.png using Guid(5dbc069eb79bd4d43840847264d6d956) (TextureImporter) -> (Import Result ID: 'af5871dc8ce27a9fd59a8f3cc5adbe15') in 0.000398667 seconds [static and dynamic dependencies]. Details - ImportResultOutputID=fe824f1ebc98a2b222872b1bc252c51e DependenciesID=4b62a0232942a88ccce74aba1e2393f5 StaticDependenciesID=127e61e4281a992122337050a7091236 
Start importing Packages/com.unity.collab-proxy/Editor/Assets/Images/d_iconundo@2x.png using Guid(6d6088174bb906b49ad8428526ee337b) (TextureImporter) -> (Import Result ID: '6948b0d7061e8f9e2f89bc70a13848eb') in 0.000400125 seconds [static and dynamic dependencies]. Details - ImportResultOutputID=3e68b22bf33186a161cec6af104fa695 DependenciesID=58b3615db138ee7d765c1ab9ab96fa7e StaticDependenciesID=f3b3804a3ad9a3e5a567a7d1820be7ba 
Start importing Packages/com.unity.inputsystem/InputSystem/Editor/Icons/d_Touch@4x.png using Guid(6db042035460c4167a6ab8d1ac3c2681) (TextureImporter) -> (Import Result ID: 'cc24fbdcaa7b18ba533ac15889a05de3') in 0.000476291 seconds [static and dynamic dependencies]. Details - ImportResultOutputID=942cf68745629ef8986bafbf780f62a4 DependenciesID=ce7a3382c7b08a5e765fc0feaa19b126 StaticDependenciesID=c0458befd0d3fcc545e29d62cdf59c3c 
Start importing Packages/com.unity.collab-proxy/Editor/Assets/Images/iconlock.png using Guid(6d3f95684dd634b18aa9ab45b3e06cfd) (TextureImporter) -> (Import Result ID: '6bc8dd363ec2608b15dbdc414d1e4e82') in 0.0004325 seconds [static and dynamic dependencies]. Details - ImportResultOutputID=a016327af63819da4e07013bd5fce939 DependenciesID=0349f2078d74158649ae2a68ca743055 StaticDependenciesID=e236a3cbb4c42881b9285df25f8d1a32 
Start importing Packages/com.unity.inputsystem/InputSystem/Editor/Icons/d_Joystick.png using Guid(7d4638131127c4f4382fb36cf16c52fe) (TextureImporter) -> (Import Result ID: 'b908adef5d880eac91f21f3ed4b66b9f') in 0.000364667 seconds [static and dynamic dependencies]. Details - ImportResultOutputID=44eb2b4be8889c9053637b6f10854eb7 DependenciesID=cc723376670759e1b0f3b3934e6e99d1 StaticDependenciesID=64c86ba5b49998605a6cfc7602ebf137 
Start importing Packages/com.unity.collab-proxy/Editor/Assets/Images/iconclipboard.png using Guid(8d91317e8f7610f41a30fcb9c0d99196) (TextureImporter) -> (Import Result ID: 'cbfdd63d1c72bb594fab518bd933fd10') in 0.000415666 seconds [static and dynamic dependencies]. Details - ImportResultOutputID=df9121b0b65b4351764a36bfcb109bd5 DependenciesID=14542737bb8c213e2b05f7e9e39d4bad StaticDependenciesID=510a5d56b45b44ca044e62239b535ce7 
Start importing Packages/com.unity.collab-proxy/Editor/Assets/Images/d_iconcheckedoutlocaloverlay@2x.png using Guid(8d98ab6168c3e91439339f1908b8fe97) (TextureImporter) -> (Import Result ID: '0927ce1d8d8decf782e40e14661e9930') in 0.000420458 seconds [static and dynamic dependencies]. Details - ImportResultOutputID=2ecc7443c46f54415a212d951a0086c6 DependenciesID=d5f3b8e72a18c94decaa8b9b74b52a7a StaticDependenciesID=0c4a943a37aa3278fceeeb17868baac1 
Start importing Packages/com.unity.collab-proxy/Editor/Assets/Images/d_step2@2x.png using Guid(cdb88fdb0cf46b244a667edaff21c7df) (TextureImporter) -> (Import Result ID: 'bb3c7c693cc6c7d6930577e67a3c5004') in 0.000464417 seconds [static and dynamic dependencies]. Details - ImportResultOutputID=0e6cb6f87c48dfc5595306b5cda56de3 DependenciesID=383821008ca9a4d93eb9bd38556801bc StaticDependenciesID=7ff92440eb63283938f9236298b60260 
Start importing Packages/com.unity.visualscripting/Graphics/FlowPorts_12x.psd using Guid(cdd996c0455369d40a3c5c465015834f) (TextureImporter) -> (Import Result ID: 'ff642a346c4ed3f0d182c61ce16aef9a') in 0.000437542 seconds [static and dynamic dependencies]. Details - ImportResultOutputID=54baa8cc608abeeae13602b89cc842e4 DependenciesID=892cd06cdcf918b4343b6558d168e982 StaticDependenciesID=9a00bdc48c7e2906b4d356c233438fd6 
Start importing Packages/com.unity.collab-proxy/Editor/Assets/Images/step2.png using Guid(cd0b17b71a5c498428ee91dee8a78a88) (TextureImporter) -> (Import Result ID: '099bede5e875bf07ab4dd36897eaf381') in 0.000369 seconds [static and dynamic dependencies]. Details - ImportResultOutputID=bcbea6cf91476dd9d9910159fea5f290 DependenciesID=0697515f877a27b5897146c1ea2ca4b2 StaticDependenciesID=39a5baf8b0a73e44c79cd110980a258d 
Start importing Packages/com.unity.collab-proxy/Editor/Assets/Images/buttonssosigninemail@2x.png using Guid(ddf2e76e8a1f88f46ae1e42277850b48) (TextureImporter) -> (Import Result ID: '34ff65907a7440e39e573a2c8577c252') in 0.000440042 seconds [static and dynamic dependencies]. Details - ImportResultOutputID=b8a71a1cbfb8f2a8b371d58f0922ceb9 DependenciesID=e6c3b22b79d852379c54af412caa4ede StaticDependenciesID=b6b8e19a704f7e99bd5f46185866aa6c 
Start importing Packages/com.unity.testtools.codecoverage/Editor/Icons/FolderOpened@2x.png using Guid(dd4bd79e2c603964e8cbf04d0851a210) (TextureImporter) -> (Import Result ID: '964c2ac17bd63910ce4f79ed9d2d405c') in 0.000716375 seconds [static and dynamic dependencies]. Details - ImportResultOutputID=4bef893dd22831c6ad55f8a500caf5ab DependenciesID=d04dd974571d64b8c6044e8b6887e7a0 StaticDependenciesID=d0f83e4750ca2978e5e6d54cda419d6c 
Start importing Packages/com.unity.ugui/Editor Resources/Textures/btn_AlignTop_Light.psd using Guid(ed041e68439749a69d0efa0e3d896c2e) (TextureImporter) -> (Import Result ID: '16ee63322d5096cca4c0d1ba0f0d0b87') in 0.000712833 seconds [static and dynamic dependencies]. Details - ImportResultOutputID=29da7d38f0620241a5a2f17631af9490 DependenciesID=0681dbb34ba5d89e687a8f0229012f83 StaticDependenciesID=0a48dc40af1ac8b8be51a68345f15dba 
Start importing Packages/com.unity.collab-proxy/Editor/Assets/Images/iconrepository.png using Guid(ed64f3a17f2ede646be21ed6edc9161a) (TextureImporter) -> (Import Result ID: '10c02b00c7521d11b3467f3c8307bb2a') in 0.000383084 seconds [static and dynamic dependencies]. Details - ImportResultOutputID=a221834630ae3be8948cd2e3b97fa319 DependenciesID=69759e1cbb7fd8edd4f0c5b5ccde8ba1 StaticDependenciesID=e3fb1b0001a41806dae1492d528f55e9 
Start importing Packages/com.unity.collab-proxy/Editor/Assets/Images/d_iconoutofsync.png using Guid(0e80bd0b4a8196f46acf73711b9505ec) (TextureImporter) -> (Import Result ID: '17b49d8c3f556ceb331fdcae978c9c97') in 0.000371667 seconds [static and dynamic dependencies]. Details - ImportResultOutputID=bf89d4df2a37ec53b633683676a4ef1a DependenciesID=91c15c357e8506017856f3d67f6b3ea9 StaticDependenciesID=07e9a02f35457e4a108aee1a83841592 
Start importing Packages/com.unity.inputsystem/InputSystem/Editor/Icons/d_ChevronUp@3x.png using Guid(0efecba65ae4341a385cd5d39a2af765) (TextureImporter) -> (Import Result ID: '3af5ec76f5139e46bb1c873b1d0af494') in 0.000420042 seconds [static and dynamic dependencies]. Details - ImportResultOutputID=3bfbb19fefdfaa12203bc14b3fe588d8 DependenciesID=5874c7c6e061f2c0f5c2e9b3c29bd95f StaticDependenciesID=742c87883f21933434b6c02a99ee6bc2 
Start importing Packages/com.unity.collab-proxy/Editor/Assets/Images/iconplasticnotifyincoming.png using Guid(1e6c9635b80f973488d8335a081c905f) (TextureImporter) -> (Import Result ID: 'd533457ef303be45e599563a7aa10e8c') in 0.000393042 seconds [static and dynamic dependencies]. Details - ImportResultOutputID=231c88f3af563b6376d13566c0d719eb DependenciesID=ff5678182ff6b032d275bd746fcfb45d StaticDependenciesID=d7c943722ad02697d7e683760345136d 
Start importing Packages/com.unity.inputsystem/InputSystem/Editor/Icons/Axis@3x.png using Guid(2e27a82b5cc4e4ef98cbef2d0b324aed) (TextureImporter) -> (Import Result ID: '627194db0e7ea24f4fa57c33648ca579') in 0.00041425 seconds [static and dynamic dependencies]. Details - ImportResultOutputID=00493f8bc6df5f37363b0609bd28eb3e DependenciesID=0124dd1e490ad457c1085cd5d45b8817 StaticDependenciesID=4bc054bc623767f79549d259a305da1e 
Start importing Packages/com.unity.ugui/Editor Resources/Gizmos/TMP - Input Field Icon.psd using Guid(3ee40aa79cd242a5b53b0b0ca4f13f0f) (TextureImporter) -> (Import Result ID: '65065deb104c5717080ffccf2cc7c9a2') in 0.000998583 seconds [static and dynamic dependencies]. Details - ImportResultOutputID=ea06f56b012705b91e28e603909f3f27 DependenciesID=b6de4ed306c77403c796f34750e85055 StaticDependenciesID=c4700fe21bdd974629cbb2d9d97da2f5 
Start importing Packages/com.unity.testtools.codecoverage/Editor/Icons/CodeCoverage.png using Guid(5e4d1277a09266944b3431a0a44d0862) (TextureImporter) -> (Import Result ID: '661f5f4f0039dc280f845527bdfc5251') in 0.000607458 seconds [static and dynamic dependencies]. Details - ImportResultOutputID=38de686cf071a38369d7e6f7df692dc5 DependenciesID=830b125d8a790f9dc6d0052437a1c40a StaticDependenciesID=bb89967431ce3efa269e5634a14903c1 
Start importing Packages/com.unity.inputsystem/InputSystem/Editor/Icons/Touch@4x.png using Guid(6e9283a12f5b74afbba696cbb82f5e7f) (TextureImporter) -> (Import Result ID: '8d43e7161c444557d3077fd96186efee') in 0.000473333 seconds [static and dynamic dependencies]. Details - ImportResultOutputID=9e12b3ac64d6df128874d5150eeee805 DependenciesID=92467e13c50d34f5754a99c15c5c7186 StaticDependenciesID=3c9db154af47c84d6d77e95324edfaed 
Start importing Packages/com.unity.collab-proxy/Editor/Assets/Images/iconplasticnotifyconflict@2x.png using Guid(6e0a54826ffc3ee46b0aa3e1c1575a69) (TextureImporter) -> (Import Result ID: '6578a935b46b7e1a9b448bfac5b1305d') in 0.000434042 seconds [static and dynamic dependencies]. Details - ImportResultOutputID=fa2f0044af355d06a1b0113e752a789e DependenciesID=aa2adab5e152423ca6f3cb9658e3c2ff StaticDependenciesID=cc84656536b35d2882896093903be2f3 
Start importing Packages/com.unity.collab-proxy/Editor/Assets/Images/d_loading@2x.png using Guid(7ee48c5fba4919649a8a6094cbead669) (TextureImporter) -> (Import Result ID: '6b04cf061d0ccfe183524aa774f93809') in 0.000420917 seconds [static and dynamic dependencies]. Details - ImportResultOutputID=9b5dacba74ccf52ed97a8dc0a613bf75 DependenciesID=9b46b535beddff1e7de66533352bd71f StaticDependenciesID=06a5ec8b6cf575d6a876e1e3e9ef9086 
Start importing Packages/com.unity.inputsystem/InputSystem/Editor/Icons/Axis.png using Guid(7e853779c8fed4ebf917a0de21c79602) (TextureImporter) -> (Import Result ID: '1b67df9e724f00cc7653d08209a1b301') in 0.000396459 seconds [static and dynamic dependencies]. Details - ImportResultOutputID=c98b4a55ced942e411aac2621ac97a5e DependenciesID=70adab09aa76902532c9b6477e61c15b StaticDependenciesID=9625de8a0bfd59532c722464c60beb9f 
Start importing Packages/com.unity.visualscripting/Editor/VisualScripting.Core/IconMap/VariablesSaver@32x.png using Guid(8ef7c0fbb1fbcd64e954e5eafe1652ad) (TextureImporter) -> (Import Result ID: '2194e4303211eaea93d2bad5b569661a') in 0.000421625 seconds [static and dynamic dependencies]. Details - ImportResultOutputID=c9765f3cf40f010b8275dd2558bbe09b DependenciesID=b3cb875bce4b8aafda931769ec1b7194 StaticDependenciesID=cea3c7109c98c3b153604c9892a3788d 
Start importing Packages/com.unity.inputsystem/InputSystem/Editor/Icons/Mouse.png using Guid(9eb2b64988cb1443cab6da5dc5300d1c) (TextureImporter) -> (Import Result ID: '1015d1f7e73f16a1b3f29bfd803feb71') in 0.000387958 seconds [static and dynamic dependencies]. Details - ImportResultOutputID=6cbdb248ccc810e962832a1cdd4e45a2 DependenciesID=46e8d3972ef888bb6007d3e66e1439c4 StaticDependenciesID=e2609dd9cc2d875d1a1ad25c88dfbc06 
Start importing Packages/com.unity.inputsystem/InputSystem/Editor/Icons/d_Keyboard@3x.png using Guid(9ec4e316700da46b88741a8153b33963) (TextureImporter) -> (Import Result ID: 'e8aa911422be31e6e901cda06e254ece') in 0.000470708 seconds [static and dynamic dependencies]. Details - ImportResultOutputID=a123d832c70fe3aaf9d9b7e31d5846e3 DependenciesID=5d05146f731f0468a6b3c907db060ba7 StaticDependenciesID=1583e8b3b5cafd4dc545763a6319e824 
Start importing Packages/com.unity.inputsystem/InputSystem/Editor/Icons/d_Gamepad@3x.png using Guid(9e882b58df0964f5b90ff99cb481ee79) (TextureImporter) -> (Import Result ID: '5116c68447ba2657a615f3d87975c883') in 0.000415375 seconds [static and dynamic dependencies]. Details - ImportResultOutputID=0afd06d8acfd7bc2cdfddea335dffdb2 DependenciesID=216a509b8248e463a118afb759c19662 StaticDependenciesID=c68c5eb5ec9c51b1cb198be26d922c18 
Start importing Packages/com.unity.inputsystem/InputSystem/Editor/Icons/Interactive Binding@4x.png using Guid(9e6c9e992a2ee4327bce1d6a8189cedb) (TextureImporter) -> (Import Result ID: 'ad8edf6818912c6a04a3c52783a34fab') in 0.000454208 seconds [static and dynamic dependencies]. Details - ImportResultOutputID=55178c6490e236178d0e34c984923d87 DependenciesID=1f2eeb7f57671d40bdd2f89bc8024405 StaticDependenciesID=f5ed30e6eb0a92f3fa22f107fbef9aca 
Start importing Packages/com.unity.settings-manager/Content/Options.png using Guid(9eff477e4332346818c96745043dae9e) (TextureImporter) -> (Import Result ID: 'cc9b919370fe4a9ee97b61b950500200') in 0.000724 seconds [static and dynamic dependencies]. Details - ImportResultOutputID=2ddcd117d1b332b90405b7cc77f8a50d DependenciesID=fa051db29171048d0ac220c56cfa6e04 StaticDependenciesID=2b360878132dda1d37f2ec2c91b2baa8 
Start importing Packages/com.unity.collab-proxy/Editor/Assets/Images/d_iconlockedlocaloverlay@2x.png using Guid(ae53a7884da90e94eb5dfeab594b746c) (TextureImporter) -> (Import Result ID: 'cb9bf91544736715a2c3fba614635902') in 0.000439791 seconds [static and dynamic dependencies]. Details - ImportResultOutputID=29a2bc0397351018e1190d8536fb0939 DependenciesID=3dd4619193c3eb722165fa3e67447415 StaticDependenciesID=c0898d9abe16931532e1be664f4182c2 
Start importing Packages/com.unity.collab-proxy/Editor/Assets/Images/iconplasticnotifyincoming@2x.png using Guid(ae869fe6797f4454cbbf417d87ff637c) (TextureImporter) -> (Import Result ID: 'ec6daf99d455475bf6d0faa2adda6561') in 0.00040425 seconds [static and dynamic dependencies]. Details - ImportResultOutputID=538b6e52f393908d60f254a9b7beac61 DependenciesID=afc83a65d19c628a3429336be3752c8f StaticDependenciesID=a6ae8e816a08bc17de111f6fa03c81c2 
Start importing Packages/com.unity.collab-proxy/Editor/Assets/Images/d_stepok.png using Guid(be423a54b981d38428de82ad12534629) (TextureImporter) -> (Import Result ID: '6dc50964500b25bd9de00050e5adc431') in 0.000365917 seconds [static and dynamic dependencies]. Details - ImportResultOutputID=2926b80bb1342975517fd3fc6c212d82 DependenciesID=07de23bf058c7609a2189fc5478b2339 StaticDependenciesID=59da53818ee915750cd762f4a7b56e1e 
Start importing Packages/com.unity.collab-proxy/Editor/Assets/Images/stepok@2x.png using Guid(be340a165cb9c8d4cb50f1deeb51d4ea) (TextureImporter) -> (Import Result ID: '1cfa6819a88aa5776af8548cfa72119a') in 0.000416583 seconds [static and dynamic dependencies]. Details - ImportResultOutputID=0717efd4ff915860ac579dd5ad246388 DependenciesID=6ba8488cc2a6e88bf15accea7e1e3bb9 StaticDependenciesID=274815025a3f94c969eb6a9f5cb0c213 
Start importing Packages/com.unity.inputsystem/InputSystem/Editor/Icons/d_Gamepad@2x.png using Guid(bed935caee9524e6780614c2055bfd35) (TextureImporter) -> (Import Result ID: '126fabfcbac1eefe46d556d96b9bb21d') in 0.000393083 seconds [static and dynamic dependencies]. Details - ImportResultOutputID=bf75204f3c7405be6c637d6a6a837650 DependenciesID=2a01ca9c0b51a8115b916fa91e4af946 StaticDependenciesID=2d242af60967ec7fceaae416563e1792 
Start importing Packages/com.unity.inputsystem/InputSystem/Editor/Icons/d_Touch@2x.png using Guid(ceaa885da02f84da195f87de12535da6) (TextureImporter) -> (Import Result ID: 'd1824774ed263a9898ec483ca2b2e09e') in 0.000375625 seconds [static and dynamic dependencies]. Details - ImportResultOutputID=f6eb0c48195811a933e20fffa632f552 DependenciesID=9f9fb756e747fd5b8a5719c250e79a70 StaticDependenciesID=c9d36932fdc19fb864eaa01a48ba531a 
Start importing Packages/com.unity.inputsystem/InputSystem/Editor/AssetEditor/PackageResources/personal/actionTreeBackground.png using Guid(ce5f11cd993284c4f9c54f854bdc8c9c) (TextureImporter) -> (Import Result ID: '98284e9fb25935b101f2cef6ee5fa194') in 0.000355209 seconds [static and dynamic dependencies]. Details - ImportResultOutputID=9b2254ccf62c0800101d5ea8bfb33025 DependenciesID=debf5f25ff5c84447ef13dba8e9e75e6 StaticDependenciesID=8355c877b0495de18e5214021de9bc1f 
Start importing Packages/com.unity.inputsystem/InputSystem/Editor/Icons/d_Orientation@4x.png using Guid(de98baf415a2c4d7dbe0de74cb6e171c) (TextureImporter) -> (Import Result ID: 'f7cedf515191f5bf9519e5b010fc147a') in 0.000463792 seconds [static and dynamic dependencies]. Details - ImportResultOutputID=6f5e67ab809c11630b3cc8a2d3f2dffb DependenciesID=6323b901d4319613adb0e8e778c439ef StaticDependenciesID=8f0035ec7aa66128402b5a685e79fbe1 
Start importing Packages/com.unity.ugui/Editor Resources/Gizmos/TMP - Font Asset Icon.psd using Guid(ee148e281f3c41c5b4ff5f8a5afe5a6c) (TextureImporter) -> (Import Result ID: 'f429b5ede369b037ab9f12e2ab3ceb66') in 0.001397583 seconds [static and dynamic dependencies]. Details - ImportResultOutputID=718c0379e7f945e105c1889efb0d738f DependenciesID=bfeb5102a0f572d021143eecc4ac7092 StaticDependenciesID=48c613a3745d05c7221955e756012cdd 
Start importing Packages/com.unity.collab-proxy/Editor/Assets/Images/buttonssosigninunity@2x.png using Guid(ee8ce5cd9c0883f4182b5cfd43cfd7fe) (TextureImporter) -> (Import Result ID: 'fe10c5ac4103af9173dd0e657a669b20') in 0.000779167 seconds [static and dynamic dependencies]. Details - ImportResultOutputID=d9b2f3c36aa4f1d10e1c5d53fc113170 DependenciesID=f60ded0304da48df9b910d0a9b12da13 StaticDependenciesID=9250672dc17b6bca419e553988d993b3 
Start importing Packages/com.unity.collab-proxy/Editor/Assets/Images/iconclipboard@2x.png using Guid(0ff35d4ec6d381941bdbe1fb4b6dbceb) (TextureImporter) -> (Import Result ID: '5a64bfda5a749c6b872956de6dfa41b4') in 0.000601625 seconds [static and dynamic dependencies]. Details - ImportResultOutputID=0e9019ab0d8f1b6d05672fb0f71ca68a DependenciesID=0bc76b1d43595ae94f4073ba0500aff2 StaticDependenciesID=baceee19c8ab938ac4bed4517b9e6844 
Start importing Packages/com.unity.collab-proxy/Editor/Assets/Images/d_ignoredoverlay.png using Guid(0f5597de928ba6547895c4cdb9fa4185) (TextureImporter) -> (Import Result ID: '7810b61ff221f06de0db64edec922ddd') in 0.000432209 seconds [static and dynamic dependencies]. Details - ImportResultOutputID=63cc0915128a8d646aaadabd6f8326e3 DependenciesID=9b6d205a4831e7bba58d36ae0c87b7ab StaticDependenciesID=a901a3b5d33ee6f7fd7b38bf7832c857 
Start importing Packages/com.unity.ugui/Editor Resources/Gizmos/TMP - Text Component Icon.psd using Guid(2fd6421f253b4ef1a19526541f9ffc0c) (TextureImporter) -> (Import Result ID: 'ac595dd63be2463a699cb05c7c26d395') in 0.001071625 seconds [static and dynamic dependencies]. Details - ImportResultOutputID=7a6d06ea35b29417e5f00f1971c964da DependenciesID=b3e03b6e9950d9cb6cf7ba7a44a76d07 StaticDependenciesID=f303997de83f3561bd45d513fdba4df2 
Start importing Packages/com.unity.collab-proxy/Editor/Assets/Images/d_iconclipboard.png using Guid(3f65802f2a170a145bd30ab3801b8d80) (TextureImporter) -> (Import Result ID: 'ffdc38b601a012cb0bf4323d73669ae5') in 0.000447208 seconds [static and dynamic dependencies]. Details - ImportResultOutputID=902e4561c855a05284d6a2682f67f36a DependenciesID=32c5a7d58499a2ff8ce4c292dfcd4b44 StaticDependenciesID=d7f8515ca39e1f7d4eb2524b03ac2087 
Start importing Packages/com.unity.inputsystem/InputSystem/Editor/Icons/Orientation@3x.png using Guid(5f09d534eb1414449a2758696bd4dd11) (TextureImporter) -> (Import Result ID: '47aabfc37ac36fcefbebf7972d223b3e') in 0.000479791 seconds [static and dynamic dependencies]. Details - ImportResultOutputID=70497268dcc021e85cf3f43f39c4a67e DependenciesID=2156f240d87df2271edcf8359a5818d4 StaticDependenciesID=18bdc2df02fe51858e972f80cd5ff6a5 
Start importing Packages/com.unity.collab-proxy/Editor/Assets/Images/refresh.png using Guid(6f6a4c6bd7cdc654d9d91f7de72afcb6) (TextureImporter) -> (Import Result ID: '743c500a1017ed61e72716d7cd4b0b25') in 0.000389375 seconds [static and dynamic dependencies]. Details - ImportResultOutputID=bd56092dbcc1e806c58199ee4e6939a5 DependenciesID=2ec75d15bc7eea0075167a4628e9cce2 StaticDependenciesID=f00a6722ec06d0fe3a136f664d89c936 
Start importing Packages/com.unity.inputsystem/InputSystem/Editor/Icons/Keyboard@4x.png using Guid(7fc0926499f7a4500b152d45397c44a4) (TextureImporter) -> (Import Result ID: 'e14b18f4cbfc1549d1969682521c88ec') in 0.000480834 seconds [static and dynamic dependencies]. Details - ImportResultOutputID=fc38eb593779fb9f7406d818a774a9f8 DependenciesID=ef7ecd3e7c509664ebc7ca5c0c1825b0 StaticDependenciesID=c97c5e121c568e78b9727fca0f856ece 
Start importing Packages/com.unity.collab-proxy/Editor/Assets/Images/d_iconprivateoverlay@2x.png using Guid(7f854f490da24e54f9e8383e446b5d81) (TextureImporter) -> (Import Result ID: '5415fc4fb036e0b5c985440ddce531da') in 0.000460333 seconds [static and dynamic dependencies]. Details - ImportResultOutputID=669443493fde7a6a5c2e7db49571e07e DependenciesID=7707850cf98e040d01100ef8b17dc3f5 StaticDependenciesID=bbe0d7b815805971212fb1dd8b1ae46e 
Start importing Packages/com.unity.inputsystem/InputSystem/Editor/Icons/Orientation.png using Guid(7fb7b46a8c63948d2b28dc394281bf5a) (TextureImporter) -> (Import Result ID: '532e1801ba6914e5b0ae2c8cb6395b42') in 0.000419625 seconds [static and dynamic dependencies]. Details - ImportResultOutputID=39c07210fd4375fd8066565e0ce3b909 DependenciesID=0f7782f008f84d5c0c52a4d30cf173f7 StaticDependenciesID=131bd43990d2a474da169b5f8820b56d 
Start importing Packages/com.unity.inputsystem/InputSystem/Editor/Icons/d_ChevronUp.png using Guid(7fad89501bb5c408e956934bf2eb8ae3) (TextureImporter) -> (Import Result ID: '5f89bb2204cb6e7d52732da10f97c404') in 0.000449959 seconds [static and dynamic dependencies]. Details - ImportResultOutputID=a9d3a4c5563643c21e41e8e76dc974c0 DependenciesID=d1040fe3adc4a1c31efd23df9bb07847 StaticDependenciesID=d1e4d62d07b75cb651d2979c296cf121 
Start importing Packages/com.unity.collab-proxy/Editor/Assets/Images/secondarytabclosehover.png using Guid(8fac55fff4ce5fa40a7b2efefc0e617a) (TextureImporter) -> (Import Result ID: 'e96be03c16710d8dd0ef30d3e412ffb1') in 0.000496708 seconds [static and dynamic dependencies]. Details - ImportResultOutputID=09706a4a02dc78b738c85547bfee3f79 DependenciesID=cc603ef906f9bfa207854e80919bac3d StaticDependenciesID=8857a49a888ba4ed21ea243d19e70e18 
Start importing Packages/com.unity.collab-proxy/Editor/Assets/Images/step1@2x.png using Guid(affeade9874cf2347abb155e8d0db4d8) (TextureImporter) -> (Import Result ID: 'e8241635749d5e24a1cb0aae40953d75') in 0.000560625 seconds [static and dynamic dependencies]. Details - ImportResultOutputID=3600698f7cfbee0d6074622c20eceb12 DependenciesID=b78f9d14c653e83aa83ba00dbcd5b18a StaticDependenciesID=7fb996d25b3d9c7f05099196147fd04a 
Start importing Packages/com.unity.inputsystem/InputSystem/Editor/AssetEditor/PackageResources/personal/actionTreeBackgroundWithoutBorder.png using Guid(cf632ed80bf1f46c980de6b1b8b903ef) (TextureImporter) -> (Import Result ID: '5c2d41d69fcdf8fe634862437164bdf7') in 0.000479625 seconds [static and dynamic dependencies]. Details - ImportResultOutputID=30be3856ccb906b2919c1f49d8b2f03f DependenciesID=c03c88a1ff4bf7ca4aec51306601c98f StaticDependenciesID=4cbd2395b5aee08c7fffacfed6635c0f 
Start importing Packages/com.unity.inputsystem/InputSystem/Editor/Icons/TrackedPoseDriver@2x.png using Guid(ff8479815905ce84e9ef610d926f28c8) (TextureImporter) -> (Import Result ID: '581f0f5525c01d93c881d1cd98a7cc50') in 0.000541208 seconds [static and dynamic dependencies]. Details - ImportResultOutputID=bd8d61f1a7cc077bc98d6a29b1949c61 DependenciesID=f69ccb4d661b79161b083fdf1ac75b74 StaticDependenciesID=bc8e07224064302fa732dc01ec60c6e4 
Start importing Packages/com.unity.inputsystem/InputSystem/Editor/AssetEditor/PackageResources/green.png using Guid(ffeba93637e654de6a5906b48520dc94) (TextureImporter) -> (Import Result ID: 'b25836d2ca2097b742edea5e3870ceee') in 0.000456083 seconds [static and dynamic dependencies]. Details - ImportResultOutputID=8beae30d8301dce500713f9add8baff2 DependenciesID=2925162562ba5e08db790214c9612610 StaticDependenciesID=911a12682822f67aa6781b1c195a08b3 
Start importing Packages/com.unity.ugui/Editor Resources/Shaders/TMP_SDF_SSD.cginc using Guid(abe6991365a27d341a10580f3b7c0f44) (ShaderIncludeImporter) -> (Import Result ID: 'a70568f548c8854ab990774e09783f5a') in 0.000620709 seconds [static dependencies only]. Details - ImportResultOutputID=25a502c85aaffba800e29c1444cea18e DependenciesID=77eaf6e371461f09d66d855a36a16b61 StaticDependenciesID=776f8da39c2ac4319229b3d2acd327f8 
Start importing Packages/com.unity.ugui/Editor Resources/Shaders/TMP_Properties.cginc using Guid(3c6c403084eacec478a1129ce20061ea) (ShaderIncludeImporter) -> (Import Result ID: 'ef0e3f96c650850ac1988786e06b9027') in 0.000412334 seconds [static dependencies only]. Details - ImportResultOutputID=3a8820f74b1cb070c72568ecbf4cbd97 DependenciesID=79f51cd88b264f2d65ad3a723c0f781b StaticDependenciesID=d3b4b4e246792f1c8249a1353f4e714d 
Start importing Packages/com.unity.performance.profile-analyzer/Editor/ProfileAnalyzerShader.shader using Guid(493b79ea9c9be44ed8b702014d3ac49c) (ShaderImporter)Launching external process: /Applications/Unity/Hub/Editor/6000.4.1f1/Unity.app/Contents/Helpers/UnityShaderCompiler
Launched and connected shader compiler UnityShaderCompiler after 0.50 seconds
 -> (Import Result ID: 'f58fc0abe041221ebabcc28a8952ed18') in 0.515032166 seconds [static and dynamic dependencies]. Details - ImportResultOutputID=cab74887ea984624ac2e9ac35bfb7bf2 DependenciesID=0fb92506249c877b5f2e4b1de469ad85 StaticDependenciesID=7cef837b59cf798cd5d9c99b024e50ff 
Start importing Packages/com.unity.ugui/Editor Resources/Shaders/TMP_SDF Internal Editor.shader using Guid(9c442dc870b456e48b615cd8add0e9ef) (ShaderImporter) -> (Import Result ID: '0d32f4575b20ccc6791868a2e1481ab0') in 0.002061 seconds [static and dynamic dependencies]. Details - ImportResultOutputID=1807754729744c6a1e639cb873adb010 DependenciesID=432b808dd5b0f120e1e8bb7862086e1b StaticDependenciesID=d1aa7d2895bcba3452bab4176e84dedc 
Start importing Packages/com.unity.collab-proxy/Lib/Editor/Localization/differences.ja.txt using Guid(1092dec63d1bfe54fb576e10397c2073) (TextScriptImporter) -> (Import Result ID: '7a92c963b68bec671b4983489760264a') in 0.000517375 seconds [static dependencies only]. Details - ImportResultOutputID=80ed32c32bf9dbce171cf6d434c55a5a DependenciesID=5dc69673d8d51f9c83775a4517eea06e StaticDependenciesID=a81268f44ae754b875106aeb441d308a 
Start importing Packages/com.unity.visualscripting/Third Party Notices.md using Guid(20e774542c826284fbc98ca46bac755c) (TextScriptImporter) -> (Import Result ID: 'c78b592d422870b9654105c71cd7c6f5') in 0.000315917 seconds [static dependencies only]. Details - ImportResultOutputID=c9e7c12241adf3c2b1cd8fc0d6b5c997 DependenciesID=3ba4880fa7a09c40df612a1891534b4b StaticDependenciesID=68b2672a89bbcc0f21bac8b980b5770e 
Start importing Packages/com.unity.settings-manager/package.json using Guid(3001f7491ac66e34a9694543d9f8b1ee) (PackageManifestImporter) -> (Import Result ID: '2322f6ad7727bd513bff8330031bd77e') in 0.000600125 seconds [static dependencies only]. Details - ImportResultOutputID=752077fa06561de287f91e8f0cdd06c0 DependenciesID=7d0e25feaba5f070fa1ff827bb073534 StaticDependenciesID=65a866089fb724da2235eecead49b71b 
Start importing Packages/com.unity.modules.jsonserialize/package.json using Guid(40bf3cec17fa0b49fe04443c8332d638) (PackageManifestImporter) -> (Import Result ID: 'af12e1b27ef51098409c7662d8d8364c') in 0.000482 seconds [static dependencies only]. Details - ImportResultOutputID=29380b22daa9a501eeb1cc022abceb82 DependenciesID=d80cbb8a43cd2fbf635c1264aa65029d StaticDependenciesID=48b76c5e29a28b8b333c8080e4a19483 
Start importing Packages/com.unity.ide.visualstudio/CHANGELOG.md using Guid(6022bdd5b2896a54f94123b812705321) (TextScriptImporter) -> (Import Result ID: 'ced0729fd1399281d3b25b3e7c421cc4') in 0.000604 seconds [static dependencies only]. Details - ImportResultOutputID=96b3e7ed43d6f7c983702ae2d0ff61f2 DependenciesID=5073c9b50c1326e1b3fed74c8ae1877d StaticDependenciesID=c116da97f0622e860ea932a4ef3d3078 
Start importing Packages/com.unity.collab-proxy/Lib/Editor/Localization/cm-help.ko.txt using Guid(60944c1e645bd1146b5162d2b962ab0d) (TextScriptImporter) -> (Import Result ID: '51795ca1bcf26ec722204f7102c68ebd') in 0.000395083 seconds [static dependencies only]. Details - ImportResultOutputID=e3dc08f5d8a5db021b33fd3894ed6c9f DependenciesID=6e18536d444ead11c089ee9520660e4f StaticDependenciesID=74b78f2fb4ab600d1c3883f9cd7ebf0f 
Start importing Packages/com.unity.visualscripting/README.md using Guid(70b768f311ee24d93b61dbdf4169a93f) (TextScriptImporter) -> (Import Result ID: '1af2647f63acfef5353bb4e18fcc7c83') in 0.000270917 seconds [static dependencies only]. Details - ImportResultOutputID=c6568f60719084d1fd6b20599bd101c6 DependenciesID=22a727a5722b0f6cd151b5d160c3faa9 StaticDependenciesID=406950de6c9f90cde267bfe1b7cd0466 
Start importing Packages/com.unity.collab-proxy/Lib/Editor/Localization/semantic.es.txt using Guid(e0b1d5ab3f3d87a4087cc758502e12e1) (TextScriptImporter) -> (Import Result ID: 'fdb237c1c7b02121b6c1c77001cd98c0') in 0.000279959 seconds [static dependencies only]. Details - ImportResultOutputID=bd776887103b74bdd56325dfa80b382c DependenciesID=3de0b43e43dfa73a590bd14667b2048e StaticDependenciesID=e9bcfe5a63be91515bb4d236d5d15b27 
Start importing Packages/com.unity.ugui/README.md using Guid(e0ae6629cc70b514889df37fccb76832) (TextScriptImporter) -> (Import Result ID: '627e6c031ad9a6a4a54577c5878d0917') in 0.000705125 seconds [static dependencies only]. Details - ImportResultOutputID=69f003c2029b82ae9728255c8bc2cbea DependenciesID=50413ce8fa08a56e72fd3187e41f7c36 StaticDependenciesID=1b36eaf61bd11cb7c5d2a3d21bd61d69 
Start importing Packages/com.unity.inputsystem/package.json using Guid(f0e14ea80f96b445f97b1c83650d5733) (PackageManifestImporter) -> (Import Result ID: '6a302a860cc686e52e20e4a7b93941ac') in 0.000437458 seconds [static dependencies only]. Details - ImportResultOutputID=c62efc00253abc404a2588a8d1c43719 DependenciesID=7c3163def3fac743926491d983d38c95 StaticDependenciesID=61611c1959ed5670f83d2bfc1cd9ddc6 
Start importing Packages/com.unity.performance.profile-analyzer/LICENSE.md using Guid(1122c571e35634d4aba967c658ce3720) (TextScriptImporter) -> (Import Result ID: '678b05f485d1e1e1569ad3bd4c280dd1') in 0.000552333 seconds [static dependencies only]. Details - ImportResultOutputID=ef8befcfd9f8e3cad074751d2e5975c4 DependenciesID=18c7158fc68aa9a9340505b1eb23423f StaticDependenciesID=6b3ef233055d8bd27af91fa8530324f4 
Start importing Packages/com.unity.inputsystem/ValidationConfig.json using Guid(21e367e100361604f9ad6287fd367d4a) (TextScriptImporter) -> (Import Result ID: '58e2cf2a6718c76140e56c9a7d5a5556') in 0.000462667 seconds [static dependencies only]. Details - ImportResultOutputID=f3b8868025ec63ca78e93da6fb224959 DependenciesID=f8ccf2f91319d2306f7d5f53038a1573 StaticDependenciesID=682bf455522be0d22e474cc6fd7834b2 
Start importing Packages/com.unity.collab-proxy/Lib/Editor/Localization/basecommands.en.txt using Guid(21cde76f0fd54da44817724af0fed464) (TextScriptImporter) -> (Import Result ID: 'f3fce6842a0a0dd53004f75c2f89120b') in 0.000321834 seconds [static dependencies only]. Details - ImportResultOutputID=49338d8c8cea33df522d69bb52d749c0 DependenciesID=2cf49cc9e6802eab4842d6a489f341a6 StaticDependenciesID=e9e41a05504d0d28a5fd8cf03128f90f 
Start importing Packages/com.unity.ugui/package.json using Guid(319b8889f363f5947acf209c17a94149) (PackageManifestImporter) -> (Import Result ID: '9ed30a19ab4e5161cc86e68f63de1882') in 0.000395583 seconds [static dependencies only]. Details - ImportResultOutputID=603d21eb29576c36eaf4e1c323bef689 DependenciesID=149a3edb5e18fea47a04deb33a821e0a StaticDependenciesID=4c7c787b3a26cce16d64601d646081b0 
Start importing Packages/com.unity.collab-proxy/Lib/Editor/Localization/binmergetool.zh-Hant.txt using Guid(41a2996f893fe864ea42b40392cf87b9) (TextScriptImporter) -> (Import Result ID: 'a6cea16986a5cfd57a975bb22226a569') in 0.000266292 seconds [static dependencies only]. Details - ImportResultOutputID=859d33d23f5a81114757851bdce4b06e DependenciesID=156e435b5b43e247a38f920a02389f6b StaticDependenciesID=b6aae869fe722c3f1a18c89e66164532 
Start importing Packages/com.unity.collab-proxy/Lib/Editor/Localization/commontypes.ko.txt using Guid(41873e0f2bb224a44be6c76e7b4e622d) (TextScriptImporter) -> (Import Result ID: '028d692cd5cceaf296a54bfd3abd703d') in 0.000279791 seconds [static dependencies only]. Details - ImportResultOutputID=9736dcaff4ab7cb5cfbd551fe2d7306a DependenciesID=16a7047954699f09b9308a399c938a31 StaticDependenciesID=3ce64ea8727765ea349e3f203abd6a3c 
Start importing Packages/com.unity.ext.nunit/package.json using Guid(8143d3a8390f2c64685e3bc272bd9e90) (PackageManifestImporter) -> (Import Result ID: '45ce5d5ae0a03196409deb1c46534ed7') in 0.000423167 seconds [static dependencies only]. Details - ImportResultOutputID=411836e94a36c2dd6116d061384eaf58 DependenciesID=3855589654af18e3195c13d9fa8afde6 StaticDependenciesID=2bf31c812be9a045f2bdeb7acbe34e1b 
Start importing Packages/com.unity.collab-proxy/Lib/Editor/Localization/guihelp.en.txt using Guid(814e373e4488ce241bc4ad25f923fede) (TextScriptImporter) -> (Import Result ID: 'bf186ec1fc3f2d8aacf5b3795ba29b3d') in 0.0002575 seconds [static dependencies only]. Details - ImportResultOutputID=e3f9bf6a79052797a54f386a39e78c0f DependenciesID=39a470fab0ff5460d4264de3f293b59d StaticDependenciesID=e2cfdda2527a38df759df7dbb0b11b04 
Start importing Packages/com.unity.inputsystem/LICENSE.md using Guid(9166eed4756114bdaa498aca2df93e19) (TextScriptImporter) -> (Import Result ID: '5a5fe63740b089e7611da5afce5d1934') in 0.000346083 seconds [static dependencies only]. Details - ImportResultOutputID=b3a27d7a739f9bef7a60ba65c935100b DependenciesID=52acef21bf0bf95bf0a9a41487781df2 StaticDependenciesID=ce79e29c273841b2467e98f2011dd530 
Start importing Packages/com.unity.collab-proxy/Lib/Editor/Localization/workspaceserver.zh-Hans.txt using Guid(b171774553f790e479ac240b5e6ec543) (TextScriptImporter) -> (Import Result ID: '7050a11766ac5fc0efe5c6f26824206b') in 0.000253875 seconds [static dependencies only]. Details - ImportResultOutputID=eeb7dc5574fdb1dd6c068f20e57dad81 DependenciesID=0c26cbd356c452ac6d70ed435cad1c96 StaticDependenciesID=38d37d842d15545644263a0bee883557 
Start importing Packages/com.unity.collab-proxy/README.md using Guid(c10740cd62ccaf54c8880da0a3f4d10f) (TextScriptImporter) -> (Import Result ID: '1fb843a4e90327c4384cdd3969026b74') in 0.000247542 seconds [static dependencies only]. Details - ImportResultOutputID=e039e62744e4e84e3dbfd1bbdb911770 DependenciesID=4011c152ed0ba5ea09c2afabc8aa7b69 StaticDependenciesID=fcc297cd8f992a4daab6dfbb2d353d01 
Start importing Packages/com.unity.collab-proxy/Lib/Editor/Localization/i3.zh-Hans.txt using Guid(d180484ae371e96499afc878ee5ea9b0) (TextScriptImporter) -> (Import Result ID: 'dd61968c4491afc0803371d49ac9cec2') in 0.000252792 seconds [static dependencies only]. Details - ImportResultOutputID=ec6efd60f0a5e294c5473bbee78e31f7 DependenciesID=a42ce4b004b519a2f20696d7bd62d6ab StaticDependenciesID=c504de58853c48fd7bc349aa1d731d0f 
Start importing Packages/com.unity.collab-proxy/Lib/Editor/Localization/commontypes.zh-Hans.txt using Guid(d1a0bd9c75e7c0d4bb5dd79f5dd51e2f) (TextScriptImporter) -> (Import Result ID: 'd6c9e053194f9b8d87c140998f4a3480') in 0.000259125 seconds [static dependencies only]. Details - ImportResultOutputID=e53e9010edc4325dde35673838d2deba DependenciesID=74b08394ec69b4fdd762ce1f5debb3ba StaticDependenciesID=a37c4deb378d2c475ff4b1b2a15b8b18 
Start importing Packages/com.unity.collab-proxy/Lib/Editor/Localization/xdiff.en.txt using Guid(e1420af924408f64db937fa84f93af0c) (TextScriptImporter) -> (Import Result ID: '4d0e7ae10b6e7630fa8ae7a78c319cae') in 0.000247292 seconds [static dependencies only]. Details - ImportResultOutputID=fd6026fe9e4599aa37c73a7d1436243d DependenciesID=e8f887357d663fb4cbf4cde8f339b310 StaticDependenciesID=f2673ce462f6f75aa083d2cba0c17bc9 
Start importing Packages/com.unity.collab-proxy/Lib/Editor/Localization/i3.ja.txt using Guid(e1ddac4a75018f0418c255f3a380922e) (TextScriptImporter) -> (Import Result ID: 'a0a36f0967ed938359073a503cb67fb4') in 0.000234875 seconds [static dependencies only]. Details - ImportResultOutputID=718f9ea2584485d2c6f6145d35d9cf54 DependenciesID=54de8183e2f624a0f553a6340e0d4920 StaticDependenciesID=485e566dcafe008fce60c38979a9b8d5 
Start importing Packages/com.unity.collab-proxy/Lib/Editor/Localization/differences.ko.txt using Guid(e16e162d137914c45bb82387033ab7ae) (TextScriptImporter) -> (Import Result ID: '74ef81302ce938c922ce9c548e739e11') in 0.000246708 seconds [static dependencies only]. Details - ImportResultOutputID=3d363038dbe139110756a0e1a80915fb DependenciesID=c010320020d4e35c4036f7348298ac6b StaticDependenciesID=ce4d9d570a099787632f9cb3fd10eb94 
Start importing Packages/com.unity.collab-proxy/Lib/Editor/Localization/common.es.txt using Guid(f1b08c070d55f984fa56a4f1d6b4a2b2) (TextScriptImporter) -> (Import Result ID: 'd2916be6bb6e9516123cad946465ce68') in 0.000280583 seconds [static dependencies only]. Details - ImportResultOutputID=3bd31906be946544c5bbb7c27defc301 DependenciesID=b3182fbf26dbd1ec15ba90c2d299db1c StaticDependenciesID=77b80bd8123e91b52de921bf2cdaf15e 
Start importing Packages/com.unity.collab-proxy/Lib/Editor/Localization/images.ko.txt using Guid(f1d8d2234efd5034c9dd6639943a7b8c) (TextScriptImporter) -> (Import Result ID: '2ecaf49d01ab9dcecfe3878efa823c62') in 0.000252583 seconds [static dependencies only]. Details - ImportResultOutputID=5fc2974354c62349f59102d4fe3143ee DependenciesID=a97b873f9dcfbf4ee3a3abd635a533b5 StaticDependenciesID=9cedd4e9ddfc474e544420951312f871 
Start importing Packages/com.unity.collab-proxy/Lib/Editor/Localization/basecommands.zh-Hant.txt using Guid(125b0f6efa95e744da801288921bad21) (TextScriptImporter) -> (Import Result ID: 'b8908944500c5968c8ffea6c71db5b8b') in 0.00028025 seconds [static dependencies only]. Details - ImportResultOutputID=5411050d54a058644d4e679240426a5d DependenciesID=d09bc203e95475cc7ce63d902ab9ae60 StaticDependenciesID=2e1593d5178b8ac029cc462b2f228e8f 
Start importing Packages/com.unity.textmeshpro/package.json using Guid(220e9325710f4235a43492dd1ee4980d) (PackageManifestImporter) -> (Import Result ID: '088946e9bc032b54de1c098c8aa857a8') in 0.000281333 seconds [static dependencies only]. Details - ImportResultOutputID=b82adbd1c08eea264a0dd675d18dd3a0 DependenciesID=62f954b98fdfb9be7b51206039859d69 StaticDependenciesID=77a894479ac8a6810d38cc69c5f3d233 
Start importing Packages/com.unity.collab-proxy/Lib/Editor/Localization/xdiff.zh-Hans.txt using Guid(22cff64189689194fb0e90ba54e59b29) (TextScriptImporter) -> (Import Result ID: '2fc1578e4eca3ac2dcad0f82087e2ef7') in 0.000288375 seconds [static dependencies only]. Details - ImportResultOutputID=32299cf4434e9e19b8a56946b23eaebf DependenciesID=211999ee37046950deef92a07ca90366 StaticDependenciesID=61395aae1e35fd947d03e469b9ce9e3b 
Start importing Packages/com.unity.collab-proxy/Lib/Editor/Localization/mergetool.es.txt using Guid(32a1ebe56cebf064995d0e8f3ed9efb5) (TextScriptImporter) -> (Import Result ID: '62312fc31f9abee5a91fa933b6054d39') in 0.0002645 seconds [static dependencies only]. Details - ImportResultOutputID=dc253801ac576abeb84e365b2f03a633 DependenciesID=a89ccb1575320cdfef6977b19ff4c562 StaticDependenciesID=93716cc493057e4ce36e38ec426eaddf 
Start importing Packages/com.unity.collab-proxy/Lib/Editor/Localization/i3.es.txt using Guid(42211a962ca77d147b2f7d11cac26675) (TextScriptImporter) -> (Import Result ID: '0cb249450db84ae6f88350dde62e153e') in 0.000255583 seconds [static dependencies only]. Details - ImportResultOutputID=ddf3e8ff32d7819a42ec0f3aab4f5f8b DependenciesID=789c195b353c8ea8f59dca3c635b2816 StaticDependenciesID=02d4969e4f8caab5ba82791da97f2bd7 
Start importing Packages/com.unity.collab-proxy/Lib/Editor/Localization/guihelp.zh-Hant.txt using Guid(4255eca54a1b8e941a0d20e0a84e02de) (TextScriptImporter) -> (Import Result ID: '235dcce064ceb2a7d8699dcc1a10b16f') in 0.000272291 seconds [static dependencies only]. Details - ImportResultOutputID=f19f49cd4b33e0435d490e0628fe8e35 DependenciesID=45532e60511723ad0019c48ab6f08d8e StaticDependenciesID=3f7185da378b0950535bc6a21c2b2f5b 
Start importing Packages/com.unity.collab-proxy/Lib/Editor/Localization/basecommands.ja.txt using Guid(42f876c7bad484946a19cce672fc2ff4) (TextScriptImporter) -> (Import Result ID: 'e7a4605f46433bde14dfa5ac500b2cae') in 0.000299583 seconds [static dependencies only]. Details - ImportResultOutputID=570de49b33ae96b9925a863e25544e5f DependenciesID=54fd011da7efeae2152d97287e57ff3d StaticDependenciesID=648cf6e727a0b84c854b7847a5c80f3a 
Start importing Packages/com.unity.modules.imgui/package.json using Guid(42fe78c8fe682715a2cb531422e6ccb3) (PackageManifestImporter) -> (Import Result ID: '15272e2719172f3e9d05248a5530974e') in 0.000281209 seconds [static dependencies only]. Details - ImportResultOutputID=201a78eb4065173f2b46b2b7e93fc57d DependenciesID=c36e452053c316e370c5d4dc6f97e51e StaticDependenciesID=bfaf18dfce9e263c029b753a88ea64b3 
Start importing Packages/com.unity.collab-proxy/LICENSE.md using Guid(52a2c019761d4f74ea3dbdaa0d889673) (TextScriptImporter) -> (Import Result ID: '381590c0eea07939991b1c924e23662f') in 0.000245 seconds [static dependencies only]. Details - ImportResultOutputID=1a3af68da9eff247f74022aaee2fb071 DependenciesID=008b9194d262193ddaf6ef7e73b339ea StaticDependenciesID=ee4a194923361c5bb01dd41e80fad1a9 
Start importing Packages/com.unity.visualscripting/Editor/VisualScripting.Core/Dependencies/YamlDotNet/Unity.VisualScripting.YamlDotNet.xml using Guid(72e2048684c0c45b5875f26f9ccb4f21) (TextScriptImporter) -> (Import Result ID: 'fa3af8ce70633af91437edf35e9b7d18') in 0.0003575 seconds [static dependencies only]. Details - ImportResultOutputID=a64d2339981788376f64cd5f539fa6c4 DependenciesID=659530e884689ef503d116910267c788 StaticDependenciesID=7fb4257c3202c20e8c70bf21ea73c8e8 
Start importing Packages/com.unity.collab-proxy/Lib/Editor/Localization/plastic-gui.es.txt using Guid(9272a804ce0e63140928683e1d12a20f) (TextScriptImporter) -> (Import Result ID: '43b770b7097b219c92f26b5a73e8cf44') in 0.00033125 seconds [static dependencies only]. Details - ImportResultOutputID=ef7259fa78c6b4b6538a9bbe1dfef1a0 DependenciesID=03173094b2de62454dee335393208155 StaticDependenciesID=df5824cd4a4505a3f7d4f730b1faf652 
Start importing Packages/com.unity.collab-proxy/Lib/Editor/Localization/cm.ko.txt using Guid(e22976d53caad194bacb8ff4755b2354) (TextScriptImporter) -> (Import Result ID: '546221620e175bb70a311981c6900d45') in 0.000271209 seconds [static dependencies only]. Details - ImportResultOutputID=e300aef9ed3f22c8ea2daf7e1b825c80 DependenciesID=d11f8b7a317f078cf562fa2548431b20 StaticDependenciesID=7b9898c5f4c467f821096323b87ff164 
Start importing Packages/com.unity.collab-proxy/Lib/Editor/Localization/cm-help.es.txt using Guid(43a8d4eba99dc9749980bb5683a215bb) (TextScriptImporter) -> (Import Result ID: 'fe6168c89c86fc8360b6814cf21df95b') in 0.00033825 seconds [static dependencies only]. Details - ImportResultOutputID=cb30918f510587b5e9b3bb2272cc63fd DependenciesID=58b178a0ee4e0d9a5c756e5a0cab481b StaticDependenciesID=a9086b88dce5c01137816370b39328b0 
Start importing Packages/com.unity.collab-proxy/Lib/Editor/Localization/mergetool.en.txt using Guid(6330775eada32da4cac19e53773d6a3a) (TextScriptImporter) -> (Import Result ID: '4fbc9f2cbeb253e245e3f8a5b0b7cbe4') in 0.000232167 seconds [static dependencies only]. Details - ImportResultOutputID=9f6273a342519d03a0d525b6e9c0af0a DependenciesID=1f1d929be1e08a6b96c375a57b7c52af StaticDependenciesID=d2be808172e28b34812a61f5eadfb2fb 
Start importing Packages/com.unity.inputsystem/CHANGELOG.md using Guid(a3e12f7b92d6e49c0b430ae7813c2398) (TextScriptImporter) -> (Import Result ID: '703e2bc020ba08601570e127eef4defe') in 0.000634792 seconds [static dependencies only]. Details - ImportResultOutputID=bae0db06191f022d87cef75b2f18933b DependenciesID=c97cbf374d91fc8aafd486f8c2f1e738 StaticDependenciesID=5c03cff65392ff731eca00924d17d55c 
Start importing Packages/com.unity.ide.visualstudio/ValidationConfig.json using Guid(a3f71b076c36a204a864f8c44142b3a9) (TextScriptImporter) -> (Import Result ID: 'e9aa4b9ce7c11c7802b57b3ab9a35661') in 0.003459333 seconds [static dependencies only]. Details - ImportResultOutputID=c753bfee999a4e1a356b80340937a43f DependenciesID=78204045fcfa9986e61427490a09a750 StaticDependenciesID=ae3cca54762134298dc5ee6da4eb951d 
Start importing Packages/com.unity.collab-proxy/Lib/Editor/Localization/guihelp.ja.txt using Guid(143aa88f40bba3a4789d2037c1b18a29) (TextScriptImporter) -> (Import Result ID: 'bb4aa50e9e2c355df040931902ff8e89') in 0.000320792 seconds [static dependencies only]. Details - ImportResultOutputID=6cb493fcc422bc6041c078c2576f1a40 DependenciesID=e653bdd33ae46f93cd9e0c6089343855 StaticDependenciesID=7c385e203f90b8ebecceac8383454faf 
Start importing Packages/com.unity.collab-proxy/Lib/Editor/Localization/configurehelper.zh-Hant.txt using Guid(44d08f8ca99f54640b983b1c788592a9) (TextScriptImporter) -> (Import Result ID: '41b35b62bfb4b111f2269a6d54d06c6b') in 0.000269167 seconds [static dependencies only]. Details - ImportResultOutputID=b4a1e8b60024ca89d3174ee0bb851e0d DependenciesID=1585d18221c0826fdffbb603954cad8e StaticDependenciesID=f0dcb348a5612ddd87a4155aba909074 
Start importing Packages/com.unity.visualscripting/package.json using Guid(545a9d2bc7370224f8d14c22f2f580e0) (PackageManifestImporter) -> (Import Result ID: '07c8112a9dabee1e5b5a02008bf327b8') in 0.000261167 seconds [static dependencies only]. Details - ImportResultOutputID=03dc52d24aa7a28e269db3b079879830 DependenciesID=22c1d00dc109dac8f0440f57ebd4792e StaticDependenciesID=ad015c93eb948cebe16620977abd982c 
Start importing Packages/com.unity.editorcoroutines/package.json using Guid(6428ca6f30e71ee4dbea7e1d0787cb07) (PackageManifestImporter) -> (Import Result ID: '2c96b021d0cf4a797573ec56632fdc1c') in 0.000432292 seconds [static dependencies only]. Details - ImportResultOutputID=256c728f74573712df49adcba15388af DependenciesID=14fa494bdbb0a981bedc32c3f110d9b0 StaticDependenciesID=178d57046991ace6c50ad5886b335fcf 
Start importing Packages/com.unity.collab-proxy/Lib/Editor/Localization/binmergetool.es.txt using Guid(74bca0b75efe82444b4ce9a01b1d4f59) (TextScriptImporter) -> (Import Result ID: '2fa7f0b4ec6553e8ccba08986e62a7d1') in 0.000331375 seconds [static dependencies only]. Details - ImportResultOutputID=3470ca965ba6f5f0e12b6da2d808c505 DependenciesID=d7deafb6499d502bc39da2793faed259 StaticDependenciesID=bad6701cef9be5cc49a89424e6091d81 
Start importing Packages/com.unity.collab-proxy/package.json using Guid(743fda8c4b219c8429fb5a77ede1c879) (PackageManifestImporter) -> (Import Result ID: '18414b907e78c275e067f91b25ead2ca') in 0.000314458 seconds [static dependencies only]. Details - ImportResultOutputID=2f887f118011872d9ae0c3868d598739 DependenciesID=fac57de5586318461dd13236c919e15b StaticDependenciesID=55629822b134f7fabc7abb69baa970a6 
Start importing Packages/com.unity.collab-proxy/Lib/Editor/Localization/cm.es.txt using Guid(a4c14e52f81c19f4984eb13f22bd5f79) (TextScriptImporter) -> (Import Result ID: '2738f25cc7d0c12a4da22e8afba91dac') in 0.000280916 seconds [static dependencies only]. Details - ImportResultOutputID=b5b8dc4f12f1c7c27f72dcb9e0d0908c DependenciesID=ef5445a9a4b906fcf25f4fd9e23cd6d6 StaticDependenciesID=42a8e7d78b927236b121cbde0cb7bf77 
Start importing Packages/com.unity.editorcoroutines/CHANGELOG.md using Guid(f4e822a0337b6cf4aade8abffaf819a8) (TextScriptImporter) -> (Import Result ID: 'e7586e0c0fcb39c6dd49ab1f2042a007') in 0.0008335 seconds [static dependencies only]. Details - ImportResultOutputID=1acf4c6aed3d83b12be900f51ef72482 DependenciesID=7edca2b85a89747b6fa822131f57b645 StaticDependenciesID=f41b2f0c7fbd79782ee64ed8996469bf 
Start importing Packages/com.unity.ext.nunit/CHANGELOG.md using Guid(f49bbe06ffa5ae24abe32abdab430c24) (TextScriptImporter) -> (Import Result ID: '51b77cbee424a303456403100c73714d') in 0.000476833 seconds [static dependencies only]. Details - ImportResultOutputID=f8c989016090ff4f72e58662630ccc27 DependenciesID=714db351a642e289332695f8fe414016 StaticDependenciesID=ee20483bb941861237f8b14599bc4474 
Start importing Packages/com.unity.collab-proxy/Lib/Editor/Localization/basecommands.zh-Hans.txt using Guid(f49cfec5b4d3c8347befd2eb4cd3daba) (TextScriptImporter) -> (Import Result ID: '0cab0d245f20dd6c858fd03a8421f905') in 0.000293583 seconds [static dependencies only]. Details - ImportResultOutputID=e0110f35518072b30193b8e8d4f6be53 DependenciesID=b5400cb17a3651a70f40a335fa6d617b StaticDependenciesID=e6abb496e03f8a1d8bd0c1b18c0725f1 
Start importing Packages/com.unity.ugui/PackageConversionData.json using Guid(05f5bfd584002f948982a1498890f9a9) (TextScriptImporter) -> (Import Result ID: '2fdaf2c2c5125e99b3d500abac2fb7e4') in 0.000424458 seconds [static dependencies only]. Details - ImportResultOutputID=2e2036bf89c6b58f91157576663d1cb1 DependenciesID=7d5c056cee9b65da4e636ffa119667b6 StaticDependenciesID=1e779d092bb076a150d816e0e2a89082 
Start importing Packages/com.unity.collab-proxy/Lib/Editor/Localization/images.es.txt using Guid(15e81e9eb466d0044a5c12ac114c9b09) (TextScriptImporter) -> (Import Result ID: '3477c8f126b0c4846c7b07442236fc2c') in 0.000241458 seconds [static dependencies only]. Details - ImportResultOutputID=cc6823f2fe19294fa6392a9330be7a63 DependenciesID=caded6ca61d6ef86c06800312577828c StaticDependenciesID=7c6b1ba9c1ada22a3900fcab9223dea5 
Start importing Packages/com.unity.collab-proxy/Lib/Editor/Localization/guihelp.zh-Hans.txt using Guid(250a0d10ab4612a4e93f2963b6cc98cc) (TextScriptImporter) -> (Import Result ID: 'c86661c3c34980c40fe02a7c1a662e3c') in 0.000229542 seconds [static dependencies only]. Details - ImportResultOutputID=34218ace1dc49224c7e46cde5df756ff DependenciesID=7f08556b97fe2ffc2cd5854fd74bb29f StaticDependenciesID=c937e456d4ba28a4207002b84383c20e 
Start importing Packages/com.unity.collab-proxy/Lib/Editor/Localization/mergetool.ja.txt using Guid(358de721f8300384c82ae88c8bec24b1) (TextScriptImporter) -> (Import Result ID: '2b2f702d18af9586adf859653c1e3869') in 0.000297084 seconds [static dependencies only]. Details - ImportResultOutputID=0a124b9623d5087cd5485b2b4ba538e7 DependenciesID=76d0b92723a00f882d670ad0aeca186c StaticDependenciesID=20c6b565d15123dc4f6962785a6f0bc0 
Start importing Packages/com.unity.ide.rider/LICENSE.md using Guid(5598b14661b5f4c43bed757f34b6d172) (TextScriptImporter) -> (Import Result ID: 'a5afe073002c1bf621b542ad7ef8084c') in 0.000592625 seconds [static dependencies only]. Details - ImportResultOutputID=dee45a1f673f8c415b6efcce1fee63f1 DependenciesID=f50cc0aec0e1f6f319b40dd2e53fef86 StaticDependenciesID=65ea997fefd913731d3910ee2930c8dd 
Start importing Packages/com.unity.ide.visualstudio/package.json using Guid(656f74f6edaa396458412b9e3903d8cd) (PackageManifestImporter) -> (Import Result ID: 'f9fba6dfd6db51c7b33063d5c32c956f') in 0.000343 seconds [static dependencies only]. Details - ImportResultOutputID=a87e6d203da8e5c01cce352856185fae DependenciesID=797ad5cfe4ebbed28c4c19b170bf0c6a StaticDependenciesID=52d5d058a6d6c77d4065f8205ad0af1d 
Start importing Packages/com.unity.collab-proxy/Lib/Editor/Localization/clientcommon.zh-Hant.txt using Guid(75c2b0082e6fac44389b1b68af004e47) (TextScriptImporter) -> (Import Result ID: '01ce25ba7cd13402c12166e530e24f0e') in 0.000261042 seconds [static dependencies only]. Details - ImportResultOutputID=bbd6210b2ce7b74b838fac1f15cd6dc7 DependenciesID=c6ff1ce33bbc048f89f8e5095574184f StaticDependenciesID=866161d3e46af8af4a33e07fac148a75 
Start importing Packages/com.unity.collab-proxy/Lib/Editor/Localization/xdiff.ko.txt using Guid(95ce6e4e7fa964f45bd1659ee60a6c32) (TextScriptImporter) -> (Import Result ID: 'fb5c1b716a924f688379a2018e3f841a') in 0.000272458 seconds [static dependencies only]. Details - ImportResultOutputID=8d1c3c8fc4f8e7ad2587a57d766abc1e DependenciesID=546bf39f53082f215a6a253588532ae2 StaticDependenciesID=889a8154fbde2ab7de24fe89db7e94fd 
Start importing Packages/com.unity.collab-proxy/Lib/Editor/Localization/i3.zh-Hant.txt using Guid(a5ad4a00122f69144b9b707c45f149da) (TextScriptImporter) -> (Import Result ID: '50ec03fda6d17111651abb09411dc75d') in 0.000274834 seconds [static dependencies only]. Details - ImportResultOutputID=ecb348608c72db7bb7ccb1aa296ba7f0 DependenciesID=4aee5ac878bd55355132153634d581c7 StaticDependenciesID=16b9a293298c29632aa7ac528d108f56 
Start importing Packages/com.unity.feature.development/package.json using Guid(e5e1f94b4e224941bec175143967961f) (PackageManifestImporter) -> (Import Result ID: '4896be8c66c25814368f2298816b2165') in 0.000259208 seconds [static dependencies only]. Details - ImportResultOutputID=e927e99185daaa82679737e89f806bac DependenciesID=4e0e599bcc32bc92b95c01e68360356c StaticDependenciesID=bd652b80d8bae6d4311965248a1760b3 
Start importing Packages/com.unity.collab-proxy/Lib/Editor/Localization/workspaceserver.ja.txt using Guid(26d75c3c8bdc45641a137698dfbb2b40) (TextScriptImporter) -> (Import Result ID: 'b4d5d2d368a5612134f82381fbaa4275') in 0.000245834 seconds [static dependencies only]. Details - ImportResultOutputID=8ccd87a67070dcc47979b3f5c8d9f945 DependenciesID=2bf3bfaa30e9329988cf52df842810e9 StaticDependenciesID=f1b175fb4c98803b63de407d891ebf78 
Start importing Packages/com.unity.settings-manager/README.md using Guid(561e43493ab773746acefbe0f624795e) (TextScriptImporter) -> (Import Result ID: '5a4a0a89cf80bff67523feeccd2f14c3') in 0.000975917 seconds [static dependencies only]. Details - ImportResultOutputID=8695859aab4bbc97880d014011f7618a DependenciesID=76fdadc0304812cc54f425e34746b425 StaticDependenciesID=5b9a47abf6ff8722c47031ec1b02776b 
Start importing Packages/com.unity.ide.rider/package.json using Guid(66c95bb3c74257f41bae2622511dc02d) (PackageManifestImporter) -> (Import Result ID: '0a4e069f901158a5306996dfe7fc487e') in 0.0003425 seconds [static dependencies only]. Details - ImportResultOutputID=2ead0585fc4e3acf9900620b5163a252 DependenciesID=c77c5ad081ce968a2c1e1c26825c1ae2 StaticDependenciesID=bafc9d32efb2a8fbfabcf9e97e7a27ac 
Start importing Packages/com.unity.collab-proxy/Lib/Editor/Localization/plastic-gui.ko.txt using Guid(66cac46181eeb4747a801c22044d63a7) (TextScriptImporter) -> (Import Result ID: '45bac40283f1bba980b4f3ac87f797f9') in 0.000320791 seconds [static dependencies only]. Details - ImportResultOutputID=6126f642ed7ff2a5d2282563aa3f3e86 DependenciesID=b1cf818b5e41c72713cb193ef24a8ab6 StaticDependenciesID=c5645d0fe3e9183c556325e962c2ad58 
Start importing Packages/com.unity.ide.rider/CHANGELOG.md using Guid(8645aa9c3c74fb34ba9499e14fb332b5) (TextScriptImporter) -> (Import Result ID: '22fdac8823a415e4d5fb85765ce94b54') in 0.000477375 seconds [static dependencies only]. Details - ImportResultOutputID=865f744362bf8e46f0ff338304e6c86e DependenciesID=c01bace4d60e0e0efe1c55423082192c StaticDependenciesID=0d583fee41fd344afebdf80f66d87fbc 
Start importing Packages/com.unity.collab-proxy/Lib/Editor/Localization/semantic.zh-Hans.txt using Guid(96f04b1b951b7ff49b49ad2698291739) (TextScriptImporter) -> (Import Result ID: '3b9920e45117fc3fb087f904c5c8cad0') in 0.000283 seconds [static dependencies only]. Details - ImportResultOutputID=005b8026b6596559f568326c85979a6f DependenciesID=9159501746a7037076dbbfdce6a6a19b StaticDependenciesID=3b31406ed84132eba6c052c365552f31 
Start importing Packages/com.unity.collab-proxy/Lib/Editor/Localization/plastic-gui.ja.txt using Guid(964823d0bccb3254cbd1285fd7b25b43) (TextScriptImporter) -> (Import Result ID: '03681092c0b8b0df989fcdff317a59d6') in 0.000351375 seconds [static dependencies only]. Details - ImportResultOutputID=05e71a6a1cff79d2f4bf0559531635f7 DependenciesID=fcfec98af3391cc6cce055fdcf470f8e StaticDependenciesID=6ca09f3153b318dadd0396c04001d546 
Start importing Packages/com.unity.testtools.codecoverage/CHANGELOG.md using Guid(a6351153cf5e1af468cae5dbc72d1a04) (TextScriptImporter) -> (Import Result ID: '0b67a045039a14b851276f0aae3c5e24') in 0.000585542 seconds [static dependencies only]. Details - ImportResultOutputID=e486cf96e864df7a237b13670253260d DependenciesID=71cca814f19fe91b11ab10559d1ae2b9 StaticDependenciesID=b00c95b6acd3d483dc4ef054d1d04f5a 
Start importing Packages/com.unity.ide.rider/ValidationExceptions.json using Guid(b6029123aa4ab4e0481a4b3ad8a15af9) (TextScriptImporter) -> (Import Result ID: '9c71f60f5e5258b233820edcb899725b') in 0.000279458 seconds [static dependencies only]. Details - ImportResultOutputID=7755a431db27df7fe8b4237f502e4a61 DependenciesID=41d50e6e297586371d9cef690c9bd797 StaticDependenciesID=fa459f9bb0d33f9fcabfeeee2a773d90 
Start importing Packages/com.unity.collab-proxy/Lib/Editor/Localization/configurehelper.ja.txt using Guid(c6dcfdc4a38bbdc4abcc7a609ccf4a06) (TextScriptImporter) -> (Import Result ID: 'f0133da9dc0a1bcb5a1dba11db6111ee') in 0.000256959 seconds [static dependencies only]. Details - ImportResultOutputID=10431d0a6d2393ad7f4068fcc68622e8 DependenciesID=5d30b7b3389f9c44d23e16473f2e94a8 StaticDependenciesID=3f0643b53f08a86c1f1a529178488287 
Start importing Packages/com.unity.test-framework/CHANGELOG.md using Guid(d691174143fd3774ba63d7c493633b99) (TextScriptImporter) -> (Import Result ID: 'd9917bde88a0aa1cfafad77c7f6ebfcc') in 0.000533708 seconds [static dependencies only]. Details - ImportResultOutputID=89e618b36b6dec7b13a89c79c41e2f56 DependenciesID=5f6a41866f94439d2f60aacbcae9c3d5 StaticDependenciesID=e2996214ac312001fd3dddc6365900cc 
Start importing Packages/com.unity.collab-proxy/Lib/Editor/Localization/binmergetool.en.txt using Guid(d6127298c5e217145a7a1fd7e8ee6f53) (TextScriptImporter) -> (Import Result ID: '96ae9d33ea22bcfdd8ccf93867d29fae') in 0.000276083 seconds [static dependencies only]. Details - ImportResultOutputID=b7e153109ef356bc7e46a9ea2d2c956d DependenciesID=b249e89d477d385e2dba4fa7396ea10f StaticDependenciesID=d14372a01bba1b5b4cb911c78e600518 
Start importing Packages/com.unity.test-framework/package.json using Guid(d6a2e6e4803de7b43baacdc355fc144d) (PackageManifestImporter) -> (Import Result ID: 'a6323dc317f6e2854d3eae20a85fdeb4') in 0.000366541 seconds [static dependencies only]. Details - ImportResultOutputID=e42c6fb95dd76a7ef2de57010d1c3b25 DependenciesID=897492b9d7f9f5782eb25f114649f79d StaticDependenciesID=b3d35cd622fd69ecd04ed70a69c86e73 
Start importing Packages/com.unity.collab-proxy/Lib/Editor/Localization/binmergetool.ko.txt using Guid(d69f4d85db6c56744b1647f7cf0f65e9) (TextScriptImporter) -> (Import Result ID: '18d78a6046501b53a5997f82727cb9d4') in 0.00025925 seconds [static dependencies only]. Details - ImportResultOutputID=845840ae00dca7441d4a6d0b6ae232c6 DependenciesID=6d447cecdb02b92e59d2649e2588d42e StaticDependenciesID=d379c0bb0aa48dfa7c98beccb51d47ac 
Start importing Packages/com.unity.collab-proxy/Lib/Editor/Localization/plastic-gui.en.txt using Guid(e66a7319252dbdb4392108f46f9e5b1b) (TextScriptImporter) -> (Import Result ID: '364f1132ef8d2bd5f0af33a1f4193bf6') in 0.000309 seconds [static dependencies only]. Details - ImportResultOutputID=133c128e8d28203ce3b9c05c969f78e1 DependenciesID=f9d234157d55a85a0e8de99301b3fb4b StaticDependenciesID=2750650e873dd3a89e2cabeb3730b4b7 
Start importing Packages/com.unity.collab-proxy/Lib/Editor/Localization/workspaceserver.zh-Hant.txt using Guid(17060841a82735c4c8b2aaeae2fb8d8a) (TextScriptImporter) -> (Import Result ID: '7c1cd380afac97cb45cd4914085f29b5') in 0.000257375 seconds [static dependencies only]. Details - ImportResultOutputID=4324bc21cdcafec767da67dd23a891bb DependenciesID=8c2dd921a72123c1477b873d20830139 StaticDependenciesID=2dd9163b1f236fb950cd815d565abbac 
Start importing Packages/com.unity.collab-proxy/Lib/Editor/Localization/guihelp.ko.txt using Guid(27f1b01c5c62bb243a3431922e751e89) (TextScriptImporter) -> (Import Result ID: 'b9e99231e5fbff840c0d29d40a925888') in 0.000275417 seconds [static dependencies only]. Details - ImportResultOutputID=593cf673fa53617504aeaa1f2e4fe892 DependenciesID=38675c74cb26e2bb197030075b868b07 StaticDependenciesID=459c0583522f93c00570e1ed83c9e6ad 
Start importing Packages/com.unity.settings-manager/LICENSE.md using Guid(27264456a8bbc094d9479c5d5f9b0aa5) (TextScriptImporter) -> (Import Result ID: 'd71e4f58375cee95ca44ab2144a3e2c2') in 0.000278459 seconds [static dependencies only]. Details - ImportResultOutputID=fc31a5e3d12043401e5908185f4fce23 DependenciesID=5cc29626db789907e2ba53d6182273a5 StaticDependenciesID=4cbb6cc38dbc7fc0beddbd50d4d9aabb 
Start importing Packages/com.unity.performance.profile-analyzer/CHANGELOG.md using Guid(379ad77c12d5940bb8254d679e69d4ce) (TextScriptImporter) -> (Import Result ID: 'e767af38db66131294007a2cc391ad1c') in 0.000763042 seconds [static dependencies only]. Details - ImportResultOutputID=da8f1fb844ea9901264274890c58f149 DependenciesID=384fcdaf9ca3cec01ad158b429c9733c StaticDependenciesID=915ddd0d5f7d5572d426caa5a4c217c9 
Start importing Packages/com.unity.collab-proxy/Lib/Editor/Localization/binmergetool.ja.txt using Guid(47f335ae8a138a24683d12f8061ad970) (TextScriptImporter) -> (Import Result ID: '264eb87a54cd6675eac8e558da736fec') in 0.000246959 seconds [static dependencies only]. Details - ImportResultOutputID=9518f2665e601a8020ef3a1c3074677f DependenciesID=ebb45a6e2ffeb078fef1632ffbd35e81 StaticDependenciesID=b0f24a35f8f1eff78a52af43baaf6e3b 
Start importing Packages/com.unity.settings-manager/CHANGELOG.md using Guid(4774b2f29b63d2844915d86afff02b47) (TextScriptImporter) -> (Import Result ID: '127e486b4a3fe133380e46d81877e9c2') in 0.000328667 seconds [static dependencies only]. Details - ImportResultOutputID=f45e0a4a3d81c67eef372d6c5dbbf56d DependenciesID=34f44e08a8592ae3ba559919806e3c51 StaticDependenciesID=de1477d075b387489958a80e7045e6cd 
Start importing Packages/com.unity.collab-proxy/Lib/Editor/Localization/images.ja.txt using Guid(4796726ed1736724d9c8f9bbe6adb041) (TextScriptImporter) -> (Import Result ID: 'f50713524567e0171d2be3a6cbfb7180') in 0.000259208 seconds [static dependencies only]. Details - ImportResultOutputID=159c871224d303e237cfbf048bce3067 DependenciesID=db0edc6cb1de982de0fe3fa783145bac StaticDependenciesID=6e23f70dfd93a629d35d063b42f638c3 
Start importing Packages/com.unity.collab-proxy/CHANGELOG.md using Guid(47777d81697d65f45befb6ccd55b2324) (TextScriptImporter) -> (Import Result ID: 'ff9405f61188364afde082ade5ac62e1') in 0.000262792 seconds [static dependencies only]. Details - ImportResultOutputID=da36994bbd33aed9b63b552d72f4b259 DependenciesID=37cfc76cf421176ebfbfb19572f4d661 StaticDependenciesID=81b06d7d1b0934788b2996070a32b197 
Start importing Packages/com.unity.performance.profile-analyzer/package.json using Guid(478e38cbe30254f8c868840b4e2f32e1) (PackageManifestImporter) -> (Import Result ID: 'c3cf548f8d637cdcf2e492d9b19a5a8b') in 0.000259417 seconds [static dependencies only]. Details - ImportResultOutputID=4ff3c0cab316829fcc3cb8b3d7f0297a DependenciesID=c743a80ffea04af1699e5c6db9c9ba1b StaticDependenciesID=decfbac54ef9ffcdd96cd53bf8786433 
Start importing Packages/com.unity.collab-proxy/Lib/Editor/Localization/binmergetool.zh-Hans.txt using Guid(575f41cbc6f341044ab46b6f21c81384) (TextScriptImporter) -> (Import Result ID: '985ac37ec92516dc524b6018367b9ef3') in 0.000263125 seconds [static dependencies only]. Details - ImportResultOutputID=297b55c6fe20a1c61bd1695cbebdb084 DependenciesID=8f45bd4bb12f26157f66e992d63c8a62 StaticDependenciesID=2b3fb7ea57f900b7c1c7b5ce694bc71c 
Start importing Packages/com.unity.collab-proxy/Lib/Editor/Localization/clientcommon.en.txt using Guid(879423af6fa85944abb5312df8b0506b) (TextScriptImporter) -> (Import Result ID: 'ab5bc7a6cc726c5b9fba4c1c31067775') in 0.000269042 seconds [static dependencies only]. Details - ImportResultOutputID=d40c9d45d105a9c41c4ca9a7a0241e92 DependenciesID=41fa7d0dd821d75ad2c22784795988e9 StaticDependenciesID=7e2c541774b5708ab0b862b7f526c709 
Start importing Packages/com.unity.collab-proxy/Lib/Editor/Localization/commontypes.en.txt using Guid(87672624fbd4c244b938ab20584d1ebe) (TextScriptImporter) -> (Import Result ID: '4f8e6f2db97e0cb193b9238d7fb5d2bf') in 0.000259917 seconds [static dependencies only]. Details - ImportResultOutputID=e6621a8fa478de4621a3d05ce14aa348 DependenciesID=7dc61b8b593efc029fc1779d3c51b59c StaticDependenciesID=958d2aa633cd9544e81ee935de4dea90 
Start importing Packages/com.unity.collab-proxy/Lib/Editor/Localization/semantic.ja.txt using Guid(c79a2ee35ed269548a030732ede1e69b) (TextScriptImporter) -> (Import Result ID: 'f55681d24e6eb9a94c7220f57339b179') in 0.000257458 seconds [static dependencies only]. Details - ImportResultOutputID=525c9420ff6e476f658ef98e313de203 DependenciesID=fc2ba5a258da1b60e05666d3d88e122a StaticDependenciesID=925fe281ca50e044a3b0d6e23181d2f3 
Start importing Packages/com.unity.inputsystem/README.md using Guid(f747a892239fb40f9a9b9e2acf9929ee) (TextScriptImporter) -> (Import Result ID: 'e2b242c061fb09b344d8c37be2fdc642') in 0.00066675 seconds [static dependencies only]. Details - ImportResultOutputID=a9b73c6cd4406ba5f6eb0b8455bd9318 DependenciesID=ab0b5f2b423d27263697a9e9c216c0ab StaticDependenciesID=f6a71e8006ccf36ff41ea9c878294312 
Start importing Packages/com.unity.visualscripting/ValidationExceptions.json using Guid(28daaf27186926745a8e1ebf5539c5f8) (TextScriptImporter) -> (Import Result ID: '8562a241d5384613b2fd92f4d5c122c6') in 0.000263834 seconds [static dependencies only]. Details - ImportResultOutputID=7c9cbd57a3325ec42ef9bdcf6b56f6a4 DependenciesID=dd180acdd53610fe6f07b44cabae2073 StaticDependenciesID=848987d6f4f650ada63339a9b926ee31 
Start importing Packages/com.unity.ide.visualstudio/ThirdPartyNotices.md using Guid(7809f42f64c877f4b90ac233e5ec2372) (TextScriptImporter) -> (Import Result ID: '5bcdf5e8c5ab46d947de9ef7e92cf83a') in 0.000474208 seconds [static dependencies only]. Details - ImportResultOutputID=2d1cc651011a95eec3e7f11c490801eb DependenciesID=c042fc0359b6d1e5a2e6b40b889b5568 StaticDependenciesID=87611f3c8ea9f4199c81d942e4ac6e73 
Start importing Packages/com.unity.collab-proxy/Lib/Editor/Localization/basecommands.ko.txt using Guid(785d827db3673b94088da1e79cff60e1) (TextScriptImporter) -> (Import Result ID: '7e6569e442e2824e2a7ef139702dacb1') in 0.00026475 seconds [static dependencies only]. Details - ImportResultOutputID=8639c75d99ba837465bb1aece6b199c3 DependenciesID=3aab3b2141316438f683744f0f8aa38d StaticDependenciesID=3912b44a97796f754f42c2e3c9fc027e 
Start importing Packages/com.unity.ide.visualstudio/ValidationExceptions.json using Guid(788fbcfc0abc6c54b9504cfee3176c22) (TextScriptImporter) -> (Import Result ID: 'd41fbf14295c820b9390686a5a38c7e1') in 0.000403958 seconds [static dependencies only]. Details - ImportResultOutputID=f81d15d51b8ce07a127a601fbdba2bfa DependenciesID=099dac393551390e11335efb6037dde6 StaticDependenciesID=8ca2f39ee9969265b0f9ca3507deac8c 
Start importing Packages/com.unity.collab-proxy/Lib/Editor/Localization/differences.zh-Hans.txt using Guid(88f37c1625a044947b601c9bd946584b) (TextScriptImporter) -> (Import Result ID: '5a7f69c4031f26443cfcbbb5cd405965') in 0.000261458 seconds [static dependencies only]. Details - ImportResultOutputID=f806ac7b57896cc22c4f7c834346ef3e DependenciesID=e46b362640e1a42feaa422fffaadfc42 StaticDependenciesID=44f13c6518407171466290e232b0f9ef 
Start importing Packages/com.unity.collab-proxy/Lib/Editor/Localization/cm-help.ja.txt using Guid(98a8a2335135c884c894dc5f5d4d885e) (TextScriptImporter) -> (Import Result ID: 'e2f4dedeaabb73599f6addacb0797b64') in 0.000454459 seconds [static dependencies only]. Details - ImportResultOutputID=e4e7719421dcb946cc2d5b20b9e520f1 DependenciesID=47c8045e48aebf26dfefa2947eac6b0a StaticDependenciesID=cb87d9aa2deee41d06c89e13d5e8f83b 
Start importing Packages/com.unity.ugui/CHANGELOG.md using Guid(c851bee4305bddf438cc6ffc515991ce) (TextScriptImporter) -> (Import Result ID: '5c27021184ff988a2710b146921362aa') in 0.000486917 seconds [static dependencies only]. Details - ImportResultOutputID=76e1969716721dba882245a7d8048f56 DependenciesID=ce8e22699fdd533083a5eeabfd76bf93 StaticDependenciesID=d1d94af373b4ebcd11096a6ed07ad60c 
Start importing Packages/com.unity.collab-proxy/Lib/Editor/Localization/cm-help.zh-Hant.txt using Guid(f8a56fc47968cfe41af05fa4705179f9) (TextScriptImporter) -> (Import Result ID: '1a0fea32cfabcd424b8566ffabda617a') in 0.000393416 seconds [static dependencies only]. Details - ImportResultOutputID=fd0b9e53509c17dbe313fa70c35d6a38 DependenciesID=83234c9cb29a5472aa53c473334d4901 StaticDependenciesID=cf897514078af361e016cce4de1d0a15 
Start importing Packages/com.unity.collab-proxy/Lib/Editor/Localization/images.zh-Hant.txt using Guid(f8d9d02cbb2836a4ebf272e35d1a2fdc) (TextScriptImporter) -> (Import Result ID: '0293a16c255e62bf17688b65e3b8a16d') in 0.000280167 seconds [static dependencies only]. Details - ImportResultOutputID=bd671ca5f077f1324ce29573099c9ccd DependenciesID=c089c32ab911a9834f3452825ab691ba StaticDependenciesID=65ec85c99d3409bab0f627ef0836bb38 
Start importing Packages/com.unity.visualscripting/LICENSE.md using Guid(f8d9014a332bd894485ce367ca17d086) (TextScriptImporter) -> (Import Result ID: '284c1c57623cdb6c070dcc58a7a82029') in 0.000292125 seconds [static dependencies only]. Details - ImportResultOutputID=17485eca5a8ffff408ed63eab29c81a1 DependenciesID=b0db0d6b6104ba8b518b38585b28e9fc StaticDependenciesID=a9797738665b23dcc15ba722e00f7659 
Start importing Packages/com.unity.collab-proxy/Lib/Editor/Localization/i3.ko.txt using Guid(09e78f7635c0d8f449a6d04548274ffe) (TextScriptImporter) -> (Import Result ID: '9e617ca49857e665ee05f5a59fab11ad') in 0.000253959 seconds [static dependencies only]. Details - ImportResultOutputID=4a0036bdddd13dfa18ce87aeff1aff47 DependenciesID=4e217ba9aa10cc6c8f0a378993caf76b StaticDependenciesID=d7ff645e3b28d9256daa6910d5d14aa0 
Start importing Packages/com.unity.collab-proxy/Lib/Editor/Localization/commontypes.es.txt using Guid(097ad5cff37ecae46940b1b240482f2a) (TextScriptImporter) -> (Import Result ID: '9578ef544a68ef00a710d75f59adbcfd') in 0.000295667 seconds [static dependencies only]. Details - ImportResultOutputID=b1783b1ca4b078ad37eaf23f0bd527c3 DependenciesID=a325c1dcd6c385bc28b49463cd2bb758 StaticDependenciesID=91df3c365793277855714919566c9186 
Start importing Packages/com.unity.collab-proxy/Lib/Editor/Localization/configurehelper.es.txt using Guid(499727f277d36d54f98ab262410b6ef7) (TextScriptImporter) -> (Import Result ID: '9caed80a8341d281134ca68c0d567011') in 0.000309583 seconds [static dependencies only]. Details - ImportResultOutputID=5fca48ed4b3e9aa235295e992d7f0deb DependenciesID=342c626b09980ab783aec78a1869aeeb StaticDependenciesID=8166ffc2c9bd987d75db380398951952 
Start importing Packages/com.unity.collab-proxy/Lib/Editor/Localization/workspaceserver.es.txt using Guid(597a19de502b0754ea0fe6b8f8e4f1e0) (TextScriptImporter) -> (Import Result ID: '76a7106360585a0ecb91f61422bce6bd') in 0.000300792 seconds [static dependencies only]. Details - ImportResultOutputID=3e4be1bfe633970cf8b6a10167dd3457 DependenciesID=f194bf7844c2401166dd3e4616ee4db7 StaticDependenciesID=f9669d56d6b83b6b14b89d678b012a6f 
Start importing Packages/com.unity.collab-proxy/Lib/Editor/Localization/mergetool.zh-Hant.txt using Guid(79d4a0bf034959c40a8dd3bf6f396706) (TextScriptImporter) -> (Import Result ID: 'c889aa1989e789551fc6cd4f1fbb033e') in 0.000304792 seconds [static dependencies only]. Details - ImportResultOutputID=e17b3c937a522009cb8110fbcf1523a4 DependenciesID=b6464050a55046fc3d3239d1f1d9956a StaticDependenciesID=b3134dab7a426b399c911d15128e0c3c 
Start importing Packages/com.unity.collab-proxy/Lib/Editor/Localization/clientcommon.ja.txt using Guid(794804ae9a4bcac4384e612405a40d68) (TextScriptImporter) -> (Import Result ID: '608e5344722afe22ab09e7761c1f1ac2') in 0.000278125 seconds [static dependencies only]. Details - ImportResultOutputID=9d6b17884b3d6e1896bdd8fe6cfde829 DependenciesID=de3b9db6d985b906c2348c84c93e8339 StaticDependenciesID=198f79dab124b353b0124818f2467b4d 
Start importing Packages/com.unity.collab-proxy/Lib/Editor/FileSystemWatcherLicense.txt using Guid(992242bf8b23e574bbc95a128844c481) (TextScriptImporter) -> (Import Result ID: 'e02de4130e8b04dc739ea7804a0dbbd9') in 0.000280625 seconds [static dependencies only]. Details - ImportResultOutputID=02f23970d267708bcabeeafe215b745f DependenciesID=fc61ca61e9377866f625ba1a9789de37 StaticDependenciesID=e1cc360cf7550205efb1a9d4be24a1bd 
Start importing Packages/com.unity.ide.vscode/LICENSE.md using Guid(c9aabac5924106d4790d7b3a924ca34d) (TextScriptImporter) -> (Import Result ID: '7805cf73f4c08fb091450e8350243f9f') in 0.000461666 seconds [static dependencies only]. Details - ImportResultOutputID=d3f4329f6f160a6d10ff9b3b54775864 DependenciesID=290012d4ff36a4c396b74c106b57359b StaticDependenciesID=cea3b358b02be583f51afc1ae51b6799 
Start importing Packages/com.unity.inputsystem/ValidationExceptions.json using Guid(d9fe79419851eee4e8c90f7d0f934859) (TextScriptImporter) -> (Import Result ID: '6942ccb22320ed2667cc959d0f60a82d') in 0.000426125 seconds [static dependencies only]. Details - ImportResultOutputID=af28849d88d286db679c7d53f73e01ee DependenciesID=3f84531b705a78a5da557a5b9c0bef2d StaticDependenciesID=a84c9a293e709c751bedf60c1da114eb 
Start importing Packages/com.unity.visualscripting/CHANGELOG.md using Guid(e943e3d5ede9d0848a8e889af1e6656c) (TextScriptImporter) -> (Import Result ID: 'b9b5de8173737ab3033f6896c28db63e') in 0.000327042 seconds [static dependencies only]. Details - ImportResultOutputID=3cf712a8d1596f06dd96ab56c3e283a1 DependenciesID=0593a31f761deeef1379359df5107739 StaticDependenciesID=67d77e191cdbe5f1a26477d4f53b6f77 
Start importing Packages/com.unity.ext.nunit/LICENSE.md using Guid(f91a00d2dca52b843b2d50ccf750737d) (TextScriptImporter) -> (Import Result ID: '4c737d2ad23ff390261747171cd281aa') in 0.000519125 seconds [static dependencies only]. Details - ImportResultOutputID=7e143f11c0f7b3d5c6120e1c7fac1c66 DependenciesID=96aa5d9d2457755fc07578dcd7a37cad StaticDependenciesID=38618baf73b4765c264004934e9d2377 
Start importing Packages/com.unity.modules.physics/package.json using Guid(1a4266815e998967becf686f9c71f0a6) (PackageManifestImporter) -> (Import Result ID: '8a53ae194b58e0247b376f9160cf9ded') in 0.000438542 seconds [static dependencies only]. Details - ImportResultOutputID=e0026b14a9fef5b070fbc7082b12ac25 DependenciesID=bcc7f438fefed6debb0314c04842cc55 StaticDependenciesID=eba80b65cd8b10cfd786eed3dbc94d21 
Start importing Packages/com.unity.inputsystem/InputSystem/Editor/ProjectWideActions/ProjectWideActionsTemplate.json using Guid(8a190d472354bb845973412ac9c5c477) (TextScriptImporter) -> (Import Result ID: '2ea710345be49e3f63b97f55610609b3') in 0.000317 seconds [static dependencies only]. Details - ImportResultOutputID=51cd610c2287ebef0fe8df1c981eda98 DependenciesID=0a65eb32cd05e181afe2f1b1f0b3942f StaticDependenciesID=9ea5902503ce8a3fcfb5b67863321e75 
Start importing Packages/com.unity.collab-proxy/Lib/Editor/Localization/commontypes.zh-Hant.txt using Guid(9a5c4b18846ce45419fe3d251a09b906) (TextScriptImporter) -> (Import Result ID: '116a891c7f9a1583fd9a46f610187d2c') in 0.000313833 seconds [static dependencies only]. Details - ImportResultOutputID=1b93ed337a0f9842824148753eda111d DependenciesID=54d4a42b4e2f5b2f9cfef2491ad89670 StaticDependenciesID=8cead2509b93bf3decee36e5f675721c 
Start importing Packages/com.unity.testtools.codecoverage/package.json using Guid(ba7d60725b0ec604698819352642be89) (PackageManifestImporter) -> (Import Result ID: '8da70b545038d1a0ce6e3c92d099dae0') in 0.000425166 seconds [static dependencies only]. Details - ImportResultOutputID=24f622f8be1f111484fa1156ad5a960b DependenciesID=3ad06122b5ca60f181431b9beefc38d3 StaticDependenciesID=c3e43ab6832beebd008eb47b84f94916 
Start importing Packages/com.unity.collab-proxy/Lib/Editor/Localization/clientcommon.zh-Hans.txt using Guid(ba4f7a3ddcc49474b9aaa8dfe1d2cfe6) (TextScriptImporter) -> (Import Result ID: '8f7821ab90958c117839a4de8635080f') in 0.000295875 seconds [static dependencies only]. Details - ImportResultOutputID=a298d39eaf0b02ad39158234b1681738 DependenciesID=8e969564f134c1dde4b95619ffdda0b1 StaticDependenciesID=e99716bebf86f74b248103ae5e105b15 
Start importing Packages/com.unity.collab-proxy/Lib/Editor/Localization/basecommands.es.txt using Guid(ca845e506513eeb4e9f4df4276d58a2d) (TextScriptImporter) -> (Import Result ID: '01b25557911479d02f8d072296c7ca6b') in 0.000259542 seconds [static dependencies only]. Details - ImportResultOutputID=8bcb4259003ba9a7e1d2f92d0f8e681e DependenciesID=93bb17c96f876f1b032a040622d67605 StaticDependenciesID=e492009a81315d56d0df58c46822dcd2 
Start importing Packages/com.unity.inputsystem/InputSystem/Plugins/PlayerInput/DefaultInputActions.inputactions using Guid(ca9f5fa95ffab41fb9a615ab714db018) (ScriptedImporter) -> (Import Result ID: 'f98d5970b24e31cb2346cc8d7205f682') in 0.009951208 seconds [static and dynamic dependencies]. Details - ImportResultOutputID=f2e644086500ec8fcd5955db90ac7ca6 DependenciesID=7a80f97093083bec3e24fd9ac4536cba StaticDependenciesID=f00b1bee05c8638b5de7128c05d10d01 
Start importing Packages/com.unity.collab-proxy/Lib/Editor/Localization/xdiff.es.txt using Guid(ea4e99c4d175d034f97b2c50f5b064be) (TextScriptImporter) -> (Import Result ID: '261c92a44617213a7c2a43714e0bcb01') in 0.00049825 seconds [static dependencies only]. Details - ImportResultOutputID=3d622d769d5d6125404a81897a28252d DependenciesID=95ee316d9a9948b62cd526ed9e8222b4 StaticDependenciesID=cee5d45bdd49a61457625fca14a054fe 
Start importing Packages/com.unity.collab-proxy/Lib/Editor/Localization/differences.es.txt using Guid(0b193a05c2a44d949855ede235fd1157) (TextScriptImporter) -> (Import Result ID: '543bd28081c4eeda35cb4a8dd7cc4f19') in 0.000320041 seconds [static dependencies only]. Details - ImportResultOutputID=07c9242f7ce1dfbec513a85e74d79789 DependenciesID=f062602702c8bb9dc71c3d7c0eb04905 StaticDependenciesID=3027943d55a043adc82a8d58db1f70c9 
Start importing Packages/com.unity.collab-proxy/Lib/Editor/Localization/images.zh-Hans.txt using Guid(1bcac4b88f53ea74098f000ba446a1ca) (TextScriptImporter) -> (Import Result ID: 'fa9d9582c2d47f061deaae6a8f8b16b9') in 0.000289 seconds [static dependencies only]. Details - ImportResultOutputID=7020d9e19ea279afa759e67896930a74 DependenciesID=e9701449460cf19ed7ac4c8495b7b525 StaticDependenciesID=80c5617a97c40a80174aa72d6ea1a2d1 
Start importing Packages/com.unity.collab-proxy/Lib/Editor/Localization/mergetool.zh-Hans.txt using Guid(8b7ef8b776e247a4fb9655377cd50d70) (TextScriptImporter) -> (Import Result ID: 'eb1d1c99811282d4fd28fba37872deb0') in 0.00031575 seconds [static dependencies only]. Details - ImportResultOutputID=db525b7a8cac434467383f92a1b15c7e DependenciesID=9d056725f12769a4a6e7d7e1057235d5 StaticDependenciesID=887912c3ef0ecdc3c51ff121f8c58045 
Start importing Packages/com.unity.modules.hierarchycore/package.json using Guid(9b1a5759726ef9d39a0ab82047b615f1) (PackageManifestImporter) -> (Import Result ID: '39ded1b22f785d4990f8107f09aaf890') in 0.001650667 seconds [static dependencies only]. Details - ImportResultOutputID=bda40c69720d88b8046266bc7922fada DependenciesID=de208a60c47df26194ea4079415202e6 StaticDependenciesID=5e5684705a857670ca7681201af14626 
Start importing Packages/com.unity.collab-proxy/Third Party Notices.md using Guid(9bff32140d1498a4a9f6f18b09e8959c) (TextScriptImporter) -> (Import Result ID: 'a1d376941010814230ba00fc0bebdc8a') in 0.000253 seconds [static dependencies only]. Details - ImportResultOutputID=7077229953743cffadff0f97e3cf91ea DependenciesID=df11948da705d1b097a7d883a03c600a StaticDependenciesID=bf863f3a75370003404fd656857432f6 
Start importing Packages/com.unity.collab-proxy/Lib/Editor/Localization/differences.zh-Hant.txt using Guid(abdb31570403c2a4cb0a465e46af19f8) (TextScriptImporter) -> (Import Result ID: '16f37b2bede17934c37357fd64071682') in 0.000267042 seconds [static dependencies only]. Details - ImportResultOutputID=fedc7e16877ff38f7141d97bb71767e8 DependenciesID=a618da60af12e5ee797c7147a81154fd StaticDependenciesID=f82105db25d6e81733817f8ca73e4746 
Start importing Packages/com.unity.collab-proxy/Lib/Editor/Localization/configurehelper.en.txt using Guid(bbbd7263476e7794787bd73bfad974e4) (TextScriptImporter) -> (Import Result ID: '84318bc59d10f9d6dd408a16bb638ee8') in 0.000266833 seconds [static dependencies only]. Details - ImportResultOutputID=91a0fd2c80a5c05c72de8221febb49a0 DependenciesID=0b0b9a7b9eac5fda6462bc0dcadac840 StaticDependenciesID=9057c5862350c065eadecd7ff504e905 
Start importing Packages/com.unity.collab-proxy/ValidationConfig.json using Guid(cb3c9f5ba9ced5e4b99de1b3dbd68d09) (TextScriptImporter) -> (Import Result ID: '4d31eeb29607502657a92798daa80475') in 0.0002355 seconds [static dependencies only]. Details - ImportResultOutputID=7051e888a6eb2dc453889575ebb659d5 DependenciesID=d4e9c3719ef09510940587076695553a StaticDependenciesID=49f7056ed632364e8ef73fa8c12ab0fc 
Start importing Packages/com.unity.collab-proxy/Lib/Editor/Localization/semantic.zh-Hant.txt using Guid(3c3ec8ca51d6e724a8006f1e92938d36) (TextScriptImporter) -> (Import Result ID: '01b4751c155aebe14bdf44f1676c40d7') in 0.000254792 seconds [static dependencies only]. Details - ImportResultOutputID=0d159e6ad71c907f6aa972378989e694 DependenciesID=a331ac6b54d37aff22b6e440369d6fc0 StaticDependenciesID=831e09ca27ce8aaa77718ecc04e65b0f 
Start importing Packages/com.unity.settings-manager/ValidationExceptions.json using Guid(4cd118ee0ff29c4488694a444550f59e) (TextScriptImporter) -> (Import Result ID: 'fc779dd32dcd5e62b7f17fde77d0a477') in 0.00032 seconds [static dependencies only]. Details - ImportResultOutputID=70cd0eb8c0c7a9d4e60d188b5867c7ef DependenciesID=94bf94b089a1da5909d0e57041736d62 StaticDependenciesID=cc23caaa046c809a0d83798ad9103531 
Start importing Packages/com.unity.collab-proxy/Lib/Editor/Localization/mergetool.ko.txt using Guid(6c57d36214815084299ea85ba7bf2895) (TextScriptImporter) -> (Import Result ID: 'dc03027c02bf32a6cf3b0d7b004ce761') in 0.000296542 seconds [static dependencies only]. Details - ImportResultOutputID=64294394cae5b70a6ac284f8b5e4207a DependenciesID=dc707b9e993f10b37f23e1173d637734 StaticDependenciesID=22b3248357ffbd010afc23600c5e4985 
Start importing Packages/com.unity.collab-proxy/Lib/Editor/Localization/workspaceserver.ko.txt using Guid(bcc42388bdd2ad14ab80709b0e0e9e18) (TextScriptImporter) -> (Import Result ID: 'd952a341c77d3c34bc850f5ada581cf5') in 0.000264875 seconds [static dependencies only]. Details - ImportResultOutputID=a53fa36d46a86ef6a023617d441374b0 DependenciesID=0870ed639fdf8593d576246a04d6414f StaticDependenciesID=adc404674cb5e14e6bb68a52bada7984 
Start importing Packages/com.unity.collab-proxy/Lib/Editor/Localization/i3.en.txt using Guid(dcb0208ab692f21429b3d67a7079295f) (TextScriptImporter) -> (Import Result ID: 'b76f0b5fab16431a1dcac3775d424996') in 0.000301083 seconds [static dependencies only]. Details - ImportResultOutputID=e9aa655503e26a084f88fac26679e0d3 DependenciesID=f7fb6f64fa140f676e88a768917e4742 StaticDependenciesID=68d910dee68f2f8c492bc0e652f57d35 
Start importing Packages/com.unity.collab-proxy/Lib/Editor/Localization/images.en.txt using Guid(ec4294949826a2a4d9892925eccbc9ac) (TextScriptImporter) -> (Import Result ID: '417c4510a7c666338a2ab8da06fa6d9f') in 0.00025375 seconds [static dependencies only]. Details - ImportResultOutputID=c9455741c3a46cfd77c8fc79aecb172a DependenciesID=223f93ca066d04506204f16ea7d3fd1a StaticDependenciesID=df3820c0736e7820a06865832aaa3ce9 
Start importing Packages/com.unity.collab-proxy/Lib/Editor/Localization/semantic.en.txt using Guid(ec651e712cd007848ac8adccc311fe6e) (TextScriptImporter) -> (Import Result ID: '9ea8512953ea907508a37ce452033752') in 0.000253791 seconds [static dependencies only]. Details - ImportResultOutputID=5cbd703dcf305ac8bce9321ff29d3744 DependenciesID=4446f22abbbbd5ca054f7530c16d4592 StaticDependenciesID=f8d151249a0f704a8da3610b2074c509 
Start importing Packages/com.unity.ide.vscode/ValidationExceptions.json using Guid(fc368c32d6432ff4bb374d520000749c) (TextScriptImporter) -> (Import Result ID: '7ad4f180d0fffaf9dcc6e48ee1886347') in 0.000310334 seconds [static dependencies only]. Details - ImportResultOutputID=c515ad3c95254d936308bf175d0322be DependenciesID=1fcf54a6ae07bf1e9cb57cf16124ea64 StaticDependenciesID=767776f69b417c6403a51347b426ae35 
Start importing Packages/com.unity.collab-proxy/Lib/Editor/Localization/plastic-gui.zh-Hant.txt using Guid(fca9777aea972c94b9512a84547a5b79) (TextScriptImporter) -> (Import Result ID: '95ecb4b3a681a96bd4fe7e4380b7d96e') in 0.000280458 seconds [static dependencies only]. Details - ImportResultOutputID=e563b1fb004b922e0c39f44241082f90 DependenciesID=d31de3ab1bc88fa4c8701b3d8f5a505f StaticDependenciesID=c18c7447afdb2bb9c3e57c1600198e84 
Start importing Packages/com.unity.ide.vscode/CONTRIBUTING.md using Guid(fcb9be00baf924c4183fc0313e6185c5) (TextScriptImporter) -> (Import Result ID: 'c4f82e08893999da806db857bea64b29') in 0.000426959 seconds [static dependencies only]. Details - ImportResultOutputID=3ea55b16b05fd101de6204cfd8710d0f DependenciesID=cca155325c6204d1af66f43d8c393210 StaticDependenciesID=f5bc79fb310362a652ec1297b59fdb00 
Start importing Packages/com.unity.visualscripting/ValidationConfig.json using Guid(fc4a8343f87d64dbfafcb9922d534865) (TextScriptImporter) -> (Import Result ID: '9230ed7f01381a2fbc9aed47cdff35a5') in 0.000257166 seconds [static dependencies only]. Details - ImportResultOutputID=317eaa4bd58a6617153c2bbbabc17e25 DependenciesID=71647e30eacfb523fd9a8c2ea3819769 StaticDependenciesID=fbcabc7850e8a2b98604ef41b00ffc84 
Start importing Packages/com.unity.performance.profile-analyzer/README.md using Guid(0d920e84785e4472aab610f3f203b389) (TextScriptImporter) -> (Import Result ID: '22498bc774c79e9f72b62b88ba71e76f') in 0.000335667 seconds [static dependencies only]. Details - ImportResultOutputID=d9799bea352110b46f9c0300d2f1c718 DependenciesID=ccc617e9dceb41cd27c9856774931ee1 StaticDependenciesID=91a6890e593fb01e08ab19818d12605d 
Start importing Packages/com.unity.ide.vscode/CHANGELOG.md using Guid(4ddcdc3816429494a8bea67e973875f7) (TextScriptImporter) -> (Import Result ID: '992515a6d0f5932b9a7961ea0424062f') in 0.000302834 seconds [static dependencies only]. Details - ImportResultOutputID=bd9e6331a97ae48495ed00970743671f DependenciesID=26b1c682938ea0347eb70923698f9baa StaticDependenciesID=9754243d08631be37252f1441d19dff5 
Start importing Packages/com.unity.ugui/LICENSE.md using Guid(4d3d51749e989f747b2674e0b4d9b3d7) (TextScriptImporter) -> (Import Result ID: 'be396a7f9734697b068c56799f343256') in 0.000634 seconds [static dependencies only]. Details - ImportResultOutputID=7f353976db186c15c229fd54afc4c53d DependenciesID=3d1c2dd7775ef75ea33042aa7d3a1aff StaticDependenciesID=7d6ff9a56c2617d7aa943fa9174d67ad 
Start importing Packages/com.unity.ext.nunit/README.md using Guid(5da62a0c1c5218c4aa16b74546a7822d) (TextScriptImporter) -> (Import Result ID: 'fb4f44713dc38a867241f8ddd5387681') in 0.000526375 seconds [static dependencies only]. Details - ImportResultOutputID=b5dcd62bb0e1865f4070d29c7748d2ae DependenciesID=93cd39946e044a9d564507625341c3ae StaticDependenciesID=d06e1f6700cb6f67a203fa5cfb897cfe 
Start importing Packages/com.unity.collab-proxy/Lib/Editor/Localization/xdiff.ja.txt using Guid(7d1378b871eb04642811da8c17c0bdbb) (TextScriptImporter) -> (Import Result ID: '342033d8656a7d7f4870498413b038e6') in 0.000319292 seconds [static dependencies only]. Details - ImportResultOutputID=40fa3c4792b3396a4e8a7ce4ba2dcbc2 DependenciesID=207df7a45eb98d2bcffdb41a3d30ad15 StaticDependenciesID=544ac31a1963c7dda8afa018c2639938 
Start importing Packages/com.unity.testtools.codecoverage/Third Party Notices.md using Guid(9d40ee9d855163e44bc925c1480d8731) (TextScriptImporter) -> (Import Result ID: '0256c4da29dd6bd388b46427b351c0d5') in 0.000650458 seconds [static dependencies only]. Details - ImportResultOutputID=bf457e40b9f21409826cf527a7b27733 DependenciesID=98ea96f038d6a05fced74a3b081c2436 StaticDependenciesID=a0733f3d0440aa9c9162f44942379993 
Start importing Packages/com.unity.collab-proxy/Lib/Editor/Localization/cm.zh-Hant.txt using Guid(9df7b46b7b628ab45ba5ba68ae09b5d2) (TextScriptImporter) -> (Import Result ID: '72e490f6d25d4f31a02455622b5a52f2') in 0.000360833 seconds [static dependencies only]. Details - ImportResultOutputID=aaa73ca1134389bf17a54efdadc28231 DependenciesID=07368596d3b64b84f29a1093152adccb StaticDependenciesID=a931fda5d7b2d65c624bf390a4bf63f8 
Start importing Packages/com.unity.collab-proxy/Lib/Editor/Localization/common.en.txt using Guid(ad2e9a374ab8c7846bc7f681d2432197) (TextScriptImporter) -> (Import Result ID: 'b88b8fbe7e831374e2302bc3bd8fc013') in 0.000313667 seconds [static dependencies only]. Details - ImportResultOutputID=a127a709d5e972801cc97b5fb6faddeb DependenciesID=3910fa16922cb76b985c71b077e50158 StaticDependenciesID=2883302a41fc0710e5effddb62d19881 
Start importing Packages/com.unity.ide.visualstudio/CONTRIBUTING.md using Guid(cd78ce5b75b8be84d8b94cd99903161f) (TextScriptImporter) -> (Import Result ID: '0f7fa1554f51098c9eab0ca71b9ba894') in 0.000507291 seconds [static dependencies only]. Details - ImportResultOutputID=26c4006d69b02394356edf0d04e8edf5 DependenciesID=d73634b20f3bbd9feb1a35d3caab1aec StaticDependenciesID=73f1cecca12a352b59c48ec7c7ec254a 
Start importing Packages/com.unity.collab-proxy/Lib/Editor/Localization/clientcommon.es.txt using Guid(fd854a15079566a4dac0189548908a24) (TextScriptImporter) -> (Import Result ID: 'b090a0aeb0b2dfcb20b3ceeff7390563') in 0.000281042 seconds [static dependencies only]. Details - ImportResultOutputID=ba4c93e54f89d588804a75c989d6e526 DependenciesID=37952be1809285d2b08f538e31d3259b StaticDependenciesID=5686831405dcb1b39f8fffef3e7d8cb3 
Start importing Packages/com.unity.ugui/PackageConversionData_Assets.json using Guid(0e0afa652c0031c48896a97b424d027b) (TextScriptImporter) -> (Import Result ID: '1f06a367e3ad4ab458d391fa6d88318d') in 0.000414458 seconds [static dependencies only]. Details - ImportResultOutputID=a9d5f7ac76fad19acb9e3e463f25a0c4 DependenciesID=c0082fc0d5bb037b389e4eab43883a57 StaticDependenciesID=66e368b0db69c855dc18686a52565730 
Start importing Packages/com.unity.collab-proxy/Lib/Editor/Localization/guihelp.es.txt using Guid(1e8df6b2c3a6c2349bbe0dcc37700f45) (TextScriptImporter) -> (Import Result ID: '36945e928741273c04204287d210dc7d') in 0.000262667 seconds [static dependencies only]. Details - ImportResultOutputID=25f238f2a0630d0ad115a5cfde0b3bbe DependenciesID=689c9dc2aa990dee53222281f946cb6f StaticDependenciesID=b9f370a2f817d0e1e0000ff2a663c442 
Start importing Packages/com.unity.collab-proxy/Lib/Editor/Localization/configurehelper.zh-Hans.txt using Guid(3ea66aa86d1f2d24bb9c49820aca92fa) (TextScriptImporter) -> (Import Result ID: '20439cb8fe3fbc4a7fba5c834b3f2ae3') in 0.000276375 seconds [static dependencies only]. Details - ImportResultOutputID=3828eb6b1f94ce55656729843e86e13a DependenciesID=91de22bf1d82b525a6f61190b119fdcf StaticDependenciesID=b2cbb288fef9ad4cc793c630068e5d3e 
Start importing Packages/com.unity.test-framework/LICENSE.md using Guid(3ec7596410385054a9e0bc90377fbe63) (TextScriptImporter) -> (Import Result ID: 'dc43dd872df4f0bb09d38b620ebbefa1') in 0.00032925 seconds [static dependencies only]. Details - ImportResultOutputID=79dcd2d73529f4bef847151cf7eae6be DependenciesID=e487b24bae43811f402bfabfc1cc3de7 StaticDependenciesID=9b88961559ff7bb8011362ececea9510 
Start importing Packages/com.unity.ide.rider/CONTRIBUTING.md using Guid(5e83f8baac96eaa47bdd9ca781cd2002) (TextScriptImporter) -> (Import Result ID: '37feec780e78fa5af6f595b8a1712b6b') in 0.000517916 seconds [static dependencies only]. Details - ImportResultOutputID=c4d10e2c4b721a1e0d5b9eec888217c0 DependenciesID=7b46283e6cdc3d5d567cc7379b248908 StaticDependenciesID=f1997efa4854e64f834402996e2b42d0 
Start importing Packages/com.unity.testtools.codecoverage/README.md using Guid(7e9cc6a8fbcda654f9b318a716a79b57) (TextScriptImporter) -> (Import Result ID: 'ffcc6e763a8cc6c275a35bc85da5f73a') in 0.000423583 seconds [static dependencies only]. Details - ImportResultOutputID=165662ab4fd2ca804d7ab8c09c1f19f4 DependenciesID=a602363ba32d4bf635141069ad087eae StaticDependenciesID=5ee5a96720b7e42d859552c89c93e648 
Start importing Packages/com.unity.collab-proxy/Lib/Editor/Localization/clientcommon.ko.txt using Guid(8eadbdd324314144b856d87107a012ca) (TextScriptImporter) -> (Import Result ID: '4aec8526572abbf2b4435be4486612eb') in 0.000257375 seconds [static dependencies only]. Details - ImportResultOutputID=1175bee8045bad4aa56640061f59ada0 DependenciesID=c124cb4589021581367a83574ec729bd StaticDependenciesID=b00528b0e20a2fa7a4fb82c2de624316 
Start importing Packages/com.unity.collab-proxy/Editor/_Deprecated/README.md using Guid(9e56b150f059e654b911faff982eacf8) (TextScriptImporter) -> (Import Result ID: '4c03d4e7dee6d88f32d401d117a4e222') in 0.00025675 seconds [static dependencies only]. Details - ImportResultOutputID=4c7f5e1d36a6506ef334456319a9f536 DependenciesID=5343ee1fe62b179fb5a9eebfe540a160 StaticDependenciesID=813aa4ae9f9b5adef68e93e87212d6ce 
Start importing Packages/com.unity.collab-proxy/Lib/Editor/Localization/cm.en.txt using Guid(ae91000f9f607f041baa57d1c4192d7d) (TextScriptImporter) -> (Import Result ID: '5c9484a6de0e8ae8d4774254f566d0c3') in 0.00027275 seconds [static dependencies only]. Details - ImportResultOutputID=e9d9ba8901e4f592843d74321c5c07d2 DependenciesID=f2e973c7f9af20338682a0c839237502 StaticDependenciesID=6fa9e45eee585f914bc29fc8ab3415f7 
Start importing Packages/com.unity.collab-proxy/Lib/Editor/Localization/semantic.ko.txt using Guid(be9f3c7d3046b9345834e193487c9442) (TextScriptImporter) -> (Import Result ID: 'a0eca94d86e4c4534f432e3dcd7f12a1') in 0.000312292 seconds [static dependencies only]. Details - ImportResultOutputID=f7140b22c23a8b7e85edf887814a99a8 DependenciesID=b54283859758b967d351bbfc29ad10d7 StaticDependenciesID=e43955cc6348bda55a0f5d90f17b5d6d 
Start importing Packages/com.unity.collab-proxy/Lib/Editor/Localization/configurehelper.ko.txt using Guid(eec509a5f81caac4eb9aa6a931713e20) (TextScriptImporter) -> (Import Result ID: 'becec5a84b65f591de0d8d311e255499') in 0.000306833 seconds [static dependencies only]. Details - ImportResultOutputID=3b55ec523373cdc1b49f75e2a8424c67 DependenciesID=67f850cef0f1b82ca767f7bcd7ae41d4 StaticDependenciesID=9412390b1dcd7cc195a3d44905d6b1f9 
Start importing Packages/com.unity.editorcoroutines/README.md using Guid(ee9ad019452796e46945e4870e3717e4) (TextScriptImporter) -> (Import Result ID: '44fb03621eb38807a871d2d802ae2884') in 0.000535709 seconds [static dependencies only]. Details - ImportResultOutputID=8d22d12abfee17c88aa4d52f9e3e8926 DependenciesID=955b6224fe7ca8a64cd44e1f19c783bd StaticDependenciesID=db8838490128b754b84ec0d9f9ebca34 
Start importing Packages/com.unity.collab-proxy/Lib/Editor/Localization/cm.ja.txt using Guid(0f8d901d18952ce4eb9cce4cc96ddb2f) (TextScriptImporter) -> (Import Result ID: '38e9e70d67c2637908b3d535acc56087') in 0.00032425 seconds [static dependencies only]. Details - ImportResultOutputID=f5bcbf5a8ef9cc6216d469fbb8876d0b DependenciesID=c4995d2b94acaefed69aecc0e74cb936 StaticDependenciesID=f893c195c466333bc4ee74720c35aa1d 
Start importing Packages/com.unity.collab-proxy/Lib/Editor/Localization/cm-help.en.txt using Guid(1f16fc68e4fb3da47a356becdbd6caff) (TextScriptImporter) -> (Import Result ID: '3582fc6f9a18984ffb4e970d70dbd530') in 0.00044075 seconds [static dependencies only]. Details - ImportResultOutputID=a6af4e32c33cf3f9786833ad9728eced DependenciesID=b64788dbddeb635dc5459bfe0623d3e6 StaticDependenciesID=5b8579effc7bbdccb12baac0d0e1aca4 
Start importing Packages/com.unity.ide.visualstudio/LICENSE.md using Guid(1fe9e6e1ae93cf64bbdfbd29300752e1) (TextScriptImporter) -> (Import Result ID: '43338758151acc98ace65f6669f519b2') in 0.000549834 seconds [static dependencies only]. Details - ImportResultOutputID=6e861d364610c447e8070762a494a0c0 DependenciesID=c1999018815cf972fef7b5797529dfce StaticDependenciesID=f3ec5502e665a0b4b30fa50c33aacebb 
Start importing Packages/com.unity.collab-proxy/Lib/Editor/Localization/workspaceserver.en.txt using Guid(1f6c6af00dd97254aa4c88bed84dbe25) (TextScriptImporter) -> (Import Result ID: '01836d71a0bec9c2c1bfd47619575f23') in 0.000312959 seconds [static dependencies only]. Details - ImportResultOutputID=f3cdaf9bb5cf940291eb5a081b379bf4 DependenciesID=4c841cea3e94ef5ffebce2c0eef5731b StaticDependenciesID=4ab5d8b133c03dcb02a250ff1f51e288 
Start importing Packages/com.unity.collab-proxy/Lib/Editor/Localization/cm-help.zh-Hans.txt using Guid(1f1fdf451bb219d459db1d901ea5a58a) (TextScriptImporter) -> (Import Result ID: '8ddd4f55a6461fc869efb2cdc396fdee') in 0.000388125 seconds [static dependencies only]. Details - ImportResultOutputID=78291fdd781cf5d9268fc20705bc09a5 DependenciesID=71ad1887596ac4ae2c5b467b5b531b22 StaticDependenciesID=bfcf292e20f1fe1e63cf24bffd976ce6 
Start importing Packages/com.unity.modules.uielements/package.json using Guid(4f0f9b9f3ed97ad2b9ba8f1a8e4666c2) (PackageManifestImporter) -> (Import Result ID: '3364c22da75cb1bacb24d62d1091f1a8') in 0.000427666 seconds [static dependencies only]. Details - ImportResultOutputID=038355d7f9fa8d4462bb1d7074b7ab14 DependenciesID=b49a4f941a0f307ef127fa90e4a44377 StaticDependenciesID=b6c5ffcd3bfc0a1343a3a69a3dd22c3a 
Start importing Packages/com.unity.feature.development/CHANGELOG.md using Guid(5f2f5f9622f1e424c8e6cda71ab1c9e8) (TextScriptImporter) -> (Import Result ID: '428ede36bae12c9a8c4c4c022a6ef4a4') in 0.000635167 seconds [static dependencies only]. Details - ImportResultOutputID=1451791f0d171929fabdbcc3d9b22cd7 DependenciesID=98c0adf996709002e44610b376b5e0d7 StaticDependenciesID=56c2437f42bb020062ef193729c4210c 
Start importing Packages/com.unity.editorcoroutines/LICENSE.md using Guid(7fd8423f910d2394b8580e2705aa247a) (TextScriptImporter) -> (Import Result ID: 'b6353bc598d67d21ab8dc87194263912') in 0.000299583 seconds [static dependencies only]. Details - ImportResultOutputID=b02e05bd7599a1a0ce855c705026c411 DependenciesID=495569d8d6ccd9c9a81ce8545cb70196 StaticDependenciesID=320a67635b96dd8f1de1e18c29e03e8c 
Start importing Packages/com.unity.visualscripting/Editor/VisualScripting.Core/Dependencies/DotNetZip/Unity.VisualScripting.IonicZip.xml using Guid(9f50ad73c9e5444df9fa594abbbdcb22) (TextScriptImporter) -> (Import Result ID: '01c849c6104cf30f7b1e7cfbeb2492c6') in 0.000563834 seconds [static dependencies only]. Details - ImportResultOutputID=6ce5a91e680fa7eae0d8a1a19a1a0f01 DependenciesID=a9d18c2cd344dac704c5c1d5e65e4d0a StaticDependenciesID=05829f1b10e425d44a44a0e29175661a 
Start importing Packages/com.unity.collab-proxy/Lib/Editor/Localization/plastic-gui.zh-Hans.txt using Guid(9fc951ba3151f8341885d4e7d6610c28) (TextScriptImporter) -> (Import Result ID: '4e26f04bfc45647adfe130fead1eeeb5') in 0.000292459 seconds [static dependencies only]. Details - ImportResultOutputID=1880bebf347c93f704075fed184501e6 DependenciesID=a7897286172c808eff7efbe798426fc6 StaticDependenciesID=fe82cd31207a9c253fdf6c712526f882 
Start importing Packages/com.unity.collab-proxy/Lib/Editor/Localization/commontypes.ja.txt using Guid(af327ffa276e0c5438392ddf392298e3) (TextScriptImporter) -> (Import Result ID: 'eadfc610b10dc1e69214e7ab99cb85b3') in 0.000292459 seconds [static dependencies only]. Details - ImportResultOutputID=e4ebe0926eb19ba06be38511fc0caa0d DependenciesID=0ef9f396ab1bed363a42b7fe931d9bec StaticDependenciesID=4471c49b37be0948d164b114f9cd5bac 
Start importing Packages/com.unity.modules.ui/package.json using Guid(bfd567a3d1631a761bca9e99fa53d86d) (PackageManifestImporter) -> (Import Result ID: '1a336ab4e255da0eebb655c9e80854c1') in 0.000264417 seconds [static dependencies only]. Details - ImportResultOutputID=1b302f8da77c2caaedba47d78cc4eeca DependenciesID=68a531176a29989eb6c6b6140c808d50 StaticDependenciesID=4ba673c9e025c935193a99c19d849698 
Start importing Packages/com.unity.ext.nunit/Third Party Notices.md using Guid(bfcb3ba499f7d452b92d9a9cc3378788) (TextScriptImporter) -> (Import Result ID: 'adfffac0089f6a4426c05142c0d46400') in 0.002252875 seconds [static dependencies only]. Details - ImportResultOutputID=7a3d5963c9d6e25430552338338a4cdc DependenciesID=0c3f20c59cd65540c00fc7f2290ad2d3 StaticDependenciesID=2ffc1c038fc0a4d762cbc26af504a22f 
Start importing Assets/QuantumUser/Configs/Phase0QuantumScaffold.md using Guid(cfb1e29f2dc7f40f68e41ad136078597) (TextScriptImporter) -> (Import Result ID: '8c9c2aa45c365c136bfa520bbe32f820') in 0.000815959 seconds [static dependencies only]. Details - ImportResultOutputID=3e87b05e5744aef211b075c9fa7ea810 DependenciesID=49b9c513ea269ae311e4798e2dcb5383 StaticDependenciesID=75caf2813f2c627211a2ab0cd8bb187c 
Start importing Packages/com.unity.collab-proxy/Lib/Editor/Localization/xdiff.zh-Hant.txt using Guid(df20a6daba90db1408657482500988de) (TextScriptImporter) -> (Import Result ID: '6550633f82066a69114971a95be04760') in 0.000274666 seconds [static dependencies only]. Details - ImportResultOutputID=c12b412fc1e81f43970a6d59a3353fc3 DependenciesID=4dbc0c7e3307acfc99a220e0dc98fb44 StaticDependenciesID=53afcbf6ea91914652a65eddd95834e3 
Start importing Packages/com.unity.testtools.codecoverage/LICENSE.md using Guid(df3aedd5e490bca44b693f5da1e4d2d5) (TextScriptImporter) -> (Import Result ID: '6493eedf9e56d23b4bb2fa1a13bcb93f') in 0.000515459 seconds [static dependencies only]. Details - ImportResultOutputID=84d22ac2f161f9b048e26cb14dfc5a71 DependenciesID=e850fa04239d7b14a5616c571e66a4c0 StaticDependenciesID=3fa533d523eba6f806fdbe4f254cc0bc 
Start importing Packages/com.unity.collab-proxy/Lib/Editor/Localization/cm.zh-Hans.txt using Guid(df4d8e6c3de6d424a8902d38caeb4c9d) (TextScriptImporter) -> (Import Result ID: 'ec727ee0f591145a235d56196ae0b138') in 0.000268875 seconds [static dependencies only]. Details - ImportResultOutputID=33e3a0d314f4f933dc158e96872a2881 DependenciesID=6e8975bf79d833cee236af4bfed9cf71 StaticDependenciesID=68f0e31d73e47f6045460060dbbab1f3 
Start importing Packages/com.unity.collab-proxy/Lib/Editor/Localization/differences.en.txt using Guid(efd5f3e0f4e457f429fde6dd1c469a96) (TextScriptImporter) -> (Import Result ID: '44ca3d6c2e239fd8b60f7997287ac7ed') in 0.000279583 seconds [static dependencies only]. Details - ImportResultOutputID=b77ad256e6e8abf39011e67022b3980f DependenciesID=817144eff3191821e441e87ad7e0b187 StaticDependenciesID=2c8ab9c7772e682571337f8f7d91d38b 
Start importing Packages/com.unity.ide.vscode/package.json using Guid(ffc6271f08270b64ca0aae9c49235d81) (PackageManifestImporter) -> (Import Result ID: '9347052def373136c2fe4f053828d1d1') in 0.000381875 seconds [static dependencies only]. Details - ImportResultOutputID=0a70e8ad535919a9f6697381451891b6 DependenciesID=e737c586a9a4cbaa9177cbcda43bcb71 StaticDependenciesID=c8501acdace6de7b9dbeb843b7f0e371 
Start importing Packages/com.unity.collab-proxy/Editor/Assets/Styles/Base.uss using Guid(bdf4f3d05dd541fa829ffa06bfbc8d0c) (ScriptedImporter) -> (Import Result ID: '85f7b6635b5fa6d43584c450c612f6ba') in 0.02327625 seconds [static and dynamic dependencies]. Details - ImportResultOutputID=92bd2e632894d5591f87cfe28d7d9aae DependenciesID=9ec25d939edd5866c9946dff19d575de StaticDependenciesID=6394f702e3fd0b2ed416c2741440ae0e 
Start importing Packages/com.unity.collab-proxy/Editor/Assets/Styles/DownloadPlasticExeDialog.uss using Guid(3073089003718474ab284d743790fbb2) (ScriptedImporter) -> (Import Result ID: 'b79cb5e57d88ba8d301769fd04138e4f') in 0.003401375 seconds [static and dynamic dependencies]. Details - ImportResultOutputID=63593514f210a8e295b9c4c01e018cba DependenciesID=45c3642ed11332f7833a05f768012241 StaticDependenciesID=16130394fdae2e896e77997d3c38f251 
Start importing Packages/com.unity.collab-proxy/Editor/Assets/Styles/WaitingSignInPanel.uss using Guid(90945345530e7174eb4f0575a0bec0bf) (ScriptedImporter) -> (Import Result ID: '00ca9adde6f75d9c688dcf0545790518') in 0.001371541 seconds [static and dynamic dependencies]. Details - ImportResultOutputID=76e46b50f06e1a70bc1204d357881c42 DependenciesID=e4f4c3c1218f97dcb3a6275783b2fd6b StaticDependenciesID=e35f6ca8edf6bdbd0c42fdd965c55e0f 
Start importing Packages/com.unity.collab-proxy/Editor/Assets/Styles/ProgressControlsForDialogs.uss using Guid(e05b9be8556f5ae41aa78140b83146d5) (ScriptedImporter) -> (Import Result ID: 'ff83bb59becdd12ccc99aea09f7b9040') in 0.002250209 seconds [static and dynamic dependencies]. Details - ImportResultOutputID=362572092b89f8d2b64e3dca73112952 DependenciesID=dc65f4056c1288fcc724d651a575038a StaticDependenciesID=6dc618b3415a1a337e7e39c4ce2dbaa8 
Start importing Packages/com.unity.collab-proxy/Editor/Assets/Styles/SignInWithEmailPanel.uss using Guid(b37675bc656348c429a6c56b2eda1345) (ScriptedImporter) -> (Import Result ID: '4b647ef044f940acd332379fecfab7ed') in 0.003408083 seconds [static and dynamic dependencies]. Details - ImportResultOutputID=72bef40c1bb1698b082da2dec19c6ce5 DependenciesID=eb5021acfaf12067a9f2b82cde7c2fbf StaticDependenciesID=8cfca8ae0a1229c4c91909351be1cc73 
Start importing Packages/com.unity.collab-proxy/Editor/Assets/Styles/OrganizationPanel.uss using Guid(642639f75f2dfbd4ab01e6708b58f304) (ScriptedImporter) -> (Import Result ID: '9fefb4b0a54c382bdc0c7f3ebe6028f0') in 0.00201775 seconds [static and dynamic dependencies]. Details - ImportResultOutputID=be9ef40f4f3204cc2acc783d100a7162 DependenciesID=db7850f2d87a1053b316cc4dd5fadd36 StaticDependenciesID=6db61bd594c87287a120a7b9dc618f9d 
Start importing Packages/com.unity.collab-proxy/Editor/Assets/Styles/SignInPanel.uss using Guid(c673e4e20ea67ab40a4661592f51aa99) (ScriptedImporter) -> (Import Result ID: '3efb3538ad38b07c94d23c4daca264ac') in 0.0012595 seconds [static and dynamic dependencies]. Details - ImportResultOutputID=0b33dcd300d12f316a7f66d874cb8f29 DependenciesID=a4679727948565f6abc815eaba3b5e6e StaticDependenciesID=fec979c4c73198bf5cf5ff8291568294 
Start importing Packages/com.unity.collab-proxy/Editor/Assets/Styles/TabView.uss using Guid(88da5407899aaaf448a40c85888108ae) (ScriptedImporter) -> (Import Result ID: '927230c8f8c5b648c121d4e4005adf10') in 0.00399925 seconds [static and dynamic dependencies]. Details - ImportResultOutputID=7c9f124d156bc273704538db799f0350 DependenciesID=cc32b586ff968f41dba78c82eda21f2e StaticDependenciesID=abf7a644c61c93d0e57999784eb17c19 
Start importing Packages/com.unity.collab-proxy/Editor/Assets/Styles/TeamEditionConfigurationWindow.uss using Guid(1cd69f37df825af4385cd9efe745fc30) (ScriptedImporter) -> (Import Result ID: '2df00911a368caf2366270ba93788d8f') in 0.001442041 seconds [static and dynamic dependencies]. Details - ImportResultOutputID=6621b34bce4011421b723a8fd2e3be79 DependenciesID=f969a39e2a3b53ded4e340905791bd75 StaticDependenciesID=744be6da57188c08fcd5486b3cd2af25 
Start importing Packages/com.unity.inputsystem/InputSystem/Editor/UITKAssetEditor/PackageResources/InputAssetEditorDark.uss using Guid(cca9ce0c8554d5244930f14c21489ac1) (ScriptedImporter) -> (Import Result ID: '886f7ac180c80b3432b14c567e27c2ec') in 0.000748833 seconds [static and dynamic dependencies]. Details - ImportResultOutputID=c155f6fec4a2c9e3a688623d2e6963d3 DependenciesID=e2cfe5c96c9b25824545dbc17793ba65 StaticDependenciesID=83c05b84692e9d0f44fc7ffe1705c153 
Start importing Packages/com.unity.inputsystem/InputSystem/Editor/UITKAssetEditor/PackageResources/InputActionsEditorStyles.uss using Guid(7dac9c49a90bca4499371d0adc9b617b) (ScriptedImporter) -> (Import Result ID: 'eb5919714b559b5e2345261cb88ea5fe') in 0.005739041 seconds [static and dynamic dependencies]. Details - ImportResultOutputID=206c08815be0182063dfc6dd00c743ee DependenciesID=9d8895f221136f67e3797bc9943b1f88 StaticDependenciesID=070c244a456bd2342e989b5d290622bd 
Start importing Packages/com.unity.inputsystem/InputSystem/Editor/UITKAssetEditor/PackageResources/InputAssetEditorLight.uss using Guid(5e7024ed0fd03984289320d04507bc0c) (ScriptedImporter) -> (Import Result ID: 'bcf2d3fcf6c6ed4bdfd8e52512f0838d') in 0.000883583 seconds [static and dynamic dependencies]. Details - ImportResultOutputID=dba5142bc1f27abe0e72bd95434461f9 DependenciesID=4c5724f25231b7eae01dd72b30454cf4 StaticDependenciesID=92d5cea773625fb3ef1d10354ca93ae9 
Start importing Packages/com.unity.inputsystem/InputSystem/Editor/UITKAssetEditor/PackageResources/ControlSchemeEditor.uxml using Guid(303ef5b13740f9a4db252c50122d2c62) (ScriptedImporter) -> (Import Result ID: 'a482b2cb22d508bd8b75c7db06cb67c1') in 0.012851042 seconds [static and dynamic dependencies]. Details - ImportResultOutputID=a7b9a41d7134b266c4a5170fd74c9286 DependenciesID=b02ac784fc8035a191b442ddde9c778b StaticDependenciesID=8dff3483b201ad5d731945f8925d8814 
Start importing Packages/com.unity.collab-proxy/Editor/Assets/Layouts/TabView.uxml using Guid(d0a8e201e79e1f441bdf295aef957220) (ScriptedImporter) -> (Import Result ID: '5522a802aa8ef2809b31177dd2272dc8') in 0.001020458 seconds [static and dynamic dependencies]. Details - ImportResultOutputID=e64ab4606bc3e2357bbfa77e3782b383 DependenciesID=3c9b68ee9e83b03b40ad33e72d5ab6be StaticDependenciesID=422a80d46c1378d63b0b142026720ed9 
Start importing Packages/com.unity.collab-proxy/Editor/Assets/Layouts/WaitingSignInPanel.uxml using Guid(913c727eecab25c489fa2adbad9c9ab8) (ScriptedImporter) -> (Import Result ID: 'ba047272b27ed67c40683237688e1c76') in 0.00113025 seconds [static and dynamic dependencies]. Details - ImportResultOutputID=4d1172915450bc5b3b51c0191a271fe4 DependenciesID=e7ea25524cc89469bf2a101c9502689c StaticDependenciesID=58378ebef17b61d5e22566c7e75fd849 
Start importing Packages/com.unity.collab-proxy/Editor/Assets/Layouts/SignInWithEmailPanel.uxml using Guid(0229db2477529f049aa3683cfba9d23b) (ScriptedImporter) -> (Import Result ID: 'eab0cabf08af9977ff0e1622fc885c0b') in 0.0010505 seconds [static and dynamic dependencies]. Details - ImportResultOutputID=6d71b487a0cac0f2c490734391b9e9a1 DependenciesID=ce42599be7d8caa8fa34130be71c2df2 StaticDependenciesID=461b7e851c32c4c594e7b625f39d7dff 
Start importing Packages/com.unity.inputsystem/InputSystem/Editor/UITKAssetEditor/PackageResources/BindingPanelRowTemplate.uxml using Guid(449c8e5ca27af8e4a9db710c8be5e4df) (ScriptedImporter) -> (Import Result ID: 'f2b8209687a0bc227e4f572fad68a5d0') in 0.00301725 seconds [static and dynamic dependencies]. Details - ImportResultOutputID=8e1bf66b3c1fb25fd51d905c390dfe48 DependenciesID=75d850dd4e63997c97243e34e54f0121 StaticDependenciesID=ab19e307246efc2c040c103950200add 
Start importing Packages/com.unity.inputsystem/InputSystem/Editor/UITKAssetEditor/PackageResources/InputActionsTreeViewItem.uxml using Guid(452df07a8ad0c944c879a484d5890e61) (ScriptedImporter) -> (Import Result ID: '86ae18fd9b02ea193e784003a2eb58b8') in 0.00261025 seconds [static and dynamic dependencies]. Details - ImportResultOutputID=83fa3d0a826e0b27d3ff3fe70326a373 DependenciesID=6be5eb3505eb57762ea7003f0eab8986 StaticDependenciesID=ede6a1a77ae774d2d8ca05cfa1c12faa 
Start importing Packages/com.unity.inputsystem/InputSystem/Editor/UITKAssetEditor/PackageResources/InputActionsProjectSettings.uxml using Guid(75a33987e21d5ac449deecea3dcd864f) (ScriptedImporter) -> (Import Result ID: 'd2481c94663dcebce82f20ebab8cbd63') in 0.002051791 seconds [static and dynamic dependencies]. Details - ImportResultOutputID=90c4f17dfacdba1138fcf1ada40a2115 DependenciesID=d3ec34ce46f6129890c838b4a2d829c3 StaticDependenciesID=8fb6d4fcda66d9a64c8bb5198015c42e 
Start importing Packages/com.unity.collab-proxy/Editor/Assets/Layouts/TeamEditionConfigurationWindow.uxml using Guid(26d3a583da6079145a52a8bef4beb6c5) (ScriptedImporter) -> (Import Result ID: '2707c92f489808a783098af5c940173d') in 0.001611667 seconds [static and dynamic dependencies]. Details - ImportResultOutputID=fccdeb496a4c1b6092f475f468432c29 DependenciesID=98309221c2616d31fafdf142fd363263 StaticDependenciesID=46b2793d6ed42000b809a15d79951781 
Start importing Packages/com.unity.collab-proxy/Editor/Assets/Layouts/OrganizationPanel.uxml using Guid(b6420407edc75d04f89d57eb2fcc314b) (ScriptedImporter) -> (Import Result ID: '9c0cc252ec6fe5128b2c87ab6a7d9feb') in 0.001294334 seconds [static and dynamic dependencies]. Details - ImportResultOutputID=0d0da56ac0a988ab109c808589b87a9f DependenciesID=4069eee91d821da46da01ca448c6229a StaticDependenciesID=2e27ee84c3e45762be4bbab7a88ca2d8 
Start importing Packages/com.unity.inputsystem/InputSystem/Editor/UITKAssetEditor/PackageResources/InputActionsEditor.uxml using Guid(c662e0d3cc3c4f948808f9847f715ef2) (ScriptedImporter) -> (Import Result ID: '06e9c6a28cca8b226071d79785c68dd6') in 0.007598292 seconds [static and dynamic dependencies]. Details - ImportResultOutputID=753c51b3d64dbd88cf88711383cf1253 DependenciesID=cd7b636cdfb1950a6a80337031a7486e StaticDependenciesID=e580fc79d640eac179b0145e18078006 
Start importing Packages/com.unity.collab-proxy/Editor/Assets/Layouts/PlasticWindow/StatusBar.uxml using Guid(872252c6da7ba3c4ba34ad38b39b4f4c) (ScriptedImporter) -> (Import Result ID: '60cefd2d1f9cd729e30e2cf83172b9fa') in 0.001093291 seconds [static and dynamic dependencies]. Details - ImportResultOutputID=425e93660d88e3f544671ad90bd5d07b DependenciesID=7757b6b307dc641caef807c0b1b44bc9 StaticDependenciesID=ae75f7ca7a8ea9907ed54f46fe8b4da1 
Start importing Packages/com.unity.collab-proxy/Editor/Assets/Layouts/SignInPanel.uxml using Guid(18b097dd2d10fb442a321314f4541401) (ScriptedImporter) -> (Import Result ID: '14dd708272fe1c76e04d4a4a44a2a873') in 0.0009565 seconds [static and dynamic dependencies]. Details - ImportResultOutputID=c3604a1e07d8a05c86b5c62bdf95983c DependenciesID=31dba509b8a4e10e3ee6f7615de1f4e3 StaticDependenciesID=45ec4851ff683f44e7aa6f473676329d 
Start importing Packages/com.unity.collab-proxy/Editor/Assets/Layouts/CreatedOrganizationPanel.uxml using Guid(0a73ab5bab69746419e8e0ff89c8e816) (ScriptedImporter) -> (Import Result ID: '3186dab95bee6e67f119bb6c97ec8b2d') in 0.000835875 seconds [static and dynamic dependencies]. Details - ImportResultOutputID=a6277bd256a4603033faca3ff1decc4c DependenciesID=6d7a0f2b13453536fd6379f954f93f79 StaticDependenciesID=b815ec327d6c10a12327994bd6df8197 
Start importing Packages/com.unity.inputsystem/InputSystem/Editor/UITKAssetEditor/PackageResources/CompositeBindingPropertiesEditor.uxml using Guid(2bd2d0548382d58489e8c2999daf4139) (ScriptedImporter) -> (Import Result ID: '0005b00e73a9e8bf79d94c3706f6b1cb') in 0.001449291 seconds [static and dynamic dependencies]. Details - ImportResultOutputID=6ba2ce378d1598cc1eb6d117a74f22ba DependenciesID=e8c7caba528ed488d1a4b566bb711054 StaticDependenciesID=e99dcab3df9fb1666e927bc3489dc56e 
Start importing Packages/com.unity.inputsystem/InputSystem/Editor/UITKAssetEditor/PackageResources/NameAndParameterListViewItemTemplate.uxml using Guid(9cbd73d51dc491b4888055ae65cd9545) (ScriptedImporter) -> (Import Result ID: '5c857bc2ef7d2b642e9a26ed7c0716f0') in 0.001057333 seconds [static and dynamic dependencies]. Details - ImportResultOutputID=a92be4bc9ff1a777b1d98b6cabd97f4b DependenciesID=ab0d0a551416c194711352b218491182 StaticDependenciesID=752a092b62740a716556de6d83749dce 
Start importing Packages/com.unity.inputsystem/InputSystem/Editor/UITKAssetEditor/PackageResources/CompositePartBindingPropertiesEditor.uxml using Guid(acfae125fa5d7904987a696b3993d432) (ScriptedImporter) -> (Import Result ID: '9e4b87dcb52f6ac3b886686cdb5baed2') in 0.000986125 seconds [static and dynamic dependencies]. Details - ImportResultOutputID=4c5766bb2f8e8045586f9757fdd6d47f DependenciesID=f8cddbb69ad18102f0fd035b6ffbb168 StaticDependenciesID=1d62289fb5d029c43cd8665979683155 
Start importing Packages/com.unity.collab-proxy/Editor/Assets/Layouts/DownloadPlasticExeDialog.uxml using Guid(3da0c7cf51d8e4b40a5af55a4ca63e4e) (ScriptedImporter) -> (Import Result ID: '643711f36ad5cf826b5d00bcfd0509b7') in 0.000734958 seconds [static and dynamic dependencies]. Details - ImportResultOutputID=1e65cd354b5bfd96aeb1ebf110e309f2 DependenciesID=a6642640ceecefc067acd0babb3a89b8 StaticDependenciesID=14b9ca6b7e94b017bda9df445be144d9 
Start importing Packages/com.unity.collab-proxy/Editor/Assets/Layouts/ProgressControlsForDialogs.uxml using Guid(feccc3dff22272744a267246ae760a73) (ScriptedImporter) -> (Import Result ID: '8abb94bfd691bfbaa890e39c8c475802') in 0.000665667 seconds [static and dynamic dependencies]. Details - ImportResultOutputID=b8f0dfeca0a5761b81e7fe6a1e6ce580 DependenciesID=d4bbcddde2cf0ca97ae7e77d5ec260f1 StaticDependenciesID=8f42f54c691ac83e495b083e56a5ab6e 
Start importing Packages/com.unity.inputsystem/InputSystem/Editor/UITKAssetEditor/PackageResources/InputActionMapsTreeViewItem.uxml using Guid(3fa44185ed614414ebab354dfe5a06b6) (ScriptedImporter) -> (Import Result ID: '2760e0a1b0ad8bb9a6120423102f84ee') in 0.001128667 seconds [static and dynamic dependencies]. Details - ImportResultOutputID=bc94624b1c0eda21664eb62536afde6b DependenciesID=8e0b02264d36d411a0a25fac923d1715 StaticDependenciesID=42d993363e3a9cf45315763395c63805 
Launching external process: /Applications/Unity/Hub/Editor/6000.4.1f1/Unity.app/Contents/Helpers/UnityShaderCompiler
Launched and connected shader compiler UnityShaderCompiler after 0.03 seconds
Loading style catalogs (6)
	StyleSheets/Extensions/base/common.uss
	UIPackageResources/StyleSheets/Default/Variables/Public/common.uss
	StyleSheets/Northstar/common.uss
	StyleSheets/Extensions/fonts/inter.uss
	StyleSheets/Extensions/base/dark.uss
	UIPackageResources/StyleSheets/Default/Northstar/Palette/dark.uss
Launching external process: /Applications/Unity/Hub/Editor/6000.4.1f1/Unity.app/Contents/Helpers/UnityShaderCompiler
Launched and connected shader compiler UnityShaderCompiler after 0.03 seconds
Launching external process: /Applications/Unity/Hub/Editor/6000.4.1f1/Unity.app/Contents/Helpers/UnityShaderCompiler
Launched and connected shader compiler UnityShaderCompiler after 0.03 seconds
Launching external process: /Applications/Unity/Hub/Editor/6000.4.1f1/Unity.app/Contents/Helpers/UnityShaderCompiler
Launched and connected shader compiler UnityShaderCompiler after 0.03 seconds
(Values over 0.050ms)
Asset Pipeline Refresh (id=9ae428a9556ee4070b566f559c0ee673): Total: 13.492 seconds - Initiated by InitialRefreshV2(ForceSynchronousImport)
	Summary:
		Imports: total=1191 (actual=1191, local cache=0, cache server=0)
		Asset DB Process Time: managed=14 ms, native=2687 ms
		Asset DB Callback time: managed=140 ms, native=907 ms
		Scripting: domain reloads=1, domain reload time=442 ms, compile time=9287 ms, other=12 ms
		Project Asset Count: scripts=588, non-scripts=603
		Asset File Changes: new=0, changed=8, moved=0, deleted=573
		Scan Filter Count: 1
	InvokePackagesCallback: 639.077ms
	ApplyChangesToAssetFolders: 0.079ms
	Scan: 98.475ms
	OnSourceAssetsModified: 1.518ms
	CategorizeScriptCompilationAssets: 13.678ms
	ProcessAssetsWithTransientArtifactChanges: 16.201ms
	CategorizeAssets: 2.808ms
	CompileScripts: 9287.110ms
	ImportOutOfDateAssets: 2530.603ms (391.733ms without children)
		ImportManagerImport: 2138.473ms (97.697ms without children)
			UpdateCategorizedAssets: 2.799ms
		UnloadImportedAssets: 0.151ms
		ReloadImportedAssets: 0.075ms
		EnsureUptoDateAssetsAreRegisteredWithGuidPM: 0.089ms
		OnDemandSchedulerStart: 0.153ms
	PostProcessAllAssets: 406.246ms
		ShaderAssetModifiedCallback 254.678ms
		AssemblyValidation.PostprocessAllAssets 2.292ms
		LocalizationDatabase.AssetDatabasePostprocessCallback 1.415ms
		ComputeShaderImportPostprocess 0.749ms
		RaytracingShaderImportPostprocess 0.601ms
		PostProcessCallbackCreateDeferredMaterials 0.447ms
		SpeedTreeImporter.PostprocessAllAssets 0.369ms
		BlockShaderImporter.PostprocessAllAssets 0.244ms
		XRBuildSystem.XRAssetImported 0.061ms
		MonoPostProcessAllAssets: 139.624ms
			StyleCatalogPostProcessor.OnPostprocessAllAssets 47.434ms
			AssetPostprocessor.OnPostprocessAllAssets 31.815ms
			RetainedModeAssetPostprocessor.OnPostprocessAllAssets 30.668ms
			InputActionJsonNameModifierAssetProcessor.OnPostprocessAllAssets 5.236ms
			WindowAssetPostprocessingWatcher.OnPostprocessAllAssets 4.409ms
			InputActionAssetPostprocessor.OnPostprocessAllAssets 3.893ms
			BuilderAssetPostprocessor.OnPostprocessAllAssets 3.614ms
			AssetChangedListener.OnPostprocessAllAssets 2.294ms
			TextAssetPostProcessor.OnPostprocessAllAssets 2.013ms
			SpeedTree9Postprocessor.OnPostprocessAllAssets 0.498ms
			ArtifactBrowserPostProcessor.OnPostprocessAllAssets 0.235ms
			TMPro_TexturePostProcessor.OnPostprocessAllAssets 0.209ms
			ReferencedClipsPostProcessor.OnPostprocessAllAssets 0.183ms
			AssetEvents.OnPostprocessAllAssets 0.139ms
			AudioMixerPostprocessor.OnPostprocessAllAssets 0.126ms
			ProjectSettingsPostprocessor.OnPostprocessAllAssets 0.098ms
			SpeedTreePostProcessor.OnPostprocessAllAssets 0.090ms
			TerrainToolbarOverlayPostProcessor.OnPostprocessAllAssets 0.087ms
			AssetDatabaseCallbacks.OnPostprocessAllAssets 0.063ms
			SyncVS.PostprocessSyncProject 0.058ms
			ConfigAssetsTracker.OnPostprocessAllAssets 0.056ms
			ScenarioDriftAssetsTracker.OnPostprocessAllAssets 0.050ms
			RenderPipelineGlobalSettingsPostprocessor.OnPostprocessAllAssets 0.050ms
	PostAssetChangesProfiler: 1.619ms
	UnloadStreamsBegin: 0.423ms
	PersistCurrentRevisions: 0.602ms
	GenerateScriptTypeHashes: 0.452ms
	GenerateScriptTypeSerializationHashes: 0.842ms
	Untracked: 492.637ms

Application.AssetDatabase Initial Refresh End
Scanning for USB devices : 0.029ms
Initializing Unity extensions:
[MODES] ModeService[none].Initialize
[MODES] ModeService[none].LoadModes
[MODES] Loading mode Default (0) for mode-current-id-Anachron
2026-07-30 08:23:35.246 Unity[2205:13459002] NSEventModifierFlagFunction specified to -setKeyEquivalentModifierMask: for item <NSMenuItem: 0xb3f43a4e0 SDF, ke='Command-F12'>, but is only supported for system-provided menu items; will not be used
Unloading 27 Unused Serialized files (Serialized files now loaded: 0)
Unloading 3399 unused Assets / (11.1 MB). Loaded Objects now: 3971.
Memory consumption went from 182.2 MB to 171.1 MB.
Total: 275.473291 ms (FindLiveObjects: 0.176917 ms CreateObjectMapping: 0.068917 ms MarkObjects: 4.632916 ms  DeleteObjects: 270.594167 ms)

2026-07-30 08:23:35.551 Unity[2205:13459002] NSEventModifierFlagFunction specified to -setKeyEquivalentModifierMask: for item <NSMenuItem: 0xb3f43b340 SDF, ke='Command-F12'>, but is only supported for system-provided menu items; will not be used
Thread 0x302d87000 may have been prematurely finalized
Batchmode quit successfully invoked - shutting down!
Killing ADB server in 0.076131 seconds.
Start importing ProjectSettings/ProjectSettings.asset using Guid(00000000000000004000000000000000) (LibraryAssetImporter) -> (Import Result ID: '95be883239c8aa85e95b08deaeed2c53') in 0.002925416 seconds [static dependencies only]. Details - ImportResultOutputID=d3ca6db29495033f6ec6c171ea098da8 DependenciesID=f6e80b69e3f96470336b8a6a9ae4cdcd StaticDependenciesID=a87a79a366afd79f776bb80381a48a9d 
Loading style catalogs (6)
	StyleSheets/Extensions/base/common.uss
	UIPackageResources/StyleSheets/Default/Variables/Public/common.uss
	StyleSheets/Northstar/common.uss
	StyleSheets/Extensions/fonts/inter.uss
	StyleSheets/Extensions/base/dark.uss
	UIPackageResources/StyleSheets/Default/Northstar/Palette/dark.uss
Asset Pipeline Refresh (id=9eddc656b66da4019bb9054b9711a875): Total: 0.040 seconds - Initiated by StopAssetImportingV2(NoUpdateAssetOptions)
Thread 0x303053000 may have been prematurely finalized
Input System module state changed to: ShutdownInProgress.
Input Polling Thread exited.
Input System module state changed to: Shutdown.
<CFData 0xb3f5b6940 [0x1fa584880]>{length = 6, capacity = 6, bytes = 0x80a99712a6f8}
[Physics::Module] Cleanup current backend.
[Physics::Module] Id: 0xf2b8ea05
[Licensing::IpcConnector] LicenseClient-douglasgordy-6000.4.1-notifications channel disconnected successfully.
[Licensing::IpcConnector] LicenseClient-douglasgordy-6000.4.1 channel disconnected successfully.
Thread 0x16bf23000 may have been prematurely finalized
Thread 0x16bfaf000 may have been prematurely finalized
AcceleratorClientConnectionCallback - disconnected - :0
info: Microsoft.Hosting.Lifetime[0]
      Application is shutting down...
Cleanup mono
CodeReloadManager destroyed
debugger-agent: Unable to listen on 44
Exiting batchmode successfully now!
[Package Manager] Server process was shutdown
