Unity Editor version:    6000.4.1f1 (8535861f39e1)
Branch:                  6000.4/staging
Build type:              Release
Batch mode:              YES
macOS version:           Version 26.6.2 (Build 25G83)
Darwin version:          25.6.0
Architecture:            arm64
Running under Rosetta:   NO
Available memory:        36864 MB
Date:                    2026-08-22T00:51:45Z
[Licensing::Module] Trying to connect to existing licensing client channel...
[Licensing::IpcConnector] Successfully connected to: "LicenseClient-douglasgordy" at "2026-08-22T00:51:45.034684Z"

COMMAND LINE ARGUMENTS:
/Applications/Unity/Hub/Editor/6000.4.1f1/Unity.app/Contents/MacOS/Unity
-adb2
-batchMode
-noUpm
-name
AssetImportWorker1
-projectPath
/Users/douglasgordy/Documents/Anachron
-logFile
Logs/AssetImportWorker1.log
-srvPort
49719
-licensingIpc
LicenseClient-douglasgordy
-force-metal
-job-worker-count
5
-background-job-worker-count
8
-gc-helper-count
1
-name AssetImport
Successfully changed project path to: /Users/douglasgordy/Documents/Anachron
/Users/douglasgordy/Documents/Anachron
[UnityMemory] Configuration Parameters - Can be set up in boot.config
    "memorysetup-temp-allocator-size-gi-baking-worker=262144"
    "memorysetup-temp-allocator-size-gi-baking-worker=262144"
    "memorysetup-temp-allocator-size-gi-baking-worker=262144"
    "memorysetup-temp-allocator-size-gi-baking-worker=262144"
    "memorysetup-temp-allocator-size-gi-baking-worker=262144"
    "memorysetup-temp-allocator-size-nav-mesh-worker=65536"
    "memorysetup-temp-allocator-size-audio-worker=65536"
    "memorysetup-temp-allocator-size-cloud-worker=32768"
    "memorysetup-allocator-temp-initial-block-size-main=262144"
    "memorysetup-allocator-temp-initial-block-size-worker=262144"
    "memorysetup-temp-allocator-size-background-worker=32768"
    "memorysetup-temp-allocator-size-job-worker=262144"
    "memorysetup-temp-allocator-size-preload-manager=33554432"
    "memorysetup-temp-allocator-size-gfx=262144"
    "memorysetup-bucket-allocator-granularity=16"
    "memorysetup-bucket-allocator-bucket-count=8"
    "memorysetup-bucket-allocator-block-size=33554432"
    "memorysetup-bucket-allocator-block-count=8"
    "memorysetup-main-allocator-block-size=16777216"
    "memorysetup-thread-allocator-block-size=16777216"
    "memorysetup-gfx-main-allocator-block-size=16777216"
    "memorysetup-gfx-thread-allocator-block-size=16777216"
    "memorysetup-cache-allocator-block-size=4194304"
    "memorysetup-typetree-allocator-block-size=2097152"
    "memorysetup-profiler-bucket-allocator-granularity=16"
    "memorysetup-profiler-bucket-allocator-bucket-count=8"
    "memorysetup-profiler-bucket-allocator-block-size=33554432"
    "memorysetup-profiler-bucket-allocator-block-count=8"
    "memorysetup-profiler-allocator-block-size=16777216"
    "memorysetup-profiler-editor-allocator-block-size=1048576"
    "memorysetup-temp-allocator-size-main=16777216"
    "memorysetup-job-temp-allocator-block-size=2097152"
    "memorysetup-job-temp-allocator-block-size-background=1048576"
    "memorysetup-job-temp-allocator-reduction-small-platforms=262144"
Player connection [8405393792]  Target information:

Player connection [8405393792]  * "[IP] 192.168.50.179 [Port] 0 [Flags] 2 [Guid] 3912304974 [EditorId] 3912304974 [Version] 1048832 [Id] OSXEditor(0,Mac.DigitslADHD) [Debug] 1 [PackageName] OSXEditor [ProjectName] Editor" 

Player connection [8405393792] Host joined multi-casting on [225.0.0.222:54997]...
Player connection [8405393792] Host joined alternative multi-casting on [225.0.0.222:34997]...
JobSystem: Creating JobQueue using job-worker-count value 5
Input System module state changed to: Initialized.
[Physics::Module] Initialized fallback backend.
[Physics::Module] Id: 0xdecafbad
Library Redirect Path: Library/
[Physics::Module] Selected backend.
[Physics::Module] Name: PhysX
[Physics::Module] Id: 0xf2b8ea05
[Physics::Module] SDK Version: 4.1.2
[Physics::Module] Integration Version: 1.0.0
[Physics::Module] Threading Mode: Multi-Threaded
Initialize engine version: 6000.4.1f1 (8535861f39e1)
[Subsystems] Discovering subsystems at path /Applications/Unity/Hub/Editor/6000.4.1f1/Unity.app/Contents/Resources/UnitySubsystems
[Subsystems] Discovering subsystems at path /Users/douglasgordy/Documents/Anachron/Assets
Forcing GfxDevice: Metal
GfxDevice: creating device client; kGfxThreadingModeNonThreaded
 preferred device: Apple M3 Pro (high power)
Metal devices available: 1
0: Apple M3 Pro (high power)
Using device Apple M3 Pro (high power)
Initializing Metal device caps: Apple M3 Pro
Mac GPU Family: 2
Apple GPU Family: 9
MSL Version: 3.0
Has Float MSAA: 1
Has Float Filtering: 1
ReadWrite Texture Tier: 2
Initialize mono
Mono path[0] = '/Applications/Unity/Hub/Editor/6000.4.1f1/Unity.app/Contents/Resources/Scripting/Managed'
Mono path[1] = '/Applications/Unity/Hub/Editor/6000.4.1f1/Unity.app/Contents/Resources/Scripting/MonoBleedingEdge/lib/mono/unityjit-macos'
Mono config path = '/Applications/Unity/Hub/Editor/6000.4.1f1/Unity.app/Contents/Resources/Scripting/MonoBleedingEdge/etc'
Using monoOptions --debugger-agent=transport=dt_socket,embedding=1,server=y,suspend=n,address=127.0.0.1:56710
CodeReloadManager initialized
Begin MonoManager ReloadAssembly
Registering precompiled unity dll's ...
Register platform support module: /Applications/Unity/Hub/Editor/6000.4.1f1/Unity.app/Contents/PlaybackEngines/MacStandaloneSupport/UnityEditor.OSXStandalone.Extensions.dll
[Licensing::Module] Licensing is not yet initialized.
[Licensing::Client] Error: HandshakeResponse reported an error:
	ResponseCode: 505
	ResponseStatus: Unsupported protocol version '1.18.1'.
[Licensing::Module] Error: Failed to handshake to channel: "LicenseClient-douglasgordy"
[Licensing::IpcConnector] LicenseClient-douglasgordy channel disconnected successfully.
[Licensing::IpcConnector] Successfully connected to: "LicenseClient-douglasgordy-6000.4.1" at "2026-08-22T00:51:45.766838Z"
[Licensing::Client] Handshaking with LicensingClient:
  Version:                 1.18.1+9fbee8e
  Session Id:              2e5334652a294a598979110c0193a807
  Correlation Id:          09a56d958f8dc2795fbd51ebd1127d53
  External correlation Id: 8318881444039213381
  Machine Id:              DhQucniMTNkDsExfEgZyXoXt+x8=
[Licensing::Module] Successfully connected to LicensingClient on channel: "LicenseClient-douglasgordy-6000.4.1" (connect: 0.00s, validation: 0.00s, handshake: 0.61s)
[Licensing::IpcConnector] Successfully connected to: "LicenseClient-douglasgordy-6000.4.1-notifications" at "2026-08-22T00:51:46.376852Z"
[Licensing::Module] Licensing Background thread has ended after 1.34s
[Licensing::Module] Licensing is initialized (took 0.71s).
[Licensing::Client] Successfully resolved entitlement details
[Licensing::Module] License group:
  Id: 20067581430876-UnityPersXXXX
  Product: Unity Personal
  Type: Assigned
  Expiration: Unlimited
Register platform support module: /Applications/Unity/Hub/Editor/6000.4.1f1/PlaybackEngines/AndroidPlayer/UnityEditor.Android.Extensions.dll
Registered in 0.708814 seconds.
Native extension for Android target not found
Native extension for OSXStandalone target not found
Package Manager log level set to [2]
[Package Manager] Failed to launch server process. Reason: Unity was launched with the -noUpm command-line argument
[Package Manager] Unable to send message (not connected to server process).
[Package Manager] Cannot connect to Unity Package Manager local server
ScheduleIndexationOnStartup MainProcess:False IndexOnStartup:True
Mono: successfully reloaded assembly
- Finished resetting the current domain, in  0.243 seconds
Domain Reload Profiling: 1218ms
	BeginReloadAssembly (54ms)
	RebuildCommonClasses (26ms)
	RebuildNativeTypeToScriptingClass (10ms)
	initialDomainReloadingComplete (740ms)
	LoadAllAssembliesAndSetupDomain (145ms)
		LoadAssemblies (54ms)
		AnalyzeDomain (139ms)
			TypeCache.Refresh (138ms)
				TypeCache.ScanAssembly (127ms)
	FinalizeReload (244ms)
		SetupLoadedEditorAssemblies (0ms)
			InitializePlatformSupportModulesInManaged (31ms)
			BeforeProcessingInitializeOnLoad (52ms)
			ProcessInitializeOnLoadAttributes (67ms)
			ProcessInitializeOnLoadMethodAttributes (47ms)
[CoreBusinessMetrics] Unexpected thread when updating session info.
========================================================================
Worker process is ready to serve import requests
Import Worker Mode flag is 0x00
Begin MonoManager ReloadAssembly
[Licensing::Client] Successfully resolved entitlement details
Assembly Assembly-CSharp-Editor-firstpass.dll at Library/ScriptAssemblies/Assembly-CSharp-Editor-firstpass.dll not valid. Loading of assembly skipped.
Assembly Assembly-CSharp-Editor.dll at Library/ScriptAssemblies/Assembly-CSharp-Editor.dll not valid. Loading of assembly skipped.
Assembly Assembly-CSharp-firstpass.dll at Library/ScriptAssemblies/Assembly-CSharp-firstpass.dll not valid. Loading of assembly skipped.
Assembly PhotonWebSocket.dll at Library/ScriptAssemblies/PhotonWebSocket.dll not valid. Loading of assembly skipped.
Assembly TestNewCustomAssembly.dll at Library/ScriptAssemblies/TestNewCustomAssembly.dll not valid. Loading of assembly skipped.
Assembly Unity.AI.Navigation.Editor.Tests.dll at Library/ScriptAssemblies/Unity.AI.Navigation.Editor.Tests.dll not valid. Loading of assembly skipped.
Assembly Unity.AI.Navigation.LegacyOffMeshLink.Tests.dll at Library/ScriptAssemblies/Unity.AI.Navigation.LegacyOffMeshLink.Tests.dll not valid. Loading of assembly skipped.
Assembly Unity.AI.Navigation.Tests.dll at Library/ScriptAssemblies/Unity.AI.Navigation.Tests.dll not valid. Loading of assembly skipped.
Assembly Unity.AI.Navigation.Tests.EditorInPlaymode.dll at Library/ScriptAssemblies/Unity.AI.Navigation.Tests.EditorInPlaymode.dll not valid. Loading of assembly skipped.
Assembly Unity.InputSystem.IntegrationTests.dll at Library/ScriptAssemblies/Unity.InputSystem.IntegrationTests.dll not valid. Loading of assembly skipped.
Assembly Unity.Performance.Profile-Analyzer.EditorTests.dll at Library/ScriptAssemblies/Unity.Performance.Profile-Analyzer.EditorTests.dll not valid. Loading of assembly skipped.
Assembly Unity.Settings.Tests.dll at Library/ScriptAssemblies/Unity.Settings.Tests.dll not valid. Loading of assembly skipped.
Assembly Unity.TestTools.CodeCoverage.Editor.Compatibility.dll at Library/ScriptAssemblies/Unity.TestTools.CodeCoverage.Editor.Compatibility.dll not valid. Loading of assembly skipped.
Assembly Unity.TextMeshPro.Editor.Tests.dll at Library/ScriptAssemblies/Unity.TextMeshPro.Editor.Tests.dll not valid. Loading of assembly skipped.
Assembly Unity.TextMeshPro.Tests.dll at Library/ScriptAssemblies/Unity.TextMeshPro.Tests.dll not valid. Loading of assembly skipped.
Assembly UnityEditor.UI.Common.Tests.dll at Library/ScriptAssemblies/UnityEditor.UI.Common.Tests.dll not valid. Loading of assembly skipped.
Assembly UnityEditor.UI.EditorTests.dll at Library/ScriptAssemblies/UnityEditor.UI.EditorTests.dll not valid. Loading of assembly skipped.
Assembly UnityEngine.UI.Tests.dll at Library/ScriptAssemblies/UnityEngine.UI.Tests.dll not valid. Loading of assembly skipped.
'Assets/Photon/Quantum/Runtime/QuantumUnityRuntime.cs' contains partial class of Unity.Object, exactly 1 of the partial classes needs to be in a file with the same filename. This is to know the one that can be referenced from ie. GameObjects
'Assets/Photon/Quantum/Runtime/QuantumUnityRuntime.cs' contains partial class of Unity.Object, exactly 1 of the partial classes needs to be in a file with the same filename. This is to know the one that can be referenced from ie. GameObjects
'Assets/Photon/Quantum/Runtime/QuantumUnityRuntime.cs' contains partial class of Unity.Object, exactly 1 of the partial classes needs to be in a file with the same filename. This is to know the one that can be referenced from ie. GameObjects
'Assets/Photon/Quantum/Runtime/QuantumUnityRuntime.cs' contains partial class of Unity.Object, exactly 1 of the partial classes needs to be in a file with the same filename. This is to know the one that can be referenced from ie. GameObjects
'Assets/Photon/Quantum/Runtime/QuantumUnityRuntime.cs' contains partial class of Unity.Object, exactly 1 of the partial classes needs to be in a file with the same filename. This is to know the one that can be referenced from ie. GameObjects
'Assets/Photon/Quantum/Runtime/QuantumUnityRuntime.cs' contains partial class of Unity.Object, exactly 1 of the partial classes needs to be in a file with the same filename. This is to know the one that can be referenced from ie. GameObjects
'Assets/Photon/Quantum/Runtime/QuantumUnityRuntime.cs' contains partial class of Unity.Object, exactly 1 of the partial classes needs to be in a file with the same filename. This is to know the one that can be referenced from ie. GameObjects
'Assets/Photon/Quantum/Runtime/QuantumUnityRuntime.cs' contains partial class of Unity.Object, exactly 1 of the partial classes needs to be in a file with the same filename. This is to know the one that can be referenced from ie. GameObjects
'Assets/Photon/Quantum/Runtime/QuantumUnityRuntime.cs' contains partial class of Unity.Object, exactly 1 of the partial classes needs to be in a file with the same filename. This is to know the one that can be referenced from ie. GameObjects
'Assets/Photon/Quantum/Runtime/QuantumUnityRuntime.cs' contains partial class of Unity.Object, exactly 1 of the partial classes needs to be in a file with the same filename. This is to know the one that can be referenced from ie. GameObjects
'Assets/Photon/Quantum/Runtime/QuantumUnityRuntime.cs' contains partial class of Unity.Object, exactly 1 of the partial classes needs to be in a file with the same filename. This is to know the one that can be referenced from ie. GameObjects
Native extension for Android target not found
Native extension for OSXStandalone target not found
[Package Manager] Failed to launch server process. Reason: Unity was launched with the -noUpm command-line argument
[Package Manager] Unable to send message (not connected to server process).
[Package Manager] Cannot connect to Unity Package Manager local server
ScheduleIndexationOnStartup MainProcess:False IndexOnStartup:True
Mono: successfully reloaded assembly
- Finished resetting the current domain, in  0.468 seconds
Domain Reload Profiling: 903ms
	BeginReloadAssembly (80ms)
		DisableScriptedObjects (3ms)
		CreateAndSetChildDomain (16ms)
	RebuildCommonClasses (27ms)
	RebuildNativeTypeToScriptingClass (10ms)
	initialDomainReloadingComplete (47ms)
	LoadAllAssembliesAndSetupDomain (270ms)
		LoadAssemblies (158ms)
		AnalyzeDomain (146ms)
			TypeCache.Refresh (126ms)
				TypeCache.ScanAssembly (114ms)
			BuildScriptInfoCaches (14ms)
			ResolveRequiredComponents (5ms)
	FinalizeReload (469ms)
		SetupLoadedEditorAssemblies (0ms)
			InitializePlatformSupportModulesInManaged (4ms)
			BeforeProcessingInitializeOnLoad (73ms)
			ProcessInitializeOnLoadAttributes (272ms)
			ProcessInitializeOnLoadMethodAttributes (34ms)
Launching external process: /Applications/Unity/Hub/Editor/6000.4.1f1/Unity.app/Contents/Helpers/UnityShaderCompiler
Launched and connected shader compiler UnityShaderCompiler after 0.03 seconds
Unloading 5 Unused Serialized files (Serialized files now loaded: 0)
Unloading 3670 unused Assets / (0.9 MB). Loaded Objects now: 4272.
Memory consumption went from 91.7 MB to 90.8 MB.
Total: 5.955625 ms (FindLiveObjects: 0.377458 ms CreateObjectMapping: 0.078958 ms MarkObjects: 4.851834 ms  DeleteObjects: 0.647167 ms)

========================================================================
Received Import Request.
  Time since last request: 383.874858 seconds.
  path: Assets/QuantumUser/View/AnachronSelectablePrimitiveView.cs
  importAddress: Guid(5f5c54a5edb34c5aac7a4257cc924d19) Importer(2089858483,b0f066a214c2f5e87bad3c948f4d605d)
Start importing Assets/QuantumUser/View/AnachronSelectablePrimitiveView.cs using Guid(5f5c54a5edb34c5aac7a4257cc924d19) Importer(2089858483,b0f066a214c2f5e87bad3c948f4d605d) (ScriptedImporter) -> (Import Result ID: 'ed12142ba80f91e50bb7b2ff16ee094b') in 0.031079292 seconds [static and dynamic dependencies]. Details - ImportResultOutputID=182988eef4d9b910a54ac150d3aa2112 DependenciesID=ddddc15d3720664184c8aecea4f051e2 StaticDependenciesID=a542f45e8044342ba0fb3f95fbae24bd 
Number of updated asset objects reloaded before import = 0Number of asset objects unloaded after import = 0

========================================================================
Received Import Request.
  Time since last request: 0.000099 seconds.
  path: Assets/QuantumUser/View/AnachronSelectionDebugOverlay.cs
  importAddress: Guid(5fc6311d43784f4abb9c06c979e1ad20) Importer(2089858483,b0f066a214c2f5e87bad3c948f4d605d)
Start importing Assets/QuantumUser/View/AnachronSelectionDebugOverlay.cs using Guid(5fc6311d43784f4abb9c06c979e1ad20) Importer(2089858483,b0f066a214c2f5e87bad3c948f4d605d) (ScriptedImporter) -> (Import Result ID: 'e1aedeaacf261303689933e0d3287a2a') in 0.002674417 seconds [static and dynamic dependencies]. Details - ImportResultOutputID=19f85e07d7092f266d1fadad51bfd5be DependenciesID=825b5a6a3ef2e5bb366b45bc87d4a6f2 StaticDependenciesID=63b008ccbf928a0288e40cbc3b8a1338 
Number of updated asset objects reloaded before import = 0Number of asset objects unloaded after import = 0

========================================================================
Received Import Request.
  Time since last request: 0.000082 seconds.
  path: Assets/QuantumUser/View/Generated/QPrototypeTargetable.cs
  importAddress: Guid(d24b34b38cccf4c479fa6a02b02dd787) Importer(2089858483,b0f066a214c2f5e87bad3c948f4d605d)
Start importing Assets/QuantumUser/View/Generated/QPrototypeTargetable.cs using Guid(d24b34b38cccf4c479fa6a02b02dd787) Importer(2089858483,b0f066a214c2f5e87bad3c948f4d605d) (ScriptedImporter) -> (Import Result ID: 'abb3b950d6bc9bfadf48f1134dfc49e7') in 0.001441333 seconds [static and dynamic dependencies]. Details - ImportResultOutputID=223d230324c11b9a1103374781b4e6dd DependenciesID=5aa35d826fd5b7ca6d1811de9b1cd864 StaticDependenciesID=56690b63eee0a0b57c4d3b9b77a19974 
Number of updated asset objects reloaded before import = 0Number of asset objects unloaded after import = 0

========================================================================
Received Import Request.
  Time since last request: 0.000082 seconds.
  path: Assets/QuantumUser/Simulation/UnitKind.cs
  importAddress: Guid(1a8fc22958ea94e44b6609d3cbb7c5ff) Importer(2089858483,b0f066a214c2f5e87bad3c948f4d605d)
Start importing Assets/QuantumUser/Simulation/UnitKind.cs using Guid(1a8fc22958ea94e44b6609d3cbb7c5ff) Importer(2089858483,b0f066a214c2f5e87bad3c948f4d605d) (ScriptedImporter) -> (Import Result ID: '151101890cca5f3bfc641143f2e8f4ce') in 0.001410042 seconds [static and dynamic dependencies]. Details - ImportResultOutputID=442ebadc21695af918dadee7b061cbdf DependenciesID=b23ab2a9965f6dba1ab553fa1c0a034f StaticDependenciesID=9c09b6604657a0964f3d8d5cac3fc7d5 
Number of updated asset objects reloaded before import = 0Number of asset objects unloaded after import = 0

========================================================================
Received Import Request.
  Time since last request: 0.000050 seconds.
  path: Assets/QuantumUser/Simulation/AttackDamageSystem.cs
  importAddress: Guid(dbe3c1537cfa84482b35fda0f783b5df) Importer(2089858483,b0f066a214c2f5e87bad3c948f4d605d)
Start importing Assets/QuantumUser/Simulation/AttackDamageSystem.cs using Guid(dbe3c1537cfa84482b35fda0f783b5df) Importer(2089858483,b0f066a214c2f5e87bad3c948f4d605d) (ScriptedImporter) -> (Import Result ID: '7eb9d9142ff775ac35b8c7da6d0dd16c') in 0.00133425 seconds [static and dynamic dependencies]. Details - ImportResultOutputID=643ecfc0d93f4cd93ff890c5b6851df0 DependenciesID=f65a35744cfc0c50f0e6d3d827172a25 StaticDependenciesID=760881225896e8f1757c60918cceb9c1 
Number of updated asset objects reloaded before import = 0Number of asset objects unloaded after import = 0

========================================================================
Received Import Request.
  Time since last request: 0.000038 seconds.
  path: Assets/QuantumUser/Simulation/Generated/Quantum.CodeGen.Prototypes.cs
  importAddress: Guid(28bebf48c9cde4cfeb9ad40d8590a06c) Importer(2089858483,b0f066a214c2f5e87bad3c948f4d605d)
Start importing Assets/QuantumUser/Simulation/Generated/Quantum.CodeGen.Prototypes.cs using Guid(28bebf48c9cde4cfeb9ad40d8590a06c) Importer(2089858483,b0f066a214c2f5e87bad3c948f4d605d) (ScriptedImporter) -> (Import Result ID: 'babd4c4f7a90a802dd1dbb8a3c76c609') in 0.001082875 seconds [static and dynamic dependencies]. Details - ImportResultOutputID=a06e23da9043d2be1cb4ce44278a6a41 DependenciesID=5b51f0bf9132cb6a0118ef9e53ab5e96 StaticDependenciesID=6701c32ed75388e418dccdfea5bb5376 
Number of updated asset objects reloaded before import = 0Number of asset objects unloaded after import = 0

========================================================================
Received Import Request.
  Time since last request: 0.000149 seconds.
  path: Assets/QuantumUser/View/Generated/QPrototypePlayerHeroState.cs
  importAddress: Guid(310075e077cad49538dcf9fdbebe6e64) Importer(2089858483,b0f066a214c2f5e87bad3c948f4d605d)
Start importing Assets/QuantumUser/View/Generated/QPrototypePlayerHeroState.cs using Guid(310075e077cad49538dcf9fdbebe6e64) Importer(2089858483,b0f066a214c2f5e87bad3c948f4d605d) (ScriptedImporter) -> (Import Result ID: '0c2babb4831802218c3392256919009f') in 0.001136 seconds [static and dynamic dependencies]. Details - ImportResultOutputID=e0bd249c6a25c7a37b85529ae63cd909 DependenciesID=2b6437b156d1033515a9c81ca76be1d1 StaticDependenciesID=80eb3f28acbec2947a8f0bb427b5560c 
Number of updated asset objects reloaded before import = 0Number of asset objects unloaded after import = 0

========================================================================
Received Import Request.
  Time since last request: 0.000078 seconds.
  path: Assets/QuantumUser/Simulation/TestSelectableBootstrapSystem.cs
  importAddress: Guid(3303ded40acf340d59d1f2b55cf88303) Importer(2089858483,b0f066a214c2f5e87bad3c948f4d605d)
Start importing Assets/QuantumUser/Simulation/TestSelectableBootstrapSystem.cs using Guid(3303ded40acf340d59d1f2b55cf88303) Importer(2089858483,b0f066a214c2f5e87bad3c948f4d605d) (ScriptedImporter) -> (Import Result ID: '003aa612d38f2fc2d648f57b58f12b17') in 0.001141208 seconds [static and dynamic dependencies]. Details - ImportResultOutputID=89d4439bee9c079a5ddd5a5d4836d43b DependenciesID=cecd5c54d2a80867e181edf61c88dd7c StaticDependenciesID=548b2946eb336d8ea1e40be97f2b148e 
Number of updated asset objects reloaded before import = 0Number of asset objects unloaded after import = 0

========================================================================
Received Import Request.
  Time since last request: 0.000125 seconds.
  path: Assets/QuantumUser/Simulation/SelectionSystem.cs
  importAddress: Guid(4c63de50d5c61433592e55449274c0d1) Importer(2089858483,b0f066a214c2f5e87bad3c948f4d605d)
Start importing Assets/QuantumUser/Simulation/SelectionSystem.cs using Guid(4c63de50d5c61433592e55449274c0d1) Importer(2089858483,b0f066a214c2f5e87bad3c948f4d605d) (ScriptedImporter) -> (Import Result ID: '4876c9350c496355cb56b23292f9021e') in 0.001264208 seconds [static and dynamic dependencies]. Details - ImportResultOutputID=f041d7d6c22cd367ec2c585dd4437d76 DependenciesID=b9dbac1f430e39c2b797ecacfd330c98 StaticDependenciesID=493eb7f5af91c620cef8699750aa326b 
Number of updated asset objects reloaded before import = 0Number of asset objects unloaded after import = 0

========================================================================
Received Prepare
Begin MonoManager ReloadAssembly
Thread 0x16df87000 may have been prematurely finalized
Assembly Assembly-CSharp-Editor-firstpass.dll at Library/ScriptAssemblies/Assembly-CSharp-Editor-firstpass.dll not valid. Loading of assembly skipped.
Assembly Assembly-CSharp-Editor.dll at Library/ScriptAssemblies/Assembly-CSharp-Editor.dll not valid. Loading of assembly skipped.
Assembly Assembly-CSharp-firstpass.dll at Library/ScriptAssemblies/Assembly-CSharp-firstpass.dll not valid. Loading of assembly skipped.
Assembly PhotonWebSocket.dll at Library/ScriptAssemblies/PhotonWebSocket.dll not valid. Loading of assembly skipped.
Assembly TestNewCustomAssembly.dll at Library/ScriptAssemblies/TestNewCustomAssembly.dll not valid. Loading of assembly skipped.
Assembly Unity.AI.Navigation.Editor.Tests.dll at Library/ScriptAssemblies/Unity.AI.Navigation.Editor.Tests.dll not valid. Loading of assembly skipped.
Assembly Unity.AI.Navigation.LegacyOffMeshLink.Tests.dll at Library/ScriptAssemblies/Unity.AI.Navigation.LegacyOffMeshLink.Tests.dll not valid. Loading of assembly skipped.
Assembly Unity.AI.Navigation.Tests.dll at Library/ScriptAssemblies/Unity.AI.Navigation.Tests.dll not valid. Loading of assembly skipped.
Assembly Unity.AI.Navigation.Tests.EditorInPlaymode.dll at Library/ScriptAssemblies/Unity.AI.Navigation.Tests.EditorInPlaymode.dll not valid. Loading of assembly skipped.
Assembly Unity.InputSystem.IntegrationTests.dll at Library/ScriptAssemblies/Unity.InputSystem.IntegrationTests.dll not valid. Loading of assembly skipped.
Assembly Unity.Performance.Profile-Analyzer.EditorTests.dll at Library/ScriptAssemblies/Unity.Performance.Profile-Analyzer.EditorTests.dll not valid. Loading of assembly skipped.
Assembly Unity.Settings.Tests.dll at Library/ScriptAssemblies/Unity.Settings.Tests.dll not valid. Loading of assembly skipped.
Assembly Unity.TestTools.CodeCoverage.Editor.Compatibility.dll at Library/ScriptAssemblies/Unity.TestTools.CodeCoverage.Editor.Compatibility.dll not valid. Loading of assembly skipped.
Assembly Unity.TextMeshPro.Editor.Tests.dll at Library/ScriptAssemblies/Unity.TextMeshPro.Editor.Tests.dll not valid. Loading of assembly skipped.
Assembly Unity.TextMeshPro.Tests.dll at Library/ScriptAssemblies/Unity.TextMeshPro.Tests.dll not valid. Loading of assembly skipped.
Assembly UnityEditor.UI.Common.Tests.dll at Library/ScriptAssemblies/UnityEditor.UI.Common.Tests.dll not valid. Loading of assembly skipped.
Assembly UnityEditor.UI.EditorTests.dll at Library/ScriptAssemblies/UnityEditor.UI.EditorTests.dll not valid. Loading of assembly skipped.
Assembly UnityEngine.UI.Tests.dll at Library/ScriptAssemblies/UnityEngine.UI.Tests.dll not valid. Loading of assembly skipped.
'Assets/Photon/Quantum/Runtime/QuantumUnityRuntime.cs' contains partial class of Unity.Object, exactly 1 of the partial classes needs to be in a file with the same filename. This is to know the one that can be referenced from ie. GameObjects
'Assets/Photon/Quantum/Runtime/QuantumUnityRuntime.cs' contains partial class of Unity.Object, exactly 1 of the partial classes needs to be in a file with the same filename. This is to know the one that can be referenced from ie. GameObjects
'Assets/Photon/Quantum/Runtime/QuantumUnityRuntime.cs' contains partial class of Unity.Object, exactly 1 of the partial classes needs to be in a file with the same filename. This is to know the one that can be referenced from ie. GameObjects
'Assets/Photon/Quantum/Runtime/QuantumUnityRuntime.cs' contains partial class of Unity.Object, exactly 1 of the partial classes needs to be in a file with the same filename. This is to know the one that can be referenced from ie. GameObjects
'Assets/Photon/Quantum/Runtime/QuantumUnityRuntime.cs' contains partial class of Unity.Object, exactly 1 of the partial classes needs to be in a file with the same filename. This is to know the one that can be referenced from ie. GameObjects
'Assets/Photon/Quantum/Runtime/QuantumUnityRuntime.cs' contains partial class of Unity.Object, exactly 1 of the partial classes needs to be in a file with the same filename. This is to know the one that can be referenced from ie. GameObjects
'Assets/Photon/Quantum/Runtime/QuantumUnityRuntime.cs' contains partial class of Unity.Object, exactly 1 of the partial classes needs to be in a file with the same filename. This is to know the one that can be referenced from ie. GameObjects
'Assets/Photon/Quantum/Runtime/QuantumUnityRuntime.cs' contains partial class of Unity.Object, exactly 1 of the partial classes needs to be in a file with the same filename. This is to know the one that can be referenced from ie. GameObjects
'Assets/Photon/Quantum/Runtime/QuantumUnityRuntime.cs' contains partial class of Unity.Object, exactly 1 of the partial classes needs to be in a file with the same filename. This is to know the one that can be referenced from ie. GameObjects
'Assets/Photon/Quantum/Runtime/QuantumUnityRuntime.cs' contains partial class of Unity.Object, exactly 1 of the partial classes needs to be in a file with the same filename. This is to know the one that can be referenced from ie. GameObjects
'Assets/Photon/Quantum/Runtime/QuantumUnityRuntime.cs' contains partial class of Unity.Object, exactly 1 of the partial classes needs to be in a file with the same filename. This is to know the one that can be referenced from ie. GameObjects
Native extension for Android target not found
Native extension for OSXStandalone target not found
[Package Manager] Failed to launch server process. Reason: Unity was launched with the -noUpm command-line argument
[Package Manager] Unable to send message (not connected to server process).
[Package Manager] Cannot connect to Unity Package Manager local server
ScheduleIndexationOnStartup MainProcess:False IndexOnStartup:True
Mono: successfully reloaded assembly
- Finished resetting the current domain, in  0.451 seconds
Domain Reload Profiling: 827ms
	BeginReloadAssembly (95ms)
		DisableScriptedObjects (3ms)
		CreateAndSetChildDomain (27ms)
	RebuildCommonClasses (24ms)
	RebuildNativeTypeToScriptingClass (10ms)
	initialDomainReloadingComplete (37ms)
	LoadAllAssembliesAndSetupDomain (209ms)
		LoadAssemblies (135ms)
		AnalyzeDomain (104ms)
			TypeCache.Refresh (5ms)
			BuildScriptInfoCaches (93ms)
			ResolveRequiredComponents (4ms)
	FinalizeReload (452ms)
		SetupLoadedEditorAssemblies (0ms)
			InitializePlatformSupportModulesInManaged (5ms)
			BeforeProcessingInitializeOnLoad (71ms)
			ProcessInitializeOnLoadAttributes (252ms)
			ProcessInitializeOnLoadMethodAttributes (35ms)
Unloading 5 Unused Serialized files (Serialized files now loaded: 0)
Unloading 3668 unused Assets / (0.7 MB). Loaded Objects now: 4274.
Memory consumption went from 105.6 MB to 104.9 MB.
Total: 5.597916 ms (FindLiveObjects: 0.217500 ms CreateObjectMapping: 0.090375 ms MarkObjects: 4.676291 ms  DeleteObjects: 0.613542 ms)

Prepare: number of updated asset objects reloaded= 0
========================================================================
Received Prepare
Begin MonoManager ReloadAssembly
[Licensing::Client] Successfully resolved entitlement details
Thread 0x16b0c7000 may have been prematurely finalized
Assembly Assembly-CSharp-Editor-firstpass.dll at Library/ScriptAssemblies/Assembly-CSharp-Editor-firstpass.dll not valid. Loading of assembly skipped.
Assembly Assembly-CSharp-Editor.dll at Library/ScriptAssemblies/Assembly-CSharp-Editor.dll not valid. Loading of assembly skipped.
Assembly Assembly-CSharp-firstpass.dll at Library/ScriptAssemblies/Assembly-CSharp-firstpass.dll not valid. Loading of assembly skipped.
Assembly PhotonWebSocket.dll at Library/ScriptAssemblies/PhotonWebSocket.dll not valid. Loading of assembly skipped.
Assembly TestNewCustomAssembly.dll at Library/ScriptAssemblies/TestNewCustomAssembly.dll not valid. Loading of assembly skipped.
Assembly Unity.AI.Navigation.Editor.Tests.dll at Library/ScriptAssemblies/Unity.AI.Navigation.Editor.Tests.dll not valid. Loading of assembly skipped.
Assembly Unity.AI.Navigation.LegacyOffMeshLink.Tests.dll at Library/ScriptAssemblies/Unity.AI.Navigation.LegacyOffMeshLink.Tests.dll not valid. Loading of assembly skipped.
Assembly Unity.AI.Navigation.Tests.dll at Library/ScriptAssemblies/Unity.AI.Navigation.Tests.dll not valid. Loading of assembly skipped.
Assembly Unity.AI.Navigation.Tests.EditorInPlaymode.dll at Library/ScriptAssemblies/Unity.AI.Navigation.Tests.EditorInPlaymode.dll not valid. Loading of assembly skipped.
Assembly Unity.InputSystem.IntegrationTests.dll at Library/ScriptAssemblies/Unity.InputSystem.IntegrationTests.dll not valid. Loading of assembly skipped.
Assembly Unity.Performance.Profile-Analyzer.EditorTests.dll at Library/ScriptAssemblies/Unity.Performance.Profile-Analyzer.EditorTests.dll not valid. Loading of assembly skipped.
Assembly Unity.Settings.Tests.dll at Library/ScriptAssemblies/Unity.Settings.Tests.dll not valid. Loading of assembly skipped.
Assembly Unity.TestTools.CodeCoverage.Editor.Compatibility.dll at Library/ScriptAssemblies/Unity.TestTools.CodeCoverage.Editor.Compatibility.dll not valid. Loading of assembly skipped.
Assembly Unity.TextMeshPro.Editor.Tests.dll at Library/ScriptAssemblies/Unity.TextMeshPro.Editor.Tests.dll not valid. Loading of assembly skipped.
Assembly Unity.TextMeshPro.Tests.dll at Library/ScriptAssemblies/Unity.TextMeshPro.Tests.dll not valid. Loading of assembly skipped.
Assembly UnityEditor.UI.Common.Tests.dll at Library/ScriptAssemblies/UnityEditor.UI.Common.Tests.dll not valid. Loading of assembly skipped.
Assembly UnityEditor.UI.EditorTests.dll at Library/ScriptAssemblies/UnityEditor.UI.EditorTests.dll not valid. Loading of assembly skipped.
Assembly UnityEngine.UI.Tests.dll at Library/ScriptAssemblies/UnityEngine.UI.Tests.dll not valid. Loading of assembly skipped.
'Assets/Photon/Quantum/Runtime/QuantumUnityRuntime.cs' contains partial class of Unity.Object, exactly 1 of the partial classes needs to be in a file with the same filename. This is to know the one that can be referenced from ie. GameObjects
'Assets/Photon/Quantum/Runtime/QuantumUnityRuntime.cs' contains partial class of Unity.Object, exactly 1 of the partial classes needs to be in a file with the same filename. This is to know the one that can be referenced from ie. GameObjects
'Assets/Photon/Quantum/Runtime/QuantumUnityRuntime.cs' contains partial class of Unity.Object, exactly 1 of the partial classes needs to be in a file with the same filename. This is to know the one that can be referenced from ie. GameObjects
'Assets/Photon/Quantum/Runtime/QuantumUnityRuntime.cs' contains partial class of Unity.Object, exactly 1 of the partial classes needs to be in a file with the same filename. This is to know the one that can be referenced from ie. GameObjects
'Assets/Photon/Quantum/Runtime/QuantumUnityRuntime.cs' contains partial class of Unity.Object, exactly 1 of the partial classes needs to be in a file with the same filename. This is to know the one that can be referenced from ie. GameObjects
'Assets/Photon/Quantum/Runtime/QuantumUnityRuntime.cs' contains partial class of Unity.Object, exactly 1 of the partial classes needs to be in a file with the same filename. This is to know the one that can be referenced from ie. GameObjects
'Assets/Photon/Quantum/Runtime/QuantumUnityRuntime.cs' contains partial class of Unity.Object, exactly 1 of the partial classes needs to be in a file with the same filename. This is to know the one that can be referenced from ie. GameObjects
'Assets/Photon/Quantum/Runtime/QuantumUnityRuntime.cs' contains partial class of Unity.Object, exactly 1 of the partial classes needs to be in a file with the same filename. This is to know the one that can be referenced from ie. GameObjects
'Assets/Photon/Quantum/Runtime/QuantumUnityRuntime.cs' contains partial class of Unity.Object, exactly 1 of the partial classes needs to be in a file with the same filename. This is to know the one that can be referenced from ie. GameObjects
'Assets/Photon/Quantum/Runtime/QuantumUnityRuntime.cs' contains partial class of Unity.Object, exactly 1 of the partial classes needs to be in a file with the same filename. This is to know the one that can be referenced from ie. GameObjects
'Assets/Photon/Quantum/Runtime/QuantumUnityRuntime.cs' contains partial class of Unity.Object, exactly 1 of the partial classes needs to be in a file with the same filename. This is to know the one that can be referenced from ie. GameObjects
Native extension for Android target not found
Native extension for OSXStandalone target not found
[Package Manager] Failed to launch server process. Reason: Unity was launched with the -noUpm command-line argument
[Package Manager] Unable to send message (not connected to server process).
[Package Manager] Cannot connect to Unity Package Manager local server
ScheduleIndexationOnStartup MainProcess:False IndexOnStartup:True
Mono: successfully reloaded assembly
- Finished resetting the current domain, in  0.406 seconds
Domain Reload Profiling: 751ms
	BeginReloadAssembly (82ms)
		DisableScriptedObjects (3ms)
		CreateAndSetChildDomain (21ms)
	RebuildCommonClasses (22ms)
	RebuildNativeTypeToScriptingClass (9ms)
	initialDomainReloadingComplete (31ms)
	LoadAllAssembliesAndSetupDomain (199ms)
		LoadAssemblies (123ms)
		AnalyzeDomain (102ms)
			TypeCache.Refresh (13ms)
				TypeCache.ScanAssembly (7ms)
			BuildScriptInfoCaches (84ms)
			ResolveRequiredComponents (4ms)
	FinalizeReload (407ms)
		SetupLoadedEditorAssemblies (0ms)
			InitializePlatformSupportModulesInManaged (4ms)
			BeforeProcessingInitializeOnLoad (67ms)
			ProcessInitializeOnLoadAttributes (224ms)
			ProcessInitializeOnLoadMethodAttributes (30ms)
Unloading 5 Unused Serialized files (Serialized files now loaded: 0)
Unloading 3669 unused Assets / (1.1 MB). Loaded Objects now: 4275.
Memory consumption went from 103.2 MB to 102.1 MB.
Total: 4.821958 ms (FindLiveObjects: 0.186500 ms CreateObjectMapping: 0.071584 ms MarkObjects: 4.005375 ms  DeleteObjects: 0.558250 ms)

Prepare: number of updated asset objects reloaded= 0
========================================================================
Received Prepare
Begin MonoManager ReloadAssembly
Thread 0x16b0c7000 may have been prematurely finalized
Assembly Assembly-CSharp-Editor-firstpass.dll at Library/ScriptAssemblies/Assembly-CSharp-Editor-firstpass.dll not valid. Loading of assembly skipped.
Assembly Assembly-CSharp-Editor.dll at Library/ScriptAssemblies/Assembly-CSharp-Editor.dll not valid. Loading of assembly skipped.
Assembly Assembly-CSharp-firstpass.dll at Library/ScriptAssemblies/Assembly-CSharp-firstpass.dll not valid. Loading of assembly skipped.
Assembly PhotonWebSocket.dll at Library/ScriptAssemblies/PhotonWebSocket.dll not valid. Loading of assembly skipped.
Assembly TestNewCustomAssembly.dll at Library/ScriptAssemblies/TestNewCustomAssembly.dll not valid. Loading of assembly skipped.
Assembly Unity.AI.Navigation.Editor.Tests.dll at Library/ScriptAssemblies/Unity.AI.Navigation.Editor.Tests.dll not valid. Loading of assembly skipped.
Assembly Unity.AI.Navigation.LegacyOffMeshLink.Tests.dll at Library/ScriptAssemblies/Unity.AI.Navigation.LegacyOffMeshLink.Tests.dll not valid. Loading of assembly skipped.
Assembly Unity.AI.Navigation.Tests.dll at Library/ScriptAssemblies/Unity.AI.Navigation.Tests.dll not valid. Loading of assembly skipped.
Assembly Unity.AI.Navigation.Tests.EditorInPlaymode.dll at Library/ScriptAssemblies/Unity.AI.Navigation.Tests.EditorInPlaymode.dll not valid. Loading of assembly skipped.
Assembly Unity.InputSystem.IntegrationTests.dll at Library/ScriptAssemblies/Unity.InputSystem.IntegrationTests.dll not valid. Loading of assembly skipped.
Assembly Unity.Performance.Profile-Analyzer.EditorTests.dll at Library/ScriptAssemblies/Unity.Performance.Profile-Analyzer.EditorTests.dll not valid. Loading of assembly skipped.
Assembly Unity.Settings.Tests.dll at Library/ScriptAssemblies/Unity.Settings.Tests.dll not valid. Loading of assembly skipped.
Assembly Unity.TestTools.CodeCoverage.Editor.Compatibility.dll at Library/ScriptAssemblies/Unity.TestTools.CodeCoverage.Editor.Compatibility.dll not valid. Loading of assembly skipped.
Assembly Unity.TextMeshPro.Editor.Tests.dll at Library/ScriptAssemblies/Unity.TextMeshPro.Editor.Tests.dll not valid. Loading of assembly skipped.
Assembly Unity.TextMeshPro.Tests.dll at Library/ScriptAssemblies/Unity.TextMeshPro.Tests.dll not valid. Loading of assembly skipped.
Assembly UnityEditor.UI.Common.Tests.dll at Library/ScriptAssemblies/UnityEditor.UI.Common.Tests.dll not valid. Loading of assembly skipped.
Assembly UnityEditor.UI.EditorTests.dll at Library/ScriptAssemblies/UnityEditor.UI.EditorTests.dll not valid. Loading of assembly skipped.
Assembly UnityEngine.UI.Tests.dll at Library/ScriptAssemblies/UnityEngine.UI.Tests.dll not valid. Loading of assembly skipped.
'Assets/Photon/Quantum/Runtime/QuantumUnityRuntime.cs' contains partial class of Unity.Object, exactly 1 of the partial classes needs to be in a file with the same filename. This is to know the one that can be referenced from ie. GameObjects
'Assets/Photon/Quantum/Runtime/QuantumUnityRuntime.cs' contains partial class of Unity.Object, exactly 1 of the partial classes needs to be in a file with the same filename. This is to know the one that can be referenced from ie. GameObjects
'Assets/Photon/Quantum/Runtime/QuantumUnityRuntime.cs' contains partial class of Unity.Object, exactly 1 of the partial classes needs to be in a file with the same filename. This is to know the one that can be referenced from ie. GameObjects
'Assets/Photon/Quantum/Runtime/QuantumUnityRuntime.cs' contains partial class of Unity.Object, exactly 1 of the partial classes needs to be in a file with the same filename. This is to know the one that can be referenced from ie. GameObjects
'Assets/Photon/Quantum/Runtime/QuantumUnityRuntime.cs' contains partial class of Unity.Object, exactly 1 of the partial classes needs to be in a file with the same filename. This is to know the one that can be referenced from ie. GameObjects
'Assets/Photon/Quantum/Runtime/QuantumUnityRuntime.cs' contains partial class of Unity.Object, exactly 1 of the partial classes needs to be in a file with the same filename. This is to know the one that can be referenced from ie. GameObjects
'Assets/Photon/Quantum/Runtime/QuantumUnityRuntime.cs' contains partial class of Unity.Object, exactly 1 of the partial classes needs to be in a file with the same filename. This is to know the one that can be referenced from ie. GameObjects
'Assets/Photon/Quantum/Runtime/QuantumUnityRuntime.cs' contains partial class of Unity.Object, exactly 1 of the partial classes needs to be in a file with the same filename. This is to know the one that can be referenced from ie. GameObjects
'Assets/Photon/Quantum/Runtime/QuantumUnityRuntime.cs' contains partial class of Unity.Object, exactly 1 of the partial classes needs to be in a file with the same filename. This is to know the one that can be referenced from ie. GameObjects
'Assets/Photon/Quantum/Runtime/QuantumUnityRuntime.cs' contains partial class of Unity.Object, exactly 1 of the partial classes needs to be in a file with the same filename. This is to know the one that can be referenced from ie. GameObjects
'Assets/Photon/Quantum/Runtime/QuantumUnityRuntime.cs' contains partial class of Unity.Object, exactly 1 of the partial classes needs to be in a file with the same filename. This is to know the one that can be referenced from ie. GameObjects
Native extension for Android target not found
Native extension for OSXStandalone target not found
[Package Manager] Failed to launch server process. Reason: Unity was launched with the -noUpm command-line argument
[Package Manager] Unable to send message (not connected to server process).
[Package Manager] Cannot connect to Unity Package Manager local server
ScheduleIndexationOnStartup MainProcess:False IndexOnStartup:True
Mono: successfully reloaded assembly
- Finished resetting the current domain, in  0.411 seconds
Domain Reload Profiling: 744ms
	BeginReloadAssembly (81ms)
		DisableScriptedObjects (3ms)
		CreateAndSetChildDomain (21ms)
	RebuildCommonClasses (23ms)
	RebuildNativeTypeToScriptingClass (10ms)
	initialDomainReloadingComplete (32ms)
	LoadAllAssembliesAndSetupDomain (186ms)
		LoadAssemblies (114ms)
		AnalyzeDomain (96ms)
			TypeCache.Refresh (5ms)
			BuildScriptInfoCaches (87ms)
			ResolveRequiredComponents (4ms)
	FinalizeReload (412ms)
		SetupLoadedEditorAssemblies (0ms)
			InitializePlatformSupportModulesInManaged (3ms)
			BeforeProcessingInitializeOnLoad (65ms)
			ProcessInitializeOnLoadAttributes (230ms)
			ProcessInitializeOnLoadMethodAttributes (33ms)
Unloading 5 Unused Serialized files (Serialized files now loaded: 0)
Unloading 3669 unused Assets / (0.7 MB). Loaded Objects now: 4275.
Memory consumption went from 103.2 MB to 102.5 MB.
Total: 5.482833 ms (FindLiveObjects: 0.223292 ms CreateObjectMapping: 0.072583 ms MarkObjects: 4.503250 ms  DeleteObjects: 0.683375 ms)

Prepare: number of updated asset objects reloaded= 0
========================================================================
Received Prepare
Begin MonoManager ReloadAssembly
Thread 0x16b153000 may have been prematurely finalized
Assembly Assembly-CSharp-Editor-firstpass.dll at Library/ScriptAssemblies/Assembly-CSharp-Editor-firstpass.dll not valid. Loading of assembly skipped.
Assembly Assembly-CSharp-Editor.dll at Library/ScriptAssemblies/Assembly-CSharp-Editor.dll not valid. Loading of assembly skipped.
Assembly Assembly-CSharp-firstpass.dll at Library/ScriptAssemblies/Assembly-CSharp-firstpass.dll not valid. Loading of assembly skipped.
Assembly PhotonWebSocket.dll at Library/ScriptAssemblies/PhotonWebSocket.dll not valid. Loading of assembly skipped.
Assembly TestNewCustomAssembly.dll at Library/ScriptAssemblies/TestNewCustomAssembly.dll not valid. Loading of assembly skipped.
Assembly Unity.AI.Navigation.Editor.Tests.dll at Library/ScriptAssemblies/Unity.AI.Navigation.Editor.Tests.dll not valid. Loading of assembly skipped.
Assembly Unity.AI.Navigation.LegacyOffMeshLink.Tests.dll at Library/ScriptAssemblies/Unity.AI.Navigation.LegacyOffMeshLink.Tests.dll not valid. Loading of assembly skipped.
Assembly Unity.AI.Navigation.Tests.dll at Library/ScriptAssemblies/Unity.AI.Navigation.Tests.dll not valid. Loading of assembly skipped.
Assembly Unity.AI.Navigation.Tests.EditorInPlaymode.dll at Library/ScriptAssemblies/Unity.AI.Navigation.Tests.EditorInPlaymode.dll not valid. Loading of assembly skipped.
Assembly Unity.InputSystem.IntegrationTests.dll at Library/ScriptAssemblies/Unity.InputSystem.IntegrationTests.dll not valid. Loading of assembly skipped.
Assembly Unity.Performance.Profile-Analyzer.EditorTests.dll at Library/ScriptAssemblies/Unity.Performance.Profile-Analyzer.EditorTests.dll not valid. Loading of assembly skipped.
Assembly Unity.Settings.Tests.dll at Library/ScriptAssemblies/Unity.Settings.Tests.dll not valid. Loading of assembly skipped.
Assembly Unity.TestTools.CodeCoverage.Editor.Compatibility.dll at Library/ScriptAssemblies/Unity.TestTools.CodeCoverage.Editor.Compatibility.dll not valid. Loading of assembly skipped.
Assembly Unity.TextMeshPro.Editor.Tests.dll at Library/ScriptAssemblies/Unity.TextMeshPro.Editor.Tests.dll not valid. Loading of assembly skipped.
Assembly Unity.TextMeshPro.Tests.dll at Library/ScriptAssemblies/Unity.TextMeshPro.Tests.dll not valid. Loading of assembly skipped.
Assembly UnityEditor.UI.Common.Tests.dll at Library/ScriptAssemblies/UnityEditor.UI.Common.Tests.dll not valid. Loading of assembly skipped.
Assembly UnityEditor.UI.EditorTests.dll at Library/ScriptAssemblies/UnityEditor.UI.EditorTests.dll not valid. Loading of assembly skipped.
Assembly UnityEngine.UI.Tests.dll at Library/ScriptAssemblies/UnityEngine.UI.Tests.dll not valid. Loading of assembly skipped.
'Assets/Photon/Quantum/Runtime/QuantumUnityRuntime.cs' contains partial class of Unity.Object, exactly 1 of the partial classes needs to be in a file with the same filename. This is to know the one that can be referenced from ie. GameObjects
'Assets/Photon/Quantum/Runtime/QuantumUnityRuntime.cs' contains partial class of Unity.Object, exactly 1 of the partial classes needs to be in a file with the same filename. This is to know the one that can be referenced from ie. GameObjects
'Assets/Photon/Quantum/Runtime/QuantumUnityRuntime.cs' contains partial class of Unity.Object, exactly 1 of the partial classes needs to be in a file with the same filename. This is to know the one that can be referenced from ie. GameObjects
'Assets/Photon/Quantum/Runtime/QuantumUnityRuntime.cs' contains partial class of Unity.Object, exactly 1 of the partial classes needs to be in a file with the same filename. This is to know the one that can be referenced from ie. GameObjects
'Assets/Photon/Quantum/Runtime/QuantumUnityRuntime.cs' contains partial class of Unity.Object, exactly 1 of the partial classes needs to be in a file with the same filename. This is to know the one that can be referenced from ie. GameObjects
'Assets/Photon/Quantum/Runtime/QuantumUnityRuntime.cs' contains partial class of Unity.Object, exactly 1 of the partial classes needs to be in a file with the same filename. This is to know the one that can be referenced from ie. GameObjects
'Assets/Photon/Quantum/Runtime/QuantumUnityRuntime.cs' contains partial class of Unity.Object, exactly 1 of the partial classes needs to be in a file with the same filename. This is to know the one that can be referenced from ie. GameObjects
'Assets/Photon/Quantum/Runtime/QuantumUnityRuntime.cs' contains partial class of Unity.Object, exactly 1 of the partial classes needs to be in a file with the same filename. This is to know the one that can be referenced from ie. GameObjects
'Assets/Photon/Quantum/Runtime/QuantumUnityRuntime.cs' contains partial class of Unity.Object, exactly 1 of the partial classes needs to be in a file with the same filename. This is to know the one that can be referenced from ie. GameObjects
'Assets/Photon/Quantum/Runtime/QuantumUnityRuntime.cs' contains partial class of Unity.Object, exactly 1 of the partial classes needs to be in a file with the same filename. This is to know the one that can be referenced from ie. GameObjects
'Assets/Photon/Quantum/Runtime/QuantumUnityRuntime.cs' contains partial class of Unity.Object, exactly 1 of the partial classes needs to be in a file with the same filename. This is to know the one that can be referenced from ie. GameObjects
Native extension for Android target not found
Native extension for OSXStandalone target not found
[Package Manager] Failed to launch server process. Reason: Unity was launched with the -noUpm command-line argument
[Package Manager] Unable to send message (not connected to server process).
[Package Manager] Cannot connect to Unity Package Manager local server
ScheduleIndexationOnStartup MainProcess:False IndexOnStartup:True
Mono: successfully reloaded assembly
- Finished resetting the current domain, in  0.433 seconds
Domain Reload Profiling: 763ms
	BeginReloadAssembly (80ms)
		DisableScriptedObjects (3ms)
		CreateAndSetChildDomain (21ms)
	RebuildCommonClasses (22ms)
	RebuildNativeTypeToScriptingClass (9ms)
	initialDomainReloadingComplete (34ms)
	LoadAllAssembliesAndSetupDomain (184ms)
		LoadAssemblies (112ms)
		AnalyzeDomain (96ms)
			TypeCache.Refresh (5ms)
			BuildScriptInfoCaches (87ms)
			ResolveRequiredComponents (4ms)
	FinalizeReload (433ms)
		SetupLoadedEditorAssemblies (0ms)
			InitializePlatformSupportModulesInManaged (4ms)
			BeforeProcessingInitializeOnLoad (67ms)
			ProcessInitializeOnLoadAttributes (244ms)
			ProcessInitializeOnLoadMethodAttributes (37ms)
Unloading 5 Unused Serialized files (Serialized files now loaded: 0)
Unloading 3669 unused Assets / (0.7 MB). Loaded Objects now: 4275.
Memory consumption went from 103.2 MB to 102.4 MB.
Total: 5.843417 ms (FindLiveObjects: 0.208000 ms CreateObjectMapping: 0.084917 ms MarkObjects: 4.807542 ms  DeleteObjects: 0.742708 ms)

Prepare: number of updated asset objects reloaded= 0
========================================================================
Received Prepare
Begin MonoManager ReloadAssembly
[Licensing::Client] Successfully resolved entitlement details
Thread 0x16b153000 may have been prematurely finalized
Assembly Assembly-CSharp-Editor-firstpass.dll at Library/ScriptAssemblies/Assembly-CSharp-Editor-firstpass.dll not valid. Loading of assembly skipped.
Assembly Assembly-CSharp-Editor.dll at Library/ScriptAssemblies/Assembly-CSharp-Editor.dll not valid. Loading of assembly skipped.
Assembly Assembly-CSharp-firstpass.dll at Library/ScriptAssemblies/Assembly-CSharp-firstpass.dll not valid. Loading of assembly skipped.
Assembly PhotonWebSocket.dll at Library/ScriptAssemblies/PhotonWebSocket.dll not valid. Loading of assembly skipped.
Assembly TestNewCustomAssembly.dll at Library/ScriptAssemblies/TestNewCustomAssembly.dll not valid. Loading of assembly skipped.
Assembly Unity.AI.Navigation.Editor.Tests.dll at Library/ScriptAssemblies/Unity.AI.Navigation.Editor.Tests.dll not valid. Loading of assembly skipped.
Assembly Unity.AI.Navigation.LegacyOffMeshLink.Tests.dll at Library/ScriptAssemblies/Unity.AI.Navigation.LegacyOffMeshLink.Tests.dll not valid. Loading of assembly skipped.
Assembly Unity.AI.Navigation.Tests.dll at Library/ScriptAssemblies/Unity.AI.Navigation.Tests.dll not valid. Loading of assembly skipped.
Assembly Unity.AI.Navigation.Tests.EditorInPlaymode.dll at Library/ScriptAssemblies/Unity.AI.Navigation.Tests.EditorInPlaymode.dll not valid. Loading of assembly skipped.
Assembly Unity.InputSystem.IntegrationTests.dll at Library/ScriptAssemblies/Unity.InputSystem.IntegrationTests.dll not valid. Loading of assembly skipped.
Assembly Unity.Performance.Profile-Analyzer.EditorTests.dll at Library/ScriptAssemblies/Unity.Performance.Profile-Analyzer.EditorTests.dll not valid. Loading of assembly skipped.
Assembly Unity.Settings.Tests.dll at Library/ScriptAssemblies/Unity.Settings.Tests.dll not valid. Loading of assembly skipped.
Assembly Unity.TestTools.CodeCoverage.Editor.Compatibility.dll at Library/ScriptAssemblies/Unity.TestTools.CodeCoverage.Editor.Compatibility.dll not valid. Loading of assembly skipped.
Assembly Unity.TextMeshPro.Editor.Tests.dll at Library/ScriptAssemblies/Unity.TextMeshPro.Editor.Tests.dll not valid. Loading of assembly skipped.
Assembly Unity.TextMeshPro.Tests.dll at Library/ScriptAssemblies/Unity.TextMeshPro.Tests.dll not valid. Loading of assembly skipped.
Assembly UnityEditor.UI.Common.Tests.dll at Library/ScriptAssemblies/UnityEditor.UI.Common.Tests.dll not valid. Loading of assembly skipped.
Assembly UnityEditor.UI.EditorTests.dll at Library/ScriptAssemblies/UnityEditor.UI.EditorTests.dll not valid. Loading of assembly skipped.
Assembly UnityEngine.UI.Tests.dll at Library/ScriptAssemblies/UnityEngine.UI.Tests.dll not valid. Loading of assembly skipped.
'Assets/Photon/Quantum/Runtime/QuantumUnityRuntime.cs' contains partial class of Unity.Object, exactly 1 of the partial classes needs to be in a file with the same filename. This is to know the one that can be referenced from ie. GameObjects
'Assets/Photon/Quantum/Runtime/QuantumUnityRuntime.cs' contains partial class of Unity.Object, exactly 1 of the partial classes needs to be in a file with the same filename. This is to know the one that can be referenced from ie. GameObjects
'Assets/Photon/Quantum/Runtime/QuantumUnityRuntime.cs' contains partial class of Unity.Object, exactly 1 of the partial classes needs to be in a file with the same filename. This is to know the one that can be referenced from ie. GameObjects
'Assets/Photon/Quantum/Runtime/QuantumUnityRuntime.cs' contains partial class of Unity.Object, exactly 1 of the partial classes needs to be in a file with the same filename. This is to know the one that can be referenced from ie. GameObjects
'Assets/Photon/Quantum/Runtime/QuantumUnityRuntime.cs' contains partial class of Unity.Object, exactly 1 of the partial classes needs to be in a file with the same filename. This is to know the one that can be referenced from ie. GameObjects
'Assets/Photon/Quantum/Runtime/QuantumUnityRuntime.cs' contains partial class of Unity.Object, exactly 1 of the partial classes needs to be in a file with the same filename. This is to know the one that can be referenced from ie. GameObjects
'Assets/Photon/Quantum/Runtime/QuantumUnityRuntime.cs' contains partial class of Unity.Object, exactly 1 of the partial classes needs to be in a file with the same filename. This is to know the one that can be referenced from ie. GameObjects
'Assets/Photon/Quantum/Runtime/QuantumUnityRuntime.cs' contains partial class of Unity.Object, exactly 1 of the partial classes needs to be in a file with the same filename. This is to know the one that can be referenced from ie. GameObjects
'Assets/Photon/Quantum/Runtime/QuantumUnityRuntime.cs' contains partial class of Unity.Object, exactly 1 of the partial classes needs to be in a file with the same filename. This is to know the one that can be referenced from ie. GameObjects
'Assets/Photon/Quantum/Runtime/QuantumUnityRuntime.cs' contains partial class of Unity.Object, exactly 1 of the partial classes needs to be in a file with the same filename. This is to know the one that can be referenced from ie. GameObjects
'Assets/Photon/Quantum/Runtime/QuantumUnityRuntime.cs' contains partial class of Unity.Object, exactly 1 of the partial classes needs to be in a file with the same filename. This is to know the one that can be referenced from ie. GameObjects
Native extension for Android target not found
Native extension for OSXStandalone target not found
[Package Manager] Failed to launch server process. Reason: Unity was launched with the -noUpm command-line argument
[Package Manager] Unable to send message (not connected to server process).
[Package Manager] Cannot connect to Unity Package Manager local server
ScheduleIndexationOnStartup MainProcess:False IndexOnStartup:True
Mono: successfully reloaded assembly
- Finished resetting the current domain, in  0.470 seconds
Domain Reload Profiling: 828ms
	BeginReloadAssembly (87ms)
		DisableScriptedObjects (3ms)
		CreateAndSetChildDomain (24ms)
	RebuildCommonClasses (26ms)
	RebuildNativeTypeToScriptingClass (10ms)
	initialDomainReloadingComplete (34ms)
	LoadAllAssembliesAndSetupDomain (201ms)
		LoadAssemblies (120ms)
		AnalyzeDomain (106ms)
			TypeCache.Refresh (13ms)
				TypeCache.ScanAssembly (7ms)
			BuildScriptInfoCaches (88ms)
			ResolveRequiredComponents (4ms)
	FinalizeReload (470ms)
		SetupLoadedEditorAssemblies (0ms)
			InitializePlatformSupportModulesInManaged (4ms)
			BeforeProcessingInitializeOnLoad (75ms)
			ProcessInitializeOnLoadAttributes (266ms)
			ProcessInitializeOnLoadMethodAttributes (34ms)
Unloading 5 Unused Serialized files (Serialized files now loaded: 0)
Unloading 3669 unused Assets / (1.3 MB). Loaded Objects now: 4275.
Memory consumption went from 103.2 MB to 101.9 MB.
Total: 5.419541 ms (FindLiveObjects: 0.189292 ms CreateObjectMapping: 0.084458 ms MarkObjects: 4.586417 ms  DeleteObjects: 0.559125 ms)

Prepare: number of updated asset objects reloaded= 0
========================================================================
Received Prepare
Begin MonoManager ReloadAssembly
Thread 0x16b153000 may have been prematurely finalized
Assembly Assembly-CSharp-Editor-firstpass.dll at Library/ScriptAssemblies/Assembly-CSharp-Editor-firstpass.dll not valid. Loading of assembly skipped.
Assembly Assembly-CSharp-Editor.dll at Library/ScriptAssemblies/Assembly-CSharp-Editor.dll not valid. Loading of assembly skipped.
Assembly Assembly-CSharp-firstpass.dll at Library/ScriptAssemblies/Assembly-CSharp-firstpass.dll not valid. Loading of assembly skipped.
Assembly PhotonWebSocket.dll at Library/ScriptAssemblies/PhotonWebSocket.dll not valid. Loading of assembly skipped.
Assembly TestNewCustomAssembly.dll at Library/ScriptAssemblies/TestNewCustomAssembly.dll not valid. Loading of assembly skipped.
Assembly Unity.AI.Navigation.Editor.Tests.dll at Library/ScriptAssemblies/Unity.AI.Navigation.Editor.Tests.dll not valid. Loading of assembly skipped.
Assembly Unity.AI.Navigation.LegacyOffMeshLink.Tests.dll at Library/ScriptAssemblies/Unity.AI.Navigation.LegacyOffMeshLink.Tests.dll not valid. Loading of assembly skipped.
Assembly Unity.AI.Navigation.Tests.dll at Library/ScriptAssemblies/Unity.AI.Navigation.Tests.dll not valid. Loading of assembly skipped.
Assembly Unity.AI.Navigation.Tests.EditorInPlaymode.dll at Library/ScriptAssemblies/Unity.AI.Navigation.Tests.EditorInPlaymode.dll not valid. Loading of assembly skipped.
Assembly Unity.InputSystem.IntegrationTests.dll at Library/ScriptAssemblies/Unity.InputSystem.IntegrationTests.dll not valid. Loading of assembly skipped.
Assembly Unity.Performance.Profile-Analyzer.EditorTests.dll at Library/ScriptAssemblies/Unity.Performance.Profile-Analyzer.EditorTests.dll not valid. Loading of assembly skipped.
Assembly Unity.Settings.Tests.dll at Library/ScriptAssemblies/Unity.Settings.Tests.dll not valid. Loading of assembly skipped.
Assembly Unity.TestTools.CodeCoverage.Editor.Compatibility.dll at Library/ScriptAssemblies/Unity.TestTools.CodeCoverage.Editor.Compatibility.dll not valid. Loading of assembly skipped.
Assembly Unity.TextMeshPro.Editor.Tests.dll at Library/ScriptAssemblies/Unity.TextMeshPro.Editor.Tests.dll not valid. Loading of assembly skipped.
Assembly Unity.TextMeshPro.Tests.dll at Library/ScriptAssemblies/Unity.TextMeshPro.Tests.dll not valid. Loading of assembly skipped.
Assembly UnityEditor.UI.Common.Tests.dll at Library/ScriptAssemblies/UnityEditor.UI.Common.Tests.dll not valid. Loading of assembly skipped.
Assembly UnityEditor.UI.EditorTests.dll at Library/ScriptAssemblies/UnityEditor.UI.EditorTests.dll not valid. Loading of assembly skipped.
Assembly UnityEngine.UI.Tests.dll at Library/ScriptAssemblies/UnityEngine.UI.Tests.dll not valid. Loading of assembly skipped.
'Assets/Photon/Quantum/Runtime/QuantumUnityRuntime.cs' contains partial class of Unity.Object, exactly 1 of the partial classes needs to be in a file with the same filename. This is to know the one that can be referenced from ie. GameObjects
'Assets/Photon/Quantum/Runtime/QuantumUnityRuntime.cs' contains partial class of Unity.Object, exactly 1 of the partial classes needs to be in a file with the same filename. This is to know the one that can be referenced from ie. GameObjects
'Assets/Photon/Quantum/Runtime/QuantumUnityRuntime.cs' contains partial class of Unity.Object, exactly 1 of the partial classes needs to be in a file with the same filename. This is to know the one that can be referenced from ie. GameObjects
'Assets/Photon/Quantum/Runtime/QuantumUnityRuntime.cs' contains partial class of Unity.Object, exactly 1 of the partial classes needs to be in a file with the same filename. This is to know the one that can be referenced from ie. GameObjects
'Assets/Photon/Quantum/Runtime/QuantumUnityRuntime.cs' contains partial class of Unity.Object, exactly 1 of the partial classes needs to be in a file with the same filename. This is to know the one that can be referenced from ie. GameObjects
'Assets/Photon/Quantum/Runtime/QuantumUnityRuntime.cs' contains partial class of Unity.Object, exactly 1 of the partial classes needs to be in a file with the same filename. This is to know the one that can be referenced from ie. GameObjects
'Assets/Photon/Quantum/Runtime/QuantumUnityRuntime.cs' contains partial class of Unity.Object, exactly 1 of the partial classes needs to be in a file with the same filename. This is to know the one that can be referenced from ie. GameObjects
'Assets/Photon/Quantum/Runtime/QuantumUnityRuntime.cs' contains partial class of Unity.Object, exactly 1 of the partial classes needs to be in a file with the same filename. This is to know the one that can be referenced from ie. GameObjects
'Assets/Photon/Quantum/Runtime/QuantumUnityRuntime.cs' contains partial class of Unity.Object, exactly 1 of the partial classes needs to be in a file with the same filename. This is to know the one that can be referenced from ie. GameObjects
'Assets/Photon/Quantum/Runtime/QuantumUnityRuntime.cs' contains partial class of Unity.Object, exactly 1 of the partial classes needs to be in a file with the same filename. This is to know the one that can be referenced from ie. GameObjects
'Assets/Photon/Quantum/Runtime/QuantumUnityRuntime.cs' contains partial class of Unity.Object, exactly 1 of the partial classes needs to be in a file with the same filename. This is to know the one that can be referenced from ie. GameObjects
Native extension for Android target not found
Native extension for OSXStandalone target not found
[Package Manager] Failed to launch server process. Reason: Unity was launched with the -noUpm command-line argument
[Package Manager] Unable to send message (not connected to server process).
[Package Manager] Cannot connect to Unity Package Manager local server
ScheduleIndexationOnStartup MainProcess:False IndexOnStartup:True
Mono: successfully reloaded assembly
- Finished resetting the current domain, in  0.452 seconds
Domain Reload Profiling: 790ms
	BeginReloadAssembly (81ms)
		DisableScriptedObjects (3ms)
		CreateAndSetChildDomain (23ms)
	RebuildCommonClasses (23ms)
	RebuildNativeTypeToScriptingClass (10ms)
	initialDomainReloadingComplete (32ms)
	LoadAllAssembliesAndSetupDomain (193ms)
		LoadAssemblies (111ms)
		AnalyzeDomain (105ms)
			TypeCache.Refresh (5ms)
			BuildScriptInfoCaches (94ms)
			ResolveRequiredComponents (4ms)
	FinalizeReload (452ms)
		SetupLoadedEditorAssemblies (0ms)
			InitializePlatformSupportModulesInManaged (4ms)
			BeforeProcessingInitializeOnLoad (70ms)
			ProcessInitializeOnLoadAttributes (254ms)
			ProcessInitializeOnLoadMethodAttributes (35ms)
Unloading 5 Unused Serialized files (Serialized files now loaded: 0)
Unloading 3669 unused Assets / (1.0 MB). Loaded Objects now: 4275.
Memory consumption went from 103.2 MB to 102.2 MB.
Total: 5.701500 ms (FindLiveObjects: 0.190334 ms CreateObjectMapping: 0.073625 ms MarkObjects: 4.772541 ms  DeleteObjects: 0.664750 ms)

Prepare: number of updated asset objects reloaded= 0
========================================================================
Received Prepare
Begin MonoManager ReloadAssembly
[Licensing::Client] Successfully resolved entitlement details
Thread 0x16b153000 may have been prematurely finalized
Assembly Assembly-CSharp-Editor-firstpass.dll at Library/ScriptAssemblies/Assembly-CSharp-Editor-firstpass.dll not valid. Loading of assembly skipped.
Assembly Assembly-CSharp-Editor.dll at Library/ScriptAssemblies/Assembly-CSharp-Editor.dll not valid. Loading of assembly skipped.
Assembly Assembly-CSharp-firstpass.dll at Library/ScriptAssemblies/Assembly-CSharp-firstpass.dll not valid. Loading of assembly skipped.
Assembly PhotonWebSocket.dll at Library/ScriptAssemblies/PhotonWebSocket.dll not valid. Loading of assembly skipped.
Assembly TestNewCustomAssembly.dll at Library/ScriptAssemblies/TestNewCustomAssembly.dll not valid. Loading of assembly skipped.
Assembly Unity.AI.Navigation.Editor.Tests.dll at Library/ScriptAssemblies/Unity.AI.Navigation.Editor.Tests.dll not valid. Loading of assembly skipped.
Assembly Unity.AI.Navigation.LegacyOffMeshLink.Tests.dll at Library/ScriptAssemblies/Unity.AI.Navigation.LegacyOffMeshLink.Tests.dll not valid. Loading of assembly skipped.
Assembly Unity.AI.Navigation.Tests.dll at Library/ScriptAssemblies/Unity.AI.Navigation.Tests.dll not valid. Loading of assembly skipped.
Assembly Unity.AI.Navigation.Tests.EditorInPlaymode.dll at Library/ScriptAssemblies/Unity.AI.Navigation.Tests.EditorInPlaymode.dll not valid. Loading of assembly skipped.
Assembly Unity.InputSystem.IntegrationTests.dll at Library/ScriptAssemblies/Unity.InputSystem.IntegrationTests.dll not valid. Loading of assembly skipped.
Assembly Unity.Performance.Profile-Analyzer.EditorTests.dll at Library/ScriptAssemblies/Unity.Performance.Profile-Analyzer.EditorTests.dll not valid. Loading of assembly skipped.
Assembly Unity.Settings.Tests.dll at Library/ScriptAssemblies/Unity.Settings.Tests.dll not valid. Loading of assembly skipped.
Assembly Unity.TestTools.CodeCoverage.Editor.Compatibility.dll at Library/ScriptAssemblies/Unity.TestTools.CodeCoverage.Editor.Compatibility.dll not valid. Loading of assembly skipped.
Assembly Unity.TextMeshPro.Editor.Tests.dll at Library/ScriptAssemblies/Unity.TextMeshPro.Editor.Tests.dll not valid. Loading of assembly skipped.
Assembly Unity.TextMeshPro.Tests.dll at Library/ScriptAssemblies/Unity.TextMeshPro.Tests.dll not valid. Loading of assembly skipped.
Assembly UnityEditor.UI.Common.Tests.dll at Library/ScriptAssemblies/UnityEditor.UI.Common.Tests.dll not valid. Loading of assembly skipped.
Assembly UnityEditor.UI.EditorTests.dll at Library/ScriptAssemblies/UnityEditor.UI.EditorTests.dll not valid. Loading of assembly skipped.
Assembly UnityEngine.UI.Tests.dll at Library/ScriptAssemblies/UnityEngine.UI.Tests.dll not valid. Loading of assembly skipped.
'Assets/Photon/Quantum/Runtime/QuantumUnityRuntime.cs' contains partial class of Unity.Object, exactly 1 of the partial classes needs to be in a file with the same filename. This is to know the one that can be referenced from ie. GameObjects
'Assets/Photon/Quantum/Runtime/QuantumUnityRuntime.cs' contains partial class of Unity.Object, exactly 1 of the partial classes needs to be in a file with the same filename. This is to know the one that can be referenced from ie. GameObjects
'Assets/Photon/Quantum/Runtime/QuantumUnityRuntime.cs' contains partial class of Unity.Object, exactly 1 of the partial classes needs to be in a file with the same filename. This is to know the one that can be referenced from ie. GameObjects
'Assets/Photon/Quantum/Runtime/QuantumUnityRuntime.cs' contains partial class of Unity.Object, exactly 1 of the partial classes needs to be in a file with the same filename. This is to know the one that can be referenced from ie. GameObjects
'Assets/Photon/Quantum/Runtime/QuantumUnityRuntime.cs' contains partial class of Unity.Object, exactly 1 of the partial classes needs to be in a file with the same filename. This is to know the one that can be referenced from ie. GameObjects
'Assets/Photon/Quantum/Runtime/QuantumUnityRuntime.cs' contains partial class of Unity.Object, exactly 1 of the partial classes needs to be in a file with the same filename. This is to know the one that can be referenced from ie. GameObjects
'Assets/Photon/Quantum/Runtime/QuantumUnityRuntime.cs' contains partial class of Unity.Object, exactly 1 of the partial classes needs to be in a file with the same filename. This is to know the one that can be referenced from ie. GameObjects
'Assets/Photon/Quantum/Runtime/QuantumUnityRuntime.cs' contains partial class of Unity.Object, exactly 1 of the partial classes needs to be in a file with the same filename. This is to know the one that can be referenced from ie. GameObjects
'Assets/Photon/Quantum/Runtime/QuantumUnityRuntime.cs' contains partial class of Unity.Object, exactly 1 of the partial classes needs to be in a file with the same filename. This is to know the one that can be referenced from ie. GameObjects
'Assets/Photon/Quantum/Runtime/QuantumUnityRuntime.cs' contains partial class of Unity.Object, exactly 1 of the partial classes needs to be in a file with the same filename. This is to know the one that can be referenced from ie. GameObjects
'Assets/Photon/Quantum/Runtime/QuantumUnityRuntime.cs' contains partial class of Unity.Object, exactly 1 of the partial classes needs to be in a file with the same filename. This is to know the one that can be referenced from ie. GameObjects
Native extension for Android target not found
Native extension for OSXStandalone target not found
[Package Manager] Failed to launch server process. Reason: Unity was launched with the -noUpm command-line argument
[Package Manager] Unable to send message (not connected to server process).
[Package Manager] Cannot connect to Unity Package Manager local server
ScheduleIndexationOnStartup MainProcess:False IndexOnStartup:True
Mono: successfully reloaded assembly
- Finished resetting the current domain, in  0.475 seconds
Domain Reload Profiling: 843ms
	BeginReloadAssembly (83ms)
		DisableScriptedObjects (3ms)
		CreateAndSetChildDomain (24ms)
	RebuildCommonClasses (25ms)
	RebuildNativeTypeToScriptingClass (10ms)
	initialDomainReloadingComplete (37ms)
	LoadAllAssembliesAndSetupDomain (212ms)
		LoadAssemblies (125ms)
		AnalyzeDomain (109ms)
			TypeCache.Refresh (7ms)
			BuildScriptInfoCaches (97ms)
			ResolveRequiredComponents (5ms)
	FinalizeReload (475ms)
		SetupLoadedEditorAssemblies (0ms)
			InitializePlatformSupportModulesInManaged (4ms)
			BeforeProcessingInitializeOnLoad (75ms)
			ProcessInitializeOnLoadAttributes (267ms)
			ProcessInitializeOnLoadMethodAttributes (33ms)
Unloading 5 Unused Serialized files (Serialized files now loaded: 0)
Unloading 3669 unused Assets / (1.0 MB). Loaded Objects now: 4275.
Memory consumption went from 103.2 MB to 102.2 MB.
Total: 5.689167 ms (FindLiveObjects: 0.202291 ms CreateObjectMapping: 0.073000 ms MarkObjects: 4.773459 ms  DeleteObjects: 0.640125 ms)

Prepare: number of updated asset objects reloaded= 0
========================================================================
Received Prepare
Begin MonoManager ReloadAssembly
Thread 0x16b153000 may have been prematurely finalized
Assembly Assembly-CSharp-Editor-firstpass.dll at Library/ScriptAssemblies/Assembly-CSharp-Editor-firstpass.dll not valid. Loading of assembly skipped.
Assembly Assembly-CSharp-Editor.dll at Library/ScriptAssemblies/Assembly-CSharp-Editor.dll not valid. Loading of assembly skipped.
Assembly Assembly-CSharp-firstpass.dll at Library/ScriptAssemblies/Assembly-CSharp-firstpass.dll not valid. Loading of assembly skipped.
Assembly PhotonWebSocket.dll at Library/ScriptAssemblies/PhotonWebSocket.dll not valid. Loading of assembly skipped.
Assembly TestNewCustomAssembly.dll at Library/ScriptAssemblies/TestNewCustomAssembly.dll not valid. Loading of assembly skipped.
Assembly Unity.AI.Navigation.Editor.Tests.dll at Library/ScriptAssemblies/Unity.AI.Navigation.Editor.Tests.dll not valid. Loading of assembly skipped.
Assembly Unity.AI.Navigation.LegacyOffMeshLink.Tests.dll at Library/ScriptAssemblies/Unity.AI.Navigation.LegacyOffMeshLink.Tests.dll not valid. Loading of assembly skipped.
Assembly Unity.AI.Navigation.Tests.dll at Library/ScriptAssemblies/Unity.AI.Navigation.Tests.dll not valid. Loading of assembly skipped.
Assembly Unity.AI.Navigation.Tests.EditorInPlaymode.dll at Library/ScriptAssemblies/Unity.AI.Navigation.Tests.EditorInPlaymode.dll not valid. Loading of assembly skipped.
Assembly Unity.InputSystem.IntegrationTests.dll at Library/ScriptAssemblies/Unity.InputSystem.IntegrationTests.dll not valid. Loading of assembly skipped.
Assembly Unity.Performance.Profile-Analyzer.EditorTests.dll at Library/ScriptAssemblies/Unity.Performance.Profile-Analyzer.EditorTests.dll not valid. Loading of assembly skipped.
Assembly Unity.Settings.Tests.dll at Library/ScriptAssemblies/Unity.Settings.Tests.dll not valid. Loading of assembly skipped.
Assembly Unity.TestTools.CodeCoverage.Editor.Compatibility.dll at Library/ScriptAssemblies/Unity.TestTools.CodeCoverage.Editor.Compatibility.dll not valid. Loading of assembly skipped.
Assembly Unity.TextMeshPro.Editor.Tests.dll at Library/ScriptAssemblies/Unity.TextMeshPro.Editor.Tests.dll not valid. Loading of assembly skipped.
Assembly Unity.TextMeshPro.Tests.dll at Library/ScriptAssemblies/Unity.TextMeshPro.Tests.dll not valid. Loading of assembly skipped.
Assembly UnityEditor.UI.Common.Tests.dll at Library/ScriptAssemblies/UnityEditor.UI.Common.Tests.dll not valid. Loading of assembly skipped.
Assembly UnityEditor.UI.EditorTests.dll at Library/ScriptAssemblies/UnityEditor.UI.EditorTests.dll not valid. Loading of assembly skipped.
Assembly UnityEngine.UI.Tests.dll at Library/ScriptAssemblies/UnityEngine.UI.Tests.dll not valid. Loading of assembly skipped.
'Assets/Photon/Quantum/Runtime/QuantumUnityRuntime.cs' contains partial class of Unity.Object, exactly 1 of the partial classes needs to be in a file with the same filename. This is to know the one that can be referenced from ie. GameObjects
'Assets/Photon/Quantum/Runtime/QuantumUnityRuntime.cs' contains partial class of Unity.Object, exactly 1 of the partial classes needs to be in a file with the same filename. This is to know the one that can be referenced from ie. GameObjects
'Assets/Photon/Quantum/Runtime/QuantumUnityRuntime.cs' contains partial class of Unity.Object, exactly 1 of the partial classes needs to be in a file with the same filename. This is to know the one that can be referenced from ie. GameObjects
'Assets/Photon/Quantum/Runtime/QuantumUnityRuntime.cs' contains partial class of Unity.Object, exactly 1 of the partial classes needs to be in a file with the same filename. This is to know the one that can be referenced from ie. GameObjects
'Assets/Photon/Quantum/Runtime/QuantumUnityRuntime.cs' contains partial class of Unity.Object, exactly 1 of the partial classes needs to be in a file with the same filename. This is to know the one that can be referenced from ie. GameObjects
'Assets/Photon/Quantum/Runtime/QuantumUnityRuntime.cs' contains partial class of Unity.Object, exactly 1 of the partial classes needs to be in a file with the same filename. This is to know the one that can be referenced from ie. GameObjects
'Assets/Photon/Quantum/Runtime/QuantumUnityRuntime.cs' contains partial class of Unity.Object, exactly 1 of the partial classes needs to be in a file with the same filename. This is to know the one that can be referenced from ie. GameObjects
'Assets/Photon/Quantum/Runtime/QuantumUnityRuntime.cs' contains partial class of Unity.Object, exactly 1 of the partial classes needs to be in a file with the same filename. This is to know the one that can be referenced from ie. GameObjects
'Assets/Photon/Quantum/Runtime/QuantumUnityRuntime.cs' contains partial class of Unity.Object, exactly 1 of the partial classes needs to be in a file with the same filename. This is to know the one that can be referenced from ie. GameObjects
'Assets/Photon/Quantum/Runtime/QuantumUnityRuntime.cs' contains partial class of Unity.Object, exactly 1 of the partial classes needs to be in a file with the same filename. This is to know the one that can be referenced from ie. GameObjects
'Assets/Photon/Quantum/Runtime/QuantumUnityRuntime.cs' contains partial class of Unity.Object, exactly 1 of the partial classes needs to be in a file with the same filename. This is to know the one that can be referenced from ie. GameObjects
Native extension for Android target not found
Native extension for OSXStandalone target not found
[Package Manager] Failed to launch server process. Reason: Unity was launched with the -noUpm command-line argument
[Package Manager] Unable to send message (not connected to server process).
[Package Manager] Cannot connect to Unity Package Manager local server
ScheduleIndexationOnStartup MainProcess:False IndexOnStartup:True
Mono: successfully reloaded assembly
- Finished resetting the current domain, in  0.434 seconds
Domain Reload Profiling: 770ms
	BeginReloadAssembly (82ms)
		DisableScriptedObjects (3ms)
		CreateAndSetChildDomain (21ms)
	RebuildCommonClasses (23ms)
	RebuildNativeTypeToScriptingClass (10ms)
	initialDomainReloadingComplete (32ms)
	LoadAllAssembliesAndSetupDomain (188ms)
		LoadAssemblies (117ms)
		AnalyzeDomain (98ms)
			TypeCache.Refresh (5ms)
			BuildScriptInfoCaches (88ms)
			ResolveRequiredComponents (4ms)
	FinalizeReload (435ms)
		SetupLoadedEditorAssemblies (0ms)
			InitializePlatformSupportModulesInManaged (4ms)
			BeforeProcessingInitializeOnLoad (67ms)
			ProcessInitializeOnLoadAttributes (239ms)
			ProcessInitializeOnLoadMethodAttributes (37ms)
Unloading 5 Unused Serialized files (Serialized files now loaded: 0)
Unloading 3669 unused Assets / (0.8 MB). Loaded Objects now: 4275.
Memory consumption went from 103.2 MB to 102.4 MB.
Total: 5.703625 ms (FindLiveObjects: 0.223250 ms CreateObjectMapping: 0.072042 ms MarkObjects: 4.765625 ms  DeleteObjects: 0.642125 ms)

Prepare: number of updated asset objects reloaded= 0
========================================================================
Received Prepare
Begin MonoManager ReloadAssembly
[Licensing::Client] Successfully resolved entitlement details
Thread 0x16b153000 may have been prematurely finalized
Assembly Assembly-CSharp-Editor-firstpass.dll at Library/ScriptAssemblies/Assembly-CSharp-Editor-firstpass.dll not valid. Loading of assembly skipped.
Assembly Assembly-CSharp-Editor.dll at Library/ScriptAssemblies/Assembly-CSharp-Editor.dll not valid. Loading of assembly skipped.
Assembly Assembly-CSharp-firstpass.dll at Library/ScriptAssemblies/Assembly-CSharp-firstpass.dll not valid. Loading of assembly skipped.
Assembly PhotonWebSocket.dll at Library/ScriptAssemblies/PhotonWebSocket.dll not valid. Loading of assembly skipped.
Assembly TestNewCustomAssembly.dll at Library/ScriptAssemblies/TestNewCustomAssembly.dll not valid. Loading of assembly skipped.
Assembly Unity.AI.Navigation.Editor.Tests.dll at Library/ScriptAssemblies/Unity.AI.Navigation.Editor.Tests.dll not valid. Loading of assembly skipped.
Assembly Unity.AI.Navigation.LegacyOffMeshLink.Tests.dll at Library/ScriptAssemblies/Unity.AI.Navigation.LegacyOffMeshLink.Tests.dll not valid. Loading of assembly skipped.
Assembly Unity.AI.Navigation.Tests.dll at Library/ScriptAssemblies/Unity.AI.Navigation.Tests.dll not valid. Loading of assembly skipped.
Assembly Unity.AI.Navigation.Tests.EditorInPlaymode.dll at Library/ScriptAssemblies/Unity.AI.Navigation.Tests.EditorInPlaymode.dll not valid. Loading of assembly skipped.
Assembly Unity.InputSystem.IntegrationTests.dll at Library/ScriptAssemblies/Unity.InputSystem.IntegrationTests.dll not valid. Loading of assembly skipped.
Assembly Unity.Performance.Profile-Analyzer.EditorTests.dll at Library/ScriptAssemblies/Unity.Performance.Profile-Analyzer.EditorTests.dll not valid. Loading of assembly skipped.
Assembly Unity.Settings.Tests.dll at Library/ScriptAssemblies/Unity.Settings.Tests.dll not valid. Loading of assembly skipped.
Assembly Unity.TestTools.CodeCoverage.Editor.Compatibility.dll at Library/ScriptAssemblies/Unity.TestTools.CodeCoverage.Editor.Compatibility.dll not valid. Loading of assembly skipped.
Assembly Unity.TextMeshPro.Editor.Tests.dll at Library/ScriptAssemblies/Unity.TextMeshPro.Editor.Tests.dll not valid. Loading of assembly skipped.
Assembly Unity.TextMeshPro.Tests.dll at Library/ScriptAssemblies/Unity.TextMeshPro.Tests.dll not valid. Loading of assembly skipped.
Assembly UnityEditor.UI.Common.Tests.dll at Library/ScriptAssemblies/UnityEditor.UI.Common.Tests.dll not valid. Loading of assembly skipped.
Assembly UnityEditor.UI.EditorTests.dll at Library/ScriptAssemblies/UnityEditor.UI.EditorTests.dll not valid. Loading of assembly skipped.
Assembly UnityEngine.UI.Tests.dll at Library/ScriptAssemblies/UnityEngine.UI.Tests.dll not valid. Loading of assembly skipped.
'Assets/Photon/Quantum/Runtime/QuantumUnityRuntime.cs' contains partial class of Unity.Object, exactly 1 of the partial classes needs to be in a file with the same filename. This is to know the one that can be referenced from ie. GameObjects
'Assets/Photon/Quantum/Runtime/QuantumUnityRuntime.cs' contains partial class of Unity.Object, exactly 1 of the partial classes needs to be in a file with the same filename. This is to know the one that can be referenced from ie. GameObjects
'Assets/Photon/Quantum/Runtime/QuantumUnityRuntime.cs' contains partial class of Unity.Object, exactly 1 of the partial classes needs to be in a file with the same filename. This is to know the one that can be referenced from ie. GameObjects
'Assets/Photon/Quantum/Runtime/QuantumUnityRuntime.cs' contains partial class of Unity.Object, exactly 1 of the partial classes needs to be in a file with the same filename. This is to know the one that can be referenced from ie. GameObjects
'Assets/Photon/Quantum/Runtime/QuantumUnityRuntime.cs' contains partial class of Unity.Object, exactly 1 of the partial classes needs to be in a file with the same filename. This is to know the one that can be referenced from ie. GameObjects
'Assets/Photon/Quantum/Runtime/QuantumUnityRuntime.cs' contains partial class of Unity.Object, exactly 1 of the partial classes needs to be in a file with the same filename. This is to know the one that can be referenced from ie. GameObjects
'Assets/Photon/Quantum/Runtime/QuantumUnityRuntime.cs' contains partial class of Unity.Object, exactly 1 of the partial classes needs to be in a file with the same filename. This is to know the one that can be referenced from ie. GameObjects
'Assets/Photon/Quantum/Runtime/QuantumUnityRuntime.cs' contains partial class of Unity.Object, exactly 1 of the partial classes needs to be in a file with the same filename. This is to know the one that can be referenced from ie. GameObjects
'Assets/Photon/Quantum/Runtime/QuantumUnityRuntime.cs' contains partial class of Unity.Object, exactly 1 of the partial classes needs to be in a file with the same filename. This is to know the one that can be referenced from ie. GameObjects
'Assets/Photon/Quantum/Runtime/QuantumUnityRuntime.cs' contains partial class of Unity.Object, exactly 1 of the partial classes needs to be in a file with the same filename. This is to know the one that can be referenced from ie. GameObjects
'Assets/Photon/Quantum/Runtime/QuantumUnityRuntime.cs' contains partial class of Unity.Object, exactly 1 of the partial classes needs to be in a file with the same filename. This is to know the one that can be referenced from ie. GameObjects
Native extension for Android target not found
Native extension for OSXStandalone target not found
[Package Manager] Failed to launch server process. Reason: Unity was launched with the -noUpm command-line argument
[Package Manager] Unable to send message (not connected to server process).
[Package Manager] Cannot connect to Unity Package Manager local server
ScheduleIndexationOnStartup MainProcess:False IndexOnStartup:True
Mono: successfully reloaded assembly
- Finished resetting the current domain, in  0.472 seconds
Domain Reload Profiling: 842ms
	BeginReloadAssembly (90ms)
		DisableScriptedObjects (3ms)
		CreateAndSetChildDomain (28ms)
	RebuildCommonClasses (23ms)
	RebuildNativeTypeToScriptingClass (10ms)
	initialDomainReloadingComplete (36ms)
	LoadAllAssembliesAndSetupDomain (210ms)
		LoadAssemblies (128ms)
		AnalyzeDomain (109ms)
			TypeCache.Refresh (7ms)
			BuildScriptInfoCaches (96ms)
			ResolveRequiredComponents (5ms)
	FinalizeReload (472ms)
		SetupLoadedEditorAssemblies (0ms)
			InitializePlatformSupportModulesInManaged (4ms)
			BeforeProcessingInitializeOnLoad (77ms)
			ProcessInitializeOnLoadAttributes (263ms)
			ProcessInitializeOnLoadMethodAttributes (32ms)
Unloading 5 Unused Serialized files (Serialized files now loaded: 0)
Unloading 3669 unused Assets / (1.3 MB). Loaded Objects now: 4275.
Memory consumption went from 103.2 MB to 101.9 MB.
Total: 5.325125 ms (FindLiveObjects: 0.189500 ms CreateObjectMapping: 0.072334 ms MarkObjects: 4.495666 ms  DeleteObjects: 0.567167 ms)

Prepare: number of updated asset objects reloaded= 0
========================================================================
Received Prepare
Begin MonoManager ReloadAssembly
Thread 0x16b153000 may have been prematurely finalized
Assembly Assembly-CSharp-Editor-firstpass.dll at Library/ScriptAssemblies/Assembly-CSharp-Editor-firstpass.dll not valid. Loading of assembly skipped.
Assembly Assembly-CSharp-Editor.dll at Library/ScriptAssemblies/Assembly-CSharp-Editor.dll not valid. Loading of assembly skipped.
Assembly Assembly-CSharp-firstpass.dll at Library/ScriptAssemblies/Assembly-CSharp-firstpass.dll not valid. Loading of assembly skipped.
Assembly PhotonWebSocket.dll at Library/ScriptAssemblies/PhotonWebSocket.dll not valid. Loading of assembly skipped.
Assembly TestNewCustomAssembly.dll at Library/ScriptAssemblies/TestNewCustomAssembly.dll not valid. Loading of assembly skipped.
Assembly Unity.AI.Navigation.Editor.Tests.dll at Library/ScriptAssemblies/Unity.AI.Navigation.Editor.Tests.dll not valid. Loading of assembly skipped.
Assembly Unity.AI.Navigation.LegacyOffMeshLink.Tests.dll at Library/ScriptAssemblies/Unity.AI.Navigation.LegacyOffMeshLink.Tests.dll not valid. Loading of assembly skipped.
Assembly Unity.AI.Navigation.Tests.dll at Library/ScriptAssemblies/Unity.AI.Navigation.Tests.dll not valid. Loading of assembly skipped.
Assembly Unity.AI.Navigation.Tests.EditorInPlaymode.dll at Library/ScriptAssemblies/Unity.AI.Navigation.Tests.EditorInPlaymode.dll not valid. Loading of assembly skipped.
Assembly Unity.InputSystem.IntegrationTests.dll at Library/ScriptAssemblies/Unity.InputSystem.IntegrationTests.dll not valid. Loading of assembly skipped.
Assembly Unity.Performance.Profile-Analyzer.EditorTests.dll at Library/ScriptAssemblies/Unity.Performance.Profile-Analyzer.EditorTests.dll not valid. Loading of assembly skipped.
Assembly Unity.Settings.Tests.dll at Library/ScriptAssemblies/Unity.Settings.Tests.dll not valid. Loading of assembly skipped.
Assembly Unity.TestTools.CodeCoverage.Editor.Compatibility.dll at Library/ScriptAssemblies/Unity.TestTools.CodeCoverage.Editor.Compatibility.dll not valid. Loading of assembly skipped.
Assembly Unity.TextMeshPro.Editor.Tests.dll at Library/ScriptAssemblies/Unity.TextMeshPro.Editor.Tests.dll not valid. Loading of assembly skipped.
Assembly Unity.TextMeshPro.Tests.dll at Library/ScriptAssemblies/Unity.TextMeshPro.Tests.dll not valid. Loading of assembly skipped.
Assembly UnityEditor.UI.Common.Tests.dll at Library/ScriptAssemblies/UnityEditor.UI.Common.Tests.dll not valid. Loading of assembly skipped.
Assembly UnityEditor.UI.EditorTests.dll at Library/ScriptAssemblies/UnityEditor.UI.EditorTests.dll not valid. Loading of assembly skipped.
Assembly UnityEngine.UI.Tests.dll at Library/ScriptAssemblies/UnityEngine.UI.Tests.dll not valid. Loading of assembly skipped.
'Assets/Photon/Quantum/Runtime/QuantumUnityRuntime.cs' contains partial class of Unity.Object, exactly 1 of the partial classes needs to be in a file with the same filename. This is to know the one that can be referenced from ie. GameObjects
'Assets/Photon/Quantum/Runtime/QuantumUnityRuntime.cs' contains partial class of Unity.Object, exactly 1 of the partial classes needs to be in a file with the same filename. This is to know the one that can be referenced from ie. GameObjects
'Assets/Photon/Quantum/Runtime/QuantumUnityRuntime.cs' contains partial class of Unity.Object, exactly 1 of the partial classes needs to be in a file with the same filename. This is to know the one that can be referenced from ie. GameObjects
'Assets/Photon/Quantum/Runtime/QuantumUnityRuntime.cs' contains partial class of Unity.Object, exactly 1 of the partial classes needs to be in a file with the same filename. This is to know the one that can be referenced from ie. GameObjects
'Assets/Photon/Quantum/Runtime/QuantumUnityRuntime.cs' contains partial class of Unity.Object, exactly 1 of the partial classes needs to be in a file with the same filename. This is to know the one that can be referenced from ie. GameObjects
'Assets/Photon/Quantum/Runtime/QuantumUnityRuntime.cs' contains partial class of Unity.Object, exactly 1 of the partial classes needs to be in a file with the same filename. This is to know the one that can be referenced from ie. GameObjects
'Assets/Photon/Quantum/Runtime/QuantumUnityRuntime.cs' contains partial class of Unity.Object, exactly 1 of the partial classes needs to be in a file with the same filename. This is to know the one that can be referenced from ie. GameObjects
'Assets/Photon/Quantum/Runtime/QuantumUnityRuntime.cs' contains partial class of Unity.Object, exactly 1 of the partial classes needs to be in a file with the same filename. This is to know the one that can be referenced from ie. GameObjects
'Assets/Photon/Quantum/Runtime/QuantumUnityRuntime.cs' contains partial class of Unity.Object, exactly 1 of the partial classes needs to be in a file with the same filename. This is to know the one that can be referenced from ie. GameObjects
'Assets/Photon/Quantum/Runtime/QuantumUnityRuntime.cs' contains partial class of Unity.Object, exactly 1 of the partial classes needs to be in a file with the same filename. This is to know the one that can be referenced from ie. GameObjects
'Assets/Photon/Quantum/Runtime/QuantumUnityRuntime.cs' contains partial class of Unity.Object, exactly 1 of the partial classes needs to be in a file with the same filename. This is to know the one that can be referenced from ie. GameObjects
Native extension for Android target not found
Native extension for OSXStandalone target not found
[Package Manager] Failed to launch server process. Reason: Unity was launched with the -noUpm command-line argument
[Package Manager] Unable to send message (not connected to server process).
[Package Manager] Cannot connect to Unity Package Manager local server
ScheduleIndexationOnStartup MainProcess:False IndexOnStartup:True
Mono: successfully reloaded assembly
- Finished resetting the current domain, in  0.407 seconds
Domain Reload Profiling: 733ms
	BeginReloadAssembly (80ms)
		DisableScriptedObjects (3ms)
		CreateAndSetChildDomain (21ms)
	RebuildCommonClasses (22ms)
	RebuildNativeTypeToScriptingClass (9ms)
	initialDomainReloadingComplete (31ms)
	LoadAllAssembliesAndSetupDomain (184ms)
		LoadAssemblies (108ms)
		AnalyzeDomain (98ms)
			TypeCache.Refresh (5ms)
			BuildScriptInfoCaches (88ms)
			ResolveRequiredComponents (4ms)
	FinalizeReload (407ms)
		SetupLoadedEditorAssemblies (0ms)
			InitializePlatformSupportModulesInManaged (4ms)
			BeforeProcessingInitializeOnLoad (65ms)
			ProcessInitializeOnLoadAttributes (229ms)
			ProcessInitializeOnLoadMethodAttributes (30ms)
Unloading 5 Unused Serialized files (Serialized files now loaded: 0)
Unloading 3669 unused Assets / (0.8 MB). Loaded Objects now: 4275.
Memory consumption went from 103.2 MB to 102.4 MB.
Total: 5.133250 ms (FindLiveObjects: 0.183625 ms CreateObjectMapping: 0.069917 ms MarkObjects: 4.113333 ms  DeleteObjects: 0.766042 ms)

Prepare: number of updated asset objects reloaded= 0
========================================================================
Received Prepare
Begin MonoManager ReloadAssembly
Thread 0x16b153000 may have been prematurely finalized
Assembly Assembly-CSharp-Editor-firstpass.dll at Library/ScriptAssemblies/Assembly-CSharp-Editor-firstpass.dll not valid. Loading of assembly skipped.
Assembly Assembly-CSharp-Editor.dll at Library/ScriptAssemblies/Assembly-CSharp-Editor.dll not valid. Loading of assembly skipped.
Assembly Assembly-CSharp-firstpass.dll at Library/ScriptAssemblies/Assembly-CSharp-firstpass.dll not valid. Loading of assembly skipped.
Assembly PhotonWebSocket.dll at Library/ScriptAssemblies/PhotonWebSocket.dll not valid. Loading of assembly skipped.
Assembly TestNewCustomAssembly.dll at Library/ScriptAssemblies/TestNewCustomAssembly.dll not valid. Loading of assembly skipped.
Assembly Unity.AI.Navigation.Editor.Tests.dll at Library/ScriptAssemblies/Unity.AI.Navigation.Editor.Tests.dll not valid. Loading of assembly skipped.
Assembly Unity.AI.Navigation.LegacyOffMeshLink.Tests.dll at Library/ScriptAssemblies/Unity.AI.Navigation.LegacyOffMeshLink.Tests.dll not valid. Loading of assembly skipped.
Assembly Unity.AI.Navigation.Tests.dll at Library/ScriptAssemblies/Unity.AI.Navigation.Tests.dll not valid. Loading of assembly skipped.
Assembly Unity.AI.Navigation.Tests.EditorInPlaymode.dll at Library/ScriptAssemblies/Unity.AI.Navigation.Tests.EditorInPlaymode.dll not valid. Loading of assembly skipped.
Assembly Unity.InputSystem.IntegrationTests.dll at Library/ScriptAssemblies/Unity.InputSystem.IntegrationTests.dll not valid. Loading of assembly skipped.
Assembly Unity.Performance.Profile-Analyzer.EditorTests.dll at Library/ScriptAssemblies/Unity.Performance.Profile-Analyzer.EditorTests.dll not valid. Loading of assembly skipped.
Assembly Unity.Settings.Tests.dll at Library/ScriptAssemblies/Unity.Settings.Tests.dll not valid. Loading of assembly skipped.
Assembly Unity.TestTools.CodeCoverage.Editor.Compatibility.dll at Library/ScriptAssemblies/Unity.TestTools.CodeCoverage.Editor.Compatibility.dll not valid. Loading of assembly skipped.
Assembly Unity.TextMeshPro.Editor.Tests.dll at Library/ScriptAssemblies/Unity.TextMeshPro.Editor.Tests.dll not valid. Loading of assembly skipped.
Assembly Unity.TextMeshPro.Tests.dll at Library/ScriptAssemblies/Unity.TextMeshPro.Tests.dll not valid. Loading of assembly skipped.
Assembly UnityEditor.UI.Common.Tests.dll at Library/ScriptAssemblies/UnityEditor.UI.Common.Tests.dll not valid. Loading of assembly skipped.
Assembly UnityEditor.UI.EditorTests.dll at Library/ScriptAssemblies/UnityEditor.UI.EditorTests.dll not valid. Loading of assembly skipped.
Assembly UnityEngine.UI.Tests.dll at Library/ScriptAssemblies/UnityEngine.UI.Tests.dll not valid. Loading of assembly skipped.
'Assets/Photon/Quantum/Runtime/QuantumUnityRuntime.cs' contains partial class of Unity.Object, exactly 1 of the partial classes needs to be in a file with the same filename. This is to know the one that can be referenced from ie. GameObjects
'Assets/Photon/Quantum/Runtime/QuantumUnityRuntime.cs' contains partial class of Unity.Object, exactly 1 of the partial classes needs to be in a file with the same filename. This is to know the one that can be referenced from ie. GameObjects
'Assets/Photon/Quantum/Runtime/QuantumUnityRuntime.cs' contains partial class of Unity.Object, exactly 1 of the partial classes needs to be in a file with the same filename. This is to know the one that can be referenced from ie. GameObjects
'Assets/Photon/Quantum/Runtime/QuantumUnityRuntime.cs' contains partial class of Unity.Object, exactly 1 of the partial classes needs to be in a file with the same filename. This is to know the one that can be referenced from ie. GameObjects
'Assets/Photon/Quantum/Runtime/QuantumUnityRuntime.cs' contains partial class of Unity.Object, exactly 1 of the partial classes needs to be in a file with the same filename. This is to know the one that can be referenced from ie. GameObjects
'Assets/Photon/Quantum/Runtime/QuantumUnityRuntime.cs' contains partial class of Unity.Object, exactly 1 of the partial classes needs to be in a file with the same filename. This is to know the one that can be referenced from ie. GameObjects
'Assets/Photon/Quantum/Runtime/QuantumUnityRuntime.cs' contains partial class of Unity.Object, exactly 1 of the partial classes needs to be in a file with the same filename. This is to know the one that can be referenced from ie. GameObjects
'Assets/Photon/Quantum/Runtime/QuantumUnityRuntime.cs' contains partial class of Unity.Object, exactly 1 of the partial classes needs to be in a file with the same filename. This is to know the one that can be referenced from ie. GameObjects
'Assets/Photon/Quantum/Runtime/QuantumUnityRuntime.cs' contains partial class of Unity.Object, exactly 1 of the partial classes needs to be in a file with the same filename. This is to know the one that can be referenced from ie. GameObjects
'Assets/Photon/Quantum/Runtime/QuantumUnityRuntime.cs' contains partial class of Unity.Object, exactly 1 of the partial classes needs to be in a file with the same filename. This is to know the one that can be referenced from ie. GameObjects
'Assets/Photon/Quantum/Runtime/QuantumUnityRuntime.cs' contains partial class of Unity.Object, exactly 1 of the partial classes needs to be in a file with the same filename. This is to know the one that can be referenced from ie. GameObjects
Native extension for Android target not found
Native extension for OSXStandalone target not found
[Package Manager] Failed to launch server process. Reason: Unity was launched with the -noUpm command-line argument
[Package Manager] Unable to send message (not connected to server process).
[Package Manager] Cannot connect to Unity Package Manager local server
ScheduleIndexationOnStartup MainProcess:False IndexOnStartup:True
Mono: successfully reloaded assembly
- Finished resetting the current domain, in  0.442 seconds
Domain Reload Profiling: 794ms
	BeginReloadAssembly (85ms)
		DisableScriptedObjects (3ms)
		CreateAndSetChildDomain (23ms)
	RebuildCommonClasses (25ms)
	RebuildNativeTypeToScriptingClass (10ms)
	initialDomainReloadingComplete (34ms)
	LoadAllAssembliesAndSetupDomain (197ms)
		LoadAssemblies (123ms)
		AnalyzeDomain (100ms)
			TypeCache.Refresh (5ms)
			BuildScriptInfoCaches (90ms)
			ResolveRequiredComponents (4ms)
	FinalizeReload (443ms)
		SetupLoadedEditorAssemblies (0ms)
			InitializePlatformSupportModulesInManaged (4ms)
			BeforeProcessingInitializeOnLoad (67ms)
			ProcessInitializeOnLoadAttributes (250ms)
			ProcessInitializeOnLoadMethodAttributes (37ms)
Unloading 5 Unused Serialized files (Serialized files now loaded: 0)
Unloading 3669 unused Assets / (0.7 MB). Loaded Objects now: 4275.
Memory consumption went from 103.2 MB to 102.5 MB.
Total: 5.875333 ms (FindLiveObjects: 0.255250 ms CreateObjectMapping: 0.081916 ms MarkObjects: 4.866958 ms  DeleteObjects: 0.670958 ms)

Prepare: number of updated asset objects reloaded= 0
========================================================================
Received Prepare
Begin MonoManager ReloadAssembly
[Licensing::Client] Successfully resolved entitlement details
Thread 0x16b153000 may have been prematurely finalized
Assembly Assembly-CSharp-Editor-firstpass.dll at Library/ScriptAssemblies/Assembly-CSharp-Editor-firstpass.dll not valid. Loading of assembly skipped.
Assembly Assembly-CSharp-Editor.dll at Library/ScriptAssemblies/Assembly-CSharp-Editor.dll not valid. Loading of assembly skipped.
Assembly Assembly-CSharp-firstpass.dll at Library/ScriptAssemblies/Assembly-CSharp-firstpass.dll not valid. Loading of assembly skipped.
Assembly PhotonWebSocket.dll at Library/ScriptAssemblies/PhotonWebSocket.dll not valid. Loading of assembly skipped.
Assembly TestNewCustomAssembly.dll at Library/ScriptAssemblies/TestNewCustomAssembly.dll not valid. Loading of assembly skipped.
Assembly Unity.AI.Navigation.Editor.Tests.dll at Library/ScriptAssemblies/Unity.AI.Navigation.Editor.Tests.dll not valid. Loading of assembly skipped.
Assembly Unity.AI.Navigation.LegacyOffMeshLink.Tests.dll at Library/ScriptAssemblies/Unity.AI.Navigation.LegacyOffMeshLink.Tests.dll not valid. Loading of assembly skipped.
Assembly Unity.AI.Navigation.Tests.dll at Library/ScriptAssemblies/Unity.AI.Navigation.Tests.dll not valid. Loading of assembly skipped.
Assembly Unity.AI.Navigation.Tests.EditorInPlaymode.dll at Library/ScriptAssemblies/Unity.AI.Navigation.Tests.EditorInPlaymode.dll not valid. Loading of assembly skipped.
Assembly Unity.InputSystem.IntegrationTests.dll at Library/ScriptAssemblies/Unity.InputSystem.IntegrationTests.dll not valid. Loading of assembly skipped.
Assembly Unity.Performance.Profile-Analyzer.EditorTests.dll at Library/ScriptAssemblies/Unity.Performance.Profile-Analyzer.EditorTests.dll not valid. Loading of assembly skipped.
Assembly Unity.Settings.Tests.dll at Library/ScriptAssemblies/Unity.Settings.Tests.dll not valid. Loading of assembly skipped.
Assembly Unity.TestTools.CodeCoverage.Editor.Compatibility.dll at Library/ScriptAssemblies/Unity.TestTools.CodeCoverage.Editor.Compatibility.dll not valid. Loading of assembly skipped.
Assembly Unity.TextMeshPro.Editor.Tests.dll at Library/ScriptAssemblies/Unity.TextMeshPro.Editor.Tests.dll not valid. Loading of assembly skipped.
Assembly Unity.TextMeshPro.Tests.dll at Library/ScriptAssemblies/Unity.TextMeshPro.Tests.dll not valid. Loading of assembly skipped.
Assembly UnityEditor.UI.Common.Tests.dll at Library/ScriptAssemblies/UnityEditor.UI.Common.Tests.dll not valid. Loading of assembly skipped.
Assembly UnityEditor.UI.EditorTests.dll at Library/ScriptAssemblies/UnityEditor.UI.EditorTests.dll not valid. Loading of assembly skipped.
Assembly UnityEngine.UI.Tests.dll at Library/ScriptAssemblies/UnityEngine.UI.Tests.dll not valid. Loading of assembly skipped.
'Assets/Photon/Quantum/Runtime/QuantumUnityRuntime.cs' contains partial class of Unity.Object, exactly 1 of the partial classes needs to be in a file with the same filename. This is to know the one that can be referenced from ie. GameObjects
'Assets/Photon/Quantum/Runtime/QuantumUnityRuntime.cs' contains partial class of Unity.Object, exactly 1 of the partial classes needs to be in a file with the same filename. This is to know the one that can be referenced from ie. GameObjects
'Assets/Photon/Quantum/Runtime/QuantumUnityRuntime.cs' contains partial class of Unity.Object, exactly 1 of the partial classes needs to be in a file with the same filename. This is to know the one that can be referenced from ie. GameObjects
'Assets/Photon/Quantum/Runtime/QuantumUnityRuntime.cs' contains partial class of Unity.Object, exactly 1 of the partial classes needs to be in a file with the same filename. This is to know the one that can be referenced from ie. GameObjects
'Assets/Photon/Quantum/Runtime/QuantumUnityRuntime.cs' contains partial class of Unity.Object, exactly 1 of the partial classes needs to be in a file with the same filename. This is to know the one that can be referenced from ie. GameObjects
'Assets/Photon/Quantum/Runtime/QuantumUnityRuntime.cs' contains partial class of Unity.Object, exactly 1 of the partial classes needs to be in a file with the same filename. This is to know the one that can be referenced from ie. GameObjects
'Assets/Photon/Quantum/Runtime/QuantumUnityRuntime.cs' contains partial class of Unity.Object, exactly 1 of the partial classes needs to be in a file with the same filename. This is to know the one that can be referenced from ie. GameObjects
'Assets/Photon/Quantum/Runtime/QuantumUnityRuntime.cs' contains partial class of Unity.Object, exactly 1 of the partial classes needs to be in a file with the same filename. This is to know the one that can be referenced from ie. GameObjects
'Assets/Photon/Quantum/Runtime/QuantumUnityRuntime.cs' contains partial class of Unity.Object, exactly 1 of the partial classes needs to be in a file with the same filename. This is to know the one that can be referenced from ie. GameObjects
'Assets/Photon/Quantum/Runtime/QuantumUnityRuntime.cs' contains partial class of Unity.Object, exactly 1 of the partial classes needs to be in a file with the same filename. This is to know the one that can be referenced from ie. GameObjects
'Assets/Photon/Quantum/Runtime/QuantumUnityRuntime.cs' contains partial class of Unity.Object, exactly 1 of the partial classes needs to be in a file with the same filename. This is to know the one that can be referenced from ie. GameObjects
Native extension for Android target not found
Native extension for OSXStandalone target not found
[Package Manager] Failed to launch server process. Reason: Unity was launched with the -noUpm command-line argument
[Package Manager] Unable to send message (not connected to server process).
[Package Manager] Cannot connect to Unity Package Manager local server
ScheduleIndexationOnStartup MainProcess:False IndexOnStartup:True
Mono: successfully reloaded assembly
- Finished resetting the current domain, in  0.450 seconds
Domain Reload Profiling: 804ms
	BeginReloadAssembly (87ms)
		DisableScriptedObjects (3ms)
		CreateAndSetChildDomain (25ms)
	RebuildCommonClasses (24ms)
	RebuildNativeTypeToScriptingClass (11ms)
	initialDomainReloadingComplete (37ms)
	LoadAllAssembliesAndSetupDomain (194ms)
		LoadAssemblies (119ms)
		AnalyzeDomain (102ms)
			TypeCache.Refresh (6ms)
			BuildScriptInfoCaches (90ms)
			ResolveRequiredComponents (4ms)
	FinalizeReload (450ms)
		SetupLoadedEditorAssemblies (0ms)
			InitializePlatformSupportModulesInManaged (4ms)
			BeforeProcessingInitializeOnLoad (73ms)
			ProcessInitializeOnLoadAttributes (249ms)
			ProcessInitializeOnLoadMethodAttributes (33ms)
Unloading 5 Unused Serialized files (Serialized files now loaded: 0)
Unloading 3669 unused Assets / (1.3 MB). Loaded Objects now: 4275.
Memory consumption went from 103.2 MB to 101.9 MB.
Total: 5.272916 ms (FindLiveObjects: 0.192250 ms CreateObjectMapping: 0.081833 ms MarkObjects: 4.450125 ms  DeleteObjects: 0.548042 ms)

Prepare: number of updated asset objects reloaded= 0
========================================================================
Received Prepare
Begin MonoManager ReloadAssembly
Thread 0x16b0c7000 may have been prematurely finalized
Assembly Assembly-CSharp-Editor-firstpass.dll at Library/ScriptAssemblies/Assembly-CSharp-Editor-firstpass.dll not valid. Loading of assembly skipped.
Assembly Assembly-CSharp-Editor.dll at Library/ScriptAssemblies/Assembly-CSharp-Editor.dll not valid. Loading of assembly skipped.
Assembly Assembly-CSharp-firstpass.dll at Library/ScriptAssemblies/Assembly-CSharp-firstpass.dll not valid. Loading of assembly skipped.
Assembly PhotonWebSocket.dll at Library/ScriptAssemblies/PhotonWebSocket.dll not valid. Loading of assembly skipped.
Assembly TestNewCustomAssembly.dll at Library/ScriptAssemblies/TestNewCustomAssembly.dll not valid. Loading of assembly skipped.
Assembly Unity.AI.Navigation.Editor.Tests.dll at Library/ScriptAssemblies/Unity.AI.Navigation.Editor.Tests.dll not valid. Loading of assembly skipped.
Assembly Unity.AI.Navigation.LegacyOffMeshLink.Tests.dll at Library/ScriptAssemblies/Unity.AI.Navigation.LegacyOffMeshLink.Tests.dll not valid. Loading of assembly skipped.
Assembly Unity.AI.Navigation.Tests.dll at Library/ScriptAssemblies/Unity.AI.Navigation.Tests.dll not valid. Loading of assembly skipped.
Assembly Unity.AI.Navigation.Tests.EditorInPlaymode.dll at Library/ScriptAssemblies/Unity.AI.Navigation.Tests.EditorInPlaymode.dll not valid. Loading of assembly skipped.
Assembly Unity.InputSystem.IntegrationTests.dll at Library/ScriptAssemblies/Unity.InputSystem.IntegrationTests.dll not valid. Loading of assembly skipped.
Assembly Unity.Performance.Profile-Analyzer.EditorTests.dll at Library/ScriptAssemblies/Unity.Performance.Profile-Analyzer.EditorTests.dll not valid. Loading of assembly skipped.
Assembly Unity.Settings.Tests.dll at Library/ScriptAssemblies/Unity.Settings.Tests.dll not valid. Loading of assembly skipped.
Assembly Unity.TestTools.CodeCoverage.Editor.Compatibility.dll at Library/ScriptAssemblies/Unity.TestTools.CodeCoverage.Editor.Compatibility.dll not valid. Loading of assembly skipped.
Assembly Unity.TextMeshPro.Editor.Tests.dll at Library/ScriptAssemblies/Unity.TextMeshPro.Editor.Tests.dll not valid. Loading of assembly skipped.
Assembly Unity.TextMeshPro.Tests.dll at Library/ScriptAssemblies/Unity.TextMeshPro.Tests.dll not valid. Loading of assembly skipped.
Assembly UnityEditor.UI.Common.Tests.dll at Library/ScriptAssemblies/UnityEditor.UI.Common.Tests.dll not valid. Loading of assembly skipped.
Assembly UnityEditor.UI.EditorTests.dll at Library/ScriptAssemblies/UnityEditor.UI.EditorTests.dll not valid. Loading of assembly skipped.
Assembly UnityEngine.UI.Tests.dll at Library/ScriptAssemblies/UnityEngine.UI.Tests.dll not valid. Loading of assembly skipped.
'Assets/Photon/Quantum/Runtime/QuantumUnityRuntime.cs' contains partial class of Unity.Object, exactly 1 of the partial classes needs to be in a file with the same filename. This is to know the one that can be referenced from ie. GameObjects
'Assets/Photon/Quantum/Runtime/QuantumUnityRuntime.cs' contains partial class of Unity.Object, exactly 1 of the partial classes needs to be in a file with the same filename. This is to know the one that can be referenced from ie. GameObjects
'Assets/Photon/Quantum/Runtime/QuantumUnityRuntime.cs' contains partial class of Unity.Object, exactly 1 of the partial classes needs to be in a file with the same filename. This is to know the one that can be referenced from ie. GameObjects
'Assets/Photon/Quantum/Runtime/QuantumUnityRuntime.cs' contains partial class of Unity.Object, exactly 1 of the partial classes needs to be in a file with the same filename. This is to know the one that can be referenced from ie. GameObjects
'Assets/Photon/Quantum/Runtime/QuantumUnityRuntime.cs' contains partial class of Unity.Object, exactly 1 of the partial classes needs to be in a file with the same filename. This is to know the one that can be referenced from ie. GameObjects
'Assets/Photon/Quantum/Runtime/QuantumUnityRuntime.cs' contains partial class of Unity.Object, exactly 1 of the partial classes needs to be in a file with the same filename. This is to know the one that can be referenced from ie. GameObjects
'Assets/Photon/Quantum/Runtime/QuantumUnityRuntime.cs' contains partial class of Unity.Object, exactly 1 of the partial classes needs to be in a file with the same filename. This is to know the one that can be referenced from ie. GameObjects
'Assets/Photon/Quantum/Runtime/QuantumUnityRuntime.cs' contains partial class of Unity.Object, exactly 1 of the partial classes needs to be in a file with the same filename. This is to know the one that can be referenced from ie. GameObjects
'Assets/Photon/Quantum/Runtime/QuantumUnityRuntime.cs' contains partial class of Unity.Object, exactly 1 of the partial classes needs to be in a file with the same filename. This is to know the one that can be referenced from ie. GameObjects
'Assets/Photon/Quantum/Runtime/QuantumUnityRuntime.cs' contains partial class of Unity.Object, exactly 1 of the partial classes needs to be in a file with the same filename. This is to know the one that can be referenced from ie. GameObjects
'Assets/Photon/Quantum/Runtime/QuantumUnityRuntime.cs' contains partial class of Unity.Object, exactly 1 of the partial classes needs to be in a file with the same filename. This is to know the one that can be referenced from ie. GameObjects
Native extension for Android target not found
Native extension for OSXStandalone target not found
[Package Manager] Failed to launch server process. Reason: Unity was launched with the -noUpm command-line argument
[Package Manager] Unable to send message (not connected to server process).
[Package Manager] Cannot connect to Unity Package Manager local server
ScheduleIndexationOnStartup MainProcess:False IndexOnStartup:True
Mono: successfully reloaded assembly
- Finished resetting the current domain, in  0.441 seconds
Domain Reload Profiling: 771ms
	BeginReloadAssembly (79ms)
		DisableScriptedObjects (3ms)
		CreateAndSetChildDomain (21ms)
	RebuildCommonClasses (23ms)
	RebuildNativeTypeToScriptingClass (10ms)
	initialDomainReloadingComplete (32ms)
	LoadAllAssembliesAndSetupDomain (187ms)
		LoadAssemblies (114ms)
		AnalyzeDomain (97ms)
			TypeCache.Refresh (5ms)
			BuildScriptInfoCaches (88ms)
			ResolveRequiredComponents (4ms)
	FinalizeReload (441ms)
		SetupLoadedEditorAssemblies (0ms)
			InitializePlatformSupportModulesInManaged (4ms)
			BeforeProcessingInitializeOnLoad (67ms)
			ProcessInitializeOnLoadAttributes (248ms)
			ProcessInitializeOnLoadMethodAttributes (37ms)
Unloading 5 Unused Serialized files (Serialized files now loaded: 0)
Unloading 3669 unused Assets / (0.8 MB). Loaded Objects now: 4275.
Memory consumption went from 103.2 MB to 102.4 MB.
Total: 5.773209 ms (FindLiveObjects: 0.232709 ms CreateObjectMapping: 0.076375 ms MarkObjects: 4.789167 ms  DeleteObjects: 0.674667 ms)

Prepare: number of updated asset objects reloaded= 0
========================================================================
Received Prepare
Begin MonoManager ReloadAssembly
[Licensing::Client] Successfully resolved entitlement details
Thread 0x16b0c7000 may have been prematurely finalized
Assembly Assembly-CSharp-Editor-firstpass.dll at Library/ScriptAssemblies/Assembly-CSharp-Editor-firstpass.dll not valid. Loading of assembly skipped.
Assembly Assembly-CSharp-Editor.dll at Library/ScriptAssemblies/Assembly-CSharp-Editor.dll not valid. Loading of assembly skipped.
Assembly Assembly-CSharp-firstpass.dll at Library/ScriptAssemblies/Assembly-CSharp-firstpass.dll not valid. Loading of assembly skipped.
Assembly PhotonWebSocket.dll at Library/ScriptAssemblies/PhotonWebSocket.dll not valid. Loading of assembly skipped.
Assembly TestNewCustomAssembly.dll at Library/ScriptAssemblies/TestNewCustomAssembly.dll not valid. Loading of assembly skipped.
Assembly Unity.AI.Navigation.Editor.Tests.dll at Library/ScriptAssemblies/Unity.AI.Navigation.Editor.Tests.dll not valid. Loading of assembly skipped.
Assembly Unity.AI.Navigation.LegacyOffMeshLink.Tests.dll at Library/ScriptAssemblies/Unity.AI.Navigation.LegacyOffMeshLink.Tests.dll not valid. Loading of assembly skipped.
Assembly Unity.AI.Navigation.Tests.dll at Library/ScriptAssemblies/Unity.AI.Navigation.Tests.dll not valid. Loading of assembly skipped.
Assembly Unity.AI.Navigation.Tests.EditorInPlaymode.dll at Library/ScriptAssemblies/Unity.AI.Navigation.Tests.EditorInPlaymode.dll not valid. Loading of assembly skipped.
Assembly Unity.InputSystem.IntegrationTests.dll at Library/ScriptAssemblies/Unity.InputSystem.IntegrationTests.dll not valid. Loading of assembly skipped.
Assembly Unity.Performance.Profile-Analyzer.EditorTests.dll at Library/ScriptAssemblies/Unity.Performance.Profile-Analyzer.EditorTests.dll not valid. Loading of assembly skipped.
Assembly Unity.Settings.Tests.dll at Library/ScriptAssemblies/Unity.Settings.Tests.dll not valid. Loading of assembly skipped.
Assembly Unity.TestTools.CodeCoverage.Editor.Compatibility.dll at Library/ScriptAssemblies/Unity.TestTools.CodeCoverage.Editor.Compatibility.dll not valid. Loading of assembly skipped.
Assembly Unity.TextMeshPro.Editor.Tests.dll at Library/ScriptAssemblies/Unity.TextMeshPro.Editor.Tests.dll not valid. Loading of assembly skipped.
Assembly Unity.TextMeshPro.Tests.dll at Library/ScriptAssemblies/Unity.TextMeshPro.Tests.dll not valid. Loading of assembly skipped.
Assembly UnityEditor.UI.Common.Tests.dll at Library/ScriptAssemblies/UnityEditor.UI.Common.Tests.dll not valid. Loading of assembly skipped.
Assembly UnityEditor.UI.EditorTests.dll at Library/ScriptAssemblies/UnityEditor.UI.EditorTests.dll not valid. Loading of assembly skipped.
Assembly UnityEngine.UI.Tests.dll at Library/ScriptAssemblies/UnityEngine.UI.Tests.dll not valid. Loading of assembly skipped.
'Assets/Photon/Quantum/Runtime/QuantumUnityRuntime.cs' contains partial class of Unity.Object, exactly 1 of the partial classes needs to be in a file with the same filename. This is to know the one that can be referenced from ie. GameObjects
'Assets/Photon/Quantum/Runtime/QuantumUnityRuntime.cs' contains partial class of Unity.Object, exactly 1 of the partial classes needs to be in a file with the same filename. This is to know the one that can be referenced from ie. GameObjects
'Assets/Photon/Quantum/Runtime/QuantumUnityRuntime.cs' contains partial class of Unity.Object, exactly 1 of the partial classes needs to be in a file with the same filename. This is to know the one that can be referenced from ie. GameObjects
'Assets/Photon/Quantum/Runtime/QuantumUnityRuntime.cs' contains partial class of Unity.Object, exactly 1 of the partial classes needs to be in a file with the same filename. This is to know the one that can be referenced from ie. GameObjects
'Assets/Photon/Quantum/Runtime/QuantumUnityRuntime.cs' contains partial class of Unity.Object, exactly 1 of the partial classes needs to be in a file with the same filename. This is to know the one that can be referenced from ie. GameObjects
'Assets/Photon/Quantum/Runtime/QuantumUnityRuntime.cs' contains partial class of Unity.Object, exactly 1 of the partial classes needs to be in a file with the same filename. This is to know the one that can be referenced from ie. GameObjects
'Assets/Photon/Quantum/Runtime/QuantumUnityRuntime.cs' contains partial class of Unity.Object, exactly 1 of the partial classes needs to be in a file with the same filename. This is to know the one that can be referenced from ie. GameObjects
'Assets/Photon/Quantum/Runtime/QuantumUnityRuntime.cs' contains partial class of Unity.Object, exactly 1 of the partial classes needs to be in a file with the same filename. This is to know the one that can be referenced from ie. GameObjects
'Assets/Photon/Quantum/Runtime/QuantumUnityRuntime.cs' contains partial class of Unity.Object, exactly 1 of the partial classes needs to be in a file with the same filename. This is to know the one that can be referenced from ie. GameObjects
'Assets/Photon/Quantum/Runtime/QuantumUnityRuntime.cs' contains partial class of Unity.Object, exactly 1 of the partial classes needs to be in a file with the same filename. This is to know the one that can be referenced from ie. GameObjects
'Assets/Photon/Quantum/Runtime/QuantumUnityRuntime.cs' contains partial class of Unity.Object, exactly 1 of the partial classes needs to be in a file with the same filename. This is to know the one that can be referenced from ie. GameObjects
Native extension for Android target not found
Native extension for OSXStandalone target not found
[Package Manager] Failed to launch server process. Reason: Unity was launched with the -noUpm command-line argument
[Package Manager] Unable to send message (not connected to server process).
[Package Manager] Cannot connect to Unity Package Manager local server
ScheduleIndexationOnStartup MainProcess:False IndexOnStartup:True
Mono: successfully reloaded assembly
- Finished resetting the current domain, in  0.444 seconds
Domain Reload Profiling: 788ms
	BeginReloadAssembly (82ms)
		DisableScriptedObjects (3ms)
		CreateAndSetChildDomain (22ms)
	RebuildCommonClasses (22ms)
	RebuildNativeTypeToScriptingClass (10ms)
	initialDomainReloadingComplete (31ms)
	LoadAllAssembliesAndSetupDomain (199ms)
		LoadAssemblies (118ms)
		AnalyzeDomain (103ms)
			TypeCache.Refresh (13ms)
				TypeCache.ScanAssembly (7ms)
			BuildScriptInfoCaches (85ms)
			ResolveRequiredComponents (4ms)
	FinalizeReload (445ms)
		SetupLoadedEditorAssemblies (0ms)
			InitializePlatformSupportModulesInManaged (4ms)
			BeforeProcessingInitializeOnLoad (71ms)
			ProcessInitializeOnLoadAttributes (246ms)
			ProcessInitializeOnLoadMethodAttributes (34ms)
Unloading 5 Unused Serialized files (Serialized files now loaded: 0)
Unloading 3670 unused Assets / (1.2 MB). Loaded Objects now: 4276.
Memory consumption went from 103.2 MB to 102.1 MB.
Total: 5.452834 ms (FindLiveObjects: 0.198500 ms CreateObjectMapping: 0.083084 ms MarkObjects: 4.522875 ms  DeleteObjects: 0.648083 ms)

Prepare: number of updated asset objects reloaded= 0
========================================================================
Received Prepare
Begin MonoManager ReloadAssembly
Thread 0x16b0c7000 may have been prematurely finalized
Assembly Assembly-CSharp-Editor-firstpass.dll at Library/ScriptAssemblies/Assembly-CSharp-Editor-firstpass.dll not valid. Loading of assembly skipped.
Assembly Assembly-CSharp-Editor.dll at Library/ScriptAssemblies/Assembly-CSharp-Editor.dll not valid. Loading of assembly skipped.
Assembly Assembly-CSharp-firstpass.dll at Library/ScriptAssemblies/Assembly-CSharp-firstpass.dll not valid. Loading of assembly skipped.
Assembly PhotonWebSocket.dll at Library/ScriptAssemblies/PhotonWebSocket.dll not valid. Loading of assembly skipped.
Assembly TestNewCustomAssembly.dll at Library/ScriptAssemblies/TestNewCustomAssembly.dll not valid. Loading of assembly skipped.
Assembly Unity.AI.Navigation.Editor.Tests.dll at Library/ScriptAssemblies/Unity.AI.Navigation.Editor.Tests.dll not valid. Loading of assembly skipped.
Assembly Unity.AI.Navigation.LegacyOffMeshLink.Tests.dll at Library/ScriptAssemblies/Unity.AI.Navigation.LegacyOffMeshLink.Tests.dll not valid. Loading of assembly skipped.
Assembly Unity.AI.Navigation.Tests.dll at Library/ScriptAssemblies/Unity.AI.Navigation.Tests.dll not valid. Loading of assembly skipped.
Assembly Unity.AI.Navigation.Tests.EditorInPlaymode.dll at Library/ScriptAssemblies/Unity.AI.Navigation.Tests.EditorInPlaymode.dll not valid. Loading of assembly skipped.
Assembly Unity.InputSystem.IntegrationTests.dll at Library/ScriptAssemblies/Unity.InputSystem.IntegrationTests.dll not valid. Loading of assembly skipped.
Assembly Unity.Performance.Profile-Analyzer.EditorTests.dll at Library/ScriptAssemblies/Unity.Performance.Profile-Analyzer.EditorTests.dll not valid. Loading of assembly skipped.
Assembly Unity.Settings.Tests.dll at Library/ScriptAssemblies/Unity.Settings.Tests.dll not valid. Loading of assembly skipped.
Assembly Unity.TestTools.CodeCoverage.Editor.Compatibility.dll at Library/ScriptAssemblies/Unity.TestTools.CodeCoverage.Editor.Compatibility.dll not valid. Loading of assembly skipped.
Assembly Unity.TextMeshPro.Editor.Tests.dll at Library/ScriptAssemblies/Unity.TextMeshPro.Editor.Tests.dll not valid. Loading of assembly skipped.
Assembly Unity.TextMeshPro.Tests.dll at Library/ScriptAssemblies/Unity.TextMeshPro.Tests.dll not valid. Loading of assembly skipped.
Assembly UnityEditor.UI.Common.Tests.dll at Library/ScriptAssemblies/UnityEditor.UI.Common.Tests.dll not valid. Loading of assembly skipped.
Assembly UnityEditor.UI.EditorTests.dll at Library/ScriptAssemblies/UnityEditor.UI.EditorTests.dll not valid. Loading of assembly skipped.
Assembly UnityEngine.UI.Tests.dll at Library/ScriptAssemblies/UnityEngine.UI.Tests.dll not valid. Loading of assembly skipped.
'Assets/Photon/Quantum/Runtime/QuantumUnityRuntime.cs' contains partial class of Unity.Object, exactly 1 of the partial classes needs to be in a file with the same filename. This is to know the one that can be referenced from ie. GameObjects
'Assets/Photon/Quantum/Runtime/QuantumUnityRuntime.cs' contains partial class of Unity.Object, exactly 1 of the partial classes needs to be in a file with the same filename. This is to know the one that can be referenced from ie. GameObjects
'Assets/Photon/Quantum/Runtime/QuantumUnityRuntime.cs' contains partial class of Unity.Object, exactly 1 of the partial classes needs to be in a file with the same filename. This is to know the one that can be referenced from ie. GameObjects
'Assets/Photon/Quantum/Runtime/QuantumUnityRuntime.cs' contains partial class of Unity.Object, exactly 1 of the partial classes needs to be in a file with the same filename. This is to know the one that can be referenced from ie. GameObjects
'Assets/Photon/Quantum/Runtime/QuantumUnityRuntime.cs' contains partial class of Unity.Object, exactly 1 of the partial classes needs to be in a file with the same filename. This is to know the one that can be referenced from ie. GameObjects
'Assets/Photon/Quantum/Runtime/QuantumUnityRuntime.cs' contains partial class of Unity.Object, exactly 1 of the partial classes needs to be in a file with the same filename. This is to know the one that can be referenced from ie. GameObjects
'Assets/Photon/Quantum/Runtime/QuantumUnityRuntime.cs' contains partial class of Unity.Object, exactly 1 of the partial classes needs to be in a file with the same filename. This is to know the one that can be referenced from ie. GameObjects
'Assets/Photon/Quantum/Runtime/QuantumUnityRuntime.cs' contains partial class of Unity.Object, exactly 1 of the partial classes needs to be in a file with the same filename. This is to know the one that can be referenced from ie. GameObjects
'Assets/Photon/Quantum/Runtime/QuantumUnityRuntime.cs' contains partial class of Unity.Object, exactly 1 of the partial classes needs to be in a file with the same filename. This is to know the one that can be referenced from ie. GameObjects
'Assets/Photon/Quantum/Runtime/QuantumUnityRuntime.cs' contains partial class of Unity.Object, exactly 1 of the partial classes needs to be in a file with the same filename. This is to know the one that can be referenced from ie. GameObjects
'Assets/Photon/Quantum/Runtime/QuantumUnityRuntime.cs' contains partial class of Unity.Object, exactly 1 of the partial classes needs to be in a file with the same filename. This is to know the one that can be referenced from ie. GameObjects
Native extension for Android target not found
Native extension for OSXStandalone target not found
[Package Manager] Failed to launch server process. Reason: Unity was launched with the -noUpm command-line argument
[Package Manager] Unable to send message (not connected to server process).
[Package Manager] Cannot connect to Unity Package Manager local server
ScheduleIndexationOnStartup MainProcess:False IndexOnStartup:True
Mono: successfully reloaded assembly
- Finished resetting the current domain, in  0.422 seconds
Domain Reload Profiling: 758ms
	BeginReloadAssembly (84ms)
		DisableScriptedObjects (3ms)
		CreateAndSetChildDomain (21ms)
	RebuildCommonClasses (22ms)
	RebuildNativeTypeToScriptingClass (10ms)
	initialDomainReloadingComplete (33ms)
	LoadAllAssembliesAndSetupDomain (187ms)
		LoadAssemblies (116ms)
		AnalyzeDomain (96ms)
			TypeCache.Refresh (5ms)
			BuildScriptInfoCaches (87ms)
			ResolveRequiredComponents (4ms)
	FinalizeReload (423ms)
		SetupLoadedEditorAssemblies (0ms)
			InitializePlatformSupportModulesInManaged (4ms)
			BeforeProcessingInitializeOnLoad (64ms)
			ProcessInitializeOnLoadAttributes (238ms)
			ProcessInitializeOnLoadMethodAttributes (34ms)
Unloading 5 Unused Serialized files (Serialized files now loaded: 0)
Unloading 3670 unused Assets / (0.8 MB). Loaded Objects now: 4276.
Memory consumption went from 103.2 MB to 102.4 MB.
Total: 5.927250 ms (FindLiveObjects: 0.192417 ms CreateObjectMapping: 0.078833 ms MarkObjects: 4.839250 ms  DeleteObjects: 0.816375 ms)

Prepare: number of updated asset objects reloaded= 0
========================================================================
Received Prepare
Begin MonoManager ReloadAssembly
[Licensing::Client] Successfully resolved entitlement details
Thread 0x16b0c7000 may have been prematurely finalized
Assembly Assembly-CSharp-Editor-firstpass.dll at Library/ScriptAssemblies/Assembly-CSharp-Editor-firstpass.dll not valid. Loading of assembly skipped.
Assembly Assembly-CSharp-Editor.dll at Library/ScriptAssemblies/Assembly-CSharp-Editor.dll not valid. Loading of assembly skipped.
Assembly Assembly-CSharp-firstpass.dll at Library/ScriptAssemblies/Assembly-CSharp-firstpass.dll not valid. Loading of assembly skipped.
Assembly PhotonWebSocket.dll at Library/ScriptAssemblies/PhotonWebSocket.dll not valid. Loading of assembly skipped.
Assembly TestNewCustomAssembly.dll at Library/ScriptAssemblies/TestNewCustomAssembly.dll not valid. Loading of assembly skipped.
Assembly Unity.AI.Navigation.Editor.Tests.dll at Library/ScriptAssemblies/Unity.AI.Navigation.Editor.Tests.dll not valid. Loading of assembly skipped.
Assembly Unity.AI.Navigation.LegacyOffMeshLink.Tests.dll at Library/ScriptAssemblies/Unity.AI.Navigation.LegacyOffMeshLink.Tests.dll not valid. Loading of assembly skipped.
Assembly Unity.AI.Navigation.Tests.dll at Library/ScriptAssemblies/Unity.AI.Navigation.Tests.dll not valid. Loading of assembly skipped.
Assembly Unity.AI.Navigation.Tests.EditorInPlaymode.dll at Library/ScriptAssemblies/Unity.AI.Navigation.Tests.EditorInPlaymode.dll not valid. Loading of assembly skipped.
Assembly Unity.InputSystem.IntegrationTests.dll at Library/ScriptAssemblies/Unity.InputSystem.IntegrationTests.dll not valid. Loading of assembly skipped.
Assembly Unity.Performance.Profile-Analyzer.EditorTests.dll at Library/ScriptAssemblies/Unity.Performance.Profile-Analyzer.EditorTests.dll not valid. Loading of assembly skipped.
Assembly Unity.Settings.Tests.dll at Library/ScriptAssemblies/Unity.Settings.Tests.dll not valid. Loading of assembly skipped.
Assembly Unity.TestTools.CodeCoverage.Editor.Compatibility.dll at Library/ScriptAssemblies/Unity.TestTools.CodeCoverage.Editor.Compatibility.dll not valid. Loading of assembly skipped.
Assembly Unity.TextMeshPro.Editor.Tests.dll at Library/ScriptAssemblies/Unity.TextMeshPro.Editor.Tests.dll not valid. Loading of assembly skipped.
Assembly Unity.TextMeshPro.Tests.dll at Library/ScriptAssemblies/Unity.TextMeshPro.Tests.dll not valid. Loading of assembly skipped.
Assembly UnityEditor.UI.Common.Tests.dll at Library/ScriptAssemblies/UnityEditor.UI.Common.Tests.dll not valid. Loading of assembly skipped.
Assembly UnityEditor.UI.EditorTests.dll at Library/ScriptAssemblies/UnityEditor.UI.EditorTests.dll not valid. Loading of assembly skipped.
Assembly UnityEngine.UI.Tests.dll at Library/ScriptAssemblies/UnityEngine.UI.Tests.dll not valid. Loading of assembly skipped.
'Assets/Photon/Quantum/Runtime/QuantumUnityRuntime.cs' contains partial class of Unity.Object, exactly 1 of the partial classes needs to be in a file with the same filename. This is to know the one that can be referenced from ie. GameObjects
'Assets/Photon/Quantum/Runtime/QuantumUnityRuntime.cs' contains partial class of Unity.Object, exactly 1 of the partial classes needs to be in a file with the same filename. This is to know the one that can be referenced from ie. GameObjects
'Assets/Photon/Quantum/Runtime/QuantumUnityRuntime.cs' contains partial class of Unity.Object, exactly 1 of the partial classes needs to be in a file with the same filename. This is to know the one that can be referenced from ie. GameObjects
'Assets/Photon/Quantum/Runtime/QuantumUnityRuntime.cs' contains partial class of Unity.Object, exactly 1 of the partial classes needs to be in a file with the same filename. This is to know the one that can be referenced from ie. GameObjects
'Assets/Photon/Quantum/Runtime/QuantumUnityRuntime.cs' contains partial class of Unity.Object, exactly 1 of the partial classes needs to be in a file with the same filename. This is to know the one that can be referenced from ie. GameObjects
'Assets/Photon/Quantum/Runtime/QuantumUnityRuntime.cs' contains partial class of Unity.Object, exactly 1 of the partial classes needs to be in a file with the same filename. This is to know the one that can be referenced from ie. GameObjects
'Assets/Photon/Quantum/Runtime/QuantumUnityRuntime.cs' contains partial class of Unity.Object, exactly 1 of the partial classes needs to be in a file with the same filename. This is to know the one that can be referenced from ie. GameObjects
'Assets/Photon/Quantum/Runtime/QuantumUnityRuntime.cs' contains partial class of Unity.Object, exactly 1 of the partial classes needs to be in a file with the same filename. This is to know the one that can be referenced from ie. GameObjects
'Assets/Photon/Quantum/Runtime/QuantumUnityRuntime.cs' contains partial class of Unity.Object, exactly 1 of the partial classes needs to be in a file with the same filename. This is to know the one that can be referenced from ie. GameObjects
'Assets/Photon/Quantum/Runtime/QuantumUnityRuntime.cs' contains partial class of Unity.Object, exactly 1 of the partial classes needs to be in a file with the same filename. This is to know the one that can be referenced from ie. GameObjects
'Assets/Photon/Quantum/Runtime/QuantumUnityRuntime.cs' contains partial class of Unity.Object, exactly 1 of the partial classes needs to be in a file with the same filename. This is to know the one that can be referenced from ie. GameObjects
Native extension for Android target not found
Native extension for OSXStandalone target not found
[Package Manager] Failed to launch server process. Reason: Unity was launched with the -noUpm command-line argument
[Package Manager] Unable to send message (not connected to server process).
[Package Manager] Cannot connect to Unity Package Manager local server
ScheduleIndexationOnStartup MainProcess:False IndexOnStartup:True
Mono: successfully reloaded assembly
- Finished resetting the current domain, in  0.436 seconds
Domain Reload Profiling: 865ms
	BeginReloadAssembly (104ms)
		DisableScriptedObjects (4ms)
		CreateAndSetChildDomain (35ms)
	RebuildCommonClasses (28ms)
	RebuildNativeTypeToScriptingClass (11ms)
	initialDomainReloadingComplete (38ms)
	LoadAllAssembliesAndSetupDomain (249ms)
		LoadAssemblies (154ms)
		AnalyzeDomain (123ms)
			TypeCache.Refresh (15ms)
				TypeCache.ScanAssembly (8ms)
			BuildScriptInfoCaches (101ms)
			ResolveRequiredComponents (5ms)
	FinalizeReload (436ms)
		SetupLoadedEditorAssemblies (0ms)
			InitializePlatformSupportModulesInManaged (4ms)
			BeforeProcessingInitializeOnLoad (68ms)
			ProcessInitializeOnLoadAttributes (242ms)
			ProcessInitializeOnLoadMethodAttributes (31ms)
Unloading 5 Unused Serialized files (Serialized files now loaded: 0)
Unloading 3670 unused Assets / (1.0 MB). Loaded Objects now: 4276.
Memory consumption went from 103.2 MB to 102.2 MB.
Total: 4.974917 ms (FindLiveObjects: 0.191833 ms CreateObjectMapping: 0.070334 ms MarkObjects: 4.126875 ms  DeleteObjects: 0.585458 ms)

Prepare: number of updated asset objects reloaded= 0
========================================================================
Received Prepare
Begin MonoManager ReloadAssembly
[Licensing::Client] Successfully resolved entitlement details
Thread 0x16b0c7000 may have been prematurely finalized
Assembly Assembly-CSharp-Editor-firstpass.dll at Library/ScriptAssemblies/Assembly-CSharp-Editor-firstpass.dll not valid. Loading of assembly skipped.
Assembly Assembly-CSharp-Editor.dll at Library/ScriptAssemblies/Assembly-CSharp-Editor.dll not valid. Loading of assembly skipped.
Assembly Assembly-CSharp-firstpass.dll at Library/ScriptAssemblies/Assembly-CSharp-firstpass.dll not valid. Loading of assembly skipped.
Assembly PhotonWebSocket.dll at Library/ScriptAssemblies/PhotonWebSocket.dll not valid. Loading of assembly skipped.
Assembly TestNewCustomAssembly.dll at Library/ScriptAssemblies/TestNewCustomAssembly.dll not valid. Loading of assembly skipped.
Assembly Unity.AI.Navigation.Editor.Tests.dll at Library/ScriptAssemblies/Unity.AI.Navigation.Editor.Tests.dll not valid. Loading of assembly skipped.
Assembly Unity.AI.Navigation.LegacyOffMeshLink.Tests.dll at Library/ScriptAssemblies/Unity.AI.Navigation.LegacyOffMeshLink.Tests.dll not valid. Loading of assembly skipped.
Assembly Unity.AI.Navigation.Tests.dll at Library/ScriptAssemblies/Unity.AI.Navigation.Tests.dll not valid. Loading of assembly skipped.
Assembly Unity.AI.Navigation.Tests.EditorInPlaymode.dll at Library/ScriptAssemblies/Unity.AI.Navigation.Tests.EditorInPlaymode.dll not valid. Loading of assembly skipped.
Assembly Unity.InputSystem.IntegrationTests.dll at Library/ScriptAssemblies/Unity.InputSystem.IntegrationTests.dll not valid. Loading of assembly skipped.
Assembly Unity.Performance.Profile-Analyzer.EditorTests.dll at Library/ScriptAssemblies/Unity.Performance.Profile-Analyzer.EditorTests.dll not valid. Loading of assembly skipped.
Assembly Unity.Settings.Tests.dll at Library/ScriptAssemblies/Unity.Settings.Tests.dll not valid. Loading of assembly skipped.
Assembly Unity.TestTools.CodeCoverage.Editor.Compatibility.dll at Library/ScriptAssemblies/Unity.TestTools.CodeCoverage.Editor.Compatibility.dll not valid. Loading of assembly skipped.
Assembly Unity.TextMeshPro.Editor.Tests.dll at Library/ScriptAssemblies/Unity.TextMeshPro.Editor.Tests.dll not valid. Loading of assembly skipped.
Assembly Unity.TextMeshPro.Tests.dll at Library/ScriptAssemblies/Unity.TextMeshPro.Tests.dll not valid. Loading of assembly skipped.
Assembly UnityEditor.UI.Common.Tests.dll at Library/ScriptAssemblies/UnityEditor.UI.Common.Tests.dll not valid. Loading of assembly skipped.
Assembly UnityEditor.UI.EditorTests.dll at Library/ScriptAssemblies/UnityEditor.UI.EditorTests.dll not valid. Loading of assembly skipped.
Assembly UnityEngine.UI.Tests.dll at Library/ScriptAssemblies/UnityEngine.UI.Tests.dll not valid. Loading of assembly skipped.
'Assets/Photon/Quantum/Runtime/QuantumUnityRuntime.cs' contains partial class of Unity.Object, exactly 1 of the partial classes needs to be in a file with the same filename. This is to know the one that can be referenced from ie. GameObjects
'Assets/Photon/Quantum/Runtime/QuantumUnityRuntime.cs' contains partial class of Unity.Object, exactly 1 of the partial classes needs to be in a file with the same filename. This is to know the one that can be referenced from ie. GameObjects
'Assets/Photon/Quantum/Runtime/QuantumUnityRuntime.cs' contains partial class of Unity.Object, exactly 1 of the partial classes needs to be in a file with the same filename. This is to know the one that can be referenced from ie. GameObjects
'Assets/Photon/Quantum/Runtime/QuantumUnityRuntime.cs' contains partial class of Unity.Object, exactly 1 of the partial classes needs to be in a file with the same filename. This is to know the one that can be referenced from ie. GameObjects
'Assets/Photon/Quantum/Runtime/QuantumUnityRuntime.cs' contains partial class of Unity.Object, exactly 1 of the partial classes needs to be in a file with the same filename. This is to know the one that can be referenced from ie. GameObjects
'Assets/Photon/Quantum/Runtime/QuantumUnityRuntime.cs' contains partial class of Unity.Object, exactly 1 of the partial classes needs to be in a file with the same filename. This is to know the one that can be referenced from ie. GameObjects
'Assets/Photon/Quantum/Runtime/QuantumUnityRuntime.cs' contains partial class of Unity.Object, exactly 1 of the partial classes needs to be in a file with the same filename. This is to know the one that can be referenced from ie. GameObjects
'Assets/Photon/Quantum/Runtime/QuantumUnityRuntime.cs' contains partial class of Unity.Object, exactly 1 of the partial classes needs to be in a file with the same filename. This is to know the one that can be referenced from ie. GameObjects
'Assets/Photon/Quantum/Runtime/QuantumUnityRuntime.cs' contains partial class of Unity.Object, exactly 1 of the partial classes needs to be in a file with the same filename. This is to know the one that can be referenced from ie. GameObjects
'Assets/Photon/Quantum/Runtime/QuantumUnityRuntime.cs' contains partial class of Unity.Object, exactly 1 of the partial classes needs to be in a file with the same filename. This is to know the one that can be referenced from ie. GameObjects
'Assets/Photon/Quantum/Runtime/QuantumUnityRuntime.cs' contains partial class of Unity.Object, exactly 1 of the partial classes needs to be in a file with the same filename. This is to know the one that can be referenced from ie. GameObjects
Native extension for Android target not found
Native extension for OSXStandalone target not found
[Package Manager] Failed to launch server process. Reason: Unity was launched with the -noUpm command-line argument
[Package Manager] Unable to send message (not connected to server process).
[Package Manager] Cannot connect to Unity Package Manager local server
ScheduleIndexationOnStartup MainProcess:False IndexOnStartup:True
Mono: successfully reloaded assembly
- Finished resetting the current domain, in  0.437 seconds
Domain Reload Profiling: 766ms
	BeginReloadAssembly (79ms)
		DisableScriptedObjects (3ms)
		CreateAndSetChildDomain (21ms)
	RebuildCommonClasses (22ms)
	RebuildNativeTypeToScriptingClass (10ms)
	initialDomainReloadingComplete (31ms)
	LoadAllAssembliesAndSetupDomain (186ms)
		LoadAssemblies (111ms)
		AnalyzeDomain (98ms)
			TypeCache.Refresh (5ms)
			BuildScriptInfoCaches (88ms)
			ResolveRequiredComponents (4ms)
	FinalizeReload (438ms)
		SetupLoadedEditorAssemblies (0ms)
			InitializePlatformSupportModulesInManaged (4ms)
			BeforeProcessingInitializeOnLoad (68ms)
			ProcessInitializeOnLoadAttributes (245ms)
			ProcessInitializeOnLoadMethodAttributes (33ms)
Unloading 5 Unused Serialized files (Serialized files now loaded: 0)
Unloading 3670 unused Assets / (1.1 MB). Loaded Objects now: 4276.
Memory consumption went from 103.2 MB to 102.1 MB.
Total: 5.583417 ms (FindLiveObjects: 0.197375 ms CreateObjectMapping: 0.071792 ms MarkObjects: 4.726750 ms  DeleteObjects: 0.586875 ms)

Prepare: number of updated asset objects reloaded= 0
========================================================================
Received Prepare
Begin MonoManager ReloadAssembly
[Licensing::Client] Successfully resolved entitlement details
Thread 0x16b0c7000 may have been prematurely finalized
Assembly Assembly-CSharp-Editor-firstpass.dll at Library/ScriptAssemblies/Assembly-CSharp-Editor-firstpass.dll not valid. Loading of assembly skipped.
Assembly Assembly-CSharp-Editor.dll at Library/ScriptAssemblies/Assembly-CSharp-Editor.dll not valid. Loading of assembly skipped.
Assembly Assembly-CSharp-firstpass.dll at Library/ScriptAssemblies/Assembly-CSharp-firstpass.dll not valid. Loading of assembly skipped.
Assembly PhotonWebSocket.dll at Library/ScriptAssemblies/PhotonWebSocket.dll not valid. Loading of assembly skipped.
Assembly TestNewCustomAssembly.dll at Library/ScriptAssemblies/TestNewCustomAssembly.dll not valid. Loading of assembly skipped.
Assembly Unity.AI.Navigation.Editor.Tests.dll at Library/ScriptAssemblies/Unity.AI.Navigation.Editor.Tests.dll not valid. Loading of assembly skipped.
Assembly Unity.AI.Navigation.LegacyOffMeshLink.Tests.dll at Library/ScriptAssemblies/Unity.AI.Navigation.LegacyOffMeshLink.Tests.dll not valid. Loading of assembly skipped.
Assembly Unity.AI.Navigation.Tests.dll at Library/ScriptAssemblies/Unity.AI.Navigation.Tests.dll not valid. Loading of assembly skipped.
Assembly Unity.AI.Navigation.Tests.EditorInPlaymode.dll at Library/ScriptAssemblies/Unity.AI.Navigation.Tests.EditorInPlaymode.dll not valid. Loading of assembly skipped.
Assembly Unity.InputSystem.IntegrationTests.dll at Library/ScriptAssemblies/Unity.InputSystem.IntegrationTests.dll not valid. Loading of assembly skipped.
Assembly Unity.Performance.Profile-Analyzer.EditorTests.dll at Library/ScriptAssemblies/Unity.Performance.Profile-Analyzer.EditorTests.dll not valid. Loading of assembly skipped.
Assembly Unity.Settings.Tests.dll at Library/ScriptAssemblies/Unity.Settings.Tests.dll not valid. Loading of assembly skipped.
Assembly Unity.TestTools.CodeCoverage.Editor.Compatibility.dll at Library/ScriptAssemblies/Unity.TestTools.CodeCoverage.Editor.Compatibility.dll not valid. Loading of assembly skipped.
Assembly Unity.TextMeshPro.Editor.Tests.dll at Library/ScriptAssemblies/Unity.TextMeshPro.Editor.Tests.dll not valid. Loading of assembly skipped.
Assembly Unity.TextMeshPro.Tests.dll at Library/ScriptAssemblies/Unity.TextMeshPro.Tests.dll not valid. Loading of assembly skipped.
Assembly UnityEditor.UI.Common.Tests.dll at Library/ScriptAssemblies/UnityEditor.UI.Common.Tests.dll not valid. Loading of assembly skipped.
Assembly UnityEditor.UI.EditorTests.dll at Library/ScriptAssemblies/UnityEditor.UI.EditorTests.dll not valid. Loading of assembly skipped.
Assembly UnityEngine.UI.Tests.dll at Library/ScriptAssemblies/UnityEngine.UI.Tests.dll not valid. Loading of assembly skipped.
'Assets/Photon/Quantum/Runtime/QuantumUnityRuntime.cs' contains partial class of Unity.Object, exactly 1 of the partial classes needs to be in a file with the same filename. This is to know the one that can be referenced from ie. GameObjects
'Assets/Photon/Quantum/Runtime/QuantumUnityRuntime.cs' contains partial class of Unity.Object, exactly 1 of the partial classes needs to be in a file with the same filename. This is to know the one that can be referenced from ie. GameObjects
'Assets/Photon/Quantum/Runtime/QuantumUnityRuntime.cs' contains partial class of Unity.Object, exactly 1 of the partial classes needs to be in a file with the same filename. This is to know the one that can be referenced from ie. GameObjects
'Assets/Photon/Quantum/Runtime/QuantumUnityRuntime.cs' contains partial class of Unity.Object, exactly 1 of the partial classes needs to be in a file with the same filename. This is to know the one that can be referenced from ie. GameObjects
'Assets/Photon/Quantum/Runtime/QuantumUnityRuntime.cs' contains partial class of Unity.Object, exactly 1 of the partial classes needs to be in a file with the same filename. This is to know the one that can be referenced from ie. GameObjects
'Assets/Photon/Quantum/Runtime/QuantumUnityRuntime.cs' contains partial class of Unity.Object, exactly 1 of the partial classes needs to be in a file with the same filename. This is to know the one that can be referenced from ie. GameObjects
'Assets/Photon/Quantum/Runtime/QuantumUnityRuntime.cs' contains partial class of Unity.Object, exactly 1 of the partial classes needs to be in a file with the same filename. This is to know the one that can be referenced from ie. GameObjects
'Assets/Photon/Quantum/Runtime/QuantumUnityRuntime.cs' contains partial class of Unity.Object, exactly 1 of the partial classes needs to be in a file with the same filename. This is to know the one that can be referenced from ie. GameObjects
'Assets/Photon/Quantum/Runtime/QuantumUnityRuntime.cs' contains partial class of Unity.Object, exactly 1 of the partial classes needs to be in a file with the same filename. This is to know the one that can be referenced from ie. GameObjects
'Assets/Photon/Quantum/Runtime/QuantumUnityRuntime.cs' contains partial class of Unity.Object, exactly 1 of the partial classes needs to be in a file with the same filename. This is to know the one that can be referenced from ie. GameObjects
'Assets/Photon/Quantum/Runtime/QuantumUnityRuntime.cs' contains partial class of Unity.Object, exactly 1 of the partial classes needs to be in a file with the same filename. This is to know the one that can be referenced from ie. GameObjects
Native extension for Android target not found
Native extension for OSXStandalone target not found
[Package Manager] Failed to launch server process. Reason: Unity was launched with the -noUpm command-line argument
[Package Manager] Unable to send message (not connected to server process).
[Package Manager] Cannot connect to Unity Package Manager local server
ScheduleIndexationOnStartup MainProcess:False IndexOnStartup:True
Mono: successfully reloaded assembly
- Finished resetting the current domain, in  0.457 seconds
Domain Reload Profiling: 811ms
	BeginReloadAssembly (81ms)
		DisableScriptedObjects (3ms)
		CreateAndSetChildDomain (21ms)
	RebuildCommonClasses (24ms)
	RebuildNativeTypeToScriptingClass (10ms)
	initialDomainReloadingComplete (34ms)
	LoadAllAssembliesAndSetupDomain (205ms)
		LoadAssemblies (121ms)
		AnalyzeDomain (108ms)
			TypeCache.Refresh (6ms)
			BuildScriptInfoCaches (96ms)
			ResolveRequiredComponents (4ms)
	FinalizeReload (457ms)
		SetupLoadedEditorAssemblies (0ms)
			InitializePlatformSupportModulesInManaged (4ms)
			BeforeProcessingInitializeOnLoad (72ms)
			ProcessInitializeOnLoadAttributes (254ms)
			ProcessInitializeOnLoadMethodAttributes (34ms)
Unloading 5 Unused Serialized files (Serialized files now loaded: 0)
Unloading 3670 unused Assets / (1.1 MB). Loaded Objects now: 4276.
Memory consumption went from 103.2 MB to 102.1 MB.
Total: 5.458542 ms (FindLiveObjects: 0.191833 ms CreateObjectMapping: 0.077292 ms MarkObjects: 4.604166 ms  DeleteObjects: 0.584833 ms)

Prepare: number of updated asset objects reloaded= 0
========================================================================
Received Prepare
'Assets/Photon/Quantum/Runtime/QuantumUnityRuntime.cs' contains partial class of Unity.Object, exactly 1 of the partial classes needs to be in a file with the same filename. This is to know the one that can be referenced from ie. GameObjects
'Assets/Photon/Quantum/Runtime/QuantumUnityRuntime.cs' contains partial class of Unity.Object, exactly 1 of the partial classes needs to be in a file with the same filename. This is to know the one that can be referenced from ie. GameObjects
'Assets/Photon/Quantum/Runtime/QuantumUnityRuntime.cs' contains partial class of Unity.Object, exactly 1 of the partial classes needs to be in a file with the same filename. This is to know the one that can be referenced from ie. GameObjects
'Assets/Photon/Quantum/Runtime/QuantumUnityRuntime.cs' contains partial class of Unity.Object, exactly 1 of the partial classes needs to be in a file with the same filename. This is to know the one that can be referenced from ie. GameObjects
'Assets/Photon/Quantum/Runtime/QuantumUnityRuntime.cs' contains partial class of Unity.Object, exactly 1 of the partial classes needs to be in a file with the same filename. This is to know the one that can be referenced from ie. GameObjects
'Assets/Photon/Quantum/Runtime/QuantumUnityRuntime.cs' contains partial class of Unity.Object, exactly 1 of the partial classes needs to be in a file with the same filename. This is to know the one that can be referenced from ie. GameObjects
'Assets/Photon/Quantum/Runtime/QuantumUnityRuntime.cs' contains partial class of Unity.Object, exactly 1 of the partial classes needs to be in a file with the same filename. This is to know the one that can be referenced from ie. GameObjects
'Assets/Photon/Quantum/Runtime/QuantumUnityRuntime.cs' contains partial class of Unity.Object, exactly 1 of the partial classes needs to be in a file with the same filename. This is to know the one that can be referenced from ie. GameObjects
'Assets/Photon/Quantum/Runtime/QuantumUnityRuntime.cs' contains partial class of Unity.Object, exactly 1 of the partial classes needs to be in a file with the same filename. This is to know the one that can be referenced from ie. GameObjects
'Assets/Photon/Quantum/Runtime/QuantumUnityRuntime.cs' contains partial class of Unity.Object, exactly 1 of the partial classes needs to be in a file with the same filename. This is to know the one that can be referenced from ie. GameObjects
'Assets/Photon/Quantum/Runtime/QuantumUnityRuntime.cs' contains partial class of Unity.Object, exactly 1 of the partial classes needs to be in a file with the same filename. This is to know the one that can be referenced from ie. GameObjects
Unloading 5 Unused Serialized files (Serialized files now loaded: 0)
Unloading 3663 unused Assets / (1.1 MB). Loaded Objects now: 4277.
Memory consumption went from 91.6 MB to 90.4 MB.
Total: 5.373042 ms (FindLiveObjects: 0.180917 ms CreateObjectMapping: 0.071083 ms MarkObjects: 4.545875 ms  DeleteObjects: 0.574750 ms)

Prepare: number of updated asset objects reloaded= 0
========================================================================
Received Prepare
'Assets/Photon/Quantum/Runtime/QuantumUnityRuntime.cs' contains partial class of Unity.Object, exactly 1 of the partial classes needs to be in a file with the same filename. This is to know the one that can be referenced from ie. GameObjects
'Assets/Photon/Quantum/Runtime/QuantumUnityRuntime.cs' contains partial class of Unity.Object, exactly 1 of the partial classes needs to be in a file with the same filename. This is to know the one that can be referenced from ie. GameObjects
'Assets/Photon/Quantum/Runtime/QuantumUnityRuntime.cs' contains partial class of Unity.Object, exactly 1 of the partial classes needs to be in a file with the same filename. This is to know the one that can be referenced from ie. GameObjects
'Assets/Photon/Quantum/Runtime/QuantumUnityRuntime.cs' contains partial class of Unity.Object, exactly 1 of the partial classes needs to be in a file with the same filename. This is to know the one that can be referenced from ie. GameObjects
'Assets/Photon/Quantum/Runtime/QuantumUnityRuntime.cs' contains partial class of Unity.Object, exactly 1 of the partial classes needs to be in a file with the same filename. This is to know the one that can be referenced from ie. GameObjects
'Assets/Photon/Quantum/Runtime/QuantumUnityRuntime.cs' contains partial class of Unity.Object, exactly 1 of the partial classes needs to be in a file with the same filename. This is to know the one that can be referenced from ie. GameObjects
'Assets/Photon/Quantum/Runtime/QuantumUnityRuntime.cs' contains partial class of Unity.Object, exactly 1 of the partial classes needs to be in a file with the same filename. This is to know the one that can be referenced from ie. GameObjects
'Assets/Photon/Quantum/Runtime/QuantumUnityRuntime.cs' contains partial class of Unity.Object, exactly 1 of the partial classes needs to be in a file with the same filename. This is to know the one that can be referenced from ie. GameObjects
'Assets/Photon/Quantum/Runtime/QuantumUnityRuntime.cs' contains partial class of Unity.Object, exactly 1 of the partial classes needs to be in a file with the same filename. This is to know the one that can be referenced from ie. GameObjects
'Assets/Photon/Quantum/Runtime/QuantumUnityRuntime.cs' contains partial class of Unity.Object, exactly 1 of the partial classes needs to be in a file with the same filename. This is to know the one that can be referenced from ie. GameObjects
'Assets/Photon/Quantum/Runtime/QuantumUnityRuntime.cs' contains partial class of Unity.Object, exactly 1 of the partial classes needs to be in a file with the same filename. This is to know the one that can be referenced from ie. GameObjects
Unloading 5 Unused Serialized files (Serialized files now loaded: 0)
Unloading 3664 unused Assets / (0.5 MB). Loaded Objects now: 4278.
Memory consumption went from 91.6 MB to 91.1 MB.
Total: 5.347167 ms (FindLiveObjects: 0.200083 ms CreateObjectMapping: 0.069084 ms MarkObjects: 4.482375 ms  DeleteObjects: 0.594916 ms)

Prepare: number of updated asset objects reloaded= 0
========================================================================
Received Prepare
Begin MonoManager ReloadAssembly
[Licensing::Client] Successfully resolved entitlement details
Thread 0x16b0c7000 may have been prematurely finalized
Assembly Assembly-CSharp-Editor-firstpass.dll at Library/ScriptAssemblies/Assembly-CSharp-Editor-firstpass.dll not valid. Loading of assembly skipped.
Assembly Assembly-CSharp-Editor.dll at Library/ScriptAssemblies/Assembly-CSharp-Editor.dll not valid. Loading of assembly skipped.
Assembly Assembly-CSharp-firstpass.dll at Library/ScriptAssemblies/Assembly-CSharp-firstpass.dll not valid. Loading of assembly skipped.
Assembly PhotonWebSocket.dll at Library/ScriptAssemblies/PhotonWebSocket.dll not valid. Loading of assembly skipped.
Assembly TestNewCustomAssembly.dll at Library/ScriptAssemblies/TestNewCustomAssembly.dll not valid. Loading of assembly skipped.
Assembly Unity.AI.Navigation.Editor.Tests.dll at Library/ScriptAssemblies/Unity.AI.Navigation.Editor.Tests.dll not valid. Loading of assembly skipped.
Assembly Unity.AI.Navigation.LegacyOffMeshLink.Tests.dll at Library/ScriptAssemblies/Unity.AI.Navigation.LegacyOffMeshLink.Tests.dll not valid. Loading of assembly skipped.
Assembly Unity.AI.Navigation.Tests.dll at Library/ScriptAssemblies/Unity.AI.Navigation.Tests.dll not valid. Loading of assembly skipped.
Assembly Unity.AI.Navigation.Tests.EditorInPlaymode.dll at Library/ScriptAssemblies/Unity.AI.Navigation.Tests.EditorInPlaymode.dll not valid. Loading of assembly skipped.
Assembly Unity.InputSystem.IntegrationTests.dll at Library/ScriptAssemblies/Unity.InputSystem.IntegrationTests.dll not valid. Loading of assembly skipped.
Assembly Unity.Performance.Profile-Analyzer.EditorTests.dll at Library/ScriptAssemblies/Unity.Performance.Profile-Analyzer.EditorTests.dll not valid. Loading of assembly skipped.
Assembly Unity.Settings.Tests.dll at Library/ScriptAssemblies/Unity.Settings.Tests.dll not valid. Loading of assembly skipped.
Assembly Unity.TestTools.CodeCoverage.Editor.Compatibility.dll at Library/ScriptAssemblies/Unity.TestTools.CodeCoverage.Editor.Compatibility.dll not valid. Loading of assembly skipped.
Assembly Unity.TextMeshPro.Editor.Tests.dll at Library/ScriptAssemblies/Unity.TextMeshPro.Editor.Tests.dll not valid. Loading of assembly skipped.
Assembly Unity.TextMeshPro.Tests.dll at Library/ScriptAssemblies/Unity.TextMeshPro.Tests.dll not valid. Loading of assembly skipped.
Assembly UnityEditor.UI.Common.Tests.dll at Library/ScriptAssemblies/UnityEditor.UI.Common.Tests.dll not valid. Loading of assembly skipped.
Assembly UnityEditor.UI.EditorTests.dll at Library/ScriptAssemblies/UnityEditor.UI.EditorTests.dll not valid. Loading of assembly skipped.
Assembly UnityEngine.UI.Tests.dll at Library/ScriptAssemblies/UnityEngine.UI.Tests.dll not valid. Loading of assembly skipped.
'Assets/Photon/Quantum/Runtime/QuantumUnityRuntime.cs' contains partial class of Unity.Object, exactly 1 of the partial classes needs to be in a file with the same filename. This is to know the one that can be referenced from ie. GameObjects
'Assets/Photon/Quantum/Runtime/QuantumUnityRuntime.cs' contains partial class of Unity.Object, exactly 1 of the partial classes needs to be in a file with the same filename. This is to know the one that can be referenced from ie. GameObjects
'Assets/Photon/Quantum/Runtime/QuantumUnityRuntime.cs' contains partial class of Unity.Object, exactly 1 of the partial classes needs to be in a file with the same filename. This is to know the one that can be referenced from ie. GameObjects
'Assets/Photon/Quantum/Runtime/QuantumUnityRuntime.cs' contains partial class of Unity.Object, exactly 1 of the partial classes needs to be in a file with the same filename. This is to know the one that can be referenced from ie. GameObjects
'Assets/Photon/Quantum/Runtime/QuantumUnityRuntime.cs' contains partial class of Unity.Object, exactly 1 of the partial classes needs to be in a file with the same filename. This is to know the one that can be referenced from ie. GameObjects
'Assets/Photon/Quantum/Runtime/QuantumUnityRuntime.cs' contains partial class of Unity.Object, exactly 1 of the partial classes needs to be in a file with the same filename. This is to know the one that can be referenced from ie. GameObjects
'Assets/Photon/Quantum/Runtime/QuantumUnityRuntime.cs' contains partial class of Unity.Object, exactly 1 of the partial classes needs to be in a file with the same filename. This is to know the one that can be referenced from ie. GameObjects
'Assets/Photon/Quantum/Runtime/QuantumUnityRuntime.cs' contains partial class of Unity.Object, exactly 1 of the partial classes needs to be in a file with the same filename. This is to know the one that can be referenced from ie. GameObjects
'Assets/Photon/Quantum/Runtime/QuantumUnityRuntime.cs' contains partial class of Unity.Object, exactly 1 of the partial classes needs to be in a file with the same filename. This is to know the one that can be referenced from ie. GameObjects
'Assets/Photon/Quantum/Runtime/QuantumUnityRuntime.cs' contains partial class of Unity.Object, exactly 1 of the partial classes needs to be in a file with the same filename. This is to know the one that can be referenced from ie. GameObjects
'Assets/Photon/Quantum/Runtime/QuantumUnityRuntime.cs' contains partial class of Unity.Object, exactly 1 of the partial classes needs to be in a file with the same filename. This is to know the one that can be referenced from ie. GameObjects
Native extension for Android target not found
Native extension for OSXStandalone target not found
[Package Manager] Failed to launch server process. Reason: Unity was launched with the -noUpm command-line argument
[Package Manager] Unable to send message (not connected to server process).
[Package Manager] Cannot connect to Unity Package Manager local server
ScheduleIndexationOnStartup MainProcess:False IndexOnStartup:True
Mono: successfully reloaded assembly
- Finished resetting the current domain, in  0.428 seconds
Domain Reload Profiling: 796ms
	BeginReloadAssembly (89ms)
		DisableScriptedObjects (3ms)
		CreateAndSetChildDomain (23ms)
	RebuildCommonClasses (25ms)
	RebuildNativeTypeToScriptingClass (10ms)
	initialDomainReloadingComplete (35ms)
	LoadAllAssembliesAndSetupDomain (208ms)
		LoadAssemblies (125ms)
		AnalyzeDomain (109ms)
			TypeCache.Refresh (14ms)
				TypeCache.ScanAssembly (7ms)
			BuildScriptInfoCaches (90ms)
			ResolveRequiredComponents (4ms)
	FinalizeReload (428ms)
		SetupLoadedEditorAssemblies (0ms)
			InitializePlatformSupportModulesInManaged (4ms)
			BeforeProcessingInitializeOnLoad (70ms)
			ProcessInitializeOnLoadAttributes (238ms)
			ProcessInitializeOnLoadMethodAttributes (31ms)
Unloading 5 Unused Serialized files (Serialized files now loaded: 0)
Unloading 3672 unused Assets / (1.0 MB). Loaded Objects now: 4278.
Memory consumption went from 103.3 MB to 102.3 MB.
Total: 5.159042 ms (FindLiveObjects: 0.189667 ms CreateObjectMapping: 0.079583 ms MarkObjects: 4.317500 ms  DeleteObjects: 0.571750 ms)

Prepare: number of updated asset objects reloaded= 0
========================================================================
Received Prepare
Begin MonoManager ReloadAssembly
[Licensing::Client] Successfully resolved entitlement details
Thread 0x16b0c7000 may have been prematurely finalized
Assembly Assembly-CSharp-Editor-firstpass.dll at Library/ScriptAssemblies/Assembly-CSharp-Editor-firstpass.dll not valid. Loading of assembly skipped.
Assembly Assembly-CSharp-Editor.dll at Library/ScriptAssemblies/Assembly-CSharp-Editor.dll not valid. Loading of assembly skipped.
Assembly Assembly-CSharp-firstpass.dll at Library/ScriptAssemblies/Assembly-CSharp-firstpass.dll not valid. Loading of assembly skipped.
Assembly PhotonWebSocket.dll at Library/ScriptAssemblies/PhotonWebSocket.dll not valid. Loading of assembly skipped.
Assembly TestNewCustomAssembly.dll at Library/ScriptAssemblies/TestNewCustomAssembly.dll not valid. Loading of assembly skipped.
Assembly Unity.AI.Navigation.Editor.Tests.dll at Library/ScriptAssemblies/Unity.AI.Navigation.Editor.Tests.dll not valid. Loading of assembly skipped.
Assembly Unity.AI.Navigation.LegacyOffMeshLink.Tests.dll at Library/ScriptAssemblies/Unity.AI.Navigation.LegacyOffMeshLink.Tests.dll not valid. Loading of assembly skipped.
Assembly Unity.AI.Navigation.Tests.dll at Library/ScriptAssemblies/Unity.AI.Navigation.Tests.dll not valid. Loading of assembly skipped.
Assembly Unity.AI.Navigation.Tests.EditorInPlaymode.dll at Library/ScriptAssemblies/Unity.AI.Navigation.Tests.EditorInPlaymode.dll not valid. Loading of assembly skipped.
Assembly Unity.InputSystem.IntegrationTests.dll at Library/ScriptAssemblies/Unity.InputSystem.IntegrationTests.dll not valid. Loading of assembly skipped.
Assembly Unity.Performance.Profile-Analyzer.EditorTests.dll at Library/ScriptAssemblies/Unity.Performance.Profile-Analyzer.EditorTests.dll not valid. Loading of assembly skipped.
Assembly Unity.Settings.Tests.dll at Library/ScriptAssemblies/Unity.Settings.Tests.dll not valid. Loading of assembly skipped.
Assembly Unity.TestTools.CodeCoverage.Editor.Compatibility.dll at Library/ScriptAssemblies/Unity.TestTools.CodeCoverage.Editor.Compatibility.dll not valid. Loading of assembly skipped.
Assembly Unity.TextMeshPro.Editor.Tests.dll at Library/ScriptAssemblies/Unity.TextMeshPro.Editor.Tests.dll not valid. Loading of assembly skipped.
Assembly Unity.TextMeshPro.Tests.dll at Library/ScriptAssemblies/Unity.TextMeshPro.Tests.dll not valid. Loading of assembly skipped.
Assembly UnityEditor.UI.Common.Tests.dll at Library/ScriptAssemblies/UnityEditor.UI.Common.Tests.dll not valid. Loading of assembly skipped.
Assembly UnityEditor.UI.EditorTests.dll at Library/ScriptAssemblies/UnityEditor.UI.EditorTests.dll not valid. Loading of assembly skipped.
Assembly UnityEngine.UI.Tests.dll at Library/ScriptAssemblies/UnityEngine.UI.Tests.dll not valid. Loading of assembly skipped.
'Assets/Photon/Quantum/Runtime/QuantumUnityRuntime.cs' contains partial class of Unity.Object, exactly 1 of the partial classes needs to be in a file with the same filename. This is to know the one that can be referenced from ie. GameObjects
'Assets/Photon/Quantum/Runtime/QuantumUnityRuntime.cs' contains partial class of Unity.Object, exactly 1 of the partial classes needs to be in a file with the same filename. This is to know the one that can be referenced from ie. GameObjects
'Assets/Photon/Quantum/Runtime/QuantumUnityRuntime.cs' contains partial class of Unity.Object, exactly 1 of the partial classes needs to be in a file with the same filename. This is to know the one that can be referenced from ie. GameObjects
'Assets/Photon/Quantum/Runtime/QuantumUnityRuntime.cs' contains partial class of Unity.Object, exactly 1 of the partial classes needs to be in a file with the same filename. This is to know the one that can be referenced from ie. GameObjects
'Assets/Photon/Quantum/Runtime/QuantumUnityRuntime.cs' contains partial class of Unity.Object, exactly 1 of the partial classes needs to be in a file with the same filename. This is to know the one that can be referenced from ie. GameObjects
'Assets/Photon/Quantum/Runtime/QuantumUnityRuntime.cs' contains partial class of Unity.Object, exactly 1 of the partial classes needs to be in a file with the same filename. This is to know the one that can be referenced from ie. GameObjects
'Assets/Photon/Quantum/Runtime/QuantumUnityRuntime.cs' contains partial class of Unity.Object, exactly 1 of the partial classes needs to be in a file with the same filename. This is to know the one that can be referenced from ie. GameObjects
'Assets/Photon/Quantum/Runtime/QuantumUnityRuntime.cs' contains partial class of Unity.Object, exactly 1 of the partial classes needs to be in a file with the same filename. This is to know the one that can be referenced from ie. GameObjects
'Assets/Photon/Quantum/Runtime/QuantumUnityRuntime.cs' contains partial class of Unity.Object, exactly 1 of the partial classes needs to be in a file with the same filename. This is to know the one that can be referenced from ie. GameObjects
'Assets/Photon/Quantum/Runtime/QuantumUnityRuntime.cs' contains partial class of Unity.Object, exactly 1 of the partial classes needs to be in a file with the same filename. This is to know the one that can be referenced from ie. GameObjects
'Assets/Photon/Quantum/Runtime/QuantumUnityRuntime.cs' contains partial class of Unity.Object, exactly 1 of the partial classes needs to be in a file with the same filename. This is to know the one that can be referenced from ie. GameObjects
Native extension for Android target not found
Native extension for OSXStandalone target not found
[Package Manager] Failed to launch server process. Reason: Unity was launched with the -noUpm command-line argument
[Package Manager] Unable to send message (not connected to server process).
[Package Manager] Cannot connect to Unity Package Manager local server
ScheduleIndexationOnStartup MainProcess:False IndexOnStartup:True
Mono: successfully reloaded assembly
- Finished resetting the current domain, in  0.428 seconds
Domain Reload Profiling: 760ms
	BeginReloadAssembly (78ms)
		DisableScriptedObjects (3ms)
		CreateAndSetChildDomain (21ms)
	RebuildCommonClasses (22ms)
	RebuildNativeTypeToScriptingClass (9ms)
	initialDomainReloadingComplete (33ms)
	LoadAllAssembliesAndSetupDomain (190ms)
		LoadAssemblies (111ms)
		AnalyzeDomain (102ms)
			TypeCache.Refresh (13ms)
				TypeCache.ScanAssembly (7ms)
			BuildScriptInfoCaches (84ms)
			ResolveRequiredComponents (4ms)
	FinalizeReload (428ms)
		SetupLoadedEditorAssemblies (0ms)
			InitializePlatformSupportModulesInManaged (4ms)
			BeforeProcessingInitializeOnLoad (67ms)
			ProcessInitializeOnLoadAttributes (241ms)
			ProcessInitializeOnLoadMethodAttributes (33ms)
Unloading 5 Unused Serialized files (Serialized files now loaded: 0)
Unloading 3673 unused Assets / (0.7 MB). Loaded Objects now: 4279.
Memory consumption went from 103.3 MB to 102.6 MB.
Total: 5.512333 ms (FindLiveObjects: 0.197875 ms CreateObjectMapping: 0.086917 ms MarkObjects: 4.616000 ms  DeleteObjects: 0.611209 ms)

Prepare: number of updated asset objects reloaded= 0
========================================================================
Received Prepare
Begin MonoManager ReloadAssembly
Thread 0x16b0c7000 may have been prematurely finalized
Assembly Assembly-CSharp-Editor-firstpass.dll at Library/ScriptAssemblies/Assembly-CSharp-Editor-firstpass.dll not valid. Loading of assembly skipped.
Assembly Assembly-CSharp-Editor.dll at Library/ScriptAssemblies/Assembly-CSharp-Editor.dll not valid. Loading of assembly skipped.
Assembly Assembly-CSharp-firstpass.dll at Library/ScriptAssemblies/Assembly-CSharp-firstpass.dll not valid. Loading of assembly skipped.
Assembly PhotonWebSocket.dll at Library/ScriptAssemblies/PhotonWebSocket.dll not valid. Loading of assembly skipped.
Assembly TestNewCustomAssembly.dll at Library/ScriptAssemblies/TestNewCustomAssembly.dll not valid. Loading of assembly skipped.
Assembly Unity.AI.Navigation.Editor.Tests.dll at Library/ScriptAssemblies/Unity.AI.Navigation.Editor.Tests.dll not valid. Loading of assembly skipped.
Assembly Unity.AI.Navigation.LegacyOffMeshLink.Tests.dll at Library/ScriptAssemblies/Unity.AI.Navigation.LegacyOffMeshLink.Tests.dll not valid. Loading of assembly skipped.
Assembly Unity.AI.Navigation.Tests.dll at Library/ScriptAssemblies/Unity.AI.Navigation.Tests.dll not valid. Loading of assembly skipped.
Assembly Unity.AI.Navigation.Tests.EditorInPlaymode.dll at Library/ScriptAssemblies/Unity.AI.Navigation.Tests.EditorInPlaymode.dll not valid. Loading of assembly skipped.
Assembly Unity.InputSystem.IntegrationTests.dll at Library/ScriptAssemblies/Unity.InputSystem.IntegrationTests.dll not valid. Loading of assembly skipped.
Assembly Unity.Performance.Profile-Analyzer.EditorTests.dll at Library/ScriptAssemblies/Unity.Performance.Profile-Analyzer.EditorTests.dll not valid. Loading of assembly skipped.
Assembly Unity.Settings.Tests.dll at Library/ScriptAssemblies/Unity.Settings.Tests.dll not valid. Loading of assembly skipped.
Assembly Unity.TestTools.CodeCoverage.Editor.Compatibility.dll at Library/ScriptAssemblies/Unity.TestTools.CodeCoverage.Editor.Compatibility.dll not valid. Loading of assembly skipped.
Assembly Unity.TextMeshPro.Editor.Tests.dll at Library/ScriptAssemblies/Unity.TextMeshPro.Editor.Tests.dll not valid. Loading of assembly skipped.
Assembly Unity.TextMeshPro.Tests.dll at Library/ScriptAssemblies/Unity.TextMeshPro.Tests.dll not valid. Loading of assembly skipped.
Assembly UnityEditor.UI.Common.Tests.dll at Library/ScriptAssemblies/UnityEditor.UI.Common.Tests.dll not valid. Loading of assembly skipped.
Assembly UnityEditor.UI.EditorTests.dll at Library/ScriptAssemblies/UnityEditor.UI.EditorTests.dll not valid. Loading of assembly skipped.
Assembly UnityEngine.UI.Tests.dll at Library/ScriptAssemblies/UnityEngine.UI.Tests.dll not valid. Loading of assembly skipped.
'Assets/Photon/Quantum/Runtime/QuantumUnityRuntime.cs' contains partial class of Unity.Object, exactly 1 of the partial classes needs to be in a file with the same filename. This is to know the one that can be referenced from ie. GameObjects
'Assets/Photon/Quantum/Runtime/QuantumUnityRuntime.cs' contains partial class of Unity.Object, exactly 1 of the partial classes needs to be in a file with the same filename. This is to know the one that can be referenced from ie. GameObjects
'Assets/Photon/Quantum/Runtime/QuantumUnityRuntime.cs' contains partial class of Unity.Object, exactly 1 of the partial classes needs to be in a file with the same filename. This is to know the one that can be referenced from ie. GameObjects
'Assets/Photon/Quantum/Runtime/QuantumUnityRuntime.cs' contains partial class of Unity.Object, exactly 1 of the partial classes needs to be in a file with the same filename. This is to know the one that can be referenced from ie. GameObjects
'Assets/Photon/Quantum/Runtime/QuantumUnityRuntime.cs' contains partial class of Unity.Object, exactly 1 of the partial classes needs to be in a file with the same filename. This is to know the one that can be referenced from ie. GameObjects
'Assets/Photon/Quantum/Runtime/QuantumUnityRuntime.cs' contains partial class of Unity.Object, exactly 1 of the partial classes needs to be in a file with the same filename. This is to know the one that can be referenced from ie. GameObjects
'Assets/Photon/Quantum/Runtime/QuantumUnityRuntime.cs' contains partial class of Unity.Object, exactly 1 of the partial classes needs to be in a file with the same filename. This is to know the one that can be referenced from ie. GameObjects
'Assets/Photon/Quantum/Runtime/QuantumUnityRuntime.cs' contains partial class of Unity.Object, exactly 1 of the partial classes needs to be in a file with the same filename. This is to know the one that can be referenced from ie. GameObjects
'Assets/Photon/Quantum/Runtime/QuantumUnityRuntime.cs' contains partial class of Unity.Object, exactly 1 of the partial classes needs to be in a file with the same filename. This is to know the one that can be referenced from ie. GameObjects
'Assets/Photon/Quantum/Runtime/QuantumUnityRuntime.cs' contains partial class of Unity.Object, exactly 1 of the partial classes needs to be in a file with the same filename. This is to know the one that can be referenced from ie. GameObjects
'Assets/Photon/Quantum/Runtime/QuantumUnityRuntime.cs' contains partial class of Unity.Object, exactly 1 of the partial classes needs to be in a file with the same filename. This is to know the one that can be referenced from ie. GameObjects
Native extension for Android target not found
Native extension for OSXStandalone target not found
[Package Manager] Failed to launch server process. Reason: Unity was launched with the -noUpm command-line argument
[Package Manager] Unable to send message (not connected to server process).
[Package Manager] Cannot connect to Unity Package Manager local server
ScheduleIndexationOnStartup MainProcess:False IndexOnStartup:True
Mono: successfully reloaded assembly
- Finished resetting the current domain, in  0.408 seconds
Domain Reload Profiling: 734ms
	BeginReloadAssembly (80ms)
		DisableScriptedObjects (3ms)
		CreateAndSetChildDomain (21ms)
	RebuildCommonClasses (22ms)
	RebuildNativeTypeToScriptingClass (9ms)
	initialDomainReloadingComplete (32ms)
	LoadAllAssembliesAndSetupDomain (182ms)
		LoadAssemblies (108ms)
		AnalyzeDomain (97ms)
			TypeCache.Refresh (5ms)
			BuildScriptInfoCaches (88ms)
			ResolveRequiredComponents (4ms)
	FinalizeReload (408ms)
		SetupLoadedEditorAssemblies (0ms)
			InitializePlatformSupportModulesInManaged (4ms)
			BeforeProcessingInitializeOnLoad (66ms)
			ProcessInitializeOnLoadAttributes (225ms)
			ProcessInitializeOnLoadMethodAttributes (31ms)
Unloading 5 Unused Serialized files (Serialized files now loaded: 0)
Unloading 3673 unused Assets / (1.2 MB). Loaded Objects now: 4279.
Memory consumption went from 103.3 MB to 102.1 MB.
Total: 4.615292 ms (FindLiveObjects: 0.169417 ms CreateObjectMapping: 0.070417 ms MarkObjects: 3.864166 ms  DeleteObjects: 0.510917 ms)

Prepare: number of updated asset objects reloaded= 0
========================================================================
Received Prepare
Begin MonoManager ReloadAssembly
[Licensing::Client] Successfully resolved entitlement details
Thread 0x16b0c7000 may have been prematurely finalized
Assembly Assembly-CSharp-Editor-firstpass.dll at Library/ScriptAssemblies/Assembly-CSharp-Editor-firstpass.dll not valid. Loading of assembly skipped.
Assembly Assembly-CSharp-Editor.dll at Library/ScriptAssemblies/Assembly-CSharp-Editor.dll not valid. Loading of assembly skipped.
Assembly Assembly-CSharp-firstpass.dll at Library/ScriptAssemblies/Assembly-CSharp-firstpass.dll not valid. Loading of assembly skipped.
Assembly PhotonWebSocket.dll at Library/ScriptAssemblies/PhotonWebSocket.dll not valid. Loading of assembly skipped.
Assembly TestNewCustomAssembly.dll at Library/ScriptAssemblies/TestNewCustomAssembly.dll not valid. Loading of assembly skipped.
Assembly Unity.AI.Navigation.Editor.Tests.dll at Library/ScriptAssemblies/Unity.AI.Navigation.Editor.Tests.dll not valid. Loading of assembly skipped.
Assembly Unity.AI.Navigation.LegacyOffMeshLink.Tests.dll at Library/ScriptAssemblies/Unity.AI.Navigation.LegacyOffMeshLink.Tests.dll not valid. Loading of assembly skipped.
Assembly Unity.AI.Navigation.Tests.dll at Library/ScriptAssemblies/Unity.AI.Navigation.Tests.dll not valid. Loading of assembly skipped.
Assembly Unity.AI.Navigation.Tests.EditorInPlaymode.dll at Library/ScriptAssemblies/Unity.AI.Navigation.Tests.EditorInPlaymode.dll not valid. Loading of assembly skipped.
Assembly Unity.InputSystem.IntegrationTests.dll at Library/ScriptAssemblies/Unity.InputSystem.IntegrationTests.dll not valid. Loading of assembly skipped.
Assembly Unity.Performance.Profile-Analyzer.EditorTests.dll at Library/ScriptAssemblies/Unity.Performance.Profile-Analyzer.EditorTests.dll not valid. Loading of assembly skipped.
Assembly Unity.Settings.Tests.dll at Library/ScriptAssemblies/Unity.Settings.Tests.dll not valid. Loading of assembly skipped.
Assembly Unity.TestTools.CodeCoverage.Editor.Compatibility.dll at Library/ScriptAssemblies/Unity.TestTools.CodeCoverage.Editor.Compatibility.dll not valid. Loading of assembly skipped.
Assembly Unity.TextMeshPro.Editor.Tests.dll at Library/ScriptAssemblies/Unity.TextMeshPro.Editor.Tests.dll not valid. Loading of assembly skipped.
Assembly Unity.TextMeshPro.Tests.dll at Library/ScriptAssemblies/Unity.TextMeshPro.Tests.dll not valid. Loading of assembly skipped.
Assembly UnityEditor.UI.Common.Tests.dll at Library/ScriptAssemblies/UnityEditor.UI.Common.Tests.dll not valid. Loading of assembly skipped.
Assembly UnityEditor.UI.EditorTests.dll at Library/ScriptAssemblies/UnityEditor.UI.EditorTests.dll not valid. Loading of assembly skipped.
Assembly UnityEngine.UI.Tests.dll at Library/ScriptAssemblies/UnityEngine.UI.Tests.dll not valid. Loading of assembly skipped.
'Assets/Photon/Quantum/Runtime/QuantumUnityRuntime.cs' contains partial class of Unity.Object, exactly 1 of the partial classes needs to be in a file with the same filename. This is to know the one that can be referenced from ie. GameObjects
'Assets/Photon/Quantum/Runtime/QuantumUnityRuntime.cs' contains partial class of Unity.Object, exactly 1 of the partial classes needs to be in a file with the same filename. This is to know the one that can be referenced from ie. GameObjects
'Assets/Photon/Quantum/Runtime/QuantumUnityRuntime.cs' contains partial class of Unity.Object, exactly 1 of the partial classes needs to be in a file with the same filename. This is to know the one that can be referenced from ie. GameObjects
'Assets/Photon/Quantum/Runtime/QuantumUnityRuntime.cs' contains partial class of Unity.Object, exactly 1 of the partial classes needs to be in a file with the same filename. This is to know the one that can be referenced from ie. GameObjects
'Assets/Photon/Quantum/Runtime/QuantumUnityRuntime.cs' contains partial class of Unity.Object, exactly 1 of the partial classes needs to be in a file with the same filename. This is to know the one that can be referenced from ie. GameObjects
'Assets/Photon/Quantum/Runtime/QuantumUnityRuntime.cs' contains partial class of Unity.Object, exactly 1 of the partial classes needs to be in a file with the same filename. This is to know the one that can be referenced from ie. GameObjects
'Assets/Photon/Quantum/Runtime/QuantumUnityRuntime.cs' contains partial class of Unity.Object, exactly 1 of the partial classes needs to be in a file with the same filename. This is to know the one that can be referenced from ie. GameObjects
'Assets/Photon/Quantum/Runtime/QuantumUnityRuntime.cs' contains partial class of Unity.Object, exactly 1 of the partial classes needs to be in a file with the same filename. This is to know the one that can be referenced from ie. GameObjects
'Assets/Photon/Quantum/Runtime/QuantumUnityRuntime.cs' contains partial class of Unity.Object, exactly 1 of the partial classes needs to be in a file with the same filename. This is to know the one that can be referenced from ie. GameObjects
'Assets/Photon/Quantum/Runtime/QuantumUnityRuntime.cs' contains partial class of Unity.Object, exactly 1 of the partial classes needs to be in a file with the same filename. This is to know the one that can be referenced from ie. GameObjects
'Assets/Photon/Quantum/Runtime/QuantumUnityRuntime.cs' contains partial class of Unity.Object, exactly 1 of the partial classes needs to be in a file with the same filename. This is to know the one that can be referenced from ie. GameObjects
Native extension for Android target not found
Native extension for OSXStandalone target not found
[Package Manager] Failed to launch server process. Reason: Unity was launched with the -noUpm command-line argument
[Package Manager] Unable to send message (not connected to server process).
[Package Manager] Cannot connect to Unity Package Manager local server
ScheduleIndexationOnStartup MainProcess:False IndexOnStartup:True
Mono: successfully reloaded assembly
- Finished resetting the current domain, in  0.452 seconds
Domain Reload Profiling: 808ms
	BeginReloadAssembly (88ms)
		DisableScriptedObjects (3ms)
		CreateAndSetChildDomain (24ms)
	RebuildCommonClasses (23ms)
	RebuildNativeTypeToScriptingClass (10ms)
	initialDomainReloadingComplete (35ms)
	LoadAllAssembliesAndSetupDomain (201ms)
		LoadAssemblies (123ms)
		AnalyzeDomain (106ms)
			TypeCache.Refresh (13ms)
				TypeCache.ScanAssembly (7ms)
			BuildScriptInfoCaches (87ms)
			ResolveRequiredComponents (4ms)
	FinalizeReload (453ms)
		SetupLoadedEditorAssemblies (0ms)
			InitializePlatformSupportModulesInManaged (4ms)
			BeforeProcessingInitializeOnLoad (70ms)
			ProcessInitializeOnLoadAttributes (252ms)
			ProcessInitializeOnLoadMethodAttributes (35ms)
Unloading 5 Unused Serialized files (Serialized files now loaded: 0)
Unloading 3673 unused Assets / (1.1 MB). Loaded Objects now: 4279.
Memory consumption went from 103.3 MB to 102.2 MB.
Total: 5.605000 ms (FindLiveObjects: 0.215083 ms CreateObjectMapping: 0.080292 ms MarkObjects: 4.688541 ms  DeleteObjects: 0.620625 ms)

Prepare: number of updated asset objects reloaded= 0
========================================================================
Received Prepare
Begin MonoManager ReloadAssembly
Thread 0x16b0c7000 may have been prematurely finalized
Assembly Assembly-CSharp-Editor-firstpass.dll at Library/ScriptAssemblies/Assembly-CSharp-Editor-firstpass.dll not valid. Loading of assembly skipped.
Assembly Assembly-CSharp-Editor.dll at Library/ScriptAssemblies/Assembly-CSharp-Editor.dll not valid. Loading of assembly skipped.
Assembly Assembly-CSharp-firstpass.dll at Library/ScriptAssemblies/Assembly-CSharp-firstpass.dll not valid. Loading of assembly skipped.
Assembly PhotonWebSocket.dll at Library/ScriptAssemblies/PhotonWebSocket.dll not valid. Loading of assembly skipped.
Assembly TestNewCustomAssembly.dll at Library/ScriptAssemblies/TestNewCustomAssembly.dll not valid. Loading of assembly skipped.
Assembly Unity.AI.Navigation.Editor.Tests.dll at Library/ScriptAssemblies/Unity.AI.Navigation.Editor.Tests.dll not valid. Loading of assembly skipped.
Assembly Unity.AI.Navigation.LegacyOffMeshLink.Tests.dll at Library/ScriptAssemblies/Unity.AI.Navigation.LegacyOffMeshLink.Tests.dll not valid. Loading of assembly skipped.
Assembly Unity.AI.Navigation.Tests.dll at Library/ScriptAssemblies/Unity.AI.Navigation.Tests.dll not valid. Loading of assembly skipped.
Assembly Unity.AI.Navigation.Tests.EditorInPlaymode.dll at Library/ScriptAssemblies/Unity.AI.Navigation.Tests.EditorInPlaymode.dll not valid. Loading of assembly skipped.
Assembly Unity.InputSystem.IntegrationTests.dll at Library/ScriptAssemblies/Unity.InputSystem.IntegrationTests.dll not valid. Loading of assembly skipped.
Assembly Unity.Performance.Profile-Analyzer.EditorTests.dll at Library/ScriptAssemblies/Unity.Performance.Profile-Analyzer.EditorTests.dll not valid. Loading of assembly skipped.
Assembly Unity.Settings.Tests.dll at Library/ScriptAssemblies/Unity.Settings.Tests.dll not valid. Loading of assembly skipped.
Assembly Unity.TestTools.CodeCoverage.Editor.Compatibility.dll at Library/ScriptAssemblies/Unity.TestTools.CodeCoverage.Editor.Compatibility.dll not valid. Loading of assembly skipped.
Assembly Unity.TextMeshPro.Editor.Tests.dll at Library/ScriptAssemblies/Unity.TextMeshPro.Editor.Tests.dll not valid. Loading of assembly skipped.
Assembly Unity.TextMeshPro.Tests.dll at Library/ScriptAssemblies/Unity.TextMeshPro.Tests.dll not valid. Loading of assembly skipped.
Assembly UnityEditor.UI.Common.Tests.dll at Library/ScriptAssemblies/UnityEditor.UI.Common.Tests.dll not valid. Loading of assembly skipped.
Assembly UnityEditor.UI.EditorTests.dll at Library/ScriptAssemblies/UnityEditor.UI.EditorTests.dll not valid. Loading of assembly skipped.
Assembly UnityEngine.UI.Tests.dll at Library/ScriptAssemblies/UnityEngine.UI.Tests.dll not valid. Loading of assembly skipped.
'Assets/Photon/Quantum/Runtime/QuantumUnityRuntime.cs' contains partial class of Unity.Object, exactly 1 of the partial classes needs to be in a file with the same filename. This is to know the one that can be referenced from ie. GameObjects
'Assets/Photon/Quantum/Runtime/QuantumUnityRuntime.cs' contains partial class of Unity.Object, exactly 1 of the partial classes needs to be in a file with the same filename. This is to know the one that can be referenced from ie. GameObjects
'Assets/Photon/Quantum/Runtime/QuantumUnityRuntime.cs' contains partial class of Unity.Object, exactly 1 of the partial classes needs to be in a file with the same filename. This is to know the one that can be referenced from ie. GameObjects
'Assets/Photon/Quantum/Runtime/QuantumUnityRuntime.cs' contains partial class of Unity.Object, exactly 1 of the partial classes needs to be in a file with the same filename. This is to know the one that can be referenced from ie. GameObjects
'Assets/Photon/Quantum/Runtime/QuantumUnityRuntime.cs' contains partial class of Unity.Object, exactly 1 of the partial classes needs to be in a file with the same filename. This is to know the one that can be referenced from ie. GameObjects
'Assets/Photon/Quantum/Runtime/QuantumUnityRuntime.cs' contains partial class of Unity.Object, exactly 1 of the partial classes needs to be in a file with the same filename. This is to know the one that can be referenced from ie. GameObjects
'Assets/Photon/Quantum/Runtime/QuantumUnityRuntime.cs' contains partial class of Unity.Object, exactly 1 of the partial classes needs to be in a file with the same filename. This is to know the one that can be referenced from ie. GameObjects
'Assets/Photon/Quantum/Runtime/QuantumUnityRuntime.cs' contains partial class of Unity.Object, exactly 1 of the partial classes needs to be in a file with the same filename. This is to know the one that can be referenced from ie. GameObjects
'Assets/Photon/Quantum/Runtime/QuantumUnityRuntime.cs' contains partial class of Unity.Object, exactly 1 of the partial classes needs to be in a file with the same filename. This is to know the one that can be referenced from ie. GameObjects
'Assets/Photon/Quantum/Runtime/QuantumUnityRuntime.cs' contains partial class of Unity.Object, exactly 1 of the partial classes needs to be in a file with the same filename. This is to know the one that can be referenced from ie. GameObjects
'Assets/Photon/Quantum/Runtime/QuantumUnityRuntime.cs' contains partial class of Unity.Object, exactly 1 of the partial classes needs to be in a file with the same filename. This is to know the one that can be referenced from ie. GameObjects
Native extension for Android target not found
Native extension for OSXStandalone target not found
[Package Manager] Failed to launch server process. Reason: Unity was launched with the -noUpm command-line argument
[Package Manager] Unable to send message (not connected to server process).
[Package Manager] Cannot connect to Unity Package Manager local server
ScheduleIndexationOnStartup MainProcess:False IndexOnStartup:True
Mono: successfully reloaded assembly
- Finished resetting the current domain, in  0.409 seconds
Domain Reload Profiling: 739ms
	BeginReloadAssembly (79ms)
		DisableScriptedObjects (3ms)
		CreateAndSetChildDomain (21ms)
	RebuildCommonClasses (23ms)
	RebuildNativeTypeToScriptingClass (9ms)
	initialDomainReloadingComplete (33ms)
	LoadAllAssembliesAndSetupDomain (186ms)
		LoadAssemblies (110ms)
		AnalyzeDomain (98ms)
			TypeCache.Refresh (5ms)
			BuildScriptInfoCaches (88ms)
			ResolveRequiredComponents (4ms)
	FinalizeReload (409ms)
		SetupLoadedEditorAssemblies (0ms)
			InitializePlatformSupportModulesInManaged (4ms)
			BeforeProcessingInitializeOnLoad (65ms)
			ProcessInitializeOnLoadAttributes (228ms)
			ProcessInitializeOnLoadMethodAttributes (29ms)
Unloading 5 Unused Serialized files (Serialized files now loaded: 0)
Unloading 3673 unused Assets / (1.0 MB). Loaded Objects now: 4279.
Memory consumption went from 103.3 MB to 102.3 MB.
Total: 5.263500 ms (FindLiveObjects: 0.181292 ms CreateObjectMapping: 0.078708 ms MarkObjects: 4.128791 ms  DeleteObjects: 0.874334 ms)

Prepare: number of updated asset objects reloaded= 0
========================================================================
Received Prepare
Begin MonoManager ReloadAssembly
[Licensing::Client] Successfully resolved entitlement details
Thread 0x16b0c7000 may have been prematurely finalized
Assembly Assembly-CSharp-Editor-firstpass.dll at Library/ScriptAssemblies/Assembly-CSharp-Editor-firstpass.dll not valid. Loading of assembly skipped.
Assembly Assembly-CSharp-Editor.dll at Library/ScriptAssemblies/Assembly-CSharp-Editor.dll not valid. Loading of assembly skipped.
Assembly Assembly-CSharp-firstpass.dll at Library/ScriptAssemblies/Assembly-CSharp-firstpass.dll not valid. Loading of assembly skipped.
Assembly PhotonWebSocket.dll at Library/ScriptAssemblies/PhotonWebSocket.dll not valid. Loading of assembly skipped.
Assembly TestNewCustomAssembly.dll at Library/ScriptAssemblies/TestNewCustomAssembly.dll not valid. Loading of assembly skipped.
Assembly Unity.AI.Navigation.Editor.Tests.dll at Library/ScriptAssemblies/Unity.AI.Navigation.Editor.Tests.dll not valid. Loading of assembly skipped.
Assembly Unity.AI.Navigation.LegacyOffMeshLink.Tests.dll at Library/ScriptAssemblies/Unity.AI.Navigation.LegacyOffMeshLink.Tests.dll not valid. Loading of assembly skipped.
Assembly Unity.AI.Navigation.Tests.dll at Library/ScriptAssemblies/Unity.AI.Navigation.Tests.dll not valid. Loading of assembly skipped.
Assembly Unity.AI.Navigation.Tests.EditorInPlaymode.dll at Library/ScriptAssemblies/Unity.AI.Navigation.Tests.EditorInPlaymode.dll not valid. Loading of assembly skipped.
Assembly Unity.InputSystem.IntegrationTests.dll at Library/ScriptAssemblies/Unity.InputSystem.IntegrationTests.dll not valid. Loading of assembly skipped.
Assembly Unity.Performance.Profile-Analyzer.EditorTests.dll at Library/ScriptAssemblies/Unity.Performance.Profile-Analyzer.EditorTests.dll not valid. Loading of assembly skipped.
Assembly Unity.Settings.Tests.dll at Library/ScriptAssemblies/Unity.Settings.Tests.dll not valid. Loading of assembly skipped.
Assembly Unity.TestTools.CodeCoverage.Editor.Compatibility.dll at Library/ScriptAssemblies/Unity.TestTools.CodeCoverage.Editor.Compatibility.dll not valid. Loading of assembly skipped.
Assembly Unity.TextMeshPro.Editor.Tests.dll at Library/ScriptAssemblies/Unity.TextMeshPro.Editor.Tests.dll not valid. Loading of assembly skipped.
Assembly Unity.TextMeshPro.Tests.dll at Library/ScriptAssemblies/Unity.TextMeshPro.Tests.dll not valid. Loading of assembly skipped.
Assembly UnityEditor.UI.Common.Tests.dll at Library/ScriptAssemblies/UnityEditor.UI.Common.Tests.dll not valid. Loading of assembly skipped.
Assembly UnityEditor.UI.EditorTests.dll at Library/ScriptAssemblies/UnityEditor.UI.EditorTests.dll not valid. Loading of assembly skipped.
Assembly UnityEngine.UI.Tests.dll at Library/ScriptAssemblies/UnityEngine.UI.Tests.dll not valid. Loading of assembly skipped.
'Assets/Photon/Quantum/Runtime/QuantumUnityRuntime.cs' contains partial class of Unity.Object, exactly 1 of the partial classes needs to be in a file with the same filename. This is to know the one that can be referenced from ie. GameObjects
'Assets/Photon/Quantum/Runtime/QuantumUnityRuntime.cs' contains partial class of Unity.Object, exactly 1 of the partial classes needs to be in a file with the same filename. This is to know the one that can be referenced from ie. GameObjects
'Assets/Photon/Quantum/Runtime/QuantumUnityRuntime.cs' contains partial class of Unity.Object, exactly 1 of the partial classes needs to be in a file with the same filename. This is to know the one that can be referenced from ie. GameObjects
'Assets/Photon/Quantum/Runtime/QuantumUnityRuntime.cs' contains partial class of Unity.Object, exactly 1 of the partial classes needs to be in a file with the same filename. This is to know the one that can be referenced from ie. GameObjects
'Assets/Photon/Quantum/Runtime/QuantumUnityRuntime.cs' contains partial class of Unity.Object, exactly 1 of the partial classes needs to be in a file with the same filename. This is to know the one that can be referenced from ie. GameObjects
'Assets/Photon/Quantum/Runtime/QuantumUnityRuntime.cs' contains partial class of Unity.Object, exactly 1 of the partial classes needs to be in a file with the same filename. This is to know the one that can be referenced from ie. GameObjects
'Assets/Photon/Quantum/Runtime/QuantumUnityRuntime.cs' contains partial class of Unity.Object, exactly 1 of the partial classes needs to be in a file with the same filename. This is to know the one that can be referenced from ie. GameObjects
'Assets/Photon/Quantum/Runtime/QuantumUnityRuntime.cs' contains partial class of Unity.Object, exactly 1 of the partial classes needs to be in a file with the same filename. This is to know the one that can be referenced from ie. GameObjects
'Assets/Photon/Quantum/Runtime/QuantumUnityRuntime.cs' contains partial class of Unity.Object, exactly 1 of the partial classes needs to be in a file with the same filename. This is to know the one that can be referenced from ie. GameObjects
'Assets/Photon/Quantum/Runtime/QuantumUnityRuntime.cs' contains partial class of Unity.Object, exactly 1 of the partial classes needs to be in a file with the same filename. This is to know the one that can be referenced from ie. GameObjects
'Assets/Photon/Quantum/Runtime/QuantumUnityRuntime.cs' contains partial class of Unity.Object, exactly 1 of the partial classes needs to be in a file with the same filename. This is to know the one that can be referenced from ie. GameObjects
Native extension for Android target not found
Native extension for OSXStandalone target not found
[Package Manager] Failed to launch server process. Reason: Unity was launched with the -noUpm command-line argument
[Package Manager] Unable to send message (not connected to server process).
[Package Manager] Cannot connect to Unity Package Manager local server
ScheduleIndexationOnStartup MainProcess:False IndexOnStartup:True
Mono: successfully reloaded assembly
- Finished resetting the current domain, in  0.452 seconds
Domain Reload Profiling: 844ms
	BeginReloadAssembly (88ms)
		DisableScriptedObjects (3ms)
		CreateAndSetChildDomain (23ms)
	RebuildCommonClasses (23ms)
	RebuildNativeTypeToScriptingClass (10ms)
	initialDomainReloadingComplete (36ms)
	LoadAllAssembliesAndSetupDomain (235ms)
		LoadAssemblies (155ms)
		AnalyzeDomain (108ms)
			TypeCache.Refresh (15ms)
				TypeCache.ScanAssembly (8ms)
			BuildScriptInfoCaches (89ms)
			ResolveRequiredComponents (4ms)
	FinalizeReload (452ms)
		SetupLoadedEditorAssemblies (0ms)
			InitializePlatformSupportModulesInManaged (5ms)
			BeforeProcessingInitializeOnLoad (70ms)
			ProcessInitializeOnLoadAttributes (255ms)
			ProcessInitializeOnLoadMethodAttributes (34ms)
Unloading 5 Unused Serialized files (Serialized files now loaded: 0)
Unloading 3674 unused Assets / (1.0 MB). Loaded Objects now: 4280.
Memory consumption went from 103.3 MB to 102.3 MB.
Total: 4.749750 ms (FindLiveObjects: 0.188042 ms CreateObjectMapping: 0.069208 ms MarkObjects: 3.944083 ms  DeleteObjects: 0.548041 ms)

Prepare: number of updated asset objects reloaded= 0
========================================================================
Received Prepare
Begin MonoManager ReloadAssembly
Thread 0x16b0c7000 may have been prematurely finalized
Assembly Assembly-CSharp-Editor-firstpass.dll at Library/ScriptAssemblies/Assembly-CSharp-Editor-firstpass.dll not valid. Loading of assembly skipped.
Assembly Assembly-CSharp-Editor.dll at Library/ScriptAssemblies/Assembly-CSharp-Editor.dll not valid. Loading of assembly skipped.
Assembly Assembly-CSharp-firstpass.dll at Library/ScriptAssemblies/Assembly-CSharp-firstpass.dll not valid. Loading of assembly skipped.
Assembly PhotonWebSocket.dll at Library/ScriptAssemblies/PhotonWebSocket.dll not valid. Loading of assembly skipped.
Assembly TestNewCustomAssembly.dll at Library/ScriptAssemblies/TestNewCustomAssembly.dll not valid. Loading of assembly skipped.
Assembly Unity.AI.Navigation.Editor.Tests.dll at Library/ScriptAssemblies/Unity.AI.Navigation.Editor.Tests.dll not valid. Loading of assembly skipped.
Assembly Unity.AI.Navigation.LegacyOffMeshLink.Tests.dll at Library/ScriptAssemblies/Unity.AI.Navigation.LegacyOffMeshLink.Tests.dll not valid. Loading of assembly skipped.
Assembly Unity.AI.Navigation.Tests.dll at Library/ScriptAssemblies/Unity.AI.Navigation.Tests.dll not valid. Loading of assembly skipped.
Assembly Unity.AI.Navigation.Tests.EditorInPlaymode.dll at Library/ScriptAssemblies/Unity.AI.Navigation.Tests.EditorInPlaymode.dll not valid. Loading of assembly skipped.
Assembly Unity.InputSystem.IntegrationTests.dll at Library/ScriptAssemblies/Unity.InputSystem.IntegrationTests.dll not valid. Loading of assembly skipped.
Assembly Unity.Performance.Profile-Analyzer.EditorTests.dll at Library/ScriptAssemblies/Unity.Performance.Profile-Analyzer.EditorTests.dll not valid. Loading of assembly skipped.
Assembly Unity.Settings.Tests.dll at Library/ScriptAssemblies/Unity.Settings.Tests.dll not valid. Loading of assembly skipped.
Assembly Unity.TestTools.CodeCoverage.Editor.Compatibility.dll at Library/ScriptAssemblies/Unity.TestTools.CodeCoverage.Editor.Compatibility.dll not valid. Loading of assembly skipped.
Assembly Unity.TextMeshPro.Editor.Tests.dll at Library/ScriptAssemblies/Unity.TextMeshPro.Editor.Tests.dll not valid. Loading of assembly skipped.
Assembly Unity.TextMeshPro.Tests.dll at Library/ScriptAssemblies/Unity.TextMeshPro.Tests.dll not valid. Loading of assembly skipped.
Assembly UnityEditor.UI.Common.Tests.dll at Library/ScriptAssemblies/UnityEditor.UI.Common.Tests.dll not valid. Loading of assembly skipped.
Assembly UnityEditor.UI.EditorTests.dll at Library/ScriptAssemblies/UnityEditor.UI.EditorTests.dll not valid. Loading of assembly skipped.
Assembly UnityEngine.UI.Tests.dll at Library/ScriptAssemblies/UnityEngine.UI.Tests.dll not valid. Loading of assembly skipped.
'Assets/Photon/Quantum/Runtime/QuantumUnityRuntime.cs' contains partial class of Unity.Object, exactly 1 of the partial classes needs to be in a file with the same filename. This is to know the one that can be referenced from ie. GameObjects
'Assets/Photon/Quantum/Runtime/QuantumUnityRuntime.cs' contains partial class of Unity.Object, exactly 1 of the partial classes needs to be in a file with the same filename. This is to know the one that can be referenced from ie. GameObjects
'Assets/Photon/Quantum/Runtime/QuantumUnityRuntime.cs' contains partial class of Unity.Object, exactly 1 of the partial classes needs to be in a file with the same filename. This is to know the one that can be referenced from ie. GameObjects
'Assets/Photon/Quantum/Runtime/QuantumUnityRuntime.cs' contains partial class of Unity.Object, exactly 1 of the partial classes needs to be in a file with the same filename. This is to know the one that can be referenced from ie. GameObjects
'Assets/Photon/Quantum/Runtime/QuantumUnityRuntime.cs' contains partial class of Unity.Object, exactly 1 of the partial classes needs to be in a file with the same filename. This is to know the one that can be referenced from ie. GameObjects
'Assets/Photon/Quantum/Runtime/QuantumUnityRuntime.cs' contains partial class of Unity.Object, exactly 1 of the partial classes needs to be in a file with the same filename. This is to know the one that can be referenced from ie. GameObjects
'Assets/Photon/Quantum/Runtime/QuantumUnityRuntime.cs' contains partial class of Unity.Object, exactly 1 of the partial classes needs to be in a file with the same filename. This is to know the one that can be referenced from ie. GameObjects
'Assets/Photon/Quantum/Runtime/QuantumUnityRuntime.cs' contains partial class of Unity.Object, exactly 1 of the partial classes needs to be in a file with the same filename. This is to know the one that can be referenced from ie. GameObjects
'Assets/Photon/Quantum/Runtime/QuantumUnityRuntime.cs' contains partial class of Unity.Object, exactly 1 of the partial classes needs to be in a file with the same filename. This is to know the one that can be referenced from ie. GameObjects
'Assets/Photon/Quantum/Runtime/QuantumUnityRuntime.cs' contains partial class of Unity.Object, exactly 1 of the partial classes needs to be in a file with the same filename. This is to know the one that can be referenced from ie. GameObjects
'Assets/Photon/Quantum/Runtime/QuantumUnityRuntime.cs' contains partial class of Unity.Object, exactly 1 of the partial classes needs to be in a file with the same filename. This is to know the one that can be referenced from ie. GameObjects
Native extension for Android target not found
Native extension for OSXStandalone target not found
[Package Manager] Failed to launch server process. Reason: Unity was launched with the -noUpm command-line argument
[Package Manager] Unable to send message (not connected to server process).
[Package Manager] Cannot connect to Unity Package Manager local server
ScheduleIndexationOnStartup MainProcess:False IndexOnStartup:True
Mono: successfully reloaded assembly
- Finished resetting the current domain, in  0.439 seconds
Domain Reload Profiling: 818ms
	BeginReloadAssembly (84ms)
		DisableScriptedObjects (3ms)
		CreateAndSetChildDomain (22ms)
	RebuildCommonClasses (25ms)
	RebuildNativeTypeToScriptingClass (10ms)
	initialDomainReloadingComplete (42ms)
	LoadAllAssembliesAndSetupDomain (218ms)
		LoadAssemblies (135ms)
		AnalyzeDomain (108ms)
			TypeCache.Refresh (5ms)
			BuildScriptInfoCaches (98ms)
			ResolveRequiredComponents (4ms)
	FinalizeReload (439ms)
		SetupLoadedEditorAssemblies (0ms)
			InitializePlatformSupportModulesInManaged (4ms)
			BeforeProcessingInitializeOnLoad (71ms)
			ProcessInitializeOnLoadAttributes (236ms)
			ProcessInitializeOnLoadMethodAttributes (34ms)
Unloading 5 Unused Serialized files (Serialized files now loaded: 0)
Unloading 3674 unused Assets / (0.9 MB). Loaded Objects now: 4280.
Memory consumption went from 103.3 MB to 102.4 MB.
Total: 5.256500 ms (FindLiveObjects: 0.196875 ms CreateObjectMapping: 0.075542 ms MarkObjects: 4.289208 ms  DeleteObjects: 0.694375 ms)

Prepare: number of updated asset objects reloaded= 0
========================================================================
Received Prepare
Begin MonoManager ReloadAssembly
[Licensing::Client] Successfully resolved entitlement details
Thread 0x16b0c7000 may have been prematurely finalized
Assembly Assembly-CSharp-Editor-firstpass.dll at Library/ScriptAssemblies/Assembly-CSharp-Editor-firstpass.dll not valid. Loading of assembly skipped.
Assembly Assembly-CSharp-Editor.dll at Library/ScriptAssemblies/Assembly-CSharp-Editor.dll not valid. Loading of assembly skipped.
Assembly Assembly-CSharp-firstpass.dll at Library/ScriptAssemblies/Assembly-CSharp-firstpass.dll not valid. Loading of assembly skipped.
Assembly PhotonWebSocket.dll at Library/ScriptAssemblies/PhotonWebSocket.dll not valid. Loading of assembly skipped.
Assembly TestNewCustomAssembly.dll at Library/ScriptAssemblies/TestNewCustomAssembly.dll not valid. Loading of assembly skipped.
Assembly Unity.AI.Navigation.Editor.Tests.dll at Library/ScriptAssemblies/Unity.AI.Navigation.Editor.Tests.dll not valid. Loading of assembly skipped.
Assembly Unity.AI.Navigation.LegacyOffMeshLink.Tests.dll at Library/ScriptAssemblies/Unity.AI.Navigation.LegacyOffMeshLink.Tests.dll not valid. Loading of assembly skipped.
Assembly Unity.AI.Navigation.Tests.dll at Library/ScriptAssemblies/Unity.AI.Navigation.Tests.dll not valid. Loading of assembly skipped.
Assembly Unity.AI.Navigation.Tests.EditorInPlaymode.dll at Library/ScriptAssemblies/Unity.AI.Navigation.Tests.EditorInPlaymode.dll not valid. Loading of assembly skipped.
Assembly Unity.InputSystem.IntegrationTests.dll at Library/ScriptAssemblies/Unity.InputSystem.IntegrationTests.dll not valid. Loading of assembly skipped.
Assembly Unity.Performance.Profile-Analyzer.EditorTests.dll at Library/ScriptAssemblies/Unity.Performance.Profile-Analyzer.EditorTests.dll not valid. Loading of assembly skipped.
Assembly Unity.Settings.Tests.dll at Library/ScriptAssemblies/Unity.Settings.Tests.dll not valid. Loading of assembly skipped.
Assembly Unity.TestTools.CodeCoverage.Editor.Compatibility.dll at Library/ScriptAssemblies/Unity.TestTools.CodeCoverage.Editor.Compatibility.dll not valid. Loading of assembly skipped.
Assembly Unity.TextMeshPro.Editor.Tests.dll at Library/ScriptAssemblies/Unity.TextMeshPro.Editor.Tests.dll not valid. Loading of assembly skipped.
Assembly Unity.TextMeshPro.Tests.dll at Library/ScriptAssemblies/Unity.TextMeshPro.Tests.dll not valid. Loading of assembly skipped.
Assembly UnityEditor.UI.Common.Tests.dll at Library/ScriptAssemblies/UnityEditor.UI.Common.Tests.dll not valid. Loading of assembly skipped.
Assembly UnityEditor.UI.EditorTests.dll at Library/ScriptAssemblies/UnityEditor.UI.EditorTests.dll not valid. Loading of assembly skipped.
Assembly UnityEngine.UI.Tests.dll at Library/ScriptAssemblies/UnityEngine.UI.Tests.dll not valid. Loading of assembly skipped.
'Assets/Photon/Quantum/Runtime/QuantumUnityRuntime.cs' contains partial class of Unity.Object, exactly 1 of the partial classes needs to be in a file with the same filename. This is to know the one that can be referenced from ie. GameObjects
'Assets/Photon/Quantum/Runtime/QuantumUnityRuntime.cs' contains partial class of Unity.Object, exactly 1 of the partial classes needs to be in a file with the same filename. This is to know the one that can be referenced from ie. GameObjects
'Assets/Photon/Quantum/Runtime/QuantumUnityRuntime.cs' contains partial class of Unity.Object, exactly 1 of the partial classes needs to be in a file with the same filename. This is to know the one that can be referenced from ie. GameObjects
'Assets/Photon/Quantum/Runtime/QuantumUnityRuntime.cs' contains partial class of Unity.Object, exactly 1 of the partial classes needs to be in a file with the same filename. This is to know the one that can be referenced from ie. GameObjects
'Assets/Photon/Quantum/Runtime/QuantumUnityRuntime.cs' contains partial class of Unity.Object, exactly 1 of the partial classes needs to be in a file with the same filename. This is to know the one that can be referenced from ie. GameObjects
'Assets/Photon/Quantum/Runtime/QuantumUnityRuntime.cs' contains partial class of Unity.Object, exactly 1 of the partial classes needs to be in a file with the same filename. This is to know the one that can be referenced from ie. GameObjects
'Assets/Photon/Quantum/Runtime/QuantumUnityRuntime.cs' contains partial class of Unity.Object, exactly 1 of the partial classes needs to be in a file with the same filename. This is to know the one that can be referenced from ie. GameObjects
'Assets/Photon/Quantum/Runtime/QuantumUnityRuntime.cs' contains partial class of Unity.Object, exactly 1 of the partial classes needs to be in a file with the same filename. This is to know the one that can be referenced from ie. GameObjects
'Assets/Photon/Quantum/Runtime/QuantumUnityRuntime.cs' contains partial class of Unity.Object, exactly 1 of the partial classes needs to be in a file with the same filename. This is to know the one that can be referenced from ie. GameObjects
'Assets/Photon/Quantum/Runtime/QuantumUnityRuntime.cs' contains partial class of Unity.Object, exactly 1 of the partial classes needs to be in a file with the same filename. This is to know the one that can be referenced from ie. GameObjects
'Assets/Photon/Quantum/Runtime/QuantumUnityRuntime.cs' contains partial class of Unity.Object, exactly 1 of the partial classes needs to be in a file with the same filename. This is to know the one that can be referenced from ie. GameObjects
Native extension for Android target not found
Native extension for OSXStandalone target not found
[Package Manager] Failed to launch server process. Reason: Unity was launched with the -noUpm command-line argument
[Package Manager] Unable to send message (not connected to server process).
[Package Manager] Cannot connect to Unity Package Manager local server
ScheduleIndexationOnStartup MainProcess:False IndexOnStartup:True
Mono: successfully reloaded assembly
- Finished resetting the current domain, in  0.417 seconds
Domain Reload Profiling: 761ms
	BeginReloadAssembly (84ms)
		DisableScriptedObjects (3ms)
		CreateAndSetChildDomain (24ms)
	RebuildCommonClasses (23ms)
	RebuildNativeTypeToScriptingClass (10ms)
	initialDomainReloadingComplete (33ms)
	LoadAllAssembliesAndSetupDomain (195ms)
		LoadAssemblies (118ms)
		AnalyzeDomain (101ms)
			TypeCache.Refresh (5ms)
			BuildScriptInfoCaches (91ms)
			ResolveRequiredComponents (4ms)
	FinalizeReload (418ms)
		SetupLoadedEditorAssemblies (0ms)
			InitializePlatformSupportModulesInManaged (4ms)
			BeforeProcessingInitializeOnLoad (67ms)
			ProcessInitializeOnLoadAttributes (229ms)
			ProcessInitializeOnLoadMethodAttributes (30ms)
Unloading 5 Unused Serialized files (Serialized files now loaded: 0)
Unloading 3674 unused Assets / (1.1 MB). Loaded Objects now: 4280.
Memory consumption went from 103.3 MB to 102.2 MB.
Total: 4.957666 ms (FindLiveObjects: 0.191584 ms CreateObjectMapping: 0.071541 ms MarkObjects: 4.099584 ms  DeleteObjects: 0.594709 ms)

Prepare: number of updated asset objects reloaded= 0
========================================================================
Received Prepare
Begin MonoManager ReloadAssembly
[Licensing::Client] Successfully resolved entitlement details
Thread 0x16b0c7000 may have been prematurely finalized
Assembly Assembly-CSharp-Editor-firstpass.dll at Library/ScriptAssemblies/Assembly-CSharp-Editor-firstpass.dll not valid. Loading of assembly skipped.
Assembly Assembly-CSharp-Editor.dll at Library/ScriptAssemblies/Assembly-CSharp-Editor.dll not valid. Loading of assembly skipped.
Assembly Assembly-CSharp-firstpass.dll at Library/ScriptAssemblies/Assembly-CSharp-firstpass.dll not valid. Loading of assembly skipped.
Assembly PhotonWebSocket.dll at Library/ScriptAssemblies/PhotonWebSocket.dll not valid. Loading of assembly skipped.
Assembly TestNewCustomAssembly.dll at Library/ScriptAssemblies/TestNewCustomAssembly.dll not valid. Loading of assembly skipped.
Assembly Unity.AI.Navigation.Editor.Tests.dll at Library/ScriptAssemblies/Unity.AI.Navigation.Editor.Tests.dll not valid. Loading of assembly skipped.
Assembly Unity.AI.Navigation.LegacyOffMeshLink.Tests.dll at Library/ScriptAssemblies/Unity.AI.Navigation.LegacyOffMeshLink.Tests.dll not valid. Loading of assembly skipped.
Assembly Unity.AI.Navigation.Tests.dll at Library/ScriptAssemblies/Unity.AI.Navigation.Tests.dll not valid. Loading of assembly skipped.
Assembly Unity.AI.Navigation.Tests.EditorInPlaymode.dll at Library/ScriptAssemblies/Unity.AI.Navigation.Tests.EditorInPlaymode.dll not valid. Loading of assembly skipped.
Assembly Unity.InputSystem.IntegrationTests.dll at Library/ScriptAssemblies/Unity.InputSystem.IntegrationTests.dll not valid. Loading of assembly skipped.
Assembly Unity.Performance.Profile-Analyzer.EditorTests.dll at Library/ScriptAssemblies/Unity.Performance.Profile-Analyzer.EditorTests.dll not valid. Loading of assembly skipped.
Assembly Unity.Settings.Tests.dll at Library/ScriptAssemblies/Unity.Settings.Tests.dll not valid. Loading of assembly skipped.
Assembly Unity.TestTools.CodeCoverage.Editor.Compatibility.dll at Library/ScriptAssemblies/Unity.TestTools.CodeCoverage.Editor.Compatibility.dll not valid. Loading of assembly skipped.
Assembly Unity.TextMeshPro.Editor.Tests.dll at Library/ScriptAssemblies/Unity.TextMeshPro.Editor.Tests.dll not valid. Loading of assembly skipped.
Assembly Unity.TextMeshPro.Tests.dll at Library/ScriptAssemblies/Unity.TextMeshPro.Tests.dll not valid. Loading of assembly skipped.
Assembly UnityEditor.UI.Common.Tests.dll at Library/ScriptAssemblies/UnityEditor.UI.Common.Tests.dll not valid. Loading of assembly skipped.
Assembly UnityEditor.UI.EditorTests.dll at Library/ScriptAssemblies/UnityEditor.UI.EditorTests.dll not valid. Loading of assembly skipped.
Assembly UnityEngine.UI.Tests.dll at Library/ScriptAssemblies/UnityEngine.UI.Tests.dll not valid. Loading of assembly skipped.
'Assets/Photon/Quantum/Runtime/QuantumUnityRuntime.cs' contains partial class of Unity.Object, exactly 1 of the partial classes needs to be in a file with the same filename. This is to know the one that can be referenced from ie. GameObjects
'Assets/Photon/Quantum/Runtime/QuantumUnityRuntime.cs' contains partial class of Unity.Object, exactly 1 of the partial classes needs to be in a file with the same filename. This is to know the one that can be referenced from ie. GameObjects
'Assets/Photon/Quantum/Runtime/QuantumUnityRuntime.cs' contains partial class of Unity.Object, exactly 1 of the partial classes needs to be in a file with the same filename. This is to know the one that can be referenced from ie. GameObjects
'Assets/Photon/Quantum/Runtime/QuantumUnityRuntime.cs' contains partial class of Unity.Object, exactly 1 of the partial classes needs to be in a file with the same filename. This is to know the one that can be referenced from ie. GameObjects
'Assets/Photon/Quantum/Runtime/QuantumUnityRuntime.cs' contains partial class of Unity.Object, exactly 1 of the partial classes needs to be in a file with the same filename. This is to know the one that can be referenced from ie. GameObjects
'Assets/Photon/Quantum/Runtime/QuantumUnityRuntime.cs' contains partial class of Unity.Object, exactly 1 of the partial classes needs to be in a file with the same filename. This is to know the one that can be referenced from ie. GameObjects
'Assets/Photon/Quantum/Runtime/QuantumUnityRuntime.cs' contains partial class of Unity.Object, exactly 1 of the partial classes needs to be in a file with the same filename. This is to know the one that can be referenced from ie. GameObjects
'Assets/Photon/Quantum/Runtime/QuantumUnityRuntime.cs' contains partial class of Unity.Object, exactly 1 of the partial classes needs to be in a file with the same filename. This is to know the one that can be referenced from ie. GameObjects
'Assets/Photon/Quantum/Runtime/QuantumUnityRuntime.cs' contains partial class of Unity.Object, exactly 1 of the partial classes needs to be in a file with the same filename. This is to know the one that can be referenced from ie. GameObjects
'Assets/Photon/Quantum/Runtime/QuantumUnityRuntime.cs' contains partial class of Unity.Object, exactly 1 of the partial classes needs to be in a file with the same filename. This is to know the one that can be referenced from ie. GameObjects
'Assets/Photon/Quantum/Runtime/QuantumUnityRuntime.cs' contains partial class of Unity.Object, exactly 1 of the partial classes needs to be in a file with the same filename. This is to know the one that can be referenced from ie. GameObjects
Native extension for Android target not found
Native extension for OSXStandalone target not found
[Package Manager] Failed to launch server process. Reason: Unity was launched with the -noUpm command-line argument
[Package Manager] Unable to send message (not connected to server process).
[Package Manager] Cannot connect to Unity Package Manager local server
ScheduleIndexationOnStartup MainProcess:False IndexOnStartup:True
Mono: successfully reloaded assembly
- Finished resetting the current domain, in  0.434 seconds
Domain Reload Profiling: 779ms
	BeginReloadAssembly (83ms)
		DisableScriptedObjects (3ms)
		CreateAndSetChildDomain (22ms)
	RebuildCommonClasses (22ms)
	RebuildNativeTypeToScriptingClass (10ms)
	initialDomainReloadingComplete (35ms)
	LoadAllAssembliesAndSetupDomain (195ms)
		LoadAssemblies (121ms)
		AnalyzeDomain (100ms)
			TypeCache.Refresh (7ms)
			BuildScriptInfoCaches (88ms)
			ResolveRequiredComponents (4ms)
	FinalizeReload (434ms)
		SetupLoadedEditorAssemblies (0ms)
			InitializePlatformSupportModulesInManaged (4ms)
			BeforeProcessingInitializeOnLoad (66ms)
			ProcessInitializeOnLoadAttributes (245ms)
			ProcessInitializeOnLoadMethodAttributes (32ms)
Unloading 5 Unused Serialized files (Serialized files now loaded: 0)
Unloading 3674 unused Assets / (1.3 MB). Loaded Objects now: 4280.
Memory consumption went from 103.3 MB to 102.0 MB.
Total: 5.357583 ms (FindLiveObjects: 0.187375 ms CreateObjectMapping: 0.075958 ms MarkObjects: 4.541375 ms  DeleteObjects: 0.552375 ms)

Prepare: number of updated asset objects reloaded= 0
========================================================================
Received Prepare
Begin MonoManager ReloadAssembly
[Licensing::Client] Successfully resolved entitlement details
Thread 0x16b0c7000 may have been prematurely finalized
Assembly Assembly-CSharp-Editor-firstpass.dll at Library/ScriptAssemblies/Assembly-CSharp-Editor-firstpass.dll not valid. Loading of assembly skipped.
Assembly Assembly-CSharp-Editor.dll at Library/ScriptAssemblies/Assembly-CSharp-Editor.dll not valid. Loading of assembly skipped.
Assembly Assembly-CSharp-firstpass.dll at Library/ScriptAssemblies/Assembly-CSharp-firstpass.dll not valid. Loading of assembly skipped.
Assembly PhotonWebSocket.dll at Library/ScriptAssemblies/PhotonWebSocket.dll not valid. Loading of assembly skipped.
Assembly TestNewCustomAssembly.dll at Library/ScriptAssemblies/TestNewCustomAssembly.dll not valid. Loading of assembly skipped.
Assembly Unity.AI.Navigation.Editor.Tests.dll at Library/ScriptAssemblies/Unity.AI.Navigation.Editor.Tests.dll not valid. Loading of assembly skipped.
Assembly Unity.AI.Navigation.LegacyOffMeshLink.Tests.dll at Library/ScriptAssemblies/Unity.AI.Navigation.LegacyOffMeshLink.Tests.dll not valid. Loading of assembly skipped.
Assembly Unity.AI.Navigation.Tests.dll at Library/ScriptAssemblies/Unity.AI.Navigation.Tests.dll not valid. Loading of assembly skipped.
Assembly Unity.AI.Navigation.Tests.EditorInPlaymode.dll at Library/ScriptAssemblies/Unity.AI.Navigation.Tests.EditorInPlaymode.dll not valid. Loading of assembly skipped.
Assembly Unity.InputSystem.IntegrationTests.dll at Library/ScriptAssemblies/Unity.InputSystem.IntegrationTests.dll not valid. Loading of assembly skipped.
Assembly Unity.Performance.Profile-Analyzer.EditorTests.dll at Library/ScriptAssemblies/Unity.Performance.Profile-Analyzer.EditorTests.dll not valid. Loading of assembly skipped.
Assembly Unity.Settings.Tests.dll at Library/ScriptAssemblies/Unity.Settings.Tests.dll not valid. Loading of assembly skipped.
Assembly Unity.TestTools.CodeCoverage.Editor.Compatibility.dll at Library/ScriptAssemblies/Unity.TestTools.CodeCoverage.Editor.Compatibility.dll not valid. Loading of assembly skipped.
Assembly Unity.TextMeshPro.Editor.Tests.dll at Library/ScriptAssemblies/Unity.TextMeshPro.Editor.Tests.dll not valid. Loading of assembly skipped.
Assembly Unity.TextMeshPro.Tests.dll at Library/ScriptAssemblies/Unity.TextMeshPro.Tests.dll not valid. Loading of assembly skipped.
Assembly UnityEditor.UI.Common.Tests.dll at Library/ScriptAssemblies/UnityEditor.UI.Common.Tests.dll not valid. Loading of assembly skipped.
Assembly UnityEditor.UI.EditorTests.dll at Library/ScriptAssemblies/UnityEditor.UI.EditorTests.dll not valid. Loading of assembly skipped.
Assembly UnityEngine.UI.Tests.dll at Library/ScriptAssemblies/UnityEngine.UI.Tests.dll not valid. Loading of assembly skipped.
'Assets/Photon/Quantum/Runtime/QuantumUnityRuntime.cs' contains partial class of Unity.Object, exactly 1 of the partial classes needs to be in a file with the same filename. This is to know the one that can be referenced from ie. GameObjects
'Assets/Photon/Quantum/Runtime/QuantumUnityRuntime.cs' contains partial class of Unity.Object, exactly 1 of the partial classes needs to be in a file with the same filename. This is to know the one that can be referenced from ie. GameObjects
'Assets/Photon/Quantum/Runtime/QuantumUnityRuntime.cs' contains partial class of Unity.Object, exactly 1 of the partial classes needs to be in a file with the same filename. This is to know the one that can be referenced from ie. GameObjects
'Assets/Photon/Quantum/Runtime/QuantumUnityRuntime.cs' contains partial class of Unity.Object, exactly 1 of the partial classes needs to be in a file with the same filename. This is to know the one that can be referenced from ie. GameObjects
'Assets/Photon/Quantum/Runtime/QuantumUnityRuntime.cs' contains partial class of Unity.Object, exactly 1 of the partial classes needs to be in a file with the same filename. This is to know the one that can be referenced from ie. GameObjects
'Assets/Photon/Quantum/Runtime/QuantumUnityRuntime.cs' contains partial class of Unity.Object, exactly 1 of the partial classes needs to be in a file with the same filename. This is to know the one that can be referenced from ie. GameObjects
'Assets/Photon/Quantum/Runtime/QuantumUnityRuntime.cs' contains partial class of Unity.Object, exactly 1 of the partial classes needs to be in a file with the same filename. This is to know the one that can be referenced from ie. GameObjects
'Assets/Photon/Quantum/Runtime/QuantumUnityRuntime.cs' contains partial class of Unity.Object, exactly 1 of the partial classes needs to be in a file with the same filename. This is to know the one that can be referenced from ie. GameObjects
'Assets/Photon/Quantum/Runtime/QuantumUnityRuntime.cs' contains partial class of Unity.Object, exactly 1 of the partial classes needs to be in a file with the same filename. This is to know the one that can be referenced from ie. GameObjects
'Assets/Photon/Quantum/Runtime/QuantumUnityRuntime.cs' contains partial class of Unity.Object, exactly 1 of the partial classes needs to be in a file with the same filename. This is to know the one that can be referenced from ie. GameObjects
'Assets/Photon/Quantum/Runtime/QuantumUnityRuntime.cs' contains partial class of Unity.Object, exactly 1 of the partial classes needs to be in a file with the same filename. This is to know the one that can be referenced from ie. GameObjects
Native extension for Android target not found
Native extension for OSXStandalone target not found
[Package Manager] Failed to launch server process. Reason: Unity was launched with the -noUpm command-line argument
[Package Manager] Unable to send message (not connected to server process).
[Package Manager] Cannot connect to Unity Package Manager local server
ScheduleIndexationOnStartup MainProcess:False IndexOnStartup:True
Mono: successfully reloaded assembly
- Finished resetting the current domain, in  0.426 seconds
Domain Reload Profiling: 764ms
	BeginReloadAssembly (79ms)
		DisableScriptedObjects (3ms)
		CreateAndSetChildDomain (21ms)
	RebuildCommonClasses (23ms)
	RebuildNativeTypeToScriptingClass (10ms)
	initialDomainReloadingComplete (34ms)
	LoadAllAssembliesAndSetupDomain (191ms)
		LoadAssemblies (115ms)
		AnalyzeDomain (100ms)
			TypeCache.Refresh (5ms)
			BuildScriptInfoCaches (90ms)
			ResolveRequiredComponents (4ms)
	FinalizeReload (427ms)
		SetupLoadedEditorAssemblies (0ms)
			InitializePlatformSupportModulesInManaged (4ms)
			BeforeProcessingInitializeOnLoad (66ms)
			ProcessInitializeOnLoadAttributes (243ms)
			ProcessInitializeOnLoadMethodAttributes (32ms)
Unloading 5 Unused Serialized files (Serialized files now loaded: 0)
Unloading 3674 unused Assets / (0.6 MB). Loaded Objects now: 4280.
Memory consumption went from 103.3 MB to 102.7 MB.
Total: 5.589625 ms (FindLiveObjects: 0.200375 ms CreateObjectMapping: 0.083375 ms MarkObjects: 4.735000 ms  DeleteObjects: 0.570458 ms)

Prepare: number of updated asset objects reloaded= 0
========================================================================
Received Prepare
'Assets/Photon/Quantum/Runtime/QuantumUnityRuntime.cs' contains partial class of Unity.Object, exactly 1 of the partial classes needs to be in a file with the same filename. This is to know the one that can be referenced from ie. GameObjects
'Assets/Photon/Quantum/Runtime/QuantumUnityRuntime.cs' contains partial class of Unity.Object, exactly 1 of the partial classes needs to be in a file with the same filename. This is to know the one that can be referenced from ie. GameObjects
'Assets/Photon/Quantum/Runtime/QuantumUnityRuntime.cs' contains partial class of Unity.Object, exactly 1 of the partial classes needs to be in a file with the same filename. This is to know the one that can be referenced from ie. GameObjects
'Assets/Photon/Quantum/Runtime/QuantumUnityRuntime.cs' contains partial class of Unity.Object, exactly 1 of the partial classes needs to be in a file with the same filename. This is to know the one that can be referenced from ie. GameObjects
'Assets/Photon/Quantum/Runtime/QuantumUnityRuntime.cs' contains partial class of Unity.Object, exactly 1 of the partial classes needs to be in a file with the same filename. This is to know the one that can be referenced from ie. GameObjects
'Assets/Photon/Quantum/Runtime/QuantumUnityRuntime.cs' contains partial class of Unity.Object, exactly 1 of the partial classes needs to be in a file with the same filename. This is to know the one that can be referenced from ie. GameObjects
'Assets/Photon/Quantum/Runtime/QuantumUnityRuntime.cs' contains partial class of Unity.Object, exactly 1 of the partial classes needs to be in a file with the same filename. This is to know the one that can be referenced from ie. GameObjects
'Assets/Photon/Quantum/Runtime/QuantumUnityRuntime.cs' contains partial class of Unity.Object, exactly 1 of the partial classes needs to be in a file with the same filename. This is to know the one that can be referenced from ie. GameObjects
'Assets/Photon/Quantum/Runtime/QuantumUnityRuntime.cs' contains partial class of Unity.Object, exactly 1 of the partial classes needs to be in a file with the same filename. This is to know the one that can be referenced from ie. GameObjects
'Assets/Photon/Quantum/Runtime/QuantumUnityRuntime.cs' contains partial class of Unity.Object, exactly 1 of the partial classes needs to be in a file with the same filename. This is to know the one that can be referenced from ie. GameObjects
'Assets/Photon/Quantum/Runtime/QuantumUnityRuntime.cs' contains partial class of Unity.Object, exactly 1 of the partial classes needs to be in a file with the same filename. This is to know the one that can be referenced from ie. GameObjects
Unloading 5 Unused Serialized files (Serialized files now loaded: 0)
Unloading 3666 unused Assets / (1.3 MB). Loaded Objects now: 4280.
Memory consumption went from 91.7 MB to 90.4 MB.
Total: 4.828666 ms (FindLiveObjects: 0.161667 ms CreateObjectMapping: 0.073084 ms MarkObjects: 4.079166 ms  DeleteObjects: 0.514292 ms)

Prepare: number of updated asset objects reloaded= 0
========================================================================
Received Prepare
'Assets/Photon/Quantum/Runtime/QuantumUnityRuntime.cs' contains partial class of Unity.Object, exactly 1 of the partial classes needs to be in a file with the same filename. This is to know the one that can be referenced from ie. GameObjects
'Assets/Photon/Quantum/Runtime/QuantumUnityRuntime.cs' contains partial class of Unity.Object, exactly 1 of the partial classes needs to be in a file with the same filename. This is to know the one that can be referenced from ie. GameObjects
'Assets/Photon/Quantum/Runtime/QuantumUnityRuntime.cs' contains partial class of Unity.Object, exactly 1 of the partial classes needs to be in a file with the same filename. This is to know the one that can be referenced from ie. GameObjects
'Assets/Photon/Quantum/Runtime/QuantumUnityRuntime.cs' contains partial class of Unity.Object, exactly 1 of the partial classes needs to be in a file with the same filename. This is to know the one that can be referenced from ie. GameObjects
'Assets/Photon/Quantum/Runtime/QuantumUnityRuntime.cs' contains partial class of Unity.Object, exactly 1 of the partial classes needs to be in a file with the same filename. This is to know the one that can be referenced from ie. GameObjects
'Assets/Photon/Quantum/Runtime/QuantumUnityRuntime.cs' contains partial class of Unity.Object, exactly 1 of the partial classes needs to be in a file with the same filename. This is to know the one that can be referenced from ie. GameObjects
'Assets/Photon/Quantum/Runtime/QuantumUnityRuntime.cs' contains partial class of Unity.Object, exactly 1 of the partial classes needs to be in a file with the same filename. This is to know the one that can be referenced from ie. GameObjects
'Assets/Photon/Quantum/Runtime/QuantumUnityRuntime.cs' contains partial class of Unity.Object, exactly 1 of the partial classes needs to be in a file with the same filename. This is to know the one that can be referenced from ie. GameObjects
'Assets/Photon/Quantum/Runtime/QuantumUnityRuntime.cs' contains partial class of Unity.Object, exactly 1 of the partial classes needs to be in a file with the same filename. This is to know the one that can be referenced from ie. GameObjects
'Assets/Photon/Quantum/Runtime/QuantumUnityRuntime.cs' contains partial class of Unity.Object, exactly 1 of the partial classes needs to be in a file with the same filename. This is to know the one that can be referenced from ie. GameObjects
'Assets/Photon/Quantum/Runtime/QuantumUnityRuntime.cs' contains partial class of Unity.Object, exactly 1 of the partial classes needs to be in a file with the same filename. This is to know the one that can be referenced from ie. GameObjects
Unloading 5 Unused Serialized files (Serialized files now loaded: 0)
Unloading 3666 unused Assets / (0.6 MB). Loaded Objects now: 4280.
Memory consumption went from 91.7 MB to 91.1 MB.
Total: 5.641125 ms (FindLiveObjects: 0.205584 ms CreateObjectMapping: 0.087625 ms MarkObjects: 4.780334 ms  DeleteObjects: 0.567250 ms)

Prepare: number of updated asset objects reloaded= 0
========================================================================
Received Prepare
Begin MonoManager ReloadAssembly
[Licensing::Client] Successfully resolved entitlement details
Thread 0x16b0c7000 may have been prematurely finalized
Assembly Assembly-CSharp-Editor-firstpass.dll at Library/ScriptAssemblies/Assembly-CSharp-Editor-firstpass.dll not valid. Loading of assembly skipped.
Assembly Assembly-CSharp-Editor.dll at Library/ScriptAssemblies/Assembly-CSharp-Editor.dll not valid. Loading of assembly skipped.
Assembly Assembly-CSharp-firstpass.dll at Library/ScriptAssemblies/Assembly-CSharp-firstpass.dll not valid. Loading of assembly skipped.
Assembly PhotonWebSocket.dll at Library/ScriptAssemblies/PhotonWebSocket.dll not valid. Loading of assembly skipped.
Assembly TestNewCustomAssembly.dll at Library/ScriptAssemblies/TestNewCustomAssembly.dll not valid. Loading of assembly skipped.
Assembly Unity.AI.Navigation.Editor.Tests.dll at Library/ScriptAssemblies/Unity.AI.Navigation.Editor.Tests.dll not valid. Loading of assembly skipped.
Assembly Unity.AI.Navigation.LegacyOffMeshLink.Tests.dll at Library/ScriptAssemblies/Unity.AI.Navigation.LegacyOffMeshLink.Tests.dll not valid. Loading of assembly skipped.
Assembly Unity.AI.Navigation.Tests.dll at Library/ScriptAssemblies/Unity.AI.Navigation.Tests.dll not valid. Loading of assembly skipped.
Assembly Unity.AI.Navigation.Tests.EditorInPlaymode.dll at Library/ScriptAssemblies/Unity.AI.Navigation.Tests.EditorInPlaymode.dll not valid. Loading of assembly skipped.
Assembly Unity.InputSystem.IntegrationTests.dll at Library/ScriptAssemblies/Unity.InputSystem.IntegrationTests.dll not valid. Loading of assembly skipped.
Assembly Unity.Performance.Profile-Analyzer.EditorTests.dll at Library/ScriptAssemblies/Unity.Performance.Profile-Analyzer.EditorTests.dll not valid. Loading of assembly skipped.
Assembly Unity.Settings.Tests.dll at Library/ScriptAssemblies/Unity.Settings.Tests.dll not valid. Loading of assembly skipped.
Assembly Unity.TestTools.CodeCoverage.Editor.Compatibility.dll at Library/ScriptAssemblies/Unity.TestTools.CodeCoverage.Editor.Compatibility.dll not valid. Loading of assembly skipped.
Assembly Unity.TextMeshPro.Editor.Tests.dll at Library/ScriptAssemblies/Unity.TextMeshPro.Editor.Tests.dll not valid. Loading of assembly skipped.
Assembly Unity.TextMeshPro.Tests.dll at Library/ScriptAssemblies/Unity.TextMeshPro.Tests.dll not valid. Loading of assembly skipped.
Assembly UnityEditor.UI.Common.Tests.dll at Library/ScriptAssemblies/UnityEditor.UI.Common.Tests.dll not valid. Loading of assembly skipped.
Assembly UnityEditor.UI.EditorTests.dll at Library/ScriptAssemblies/UnityEditor.UI.EditorTests.dll not valid. Loading of assembly skipped.
Assembly UnityEngine.UI.Tests.dll at Library/ScriptAssemblies/UnityEngine.UI.Tests.dll not valid. Loading of assembly skipped.
'Assets/Photon/Quantum/Runtime/QuantumUnityRuntime.cs' contains partial class of Unity.Object, exactly 1 of the partial classes needs to be in a file with the same filename. This is to know the one that can be referenced from ie. GameObjects
'Assets/Photon/Quantum/Runtime/QuantumUnityRuntime.cs' contains partial class of Unity.Object, exactly 1 of the partial classes needs to be in a file with the same filename. This is to know the one that can be referenced from ie. GameObjects
'Assets/Photon/Quantum/Runtime/QuantumUnityRuntime.cs' contains partial class of Unity.Object, exactly 1 of the partial classes needs to be in a file with the same filename. This is to know the one that can be referenced from ie. GameObjects
'Assets/Photon/Quantum/Runtime/QuantumUnityRuntime.cs' contains partial class of Unity.Object, exactly 1 of the partial classes needs to be in a file with the same filename. This is to know the one that can be referenced from ie. GameObjects
'Assets/Photon/Quantum/Runtime/QuantumUnityRuntime.cs' contains partial class of Unity.Object, exactly 1 of the partial classes needs to be in a file with the same filename. This is to know the one that can be referenced from ie. GameObjects
'Assets/Photon/Quantum/Runtime/QuantumUnityRuntime.cs' contains partial class of Unity.Object, exactly 1 of the partial classes needs to be in a file with the same filename. This is to know the one that can be referenced from ie. GameObjects
'Assets/Photon/Quantum/Runtime/QuantumUnityRuntime.cs' contains partial class of Unity.Object, exactly 1 of the partial classes needs to be in a file with the same filename. This is to know the one that can be referenced from ie. GameObjects
'Assets/Photon/Quantum/Runtime/QuantumUnityRuntime.cs' contains partial class of Unity.Object, exactly 1 of the partial classes needs to be in a file with the same filename. This is to know the one that can be referenced from ie. GameObjects
'Assets/Photon/Quantum/Runtime/QuantumUnityRuntime.cs' contains partial class of Unity.Object, exactly 1 of the partial classes needs to be in a file with the same filename. This is to know the one that can be referenced from ie. GameObjects
'Assets/Photon/Quantum/Runtime/QuantumUnityRuntime.cs' contains partial class of Unity.Object, exactly 1 of the partial classes needs to be in a file with the same filename. This is to know the one that can be referenced from ie. GameObjects
'Assets/Photon/Quantum/Runtime/QuantumUnityRuntime.cs' contains partial class of Unity.Object, exactly 1 of the partial classes needs to be in a file with the same filename. This is to know the one that can be referenced from ie. GameObjects
Native extension for Android target not found
Native extension for OSXStandalone target not found
[Package Manager] Failed to launch server process. Reason: Unity was launched with the -noUpm command-line argument
[Package Manager] Unable to send message (not connected to server process).
[Package Manager] Cannot connect to Unity Package Manager local server
ScheduleIndexationOnStartup MainProcess:False IndexOnStartup:True
Mono: successfully reloaded assembly
- Finished resetting the current domain, in  0.408 seconds
Domain Reload Profiling: 759ms
	BeginReloadAssembly (88ms)
		DisableScriptedObjects (3ms)
		CreateAndSetChildDomain (23ms)
	RebuildCommonClasses (23ms)
	RebuildNativeTypeToScriptingClass (9ms)
	initialDomainReloadingComplete (35ms)
	LoadAllAssembliesAndSetupDomain (196ms)
		LoadAssemblies (121ms)
		AnalyzeDomain (103ms)
			TypeCache.Refresh (13ms)
				TypeCache.ScanAssembly (7ms)
			BuildScriptInfoCaches (85ms)
			ResolveRequiredComponents (4ms)
	FinalizeReload (408ms)
		SetupLoadedEditorAssemblies (0ms)
			InitializePlatformSupportModulesInManaged (4ms)
			BeforeProcessingInitializeOnLoad (68ms)
			ProcessInitializeOnLoadAttributes (226ms)
			ProcessInitializeOnLoadMethodAttributes (30ms)
Unloading 5 Unused Serialized files (Serialized files now loaded: 0)
Unloading 3674 unused Assets / (1.1 MB). Loaded Objects now: 4280.
Memory consumption went from 103.3 MB to 102.2 MB.
Total: 4.999916 ms (FindLiveObjects: 0.209583 ms CreateObjectMapping: 0.072792 ms MarkObjects: 4.140791 ms  DeleteObjects: 0.576000 ms)

Prepare: number of updated asset objects reloaded= 0
========================================================================
Received Prepare
Begin MonoManager ReloadAssembly
[Licensing::Client] Successfully resolved entitlement details
Thread 0x16b0c7000 may have been prematurely finalized
Assembly Assembly-CSharp-Editor-firstpass.dll at Library/ScriptAssemblies/Assembly-CSharp-Editor-firstpass.dll not valid. Loading of assembly skipped.
Assembly Assembly-CSharp-Editor.dll at Library/ScriptAssemblies/Assembly-CSharp-Editor.dll not valid. Loading of assembly skipped.
Assembly Assembly-CSharp-firstpass.dll at Library/ScriptAssemblies/Assembly-CSharp-firstpass.dll not valid. Loading of assembly skipped.
Assembly PhotonWebSocket.dll at Library/ScriptAssemblies/PhotonWebSocket.dll not valid. Loading of assembly skipped.
Assembly TestNewCustomAssembly.dll at Library/ScriptAssemblies/TestNewCustomAssembly.dll not valid. Loading of assembly skipped.
Assembly Unity.AI.Navigation.Editor.Tests.dll at Library/ScriptAssemblies/Unity.AI.Navigation.Editor.Tests.dll not valid. Loading of assembly skipped.
Assembly Unity.AI.Navigation.LegacyOffMeshLink.Tests.dll at Library/ScriptAssemblies/Unity.AI.Navigation.LegacyOffMeshLink.Tests.dll not valid. Loading of assembly skipped.
Assembly Unity.AI.Navigation.Tests.dll at Library/ScriptAssemblies/Unity.AI.Navigation.Tests.dll not valid. Loading of assembly skipped.
Assembly Unity.AI.Navigation.Tests.EditorInPlaymode.dll at Library/ScriptAssemblies/Unity.AI.Navigation.Tests.EditorInPlaymode.dll not valid. Loading of assembly skipped.
Assembly Unity.InputSystem.IntegrationTests.dll at Library/ScriptAssemblies/Unity.InputSystem.IntegrationTests.dll not valid. Loading of assembly skipped.
Assembly Unity.Performance.Profile-Analyzer.EditorTests.dll at Library/ScriptAssemblies/Unity.Performance.Profile-Analyzer.EditorTests.dll not valid. Loading of assembly skipped.
Assembly Unity.Settings.Tests.dll at Library/ScriptAssemblies/Unity.Settings.Tests.dll not valid. Loading of assembly skipped.
Assembly Unity.TestTools.CodeCoverage.Editor.Compatibility.dll at Library/ScriptAssemblies/Unity.TestTools.CodeCoverage.Editor.Compatibility.dll not valid. Loading of assembly skipped.
Assembly Unity.TextMeshPro.Editor.Tests.dll at Library/ScriptAssemblies/Unity.TextMeshPro.Editor.Tests.dll not valid. Loading of assembly skipped.
Assembly Unity.TextMeshPro.Tests.dll at Library/ScriptAssemblies/Unity.TextMeshPro.Tests.dll not valid. Loading of assembly skipped.
Assembly UnityEditor.UI.Common.Tests.dll at Library/ScriptAssemblies/UnityEditor.UI.Common.Tests.dll not valid. Loading of assembly skipped.
Assembly UnityEditor.UI.EditorTests.dll at Library/ScriptAssemblies/UnityEditor.UI.EditorTests.dll not valid. Loading of assembly skipped.
Assembly UnityEngine.UI.Tests.dll at Library/ScriptAssemblies/UnityEngine.UI.Tests.dll not valid. Loading of assembly skipped.
'Assets/Photon/Quantum/Runtime/QuantumUnityRuntime.cs' contains partial class of Unity.Object, exactly 1 of the partial classes needs to be in a file with the same filename. This is to know the one that can be referenced from ie. GameObjects
'Assets/Photon/Quantum/Runtime/QuantumUnityRuntime.cs' contains partial class of Unity.Object, exactly 1 of the partial classes needs to be in a file with the same filename. This is to know the one that can be referenced from ie. GameObjects
'Assets/Photon/Quantum/Runtime/QuantumUnityRuntime.cs' contains partial class of Unity.Object, exactly 1 of the partial classes needs to be in a file with the same filename. This is to know the one that can be referenced from ie. GameObjects
'Assets/Photon/Quantum/Runtime/QuantumUnityRuntime.cs' contains partial class of Unity.Object, exactly 1 of the partial classes needs to be in a file with the same filename. This is to know the one that can be referenced from ie. GameObjects
'Assets/Photon/Quantum/Runtime/QuantumUnityRuntime.cs' contains partial class of Unity.Object, exactly 1 of the partial classes needs to be in a file with the same filename. This is to know the one that can be referenced from ie. GameObjects
'Assets/Photon/Quantum/Runtime/QuantumUnityRuntime.cs' contains partial class of Unity.Object, exactly 1 of the partial classes needs to be in a file with the same filename. This is to know the one that can be referenced from ie. GameObjects
'Assets/Photon/Quantum/Runtime/QuantumUnityRuntime.cs' contains partial class of Unity.Object, exactly 1 of the partial classes needs to be in a file with the same filename. This is to know the one that can be referenced from ie. GameObjects
'Assets/Photon/Quantum/Runtime/QuantumUnityRuntime.cs' contains partial class of Unity.Object, exactly 1 of the partial classes needs to be in a file with the same filename. This is to know the one that can be referenced from ie. GameObjects
'Assets/Photon/Quantum/Runtime/QuantumUnityRuntime.cs' contains partial class of Unity.Object, exactly 1 of the partial classes needs to be in a file with the same filename. This is to know the one that can be referenced from ie. GameObjects
'Assets/Photon/Quantum/Runtime/QuantumUnityRuntime.cs' contains partial class of Unity.Object, exactly 1 of the partial classes needs to be in a file with the same filename. This is to know the one that can be referenced from ie. GameObjects
'Assets/Photon/Quantum/Runtime/QuantumUnityRuntime.cs' contains partial class of Unity.Object, exactly 1 of the partial classes needs to be in a file with the same filename. This is to know the one that can be referenced from ie. GameObjects
Native extension for Android target not found
Native extension for OSXStandalone target not found
[Package Manager] Failed to launch server process. Reason: Unity was launched with the -noUpm command-line argument
[Package Manager] Unable to send message (not connected to server process).
[Package Manager] Cannot connect to Unity Package Manager local server
ScheduleIndexationOnStartup MainProcess:False IndexOnStartup:True
Mono: successfully reloaded assembly
- Finished resetting the current domain, in  0.454 seconds
Domain Reload Profiling: 810ms
	BeginReloadAssembly (90ms)
		DisableScriptedObjects (3ms)
		CreateAndSetChildDomain (26ms)
	RebuildCommonClasses (24ms)
	RebuildNativeTypeToScriptingClass (10ms)
	initialDomainReloadingComplete (37ms)
	LoadAllAssembliesAndSetupDomain (194ms)
		LoadAssemblies (121ms)
		AnalyzeDomain (101ms)
			TypeCache.Refresh (6ms)
			BuildScriptInfoCaches (89ms)
			ResolveRequiredComponents (4ms)
	FinalizeReload (454ms)
		SetupLoadedEditorAssemblies (0ms)
			InitializePlatformSupportModulesInManaged (4ms)
			BeforeProcessingInitializeOnLoad (67ms)
			ProcessInitializeOnLoadAttributes (260ms)
			ProcessInitializeOnLoadMethodAttributes (33ms)
Unloading 5 Unused Serialized files (Serialized files now loaded: 0)
Unloading 3674 unused Assets / (1.1 MB). Loaded Objects now: 4280.
Memory consumption went from 103.3 MB to 102.2 MB.
Total: 5.392292 ms (FindLiveObjects: 0.222375 ms CreateObjectMapping: 0.080334 ms MarkObjects: 4.498125 ms  DeleteObjects: 0.591334 ms)

Prepare: number of updated asset objects reloaded= 0
========================================================================
Received Prepare
Begin MonoManager ReloadAssembly
Thread 0x16b0c7000 may have been prematurely finalized
Assembly Assembly-CSharp-Editor-firstpass.dll at Library/ScriptAssemblies/Assembly-CSharp-Editor-firstpass.dll not valid. Loading of assembly skipped.
Assembly Assembly-CSharp-Editor.dll at Library/ScriptAssemblies/Assembly-CSharp-Editor.dll not valid. Loading of assembly skipped.
Assembly Assembly-CSharp-firstpass.dll at Library/ScriptAssemblies/Assembly-CSharp-firstpass.dll not valid. Loading of assembly skipped.
Assembly PhotonWebSocket.dll at Library/ScriptAssemblies/PhotonWebSocket.dll not valid. Loading of assembly skipped.
Assembly TestNewCustomAssembly.dll at Library/ScriptAssemblies/TestNewCustomAssembly.dll not valid. Loading of assembly skipped.
Assembly Unity.AI.Navigation.Editor.Tests.dll at Library/ScriptAssemblies/Unity.AI.Navigation.Editor.Tests.dll not valid. Loading of assembly skipped.
Assembly Unity.AI.Navigation.LegacyOffMeshLink.Tests.dll at Library/ScriptAssemblies/Unity.AI.Navigation.LegacyOffMeshLink.Tests.dll not valid. Loading of assembly skipped.
Assembly Unity.AI.Navigation.Tests.dll at Library/ScriptAssemblies/Unity.AI.Navigation.Tests.dll not valid. Loading of assembly skipped.
Assembly Unity.AI.Navigation.Tests.EditorInPlaymode.dll at Library/ScriptAssemblies/Unity.AI.Navigation.Tests.EditorInPlaymode.dll not valid. Loading of assembly skipped.
Assembly Unity.InputSystem.IntegrationTests.dll at Library/ScriptAssemblies/Unity.InputSystem.IntegrationTests.dll not valid. Loading of assembly skipped.
Assembly Unity.Performance.Profile-Analyzer.EditorTests.dll at Library/ScriptAssemblies/Unity.Performance.Profile-Analyzer.EditorTests.dll not valid. Loading of assembly skipped.
Assembly Unity.Settings.Tests.dll at Library/ScriptAssemblies/Unity.Settings.Tests.dll not valid. Loading of assembly skipped.
Assembly Unity.TestTools.CodeCoverage.Editor.Compatibility.dll at Library/ScriptAssemblies/Unity.TestTools.CodeCoverage.Editor.Compatibility.dll not valid. Loading of assembly skipped.
Assembly Unity.TextMeshPro.Editor.Tests.dll at Library/ScriptAssemblies/Unity.TextMeshPro.Editor.Tests.dll not valid. Loading of assembly skipped.
Assembly Unity.TextMeshPro.Tests.dll at Library/ScriptAssemblies/Unity.TextMeshPro.Tests.dll not valid. Loading of assembly skipped.
Assembly UnityEditor.UI.Common.Tests.dll at Library/ScriptAssemblies/UnityEditor.UI.Common.Tests.dll not valid. Loading of assembly skipped.
Assembly UnityEditor.UI.EditorTests.dll at Library/ScriptAssemblies/UnityEditor.UI.EditorTests.dll not valid. Loading of assembly skipped.
Assembly UnityEngine.UI.Tests.dll at Library/ScriptAssemblies/UnityEngine.UI.Tests.dll not valid. Loading of assembly skipped.
'Assets/Photon/Quantum/Runtime/QuantumUnityRuntime.cs' contains partial class of Unity.Object, exactly 1 of the partial classes needs to be in a file with the same filename. This is to know the one that can be referenced from ie. GameObjects
'Assets/Photon/Quantum/Runtime/QuantumUnityRuntime.cs' contains partial class of Unity.Object, exactly 1 of the partial classes needs to be in a file with the same filename. This is to know the one that can be referenced from ie. GameObjects
'Assets/Photon/Quantum/Runtime/QuantumUnityRuntime.cs' contains partial class of Unity.Object, exactly 1 of the partial classes needs to be in a file with the same filename. This is to know the one that can be referenced from ie. GameObjects
'Assets/Photon/Quantum/Runtime/QuantumUnityRuntime.cs' contains partial class of Unity.Object, exactly 1 of the partial classes needs to be in a file with the same filename. This is to know the one that can be referenced from ie. GameObjects
'Assets/Photon/Quantum/Runtime/QuantumUnityRuntime.cs' contains partial class of Unity.Object, exactly 1 of the partial classes needs to be in a file with the same filename. This is to know the one that can be referenced from ie. GameObjects
'Assets/Photon/Quantum/Runtime/QuantumUnityRuntime.cs' contains partial class of Unity.Object, exactly 1 of the partial classes needs to be in a file with the same filename. This is to know the one that can be referenced from ie. GameObjects
'Assets/Photon/Quantum/Runtime/QuantumUnityRuntime.cs' contains partial class of Unity.Object, exactly 1 of the partial classes needs to be in a file with the same filename. This is to know the one that can be referenced from ie. GameObjects
'Assets/Photon/Quantum/Runtime/QuantumUnityRuntime.cs' contains partial class of Unity.Object, exactly 1 of the partial classes needs to be in a file with the same filename. This is to know the one that can be referenced from ie. GameObjects
'Assets/Photon/Quantum/Runtime/QuantumUnityRuntime.cs' contains partial class of Unity.Object, exactly 1 of the partial classes needs to be in a file with the same filename. This is to know the one that can be referenced from ie. GameObjects
'Assets/Photon/Quantum/Runtime/QuantumUnityRuntime.cs' contains partial class of Unity.Object, exactly 1 of the partial classes needs to be in a file with the same filename. This is to know the one that can be referenced from ie. GameObjects
'Assets/Photon/Quantum/Runtime/QuantumUnityRuntime.cs' contains partial class of Unity.Object, exactly 1 of the partial classes needs to be in a file with the same filename. This is to know the one that can be referenced from ie. GameObjects
Native extension for Android target not found
Native extension for OSXStandalone target not found
[Package Manager] Failed to launch server process. Reason: Unity was launched with the -noUpm command-line argument
[Package Manager] Unable to send message (not connected to server process).
[Package Manager] Cannot connect to Unity Package Manager local server
ScheduleIndexationOnStartup MainProcess:False IndexOnStartup:True
Mono: successfully reloaded assembly
- Finished resetting the current domain, in  0.417 seconds
Domain Reload Profiling: 752ms
	BeginReloadAssembly (81ms)
		DisableScriptedObjects (3ms)
		CreateAndSetChildDomain (21ms)
	RebuildCommonClasses (23ms)
	RebuildNativeTypeToScriptingClass (10ms)
	initialDomainReloadingComplete (33ms)
	LoadAllAssembliesAndSetupDomain (188ms)
		LoadAssemblies (114ms)
		AnalyzeDomain (99ms)
			TypeCache.Refresh (5ms)
			BuildScriptInfoCaches (89ms)
			ResolveRequiredComponents (4ms)
	FinalizeReload (417ms)
		SetupLoadedEditorAssemblies (0ms)
			InitializePlatformSupportModulesInManaged (4ms)
			BeforeProcessingInitializeOnLoad (66ms)
			ProcessInitializeOnLoadAttributes (230ms)
			ProcessInitializeOnLoadMethodAttributes (33ms)
Unloading 5 Unused Serialized files (Serialized files now loaded: 0)
Unloading 3674 unused Assets / (0.6 MB). Loaded Objects now: 4280.
Memory consumption went from 103.3 MB to 102.8 MB.
Total: 5.306959 ms (FindLiveObjects: 0.181667 ms CreateObjectMapping: 0.072291 ms MarkObjects: 4.468125 ms  DeleteObjects: 0.584292 ms)

Prepare: number of updated asset objects reloaded= 0
========================================================================
Received Prepare
Begin MonoManager ReloadAssembly
[Licensing::Client] Successfully resolved entitlement details
Thread 0x16b0c7000 may have been prematurely finalized
Assembly Assembly-CSharp-Editor-firstpass.dll at Library/ScriptAssemblies/Assembly-CSharp-Editor-firstpass.dll not valid. Loading of assembly skipped.
Assembly Assembly-CSharp-Editor.dll at Library/ScriptAssemblies/Assembly-CSharp-Editor.dll not valid. Loading of assembly skipped.
Assembly Assembly-CSharp-firstpass.dll at Library/ScriptAssemblies/Assembly-CSharp-firstpass.dll not valid. Loading of assembly skipped.
Assembly PhotonWebSocket.dll at Library/ScriptAssemblies/PhotonWebSocket.dll not valid. Loading of assembly skipped.
Assembly TestNewCustomAssembly.dll at Library/ScriptAssemblies/TestNewCustomAssembly.dll not valid. Loading of assembly skipped.
Assembly Unity.AI.Navigation.Editor.Tests.dll at Library/ScriptAssemblies/Unity.AI.Navigation.Editor.Tests.dll not valid. Loading of assembly skipped.
Assembly Unity.AI.Navigation.LegacyOffMeshLink.Tests.dll at Library/ScriptAssemblies/Unity.AI.Navigation.LegacyOffMeshLink.Tests.dll not valid. Loading of assembly skipped.
Assembly Unity.AI.Navigation.Tests.dll at Library/ScriptAssemblies/Unity.AI.Navigation.Tests.dll not valid. Loading of assembly skipped.
Assembly Unity.AI.Navigation.Tests.EditorInPlaymode.dll at Library/ScriptAssemblies/Unity.AI.Navigation.Tests.EditorInPlaymode.dll not valid. Loading of assembly skipped.
Assembly Unity.InputSystem.IntegrationTests.dll at Library/ScriptAssemblies/Unity.InputSystem.IntegrationTests.dll not valid. Loading of assembly skipped.
Assembly Unity.Performance.Profile-Analyzer.EditorTests.dll at Library/ScriptAssemblies/Unity.Performance.Profile-Analyzer.EditorTests.dll not valid. Loading of assembly skipped.
Assembly Unity.Settings.Tests.dll at Library/ScriptAssemblies/Unity.Settings.Tests.dll not valid. Loading of assembly skipped.
Assembly Unity.TestTools.CodeCoverage.Editor.Compatibility.dll at Library/ScriptAssemblies/Unity.TestTools.CodeCoverage.Editor.Compatibility.dll not valid. Loading of assembly skipped.
Assembly Unity.TextMeshPro.Editor.Tests.dll at Library/ScriptAssemblies/Unity.TextMeshPro.Editor.Tests.dll not valid. Loading of assembly skipped.
Assembly Unity.TextMeshPro.Tests.dll at Library/ScriptAssemblies/Unity.TextMeshPro.Tests.dll not valid. Loading of assembly skipped.
Assembly UnityEditor.UI.Common.Tests.dll at Library/ScriptAssemblies/UnityEditor.UI.Common.Tests.dll not valid. Loading of assembly skipped.
Assembly UnityEditor.UI.EditorTests.dll at Library/ScriptAssemblies/UnityEditor.UI.EditorTests.dll not valid. Loading of assembly skipped.
Assembly UnityEngine.UI.Tests.dll at Library/ScriptAssemblies/UnityEngine.UI.Tests.dll not valid. Loading of assembly skipped.
'Assets/Photon/Quantum/Runtime/QuantumUnityRuntime.cs' contains partial class of Unity.Object, exactly 1 of the partial classes needs to be in a file with the same filename. This is to know the one that can be referenced from ie. GameObjects
'Assets/Photon/Quantum/Runtime/QuantumUnityRuntime.cs' contains partial class of Unity.Object, exactly 1 of the partial classes needs to be in a file with the same filename. This is to know the one that can be referenced from ie. GameObjects
'Assets/Photon/Quantum/Runtime/QuantumUnityRuntime.cs' contains partial class of Unity.Object, exactly 1 of the partial classes needs to be in a file with the same filename. This is to know the one that can be referenced from ie. GameObjects
'Assets/Photon/Quantum/Runtime/QuantumUnityRuntime.cs' contains partial class of Unity.Object, exactly 1 of the partial classes needs to be in a file with the same filename. This is to know the one that can be referenced from ie. GameObjects
'Assets/Photon/Quantum/Runtime/QuantumUnityRuntime.cs' contains partial class of Unity.Object, exactly 1 of the partial classes needs to be in a file with the same filename. This is to know the one that can be referenced from ie. GameObjects
'Assets/Photon/Quantum/Runtime/QuantumUnityRuntime.cs' contains partial class of Unity.Object, exactly 1 of the partial classes needs to be in a file with the same filename. This is to know the one that can be referenced from ie. GameObjects
'Assets/Photon/Quantum/Runtime/QuantumUnityRuntime.cs' contains partial class of Unity.Object, exactly 1 of the partial classes needs to be in a file with the same filename. This is to know the one that can be referenced from ie. GameObjects
'Assets/Photon/Quantum/Runtime/QuantumUnityRuntime.cs' contains partial class of Unity.Object, exactly 1 of the partial classes needs to be in a file with the same filename. This is to know the one that can be referenced from ie. GameObjects
'Assets/Photon/Quantum/Runtime/QuantumUnityRuntime.cs' contains partial class of Unity.Object, exactly 1 of the partial classes needs to be in a file with the same filename. This is to know the one that can be referenced from ie. GameObjects
'Assets/Photon/Quantum/Runtime/QuantumUnityRuntime.cs' contains partial class of Unity.Object, exactly 1 of the partial classes needs to be in a file with the same filename. This is to know the one that can be referenced from ie. GameObjects
'Assets/Photon/Quantum/Runtime/QuantumUnityRuntime.cs' contains partial class of Unity.Object, exactly 1 of the partial classes needs to be in a file with the same filename. This is to know the one that can be referenced from ie. GameObjects
Native extension for Android target not found
Native extension for OSXStandalone target not found
[Package Manager] Failed to launch server process. Reason: Unity was launched with the -noUpm command-line argument
[Package Manager] Unable to send message (not connected to server process).
[Package Manager] Cannot connect to Unity Package Manager local server
ScheduleIndexationOnStartup MainProcess:False IndexOnStartup:True
Mono: successfully reloaded assembly
- Finished resetting the current domain, in  0.408 seconds
Domain Reload Profiling: 751ms
	BeginReloadAssembly (85ms)
		DisableScriptedObjects (3ms)
		CreateAndSetChildDomain (23ms)
	RebuildCommonClasses (23ms)
	RebuildNativeTypeToScriptingClass (10ms)
	initialDomainReloadingComplete (33ms)
	LoadAllAssembliesAndSetupDomain (193ms)
		LoadAssemblies (116ms)
		AnalyzeDomain (101ms)
			TypeCache.Refresh (5ms)
			BuildScriptInfoCaches (91ms)
			ResolveRequiredComponents (4ms)
	FinalizeReload (408ms)
		SetupLoadedEditorAssemblies (0ms)
			InitializePlatformSupportModulesInManaged (4ms)
			BeforeProcessingInitializeOnLoad (66ms)
			ProcessInitializeOnLoadAttributes (227ms)
			ProcessInitializeOnLoadMethodAttributes (29ms)
Unloading 5 Unused Serialized files (Serialized files now loaded: 0)
Unloading 3674 unused Assets / (1.1 MB). Loaded Objects now: 4280.
Memory consumption went from 103.3 MB to 102.2 MB.
Total: 4.964667 ms (FindLiveObjects: 0.190709 ms CreateObjectMapping: 0.068250 ms MarkObjects: 4.134209 ms  DeleteObjects: 0.570875 ms)

Prepare: number of updated asset objects reloaded= 0
========================================================================
Received Prepare
'Assets/Photon/Quantum/Runtime/QuantumUnityRuntime.cs' contains partial class of Unity.Object, exactly 1 of the partial classes needs to be in a file with the same filename. This is to know the one that can be referenced from ie. GameObjects
'Assets/Photon/Quantum/Runtime/QuantumUnityRuntime.cs' contains partial class of Unity.Object, exactly 1 of the partial classes needs to be in a file with the same filename. This is to know the one that can be referenced from ie. GameObjects
'Assets/Photon/Quantum/Runtime/QuantumUnityRuntime.cs' contains partial class of Unity.Object, exactly 1 of the partial classes needs to be in a file with the same filename. This is to know the one that can be referenced from ie. GameObjects
'Assets/Photon/Quantum/Runtime/QuantumUnityRuntime.cs' contains partial class of Unity.Object, exactly 1 of the partial classes needs to be in a file with the same filename. This is to know the one that can be referenced from ie. GameObjects
'Assets/Photon/Quantum/Runtime/QuantumUnityRuntime.cs' contains partial class of Unity.Object, exactly 1 of the partial classes needs to be in a file with the same filename. This is to know the one that can be referenced from ie. GameObjects
'Assets/Photon/Quantum/Runtime/QuantumUnityRuntime.cs' contains partial class of Unity.Object, exactly 1 of the partial classes needs to be in a file with the same filename. This is to know the one that can be referenced from ie. GameObjects
'Assets/Photon/Quantum/Runtime/QuantumUnityRuntime.cs' contains partial class of Unity.Object, exactly 1 of the partial classes needs to be in a file with the same filename. This is to know the one that can be referenced from ie. GameObjects
'Assets/Photon/Quantum/Runtime/QuantumUnityRuntime.cs' contains partial class of Unity.Object, exactly 1 of the partial classes needs to be in a file with the same filename. This is to know the one that can be referenced from ie. GameObjects
'Assets/Photon/Quantum/Runtime/QuantumUnityRuntime.cs' contains partial class of Unity.Object, exactly 1 of the partial classes needs to be in a file with the same filename. This is to know the one that can be referenced from ie. GameObjects
'Assets/Photon/Quantum/Runtime/QuantumUnityRuntime.cs' contains partial class of Unity.Object, exactly 1 of the partial classes needs to be in a file with the same filename. This is to know the one that can be referenced from ie. GameObjects
'Assets/Photon/Quantum/Runtime/QuantumUnityRuntime.cs' contains partial class of Unity.Object, exactly 1 of the partial classes needs to be in a file with the same filename. This is to know the one that can be referenced from ie. GameObjects
Unloading 5 Unused Serialized files (Serialized files now loaded: 0)
Unloading 3667 unused Assets / (1.3 MB). Loaded Objects now: 4281.
Memory consumption went from 91.7 MB to 90.4 MB.
Total: 5.542750 ms (FindLiveObjects: 0.179416 ms CreateObjectMapping: 0.079459 ms MarkObjects: 4.714750 ms  DeleteObjects: 0.568708 ms)

Prepare: number of updated asset objects reloaded= 0
========================================================================
Received Prepare
'Assets/Photon/Quantum/Runtime/QuantumUnityRuntime.cs' contains partial class of Unity.Object, exactly 1 of the partial classes needs to be in a file with the same filename. This is to know the one that can be referenced from ie. GameObjects
'Assets/Photon/Quantum/Runtime/QuantumUnityRuntime.cs' contains partial class of Unity.Object, exactly 1 of the partial classes needs to be in a file with the same filename. This is to know the one that can be referenced from ie. GameObjects
'Assets/Photon/Quantum/Runtime/QuantumUnityRuntime.cs' contains partial class of Unity.Object, exactly 1 of the partial classes needs to be in a file with the same filename. This is to know the one that can be referenced from ie. GameObjects
'Assets/Photon/Quantum/Runtime/QuantumUnityRuntime.cs' contains partial class of Unity.Object, exactly 1 of the partial classes needs to be in a file with the same filename. This is to know the one that can be referenced from ie. GameObjects
'Assets/Photon/Quantum/Runtime/QuantumUnityRuntime.cs' contains partial class of Unity.Object, exactly 1 of the partial classes needs to be in a file with the same filename. This is to know the one that can be referenced from ie. GameObjects
'Assets/Photon/Quantum/Runtime/QuantumUnityRuntime.cs' contains partial class of Unity.Object, exactly 1 of the partial classes needs to be in a file with the same filename. This is to know the one that can be referenced from ie. GameObjects
'Assets/Photon/Quantum/Runtime/QuantumUnityRuntime.cs' contains partial class of Unity.Object, exactly 1 of the partial classes needs to be in a file with the same filename. This is to know the one that can be referenced from ie. GameObjects
'Assets/Photon/Quantum/Runtime/QuantumUnityRuntime.cs' contains partial class of Unity.Object, exactly 1 of the partial classes needs to be in a file with the same filename. This is to know the one that can be referenced from ie. GameObjects
'Assets/Photon/Quantum/Runtime/QuantumUnityRuntime.cs' contains partial class of Unity.Object, exactly 1 of the partial classes needs to be in a file with the same filename. This is to know the one that can be referenced from ie. GameObjects
'Assets/Photon/Quantum/Runtime/QuantumUnityRuntime.cs' contains partial class of Unity.Object, exactly 1 of the partial classes needs to be in a file with the same filename. This is to know the one that can be referenced from ie. GameObjects
'Assets/Photon/Quantum/Runtime/QuantumUnityRuntime.cs' contains partial class of Unity.Object, exactly 1 of the partial classes needs to be in a file with the same filename. This is to know the one that can be referenced from ie. GameObjects
Unloading 5 Unused Serialized files (Serialized files now loaded: 0)
Unloading 3668 unused Assets / (0.5 MB). Loaded Objects now: 4282.
Memory consumption went from 91.7 MB to 91.1 MB.
Total: 5.491042 ms (FindLiveObjects: 0.208750 ms CreateObjectMapping: 0.073791 ms MarkObjects: 4.620084 ms  DeleteObjects: 0.588125 ms)

Prepare: number of updated asset objects reloaded= 0
========================================================================
Received Prepare
Begin MonoManager ReloadAssembly
[Licensing::Client] Successfully resolved entitlement details
Thread 0x16b0c7000 may have been prematurely finalized
Assembly Assembly-CSharp-Editor-firstpass.dll at Library/ScriptAssemblies/Assembly-CSharp-Editor-firstpass.dll not valid. Loading of assembly skipped.
Assembly Assembly-CSharp-Editor.dll at Library/ScriptAssemblies/Assembly-CSharp-Editor.dll not valid. Loading of assembly skipped.
Assembly Assembly-CSharp-firstpass.dll at Library/ScriptAssemblies/Assembly-CSharp-firstpass.dll not valid. Loading of assembly skipped.
Assembly PhotonWebSocket.dll at Library/ScriptAssemblies/PhotonWebSocket.dll not valid. Loading of assembly skipped.
Assembly TestNewCustomAssembly.dll at Library/ScriptAssemblies/TestNewCustomAssembly.dll not valid. Loading of assembly skipped.
Assembly Unity.AI.Navigation.Editor.Tests.dll at Library/ScriptAssemblies/Unity.AI.Navigation.Editor.Tests.dll not valid. Loading of assembly skipped.
Assembly Unity.AI.Navigation.LegacyOffMeshLink.Tests.dll at Library/ScriptAssemblies/Unity.AI.Navigation.LegacyOffMeshLink.Tests.dll not valid. Loading of assembly skipped.
Assembly Unity.AI.Navigation.Tests.dll at Library/ScriptAssemblies/Unity.AI.Navigation.Tests.dll not valid. Loading of assembly skipped.
Assembly Unity.AI.Navigation.Tests.EditorInPlaymode.dll at Library/ScriptAssemblies/Unity.AI.Navigation.Tests.EditorInPlaymode.dll not valid. Loading of assembly skipped.
Assembly Unity.InputSystem.IntegrationTests.dll at Library/ScriptAssemblies/Unity.InputSystem.IntegrationTests.dll not valid. Loading of assembly skipped.
Assembly Unity.Performance.Profile-Analyzer.EditorTests.dll at Library/ScriptAssemblies/Unity.Performance.Profile-Analyzer.EditorTests.dll not valid. Loading of assembly skipped.
Assembly Unity.Settings.Tests.dll at Library/ScriptAssemblies/Unity.Settings.Tests.dll not valid. Loading of assembly skipped.
Assembly Unity.TestTools.CodeCoverage.Editor.Compatibility.dll at Library/ScriptAssemblies/Unity.TestTools.CodeCoverage.Editor.Compatibility.dll not valid. Loading of assembly skipped.
Assembly Unity.TextMeshPro.Editor.Tests.dll at Library/ScriptAssemblies/Unity.TextMeshPro.Editor.Tests.dll not valid. Loading of assembly skipped.
Assembly Unity.TextMeshPro.Tests.dll at Library/ScriptAssemblies/Unity.TextMeshPro.Tests.dll not valid. Loading of assembly skipped.
Assembly UnityEditor.UI.Common.Tests.dll at Library/ScriptAssemblies/UnityEditor.UI.Common.Tests.dll not valid. Loading of assembly skipped.
Assembly UnityEditor.UI.EditorTests.dll at Library/ScriptAssemblies/UnityEditor.UI.EditorTests.dll not valid. Loading of assembly skipped.
Assembly UnityEngine.UI.Tests.dll at Library/ScriptAssemblies/UnityEngine.UI.Tests.dll not valid. Loading of assembly skipped.
'Assets/Photon/Quantum/Runtime/QuantumUnityRuntime.cs' contains partial class of Unity.Object, exactly 1 of the partial classes needs to be in a file with the same filename. This is to know the one that can be referenced from ie. GameObjects
'Assets/Photon/Quantum/Runtime/QuantumUnityRuntime.cs' contains partial class of Unity.Object, exactly 1 of the partial classes needs to be in a file with the same filename. This is to know the one that can be referenced from ie. GameObjects
'Assets/Photon/Quantum/Runtime/QuantumUnityRuntime.cs' contains partial class of Unity.Object, exactly 1 of the partial classes needs to be in a file with the same filename. This is to know the one that can be referenced from ie. GameObjects
'Assets/Photon/Quantum/Runtime/QuantumUnityRuntime.cs' contains partial class of Unity.Object, exactly 1 of the partial classes needs to be in a file with the same filename. This is to know the one that can be referenced from ie. GameObjects
'Assets/Photon/Quantum/Runtime/QuantumUnityRuntime.cs' contains partial class of Unity.Object, exactly 1 of the partial classes needs to be in a file with the same filename. This is to know the one that can be referenced from ie. GameObjects
'Assets/Photon/Quantum/Runtime/QuantumUnityRuntime.cs' contains partial class of Unity.Object, exactly 1 of the partial classes needs to be in a file with the same filename. This is to know the one that can be referenced from ie. GameObjects
'Assets/Photon/Quantum/Runtime/QuantumUnityRuntime.cs' contains partial class of Unity.Object, exactly 1 of the partial classes needs to be in a file with the same filename. This is to know the one that can be referenced from ie. GameObjects
'Assets/Photon/Quantum/Runtime/QuantumUnityRuntime.cs' contains partial class of Unity.Object, exactly 1 of the partial classes needs to be in a file with the same filename. This is to know the one that can be referenced from ie. GameObjects
'Assets/Photon/Quantum/Runtime/QuantumUnityRuntime.cs' contains partial class of Unity.Object, exactly 1 of the partial classes needs to be in a file with the same filename. This is to know the one that can be referenced from ie. GameObjects
'Assets/Photon/Quantum/Runtime/QuantumUnityRuntime.cs' contains partial class of Unity.Object, exactly 1 of the partial classes needs to be in a file with the same filename. This is to know the one that can be referenced from ie. GameObjects
'Assets/Photon/Quantum/Runtime/QuantumUnityRuntime.cs' contains partial class of Unity.Object, exactly 1 of the partial classes needs to be in a file with the same filename. This is to know the one that can be referenced from ie. GameObjects
Native extension for Android target not found
Native extension for OSXStandalone target not found
[Package Manager] Failed to launch server process. Reason: Unity was launched with the -noUpm command-line argument
[Package Manager] Unable to send message (not connected to server process).
[Package Manager] Cannot connect to Unity Package Manager local server
ScheduleIndexationOnStartup MainProcess:False IndexOnStartup:True
Mono: successfully reloaded assembly
- Finished resetting the current domain, in  0.430 seconds
Domain Reload Profiling: 786ms
	BeginReloadAssembly (87ms)
		DisableScriptedObjects (3ms)
		CreateAndSetChildDomain (23ms)
	RebuildCommonClasses (23ms)
	RebuildNativeTypeToScriptingClass (10ms)
	initialDomainReloadingComplete (35ms)
	LoadAllAssembliesAndSetupDomain (201ms)
		LoadAssemblies (125ms)
		AnalyzeDomain (104ms)
			TypeCache.Refresh (14ms)
				TypeCache.ScanAssembly (7ms)
			BuildScriptInfoCaches (85ms)
			ResolveRequiredComponents (4ms)
	FinalizeReload (430ms)
		SetupLoadedEditorAssemblies (0ms)
			InitializePlatformSupportModulesInManaged (4ms)
			BeforeProcessingInitializeOnLoad (67ms)
			ProcessInitializeOnLoadAttributes (242ms)
			ProcessInitializeOnLoadMethodAttributes (34ms)
Unloading 5 Unused Serialized files (Serialized files now loaded: 0)
Unloading 3676 unused Assets / (1.0 MB). Loaded Objects now: 4282.
Memory consumption went from 103.3 MB to 102.3 MB.
Total: 5.299875 ms (FindLiveObjects: 0.215916 ms CreateObjectMapping: 0.080125 ms MarkObjects: 4.433125 ms  DeleteObjects: 0.570500 ms)

Prepare: number of updated asset objects reloaded= 0
========================================================================
Received Prepare
Begin MonoManager ReloadAssembly
Thread 0x16b0c7000 may have been prematurely finalized
Assembly Assembly-CSharp-Editor-firstpass.dll at Library/ScriptAssemblies/Assembly-CSharp-Editor-firstpass.dll not valid. Loading of assembly skipped.
Assembly Assembly-CSharp-Editor.dll at Library/ScriptAssemblies/Assembly-CSharp-Editor.dll not valid. Loading of assembly skipped.
Assembly Assembly-CSharp-firstpass.dll at Library/ScriptAssemblies/Assembly-CSharp-firstpass.dll not valid. Loading of assembly skipped.
Assembly PhotonWebSocket.dll at Library/ScriptAssemblies/PhotonWebSocket.dll not valid. Loading of assembly skipped.
Assembly TestNewCustomAssembly.dll at Library/ScriptAssemblies/TestNewCustomAssembly.dll not valid. Loading of assembly skipped.
Assembly Unity.AI.Navigation.Editor.Tests.dll at Library/ScriptAssemblies/Unity.AI.Navigation.Editor.Tests.dll not valid. Loading of assembly skipped.
Assembly Unity.AI.Navigation.LegacyOffMeshLink.Tests.dll at Library/ScriptAssemblies/Unity.AI.Navigation.LegacyOffMeshLink.Tests.dll not valid. Loading of assembly skipped.
Assembly Unity.AI.Navigation.Tests.dll at Library/ScriptAssemblies/Unity.AI.Navigation.Tests.dll not valid. Loading of assembly skipped.
Assembly Unity.AI.Navigation.Tests.EditorInPlaymode.dll at Library/ScriptAssemblies/Unity.AI.Navigation.Tests.EditorInPlaymode.dll not valid. Loading of assembly skipped.
Assembly Unity.InputSystem.IntegrationTests.dll at Library/ScriptAssemblies/Unity.InputSystem.IntegrationTests.dll not valid. Loading of assembly skipped.
Assembly Unity.Performance.Profile-Analyzer.EditorTests.dll at Library/ScriptAssemblies/Unity.Performance.Profile-Analyzer.EditorTests.dll not valid. Loading of assembly skipped.
Assembly Unity.Settings.Tests.dll at Library/ScriptAssemblies/Unity.Settings.Tests.dll not valid. Loading of assembly skipped.
Assembly Unity.TestTools.CodeCoverage.Editor.Compatibility.dll at Library/ScriptAssemblies/Unity.TestTools.CodeCoverage.Editor.Compatibility.dll not valid. Loading of assembly skipped.
Assembly Unity.TextMeshPro.Editor.Tests.dll at Library/ScriptAssemblies/Unity.TextMeshPro.Editor.Tests.dll not valid. Loading of assembly skipped.
Assembly Unity.TextMeshPro.Tests.dll at Library/ScriptAssemblies/Unity.TextMeshPro.Tests.dll not valid. Loading of assembly skipped.
Assembly UnityEditor.UI.Common.Tests.dll at Library/ScriptAssemblies/UnityEditor.UI.Common.Tests.dll not valid. Loading of assembly skipped.
Assembly UnityEditor.UI.EditorTests.dll at Library/ScriptAssemblies/UnityEditor.UI.EditorTests.dll not valid. Loading of assembly skipped.
Assembly UnityEngine.UI.Tests.dll at Library/ScriptAssemblies/UnityEngine.UI.Tests.dll not valid. Loading of assembly skipped.
'Assets/Photon/Quantum/Runtime/QuantumUnityRuntime.cs' contains partial class of Unity.Object, exactly 1 of the partial classes needs to be in a file with the same filename. This is to know the one that can be referenced from ie. GameObjects
'Assets/Photon/Quantum/Runtime/QuantumUnityRuntime.cs' contains partial class of Unity.Object, exactly 1 of the partial classes needs to be in a file with the same filename. This is to know the one that can be referenced from ie. GameObjects
'Assets/Photon/Quantum/Runtime/QuantumUnityRuntime.cs' contains partial class of Unity.Object, exactly 1 of the partial classes needs to be in a file with the same filename. This is to know the one that can be referenced from ie. GameObjects
'Assets/Photon/Quantum/Runtime/QuantumUnityRuntime.cs' contains partial class of Unity.Object, exactly 1 of the partial classes needs to be in a file with the same filename. This is to know the one that can be referenced from ie. GameObjects
'Assets/Photon/Quantum/Runtime/QuantumUnityRuntime.cs' contains partial class of Unity.Object, exactly 1 of the partial classes needs to be in a file with the same filename. This is to know the one that can be referenced from ie. GameObjects
'Assets/Photon/Quantum/Runtime/QuantumUnityRuntime.cs' contains partial class of Unity.Object, exactly 1 of the partial classes needs to be in a file with the same filename. This is to know the one that can be referenced from ie. GameObjects
'Assets/Photon/Quantum/Runtime/QuantumUnityRuntime.cs' contains partial class of Unity.Object, exactly 1 of the partial classes needs to be in a file with the same filename. This is to know the one that can be referenced from ie. GameObjects
'Assets/Photon/Quantum/Runtime/QuantumUnityRuntime.cs' contains partial class of Unity.Object, exactly 1 of the partial classes needs to be in a file with the same filename. This is to know the one that can be referenced from ie. GameObjects
'Assets/Photon/Quantum/Runtime/QuantumUnityRuntime.cs' contains partial class of Unity.Object, exactly 1 of the partial classes needs to be in a file with the same filename. This is to know the one that can be referenced from ie. GameObjects
'Assets/Photon/Quantum/Runtime/QuantumUnityRuntime.cs' contains partial class of Unity.Object, exactly 1 of the partial classes needs to be in a file with the same filename. This is to know the one that can be referenced from ie. GameObjects
'Assets/Photon/Quantum/Runtime/QuantumUnityRuntime.cs' contains partial class of Unity.Object, exactly 1 of the partial classes needs to be in a file with the same filename. This is to know the one that can be referenced from ie. GameObjects
Native extension for Android target not found
Native extension for OSXStandalone target not found
[Package Manager] Failed to launch server process. Reason: Unity was launched with the -noUpm command-line argument
[Package Manager] Unable to send message (not connected to server process).
[Package Manager] Cannot connect to Unity Package Manager local server
ScheduleIndexationOnStartup MainProcess:False IndexOnStartup:True
Mono: successfully reloaded assembly
- Finished resetting the current domain, in  0.455 seconds
Domain Reload Profiling: 800ms
	BeginReloadAssembly (82ms)
		DisableScriptedObjects (3ms)
		CreateAndSetChildDomain (22ms)
	RebuildCommonClasses (23ms)
	RebuildNativeTypeToScriptingClass (10ms)
	initialDomainReloadingComplete (34ms)
	LoadAllAssembliesAndSetupDomain (197ms)
		LoadAssemblies (115ms)
		AnalyzeDomain (105ms)
			TypeCache.Refresh (5ms)
			BuildScriptInfoCaches (95ms)
			ResolveRequiredComponents (4ms)
	FinalizeReload (455ms)
		SetupLoadedEditorAssemblies (0ms)
			InitializePlatformSupportModulesInManaged (5ms)
			BeforeProcessingInitializeOnLoad (73ms)
			ProcessInitializeOnLoadAttributes (252ms)
			ProcessInitializeOnLoadMethodAttributes (35ms)
Unloading 5 Unused Serialized files (Serialized files now loaded: 0)
Unloading 3676 unused Assets / (1.1 MB). Loaded Objects now: 4282.
Memory consumption went from 103.3 MB to 102.2 MB.
Total: 5.349042 ms (FindLiveObjects: 0.199375 ms CreateObjectMapping: 0.075084 ms MarkObjects: 4.528666 ms  DeleteObjects: 0.545416 ms)

Prepare: number of updated asset objects reloaded= 0
========================================================================
Received Prepare
Begin MonoManager ReloadAssembly
[Licensing::Client] Successfully resolved entitlement details
Thread 0x16b0c7000 may have been prematurely finalized
Assembly Assembly-CSharp-Editor-firstpass.dll at Library/ScriptAssemblies/Assembly-CSharp-Editor-firstpass.dll not valid. Loading of assembly skipped.
Assembly Assembly-CSharp-Editor.dll at Library/ScriptAssemblies/Assembly-CSharp-Editor.dll not valid. Loading of assembly skipped.
Assembly Assembly-CSharp-firstpass.dll at Library/ScriptAssemblies/Assembly-CSharp-firstpass.dll not valid. Loading of assembly skipped.
Assembly PhotonWebSocket.dll at Library/ScriptAssemblies/PhotonWebSocket.dll not valid. Loading of assembly skipped.
Assembly TestNewCustomAssembly.dll at Library/ScriptAssemblies/TestNewCustomAssembly.dll not valid. Loading of assembly skipped.
Assembly Unity.AI.Navigation.Editor.Tests.dll at Library/ScriptAssemblies/Unity.AI.Navigation.Editor.Tests.dll not valid. Loading of assembly skipped.
Assembly Unity.AI.Navigation.LegacyOffMeshLink.Tests.dll at Library/ScriptAssemblies/Unity.AI.Navigation.LegacyOffMeshLink.Tests.dll not valid. Loading of assembly skipped.
Assembly Unity.AI.Navigation.Tests.dll at Library/ScriptAssemblies/Unity.AI.Navigation.Tests.dll not valid. Loading of assembly skipped.
Assembly Unity.AI.Navigation.Tests.EditorInPlaymode.dll at Library/ScriptAssemblies/Unity.AI.Navigation.Tests.EditorInPlaymode.dll not valid. Loading of assembly skipped.
Assembly Unity.InputSystem.IntegrationTests.dll at Library/ScriptAssemblies/Unity.InputSystem.IntegrationTests.dll not valid. Loading of assembly skipped.
Assembly Unity.Performance.Profile-Analyzer.EditorTests.dll at Library/ScriptAssemblies/Unity.Performance.Profile-Analyzer.EditorTests.dll not valid. Loading of assembly skipped.
Assembly Unity.Settings.Tests.dll at Library/ScriptAssemblies/Unity.Settings.Tests.dll not valid. Loading of assembly skipped.
Assembly Unity.TestTools.CodeCoverage.Editor.Compatibility.dll at Library/ScriptAssemblies/Unity.TestTools.CodeCoverage.Editor.Compatibility.dll not valid. Loading of assembly skipped.
Assembly Unity.TextMeshPro.Editor.Tests.dll at Library/ScriptAssemblies/Unity.TextMeshPro.Editor.Tests.dll not valid. Loading of assembly skipped.
Assembly Unity.TextMeshPro.Tests.dll at Library/ScriptAssemblies/Unity.TextMeshPro.Tests.dll not valid. Loading of assembly skipped.
Assembly UnityEditor.UI.Common.Tests.dll at Library/ScriptAssemblies/UnityEditor.UI.Common.Tests.dll not valid. Loading of assembly skipped.
Assembly UnityEditor.UI.EditorTests.dll at Library/ScriptAssemblies/UnityEditor.UI.EditorTests.dll not valid. Loading of assembly skipped.
Assembly UnityEngine.UI.Tests.dll at Library/ScriptAssemblies/UnityEngine.UI.Tests.dll not valid. Loading of assembly skipped.
'Assets/Photon/Quantum/Runtime/QuantumUnityRuntime.cs' contains partial class of Unity.Object, exactly 1 of the partial classes needs to be in a file with the same filename. This is to know the one that can be referenced from ie. GameObjects
'Assets/Photon/Quantum/Runtime/QuantumUnityRuntime.cs' contains partial class of Unity.Object, exactly 1 of the partial classes needs to be in a file with the same filename. This is to know the one that can be referenced from ie. GameObjects
'Assets/Photon/Quantum/Runtime/QuantumUnityRuntime.cs' contains partial class of Unity.Object, exactly 1 of the partial classes needs to be in a file with the same filename. This is to know the one that can be referenced from ie. GameObjects
'Assets/Photon/Quantum/Runtime/QuantumUnityRuntime.cs' contains partial class of Unity.Object, exactly 1 of the partial classes needs to be in a file with the same filename. This is to know the one that can be referenced from ie. GameObjects
'Assets/Photon/Quantum/Runtime/QuantumUnityRuntime.cs' contains partial class of Unity.Object, exactly 1 of the partial classes needs to be in a file with the same filename. This is to know the one that can be referenced from ie. GameObjects
'Assets/Photon/Quantum/Runtime/QuantumUnityRuntime.cs' contains partial class of Unity.Object, exactly 1 of the partial classes needs to be in a file with the same filename. This is to know the one that can be referenced from ie. GameObjects
'Assets/Photon/Quantum/Runtime/QuantumUnityRuntime.cs' contains partial class of Unity.Object, exactly 1 of the partial classes needs to be in a file with the same filename. This is to know the one that can be referenced from ie. GameObjects
'Assets/Photon/Quantum/Runtime/QuantumUnityRuntime.cs' contains partial class of Unity.Object, exactly 1 of the partial classes needs to be in a file with the same filename. This is to know the one that can be referenced from ie. GameObjects
'Assets/Photon/Quantum/Runtime/QuantumUnityRuntime.cs' contains partial class of Unity.Object, exactly 1 of the partial classes needs to be in a file with the same filename. This is to know the one that can be referenced from ie. GameObjects
'Assets/Photon/Quantum/Runtime/QuantumUnityRuntime.cs' contains partial class of Unity.Object, exactly 1 of the partial classes needs to be in a file with the same filename. This is to know the one that can be referenced from ie. GameObjects
'Assets/Photon/Quantum/Runtime/QuantumUnityRuntime.cs' contains partial class of Unity.Object, exactly 1 of the partial classes needs to be in a file with the same filename. This is to know the one that can be referenced from ie. GameObjects
Native extension for Android target not found
Native extension for OSXStandalone target not found
[Package Manager] Failed to launch server process. Reason: Unity was launched with the -noUpm command-line argument
[Package Manager] Unable to send message (not connected to server process).
[Package Manager] Cannot connect to Unity Package Manager local server
ScheduleIndexationOnStartup MainProcess:False IndexOnStartup:True
Mono: successfully reloaded assembly
- Finished resetting the current domain, in  0.464 seconds
Domain Reload Profiling: 831ms
	BeginReloadAssembly (85ms)
		DisableScriptedObjects (3ms)
		CreateAndSetChildDomain (24ms)
	RebuildCommonClasses (24ms)
	RebuildNativeTypeToScriptingClass (10ms)
	initialDomainReloadingComplete (36ms)
	LoadAllAssembliesAndSetupDomain (212ms)
		LoadAssemblies (127ms)
		AnalyzeDomain (110ms)
			TypeCache.Refresh (5ms)
			BuildScriptInfoCaches (99ms)
			ResolveRequiredComponents (5ms)
	FinalizeReload (464ms)
		SetupLoadedEditorAssemblies (0ms)
			InitializePlatformSupportModulesInManaged (4ms)
			BeforeProcessingInitializeOnLoad (73ms)
			ProcessInitializeOnLoadAttributes (259ms)
			ProcessInitializeOnLoadMethodAttributes (35ms)
Unloading 5 Unused Serialized files (Serialized files now loaded: 0)
Unloading 3676 unused Assets / (0.8 MB). Loaded Objects now: 4282.
Memory consumption went from 103.3 MB to 102.6 MB.
Total: 5.399458 ms (FindLiveObjects: 0.202625 ms CreateObjectMapping: 0.088250 ms MarkObjects: 4.457500 ms  DeleteObjects: 0.650500 ms)

Prepare: number of updated asset objects reloaded= 0
========================================================================
Received Prepare
Begin MonoManager ReloadAssembly
[Licensing::Client] Successfully resolved entitlement details
Thread 0x16b0c7000 may have been prematurely finalized
Assembly Assembly-CSharp-Editor-firstpass.dll at Library/ScriptAssemblies/Assembly-CSharp-Editor-firstpass.dll not valid. Loading of assembly skipped.
Assembly Assembly-CSharp-Editor.dll at Library/ScriptAssemblies/Assembly-CSharp-Editor.dll not valid. Loading of assembly skipped.
Assembly Assembly-CSharp-firstpass.dll at Library/ScriptAssemblies/Assembly-CSharp-firstpass.dll not valid. Loading of assembly skipped.
Assembly PhotonWebSocket.dll at Library/ScriptAssemblies/PhotonWebSocket.dll not valid. Loading of assembly skipped.
Assembly TestNewCustomAssembly.dll at Library/ScriptAssemblies/TestNewCustomAssembly.dll not valid. Loading of assembly skipped.
Assembly Unity.AI.Navigation.Editor.Tests.dll at Library/ScriptAssemblies/Unity.AI.Navigation.Editor.Tests.dll not valid. Loading of assembly skipped.
Assembly Unity.AI.Navigation.LegacyOffMeshLink.Tests.dll at Library/ScriptAssemblies/Unity.AI.Navigation.LegacyOffMeshLink.Tests.dll not valid. Loading of assembly skipped.
Assembly Unity.AI.Navigation.Tests.dll at Library/ScriptAssemblies/Unity.AI.Navigation.Tests.dll not valid. Loading of assembly skipped.
Assembly Unity.AI.Navigation.Tests.EditorInPlaymode.dll at Library/ScriptAssemblies/Unity.AI.Navigation.Tests.EditorInPlaymode.dll not valid. Loading of assembly skipped.
Assembly Unity.InputSystem.IntegrationTests.dll at Library/ScriptAssemblies/Unity.InputSystem.IntegrationTests.dll not valid. Loading of assembly skipped.
Assembly Unity.Performance.Profile-Analyzer.EditorTests.dll at Library/ScriptAssemblies/Unity.Performance.Profile-Analyzer.EditorTests.dll not valid. Loading of assembly skipped.
Assembly Unity.Settings.Tests.dll at Library/ScriptAssemblies/Unity.Settings.Tests.dll not valid. Loading of assembly skipped.
Assembly Unity.TestTools.CodeCoverage.Editor.Compatibility.dll at Library/ScriptAssemblies/Unity.TestTools.CodeCoverage.Editor.Compatibility.dll not valid. Loading of assembly skipped.
Assembly Unity.TextMeshPro.Editor.Tests.dll at Library/ScriptAssemblies/Unity.TextMeshPro.Editor.Tests.dll not valid. Loading of assembly skipped.
Assembly Unity.TextMeshPro.Tests.dll at Library/ScriptAssemblies/Unity.TextMeshPro.Tests.dll not valid. Loading of assembly skipped.
Assembly UnityEditor.UI.Common.Tests.dll at Library/ScriptAssemblies/UnityEditor.UI.Common.Tests.dll not valid. Loading of assembly skipped.
Assembly UnityEditor.UI.EditorTests.dll at Library/ScriptAssemblies/UnityEditor.UI.EditorTests.dll not valid. Loading of assembly skipped.
Assembly UnityEngine.UI.Tests.dll at Library/ScriptAssemblies/UnityEngine.UI.Tests.dll not valid. Loading of assembly skipped.
'Assets/Photon/Quantum/Runtime/QuantumUnityRuntime.cs' contains partial class of Unity.Object, exactly 1 of the partial classes needs to be in a file with the same filename. This is to know the one that can be referenced from ie. GameObjects
'Assets/Photon/Quantum/Runtime/QuantumUnityRuntime.cs' contains partial class of Unity.Object, exactly 1 of the partial classes needs to be in a file with the same filename. This is to know the one that can be referenced from ie. GameObjects
'Assets/Photon/Quantum/Runtime/QuantumUnityRuntime.cs' contains partial class of Unity.Object, exactly 1 of the partial classes needs to be in a file with the same filename. This is to know the one that can be referenced from ie. GameObjects
'Assets/Photon/Quantum/Runtime/QuantumUnityRuntime.cs' contains partial class of Unity.Object, exactly 1 of the partial classes needs to be in a file with the same filename. This is to know the one that can be referenced from ie. GameObjects
'Assets/Photon/Quantum/Runtime/QuantumUnityRuntime.cs' contains partial class of Unity.Object, exactly 1 of the partial classes needs to be in a file with the same filename. This is to know the one that can be referenced from ie. GameObjects
'Assets/Photon/Quantum/Runtime/QuantumUnityRuntime.cs' contains partial class of Unity.Object, exactly 1 of the partial classes needs to be in a file with the same filename. This is to know the one that can be referenced from ie. GameObjects
'Assets/Photon/Quantum/Runtime/QuantumUnityRuntime.cs' contains partial class of Unity.Object, exactly 1 of the partial classes needs to be in a file with the same filename. This is to know the one that can be referenced from ie. GameObjects
'Assets/Photon/Quantum/Runtime/QuantumUnityRuntime.cs' contains partial class of Unity.Object, exactly 1 of the partial classes needs to be in a file with the same filename. This is to know the one that can be referenced from ie. GameObjects
'Assets/Photon/Quantum/Runtime/QuantumUnityRuntime.cs' contains partial class of Unity.Object, exactly 1 of the partial classes needs to be in a file with the same filename. This is to know the one that can be referenced from ie. GameObjects
'Assets/Photon/Quantum/Runtime/QuantumUnityRuntime.cs' contains partial class of Unity.Object, exactly 1 of the partial classes needs to be in a file with the same filename. This is to know the one that can be referenced from ie. GameObjects
'Assets/Photon/Quantum/Runtime/QuantumUnityRuntime.cs' contains partial class of Unity.Object, exactly 1 of the partial classes needs to be in a file with the same filename. This is to know the one that can be referenced from ie. GameObjects
Native extension for Android target not found
Native extension for OSXStandalone target not found
[Package Manager] Failed to launch server process. Reason: Unity was launched with the -noUpm command-line argument
[Package Manager] Unable to send message (not connected to server process).
[Package Manager] Cannot connect to Unity Package Manager local server
ScheduleIndexationOnStartup MainProcess:False IndexOnStartup:True
Mono: successfully reloaded assembly
- Finished resetting the current domain, in  0.440 seconds
Domain Reload Profiling: 809ms
	BeginReloadAssembly (90ms)
		DisableScriptedObjects (3ms)
		CreateAndSetChildDomain (25ms)
	RebuildCommonClasses (24ms)
	RebuildNativeTypeToScriptingClass (11ms)
	initialDomainReloadingComplete (38ms)
	LoadAllAssembliesAndSetupDomain (206ms)
		LoadAssemblies (128ms)
		AnalyzeDomain (106ms)
			TypeCache.Refresh (14ms)
				TypeCache.ScanAssembly (7ms)
			BuildScriptInfoCaches (87ms)
			ResolveRequiredComponents (4ms)
	FinalizeReload (440ms)
		SetupLoadedEditorAssemblies (0ms)
			InitializePlatformSupportModulesInManaged (4ms)
			BeforeProcessingInitializeOnLoad (70ms)
			ProcessInitializeOnLoadAttributes (247ms)
			ProcessInitializeOnLoadMethodAttributes (31ms)
Unloading 5 Unused Serialized files (Serialized files now loaded: 0)
Unloading 3677 unused Assets / (0.9 MB). Loaded Objects now: 4283.
Memory consumption went from 103.4 MB to 102.5 MB.
Total: 4.983583 ms (FindLiveObjects: 0.192542 ms CreateObjectMapping: 0.074833 ms MarkObjects: 4.090417 ms  DeleteObjects: 0.625667 ms)

Prepare: number of updated asset objects reloaded= 0
========================================================================
Received Prepare
Begin MonoManager ReloadAssembly
Thread 0x16b0c7000 may have been prematurely finalized
Assembly Assembly-CSharp-Editor-firstpass.dll at Library/ScriptAssemblies/Assembly-CSharp-Editor-firstpass.dll not valid. Loading of assembly skipped.
Assembly Assembly-CSharp-Editor.dll at Library/ScriptAssemblies/Assembly-CSharp-Editor.dll not valid. Loading of assembly skipped.
Assembly Assembly-CSharp-firstpass.dll at Library/ScriptAssemblies/Assembly-CSharp-firstpass.dll not valid. Loading of assembly skipped.
Assembly PhotonWebSocket.dll at Library/ScriptAssemblies/PhotonWebSocket.dll not valid. Loading of assembly skipped.
Assembly TestNewCustomAssembly.dll at Library/ScriptAssemblies/TestNewCustomAssembly.dll not valid. Loading of assembly skipped.
Assembly Unity.AI.Navigation.Editor.Tests.dll at Library/ScriptAssemblies/Unity.AI.Navigation.Editor.Tests.dll not valid. Loading of assembly skipped.
Assembly Unity.AI.Navigation.LegacyOffMeshLink.Tests.dll at Library/ScriptAssemblies/Unity.AI.Navigation.LegacyOffMeshLink.Tests.dll not valid. Loading of assembly skipped.
Assembly Unity.AI.Navigation.Tests.dll at Library/ScriptAssemblies/Unity.AI.Navigation.Tests.dll not valid. Loading of assembly skipped.
Assembly Unity.AI.Navigation.Tests.EditorInPlaymode.dll at Library/ScriptAssemblies/Unity.AI.Navigation.Tests.EditorInPlaymode.dll not valid. Loading of assembly skipped.
Assembly Unity.InputSystem.IntegrationTests.dll at Library/ScriptAssemblies/Unity.InputSystem.IntegrationTests.dll not valid. Loading of assembly skipped.
Assembly Unity.Performance.Profile-Analyzer.EditorTests.dll at Library/ScriptAssemblies/Unity.Performance.Profile-Analyzer.EditorTests.dll not valid. Loading of assembly skipped.
Assembly Unity.Settings.Tests.dll at Library/ScriptAssemblies/Unity.Settings.Tests.dll not valid. Loading of assembly skipped.
Assembly Unity.TestTools.CodeCoverage.Editor.Compatibility.dll at Library/ScriptAssemblies/Unity.TestTools.CodeCoverage.Editor.Compatibility.dll not valid. Loading of assembly skipped.
Assembly Unity.TextMeshPro.Editor.Tests.dll at Library/ScriptAssemblies/Unity.TextMeshPro.Editor.Tests.dll not valid. Loading of assembly skipped.
Assembly Unity.TextMeshPro.Tests.dll at Library/ScriptAssemblies/Unity.TextMeshPro.Tests.dll not valid. Loading of assembly skipped.
Assembly UnityEditor.UI.Common.Tests.dll at Library/ScriptAssemblies/UnityEditor.UI.Common.Tests.dll not valid. Loading of assembly skipped.
Assembly UnityEditor.UI.EditorTests.dll at Library/ScriptAssemblies/UnityEditor.UI.EditorTests.dll not valid. Loading of assembly skipped.
Assembly UnityEngine.UI.Tests.dll at Library/ScriptAssemblies/UnityEngine.UI.Tests.dll not valid. Loading of assembly skipped.
'Assets/Photon/Quantum/Runtime/QuantumUnityRuntime.cs' contains partial class of Unity.Object, exactly 1 of the partial classes needs to be in a file with the same filename. This is to know the one that can be referenced from ie. GameObjects
'Assets/Photon/Quantum/Runtime/QuantumUnityRuntime.cs' contains partial class of Unity.Object, exactly 1 of the partial classes needs to be in a file with the same filename. This is to know the one that can be referenced from ie. GameObjects
'Assets/Photon/Quantum/Runtime/QuantumUnityRuntime.cs' contains partial class of Unity.Object, exactly 1 of the partial classes needs to be in a file with the same filename. This is to know the one that can be referenced from ie. GameObjects
'Assets/Photon/Quantum/Runtime/QuantumUnityRuntime.cs' contains partial class of Unity.Object, exactly 1 of the partial classes needs to be in a file with the same filename. This is to know the one that can be referenced from ie. GameObjects
'Assets/Photon/Quantum/Runtime/QuantumUnityRuntime.cs' contains partial class of Unity.Object, exactly 1 of the partial classes needs to be in a file with the same filename. This is to know the one that can be referenced from ie. GameObjects
'Assets/Photon/Quantum/Runtime/QuantumUnityRuntime.cs' contains partial class of Unity.Object, exactly 1 of the partial classes needs to be in a file with the same filename. This is to know the one that can be referenced from ie. GameObjects
'Assets/Photon/Quantum/Runtime/QuantumUnityRuntime.cs' contains partial class of Unity.Object, exactly 1 of the partial classes needs to be in a file with the same filename. This is to know the one that can be referenced from ie. GameObjects
'Assets/Photon/Quantum/Runtime/QuantumUnityRuntime.cs' contains partial class of Unity.Object, exactly 1 of the partial classes needs to be in a file with the same filename. This is to know the one that can be referenced from ie. GameObjects
'Assets/Photon/Quantum/Runtime/QuantumUnityRuntime.cs' contains partial class of Unity.Object, exactly 1 of the partial classes needs to be in a file with the same filename. This is to know the one that can be referenced from ie. GameObjects
'Assets/Photon/Quantum/Runtime/QuantumUnityRuntime.cs' contains partial class of Unity.Object, exactly 1 of the partial classes needs to be in a file with the same filename. This is to know the one that can be referenced from ie. GameObjects
'Assets/Photon/Quantum/Runtime/QuantumUnityRuntime.cs' contains partial class of Unity.Object, exactly 1 of the partial classes needs to be in a file with the same filename. This is to know the one that can be referenced from ie. GameObjects
Native extension for Android target not found
Native extension for OSXStandalone target not found
[Package Manager] Failed to launch server process. Reason: Unity was launched with the -noUpm command-line argument
[Package Manager] Unable to send message (not connected to server process).
[Package Manager] Cannot connect to Unity Package Manager local server
ScheduleIndexationOnStartup MainProcess:False IndexOnStartup:True
Mono: successfully reloaded assembly
- Finished resetting the current domain, in  0.440 seconds
Domain Reload Profiling: 791ms
	BeginReloadAssembly (84ms)
		DisableScriptedObjects (3ms)
		CreateAndSetChildDomain (24ms)
	RebuildCommonClasses (24ms)
	RebuildNativeTypeToScriptingClass (10ms)
	initialDomainReloadingComplete (34ms)
	LoadAllAssembliesAndSetupDomain (199ms)
		LoadAssemblies (121ms)
		AnalyzeDomain (102ms)
			TypeCache.Refresh (5ms)
			BuildScriptInfoCaches (92ms)
			ResolveRequiredComponents (4ms)
	FinalizeReload (441ms)
		SetupLoadedEditorAssemblies (0ms)
			InitializePlatformSupportModulesInManaged (4ms)
			BeforeProcessingInitializeOnLoad (71ms)
			ProcessInitializeOnLoadAttributes (245ms)
			ProcessInitializeOnLoadMethodAttributes (32ms)
Unloading 5 Unused Serialized files (Serialized files now loaded: 0)
Unloading 3677 unused Assets / (1.2 MB). Loaded Objects now: 4283.
Memory consumption went from 103.4 MB to 102.2 MB.
Total: 4.698291 ms (FindLiveObjects: 0.185834 ms CreateObjectMapping: 0.068250 ms MarkObjects: 3.955292 ms  DeleteObjects: 0.488500 ms)

Prepare: number of updated asset objects reloaded= 0
========================================================================
Received Prepare
Begin MonoManager ReloadAssembly
[Licensing::Client] Successfully resolved entitlement details
Thread 0x16b0c7000 may have been prematurely finalized
Assembly Assembly-CSharp-Editor-firstpass.dll at Library/ScriptAssemblies/Assembly-CSharp-Editor-firstpass.dll not valid. Loading of assembly skipped.
Assembly Assembly-CSharp-Editor.dll at Library/ScriptAssemblies/Assembly-CSharp-Editor.dll not valid. Loading of assembly skipped.
Assembly Assembly-CSharp-firstpass.dll at Library/ScriptAssemblies/Assembly-CSharp-firstpass.dll not valid. Loading of assembly skipped.
Assembly PhotonWebSocket.dll at Library/ScriptAssemblies/PhotonWebSocket.dll not valid. Loading of assembly skipped.
Assembly TestNewCustomAssembly.dll at Library/ScriptAssemblies/TestNewCustomAssembly.dll not valid. Loading of assembly skipped.
Assembly Unity.AI.Navigation.Editor.Tests.dll at Library/ScriptAssemblies/Unity.AI.Navigation.Editor.Tests.dll not valid. Loading of assembly skipped.
Assembly Unity.AI.Navigation.LegacyOffMeshLink.Tests.dll at Library/ScriptAssemblies/Unity.AI.Navigation.LegacyOffMeshLink.Tests.dll not valid. Loading of assembly skipped.
Assembly Unity.AI.Navigation.Tests.dll at Library/ScriptAssemblies/Unity.AI.Navigation.Tests.dll not valid. Loading of assembly skipped.
Assembly Unity.AI.Navigation.Tests.EditorInPlaymode.dll at Library/ScriptAssemblies/Unity.AI.Navigation.Tests.EditorInPlaymode.dll not valid. Loading of assembly skipped.
Assembly Unity.InputSystem.IntegrationTests.dll at Library/ScriptAssemblies/Unity.InputSystem.IntegrationTests.dll not valid. Loading of assembly skipped.
Assembly Unity.Performance.Profile-Analyzer.EditorTests.dll at Library/ScriptAssemblies/Unity.Performance.Profile-Analyzer.EditorTests.dll not valid. Loading of assembly skipped.
Assembly Unity.Settings.Tests.dll at Library/ScriptAssemblies/Unity.Settings.Tests.dll not valid. Loading of assembly skipped.
Assembly Unity.TestTools.CodeCoverage.Editor.Compatibility.dll at Library/ScriptAssemblies/Unity.TestTools.CodeCoverage.Editor.Compatibility.dll not valid. Loading of assembly skipped.
Assembly Unity.TextMeshPro.Editor.Tests.dll at Library/ScriptAssemblies/Unity.TextMeshPro.Editor.Tests.dll not valid. Loading of assembly skipped.
Assembly Unity.TextMeshPro.Tests.dll at Library/ScriptAssemblies/Unity.TextMeshPro.Tests.dll not valid. Loading of assembly skipped.
Assembly UnityEditor.UI.Common.Tests.dll at Library/ScriptAssemblies/UnityEditor.UI.Common.Tests.dll not valid. Loading of assembly skipped.
Assembly UnityEditor.UI.EditorTests.dll at Library/ScriptAssemblies/UnityEditor.UI.EditorTests.dll not valid. Loading of assembly skipped.
Assembly UnityEngine.UI.Tests.dll at Library/ScriptAssemblies/UnityEngine.UI.Tests.dll not valid. Loading of assembly skipped.
'Assets/Photon/Quantum/Runtime/QuantumUnityRuntime.cs' contains partial class of Unity.Object, exactly 1 of the partial classes needs to be in a file with the same filename. This is to know the one that can be referenced from ie. GameObjects
'Assets/Photon/Quantum/Runtime/QuantumUnityRuntime.cs' contains partial class of Unity.Object, exactly 1 of the partial classes needs to be in a file with the same filename. This is to know the one that can be referenced from ie. GameObjects
'Assets/Photon/Quantum/Runtime/QuantumUnityRuntime.cs' contains partial class of Unity.Object, exactly 1 of the partial classes needs to be in a file with the same filename. This is to know the one that can be referenced from ie. GameObjects
'Assets/Photon/Quantum/Runtime/QuantumUnityRuntime.cs' contains partial class of Unity.Object, exactly 1 of the partial classes needs to be in a file with the same filename. This is to know the one that can be referenced from ie. GameObjects
'Assets/Photon/Quantum/Runtime/QuantumUnityRuntime.cs' contains partial class of Unity.Object, exactly 1 of the partial classes needs to be in a file with the same filename. This is to know the one that can be referenced from ie. GameObjects
'Assets/Photon/Quantum/Runtime/QuantumUnityRuntime.cs' contains partial class of Unity.Object, exactly 1 of the partial classes needs to be in a file with the same filename. This is to know the one that can be referenced from ie. GameObjects
'Assets/Photon/Quantum/Runtime/QuantumUnityRuntime.cs' contains partial class of Unity.Object, exactly 1 of the partial classes needs to be in a file with the same filename. This is to know the one that can be referenced from ie. GameObjects
'Assets/Photon/Quantum/Runtime/QuantumUnityRuntime.cs' contains partial class of Unity.Object, exactly 1 of the partial classes needs to be in a file with the same filename. This is to know the one that can be referenced from ie. GameObjects
'Assets/Photon/Quantum/Runtime/QuantumUnityRuntime.cs' contains partial class of Unity.Object, exactly 1 of the partial classes needs to be in a file with the same filename. This is to know the one that can be referenced from ie. GameObjects
'Assets/Photon/Quantum/Runtime/QuantumUnityRuntime.cs' contains partial class of Unity.Object, exactly 1 of the partial classes needs to be in a file with the same filename. This is to know the one that can be referenced from ie. GameObjects
'Assets/Photon/Quantum/Runtime/QuantumUnityRuntime.cs' contains partial class of Unity.Object, exactly 1 of the partial classes needs to be in a file with the same filename. This is to know the one that can be referenced from ie. GameObjects
Native extension for Android target not found
Native extension for OSXStandalone target not found
[Package Manager] Failed to launch server process. Reason: Unity was launched with the -noUpm command-line argument
[Package Manager] Unable to send message (not connected to server process).
[Package Manager] Cannot connect to Unity Package Manager local server
ScheduleIndexationOnStartup MainProcess:False IndexOnStartup:True
Mono: successfully reloaded assembly
- Finished resetting the current domain, in  0.452 seconds
Domain Reload Profiling: 806ms
	BeginReloadAssembly (87ms)
		DisableScriptedObjects (3ms)
		CreateAndSetChildDomain (25ms)
	RebuildCommonClasses (23ms)
	RebuildNativeTypeToScriptingClass (11ms)
	initialDomainReloadingComplete (38ms)
	LoadAllAssembliesAndSetupDomain (195ms)
		LoadAssemblies (120ms)
		AnalyzeDomain (100ms)
			TypeCache.Refresh (6ms)
			BuildScriptInfoCaches (89ms)
			ResolveRequiredComponents (4ms)
	FinalizeReload (452ms)
		SetupLoadedEditorAssemblies (0ms)
			InitializePlatformSupportModulesInManaged (4ms)
			BeforeProcessingInitializeOnLoad (71ms)
			ProcessInitializeOnLoadAttributes (256ms)
			ProcessInitializeOnLoadMethodAttributes (34ms)
Unloading 5 Unused Serialized files (Serialized files now loaded: 0)
Unloading 3677 unused Assets / (1.1 MB). Loaded Objects now: 4283.
Memory consumption went from 103.4 MB to 102.2 MB.
Total: 5.340417 ms (FindLiveObjects: 0.206041 ms CreateObjectMapping: 0.069834 ms MarkObjects: 4.421000 ms  DeleteObjects: 0.643250 ms)

Prepare: number of updated asset objects reloaded= 0
========================================================================
Received Prepare
Begin MonoManager ReloadAssembly
Thread 0x16b0c7000 may have been prematurely finalized
Assembly Assembly-CSharp-Editor-firstpass.dll at Library/ScriptAssemblies/Assembly-CSharp-Editor-firstpass.dll not valid. Loading of assembly skipped.
Assembly Assembly-CSharp-Editor.dll at Library/ScriptAssemblies/Assembly-CSharp-Editor.dll not valid. Loading of assembly skipped.
Assembly Assembly-CSharp-firstpass.dll at Library/ScriptAssemblies/Assembly-CSharp-firstpass.dll not valid. Loading of assembly skipped.
Assembly PhotonWebSocket.dll at Library/ScriptAssemblies/PhotonWebSocket.dll not valid. Loading of assembly skipped.
Assembly TestNewCustomAssembly.dll at Library/ScriptAssemblies/TestNewCustomAssembly.dll not valid. Loading of assembly skipped.
Assembly Unity.AI.Navigation.Editor.Tests.dll at Library/ScriptAssemblies/Unity.AI.Navigation.Editor.Tests.dll not valid. Loading of assembly skipped.
Assembly Unity.AI.Navigation.LegacyOffMeshLink.Tests.dll at Library/ScriptAssemblies/Unity.AI.Navigation.LegacyOffMeshLink.Tests.dll not valid. Loading of assembly skipped.
Assembly Unity.AI.Navigation.Tests.dll at Library/ScriptAssemblies/Unity.AI.Navigation.Tests.dll not valid. Loading of assembly skipped.
Assembly Unity.AI.Navigation.Tests.EditorInPlaymode.dll at Library/ScriptAssemblies/Unity.AI.Navigation.Tests.EditorInPlaymode.dll not valid. Loading of assembly skipped.
Assembly Unity.InputSystem.IntegrationTests.dll at Library/ScriptAssemblies/Unity.InputSystem.IntegrationTests.dll not valid. Loading of assembly skipped.
Assembly Unity.Performance.Profile-Analyzer.EditorTests.dll at Library/ScriptAssemblies/Unity.Performance.Profile-Analyzer.EditorTests.dll not valid. Loading of assembly skipped.
Assembly Unity.Settings.Tests.dll at Library/ScriptAssemblies/Unity.Settings.Tests.dll not valid. Loading of assembly skipped.
Assembly Unity.TestTools.CodeCoverage.Editor.Compatibility.dll at Library/ScriptAssemblies/Unity.TestTools.CodeCoverage.Editor.Compatibility.dll not valid. Loading of assembly skipped.
Assembly Unity.TextMeshPro.Editor.Tests.dll at Library/ScriptAssemblies/Unity.TextMeshPro.Editor.Tests.dll not valid. Loading of assembly skipped.
Assembly Unity.TextMeshPro.Tests.dll at Library/ScriptAssemblies/Unity.TextMeshPro.Tests.dll not valid. Loading of assembly skipped.
Assembly UnityEditor.UI.Common.Tests.dll at Library/ScriptAssemblies/UnityEditor.UI.Common.Tests.dll not valid. Loading of assembly skipped.
Assembly UnityEditor.UI.EditorTests.dll at Library/ScriptAssemblies/UnityEditor.UI.EditorTests.dll not valid. Loading of assembly skipped.
Assembly UnityEngine.UI.Tests.dll at Library/ScriptAssemblies/UnityEngine.UI.Tests.dll not valid. Loading of assembly skipped.
'Assets/Photon/Quantum/Runtime/QuantumUnityRuntime.cs' contains partial class of Unity.Object, exactly 1 of the partial classes needs to be in a file with the same filename. This is to know the one that can be referenced from ie. GameObjects
'Assets/Photon/Quantum/Runtime/QuantumUnityRuntime.cs' contains partial class of Unity.Object, exactly 1 of the partial classes needs to be in a file with the same filename. This is to know the one that can be referenced from ie. GameObjects
'Assets/Photon/Quantum/Runtime/QuantumUnityRuntime.cs' contains partial class of Unity.Object, exactly 1 of the partial classes needs to be in a file with the same filename. This is to know the one that can be referenced from ie. GameObjects
'Assets/Photon/Quantum/Runtime/QuantumUnityRuntime.cs' contains partial class of Unity.Object, exactly 1 of the partial classes needs to be in a file with the same filename. This is to know the one that can be referenced from ie. GameObjects
'Assets/Photon/Quantum/Runtime/QuantumUnityRuntime.cs' contains partial class of Unity.Object, exactly 1 of the partial classes needs to be in a file with the same filename. This is to know the one that can be referenced from ie. GameObjects
'Assets/Photon/Quantum/Runtime/QuantumUnityRuntime.cs' contains partial class of Unity.Object, exactly 1 of the partial classes needs to be in a file with the same filename. This is to know the one that can be referenced from ie. GameObjects
'Assets/Photon/Quantum/Runtime/QuantumUnityRuntime.cs' contains partial class of Unity.Object, exactly 1 of the partial classes needs to be in a file with the same filename. This is to know the one that can be referenced from ie. GameObjects
'Assets/Photon/Quantum/Runtime/QuantumUnityRuntime.cs' contains partial class of Unity.Object, exactly 1 of the partial classes needs to be in a file with the same filename. This is to know the one that can be referenced from ie. GameObjects
'Assets/Photon/Quantum/Runtime/QuantumUnityRuntime.cs' contains partial class of Unity.Object, exactly 1 of the partial classes needs to be in a file with the same filename. This is to know the one that can be referenced from ie. GameObjects
'Assets/Photon/Quantum/Runtime/QuantumUnityRuntime.cs' contains partial class of Unity.Object, exactly 1 of the partial classes needs to be in a file with the same filename. This is to know the one that can be referenced from ie. GameObjects
'Assets/Photon/Quantum/Runtime/QuantumUnityRuntime.cs' contains partial class of Unity.Object, exactly 1 of the partial classes needs to be in a file with the same filename. This is to know the one that can be referenced from ie. GameObjects
Native extension for Android target not found
Native extension for OSXStandalone target not found
[Package Manager] Failed to launch server process. Reason: Unity was launched with the -noUpm command-line argument
[Package Manager] Unable to send message (not connected to server process).
[Package Manager] Cannot connect to Unity Package Manager local server
ScheduleIndexationOnStartup MainProcess:False IndexOnStartup:True
Mono: successfully reloaded assembly
- Finished resetting the current domain, in  0.424 seconds
Domain Reload Profiling: 767ms
	BeginReloadAssembly (82ms)
		DisableScriptedObjects (3ms)
		CreateAndSetChildDomain (22ms)
	RebuildCommonClasses (24ms)
	RebuildNativeTypeToScriptingClass (10ms)
	initialDomainReloadingComplete (36ms)
	LoadAllAssembliesAndSetupDomain (191ms)
		LoadAssemblies (113ms)
		AnalyzeDomain (101ms)
			TypeCache.Refresh (5ms)
			BuildScriptInfoCaches (91ms)
			ResolveRequiredComponents (4ms)
	FinalizeReload (424ms)
		SetupLoadedEditorAssemblies (0ms)
			InitializePlatformSupportModulesInManaged (4ms)
			BeforeProcessingInitializeOnLoad (70ms)
			ProcessInitializeOnLoadAttributes (234ms)
			ProcessInitializeOnLoadMethodAttributes (30ms)
Unloading 5 Unused Serialized files (Serialized files now loaded: 0)
Unloading 3677 unused Assets / (1.1 MB). Loaded Objects now: 4283.
Memory consumption went from 103.4 MB to 102.2 MB.
Total: 5.100875 ms (FindLiveObjects: 0.190708 ms CreateObjectMapping: 0.071875 ms MarkObjects: 4.268959 ms  DeleteObjects: 0.568667 ms)

Prepare: number of updated asset objects reloaded= 0
========================================================================
Received Prepare
Begin MonoManager ReloadAssembly
[Licensing::Client] Successfully resolved entitlement details
Thread 0x16b0c7000 may have been prematurely finalized
Assembly Assembly-CSharp-Editor-firstpass.dll at Library/ScriptAssemblies/Assembly-CSharp-Editor-firstpass.dll not valid. Loading of assembly skipped.
Assembly Assembly-CSharp-Editor.dll at Library/ScriptAssemblies/Assembly-CSharp-Editor.dll not valid. Loading of assembly skipped.
Assembly Assembly-CSharp-firstpass.dll at Library/ScriptAssemblies/Assembly-CSharp-firstpass.dll not valid. Loading of assembly skipped.
Assembly PhotonWebSocket.dll at Library/ScriptAssemblies/PhotonWebSocket.dll not valid. Loading of assembly skipped.
Assembly TestNewCustomAssembly.dll at Library/ScriptAssemblies/TestNewCustomAssembly.dll not valid. Loading of assembly skipped.
Assembly Unity.AI.Navigation.Editor.Tests.dll at Library/ScriptAssemblies/Unity.AI.Navigation.Editor.Tests.dll not valid. Loading of assembly skipped.
Assembly Unity.AI.Navigation.LegacyOffMeshLink.Tests.dll at Library/ScriptAssemblies/Unity.AI.Navigation.LegacyOffMeshLink.Tests.dll not valid. Loading of assembly skipped.
Assembly Unity.AI.Navigation.Tests.dll at Library/ScriptAssemblies/Unity.AI.Navigation.Tests.dll not valid. Loading of assembly skipped.
Assembly Unity.AI.Navigation.Tests.EditorInPlaymode.dll at Library/ScriptAssemblies/Unity.AI.Navigation.Tests.EditorInPlaymode.dll not valid. Loading of assembly skipped.
Assembly Unity.InputSystem.IntegrationTests.dll at Library/ScriptAssemblies/Unity.InputSystem.IntegrationTests.dll not valid. Loading of assembly skipped.
Assembly Unity.Performance.Profile-Analyzer.EditorTests.dll at Library/ScriptAssemblies/Unity.Performance.Profile-Analyzer.EditorTests.dll not valid. Loading of assembly skipped.
Assembly Unity.Settings.Tests.dll at Library/ScriptAssemblies/Unity.Settings.Tests.dll not valid. Loading of assembly skipped.
Assembly Unity.TestTools.CodeCoverage.Editor.Compatibility.dll at Library/ScriptAssemblies/Unity.TestTools.CodeCoverage.Editor.Compatibility.dll not valid. Loading of assembly skipped.
Assembly Unity.TextMeshPro.Editor.Tests.dll at Library/ScriptAssemblies/Unity.TextMeshPro.Editor.Tests.dll not valid. Loading of assembly skipped.
Assembly Unity.TextMeshPro.Tests.dll at Library/ScriptAssemblies/Unity.TextMeshPro.Tests.dll not valid. Loading of assembly skipped.
Assembly UnityEditor.UI.Common.Tests.dll at Library/ScriptAssemblies/UnityEditor.UI.Common.Tests.dll not valid. Loading of assembly skipped.
Assembly UnityEditor.UI.EditorTests.dll at Library/ScriptAssemblies/UnityEditor.UI.EditorTests.dll not valid. Loading of assembly skipped.
Assembly UnityEngine.UI.Tests.dll at Library/ScriptAssemblies/UnityEngine.UI.Tests.dll not valid. Loading of assembly skipped.
'Assets/Photon/Quantum/Runtime/QuantumUnityRuntime.cs' contains partial class of Unity.Object, exactly 1 of the partial classes needs to be in a file with the same filename. This is to know the one that can be referenced from ie. GameObjects
'Assets/Photon/Quantum/Runtime/QuantumUnityRuntime.cs' contains partial class of Unity.Object, exactly 1 of the partial classes needs to be in a file with the same filename. This is to know the one that can be referenced from ie. GameObjects
'Assets/Photon/Quantum/Runtime/QuantumUnityRuntime.cs' contains partial class of Unity.Object, exactly 1 of the partial classes needs to be in a file with the same filename. This is to know the one that can be referenced from ie. GameObjects
'Assets/Photon/Quantum/Runtime/QuantumUnityRuntime.cs' contains partial class of Unity.Object, exactly 1 of the partial classes needs to be in a file with the same filename. This is to know the one that can be referenced from ie. GameObjects
'Assets/Photon/Quantum/Runtime/QuantumUnityRuntime.cs' contains partial class of Unity.Object, exactly 1 of the partial classes needs to be in a file with the same filename. This is to know the one that can be referenced from ie. GameObjects
'Assets/Photon/Quantum/Runtime/QuantumUnityRuntime.cs' contains partial class of Unity.Object, exactly 1 of the partial classes needs to be in a file with the same filename. This is to know the one that can be referenced from ie. GameObjects
'Assets/Photon/Quantum/Runtime/QuantumUnityRuntime.cs' contains partial class of Unity.Object, exactly 1 of the partial classes needs to be in a file with the same filename. This is to know the one that can be referenced from ie. GameObjects
'Assets/Photon/Quantum/Runtime/QuantumUnityRuntime.cs' contains partial class of Unity.Object, exactly 1 of the partial classes needs to be in a file with the same filename. This is to know the one that can be referenced from ie. GameObjects
'Assets/Photon/Quantum/Runtime/QuantumUnityRuntime.cs' contains partial class of Unity.Object, exactly 1 of the partial classes needs to be in a file with the same filename. This is to know the one that can be referenced from ie. GameObjects
'Assets/Photon/Quantum/Runtime/QuantumUnityRuntime.cs' contains partial class of Unity.Object, exactly 1 of the partial classes needs to be in a file with the same filename. This is to know the one that can be referenced from ie. GameObjects
'Assets/Photon/Quantum/Runtime/QuantumUnityRuntime.cs' contains partial class of Unity.Object, exactly 1 of the partial classes needs to be in a file with the same filename. This is to know the one that can be referenced from ie. GameObjects
Native extension for Android target not found
Native extension for OSXStandalone target not found
[Package Manager] Failed to launch server process. Reason: Unity was launched with the -noUpm command-line argument
[Package Manager] Unable to send message (not connected to server process).
[Package Manager] Cannot connect to Unity Package Manager local server
ScheduleIndexationOnStartup MainProcess:False IndexOnStartup:True
Mono: successfully reloaded assembly
- Finished resetting the current domain, in  0.449 seconds
Domain Reload Profiling: 806ms
	BeginReloadAssembly (90ms)
		DisableScriptedObjects (3ms)
		CreateAndSetChildDomain (25ms)
	RebuildCommonClasses (23ms)
	RebuildNativeTypeToScriptingClass (10ms)
	initialDomainReloadingComplete (37ms)
	LoadAllAssembliesAndSetupDomain (197ms)
		LoadAssemblies (124ms)
		AnalyzeDomain (101ms)
			TypeCache.Refresh (6ms)
			BuildScriptInfoCaches (90ms)
			ResolveRequiredComponents (4ms)
	FinalizeReload (449ms)
		SetupLoadedEditorAssemblies (0ms)
			InitializePlatformSupportModulesInManaged (4ms)
			BeforeProcessingInitializeOnLoad (70ms)
			ProcessInitializeOnLoadAttributes (254ms)
			ProcessInitializeOnLoadMethodAttributes (35ms)
Unloading 5 Unused Serialized files (Serialized files now loaded: 0)
Unloading 3677 unused Assets / (1.2 MB). Loaded Objects now: 4283.
Memory consumption went from 103.4 MB to 102.2 MB.
Total: 5.442541 ms (FindLiveObjects: 0.196708 ms CreateObjectMapping: 0.088625 ms MarkObjects: 4.477542 ms  DeleteObjects: 0.679250 ms)

Prepare: number of updated asset objects reloaded= 0
========================================================================
Received Prepare
Begin MonoManager ReloadAssembly
Thread 0x16b0c7000 may have been prematurely finalized
Assembly Assembly-CSharp-Editor-firstpass.dll at Library/ScriptAssemblies/Assembly-CSharp-Editor-firstpass.dll not valid. Loading of assembly skipped.
Assembly Assembly-CSharp-Editor.dll at Library/ScriptAssemblies/Assembly-CSharp-Editor.dll not valid. Loading of assembly skipped.
Assembly Assembly-CSharp-firstpass.dll at Library/ScriptAssemblies/Assembly-CSharp-firstpass.dll not valid. Loading of assembly skipped.
Assembly PhotonWebSocket.dll at Library/ScriptAssemblies/PhotonWebSocket.dll not valid. Loading of assembly skipped.
Assembly TestNewCustomAssembly.dll at Library/ScriptAssemblies/TestNewCustomAssembly.dll not valid. Loading of assembly skipped.
Assembly Unity.AI.Navigation.Editor.Tests.dll at Library/ScriptAssemblies/Unity.AI.Navigation.Editor.Tests.dll not valid. Loading of assembly skipped.
Assembly Unity.AI.Navigation.LegacyOffMeshLink.Tests.dll at Library/ScriptAssemblies/Unity.AI.Navigation.LegacyOffMeshLink.Tests.dll not valid. Loading of assembly skipped.
Assembly Unity.AI.Navigation.Tests.dll at Library/ScriptAssemblies/Unity.AI.Navigation.Tests.dll not valid. Loading of assembly skipped.
Assembly Unity.AI.Navigation.Tests.EditorInPlaymode.dll at Library/ScriptAssemblies/Unity.AI.Navigation.Tests.EditorInPlaymode.dll not valid. Loading of assembly skipped.
Assembly Unity.InputSystem.IntegrationTests.dll at Library/ScriptAssemblies/Unity.InputSystem.IntegrationTests.dll not valid. Loading of assembly skipped.
Assembly Unity.Performance.Profile-Analyzer.EditorTests.dll at Library/ScriptAssemblies/Unity.Performance.Profile-Analyzer.EditorTests.dll not valid. Loading of assembly skipped.
Assembly Unity.Settings.Tests.dll at Library/ScriptAssemblies/Unity.Settings.Tests.dll not valid. Loading of assembly skipped.
Assembly Unity.TestTools.CodeCoverage.Editor.Compatibility.dll at Library/ScriptAssemblies/Unity.TestTools.CodeCoverage.Editor.Compatibility.dll not valid. Loading of assembly skipped.
Assembly Unity.TextMeshPro.Editor.Tests.dll at Library/ScriptAssemblies/Unity.TextMeshPro.Editor.Tests.dll not valid. Loading of assembly skipped.
Assembly Unity.TextMeshPro.Tests.dll at Library/ScriptAssemblies/Unity.TextMeshPro.Tests.dll not valid. Loading of assembly skipped.
Assembly UnityEditor.UI.Common.Tests.dll at Library/ScriptAssemblies/UnityEditor.UI.Common.Tests.dll not valid. Loading of assembly skipped.
Assembly UnityEditor.UI.EditorTests.dll at Library/ScriptAssemblies/UnityEditor.UI.EditorTests.dll not valid. Loading of assembly skipped.
Assembly UnityEngine.UI.Tests.dll at Library/ScriptAssemblies/UnityEngine.UI.Tests.dll not valid. Loading of assembly skipped.
'Assets/Photon/Quantum/Runtime/QuantumUnityRuntime.cs' contains partial class of Unity.Object, exactly 1 of the partial classes needs to be in a file with the same filename. This is to know the one that can be referenced from ie. GameObjects
'Assets/Photon/Quantum/Runtime/QuantumUnityRuntime.cs' contains partial class of Unity.Object, exactly 1 of the partial classes needs to be in a file with the same filename. This is to know the one that can be referenced from ie. GameObjects
'Assets/Photon/Quantum/Runtime/QuantumUnityRuntime.cs' contains partial class of Unity.Object, exactly 1 of the partial classes needs to be in a file with the same filename. This is to know the one that can be referenced from ie. GameObjects
'Assets/Photon/Quantum/Runtime/QuantumUnityRuntime.cs' contains partial class of Unity.Object, exactly 1 of the partial classes needs to be in a file with the same filename. This is to know the one that can be referenced from ie. GameObjects
'Assets/Photon/Quantum/Runtime/QuantumUnityRuntime.cs' contains partial class of Unity.Object, exactly 1 of the partial classes needs to be in a file with the same filename. This is to know the one that can be referenced from ie. GameObjects
'Assets/Photon/Quantum/Runtime/QuantumUnityRuntime.cs' contains partial class of Unity.Object, exactly 1 of the partial classes needs to be in a file with the same filename. This is to know the one that can be referenced from ie. GameObjects
'Assets/Photon/Quantum/Runtime/QuantumUnityRuntime.cs' contains partial class of Unity.Object, exactly 1 of the partial classes needs to be in a file with the same filename. This is to know the one that can be referenced from ie. GameObjects
'Assets/Photon/Quantum/Runtime/QuantumUnityRuntime.cs' contains partial class of Unity.Object, exactly 1 of the partial classes needs to be in a file with the same filename. This is to know the one that can be referenced from ie. GameObjects
'Assets/Photon/Quantum/Runtime/QuantumUnityRuntime.cs' contains partial class of Unity.Object, exactly 1 of the partial classes needs to be in a file with the same filename. This is to know the one that can be referenced from ie. GameObjects
'Assets/Photon/Quantum/Runtime/QuantumUnityRuntime.cs' contains partial class of Unity.Object, exactly 1 of the partial classes needs to be in a file with the same filename. This is to know the one that can be referenced from ie. GameObjects
'Assets/Photon/Quantum/Runtime/QuantumUnityRuntime.cs' contains partial class of Unity.Object, exactly 1 of the partial classes needs to be in a file with the same filename. This is to know the one that can be referenced from ie. GameObjects
Native extension for Android target not found
Native extension for OSXStandalone target not found
[Package Manager] Failed to launch server process. Reason: Unity was launched with the -noUpm command-line argument
[Package Manager] Unable to send message (not connected to server process).
[Package Manager] Cannot connect to Unity Package Manager local server
ScheduleIndexationOnStartup MainProcess:False IndexOnStartup:True
Mono: successfully reloaded assembly
- Finished resetting the current domain, in  0.457 seconds
Domain Reload Profiling: 828ms
	BeginReloadAssembly (81ms)
		DisableScriptedObjects (3ms)
		CreateAndSetChildDomain (22ms)
	RebuildCommonClasses (23ms)
	RebuildNativeTypeToScriptingClass (9ms)
	initialDomainReloadingComplete (40ms)
	LoadAllAssembliesAndSetupDomain (218ms)
		LoadAssemblies (130ms)
		AnalyzeDomain (111ms)
			TypeCache.Refresh (5ms)
			BuildScriptInfoCaches (100ms)
			ResolveRequiredComponents (5ms)
	FinalizeReload (457ms)
		SetupLoadedEditorAssemblies (0ms)
			InitializePlatformSupportModulesInManaged (4ms)
			BeforeProcessingInitializeOnLoad (74ms)
			ProcessInitializeOnLoadAttributes (250ms)
			ProcessInitializeOnLoadMethodAttributes (34ms)
Unloading 5 Unused Serialized files (Serialized files now loaded: 0)
Unloading 3677 unused Assets / (0.9 MB). Loaded Objects now: 4283.
Memory consumption went from 103.4 MB to 102.5 MB.
Total: 5.271958 ms (FindLiveObjects: 0.194416 ms CreateObjectMapping: 0.089375 ms MarkObjects: 4.319000 ms  DeleteObjects: 0.668792 ms)

Prepare: number of updated asset objects reloaded= 0
========================================================================
Received Prepare
'Assets/Photon/Quantum/Runtime/QuantumUnityRuntime.cs' contains partial class of Unity.Object, exactly 1 of the partial classes needs to be in a file with the same filename. This is to know the one that can be referenced from ie. GameObjects
'Assets/Photon/Quantum/Runtime/QuantumUnityRuntime.cs' contains partial class of Unity.Object, exactly 1 of the partial classes needs to be in a file with the same filename. This is to know the one that can be referenced from ie. GameObjects
'Assets/Photon/Quantum/Runtime/QuantumUnityRuntime.cs' contains partial class of Unity.Object, exactly 1 of the partial classes needs to be in a file with the same filename. This is to know the one that can be referenced from ie. GameObjects
'Assets/Photon/Quantum/Runtime/QuantumUnityRuntime.cs' contains partial class of Unity.Object, exactly 1 of the partial classes needs to be in a file with the same filename. This is to know the one that can be referenced from ie. GameObjects
'Assets/Photon/Quantum/Runtime/QuantumUnityRuntime.cs' contains partial class of Unity.Object, exactly 1 of the partial classes needs to be in a file with the same filename. This is to know the one that can be referenced from ie. GameObjects
'Assets/Photon/Quantum/Runtime/QuantumUnityRuntime.cs' contains partial class of Unity.Object, exactly 1 of the partial classes needs to be in a file with the same filename. This is to know the one that can be referenced from ie. GameObjects
'Assets/Photon/Quantum/Runtime/QuantumUnityRuntime.cs' contains partial class of Unity.Object, exactly 1 of the partial classes needs to be in a file with the same filename. This is to know the one that can be referenced from ie. GameObjects
'Assets/Photon/Quantum/Runtime/QuantumUnityRuntime.cs' contains partial class of Unity.Object, exactly 1 of the partial classes needs to be in a file with the same filename. This is to know the one that can be referenced from ie. GameObjects
'Assets/Photon/Quantum/Runtime/QuantumUnityRuntime.cs' contains partial class of Unity.Object, exactly 1 of the partial classes needs to be in a file with the same filename. This is to know the one that can be referenced from ie. GameObjects
'Assets/Photon/Quantum/Runtime/QuantumUnityRuntime.cs' contains partial class of Unity.Object, exactly 1 of the partial classes needs to be in a file with the same filename. This is to know the one that can be referenced from ie. GameObjects
'Assets/Photon/Quantum/Runtime/QuantumUnityRuntime.cs' contains partial class of Unity.Object, exactly 1 of the partial classes needs to be in a file with the same filename. This is to know the one that can be referenced from ie. GameObjects
Unloading 5 Unused Serialized files (Serialized files now loaded: 0)
Unloading 3670 unused Assets / (1.1 MB). Loaded Objects now: 4284.
Memory consumption went from 91.7 MB to 90.7 MB.
Total: 5.603458 ms (FindLiveObjects: 0.168209 ms CreateObjectMapping: 0.074458 ms MarkObjects: 4.751042 ms  DeleteObjects: 0.609250 ms)

Prepare: number of updated asset objects reloaded= 0
========================================================================
Received Prepare
Begin MonoManager ReloadAssembly
[Licensing::Client] Successfully resolved entitlement details
Thread 0x16b0c7000 may have been prematurely finalized
Assembly Assembly-CSharp-Editor-firstpass.dll at Library/ScriptAssemblies/Assembly-CSharp-Editor-firstpass.dll not valid. Loading of assembly skipped.
Assembly Assembly-CSharp-Editor.dll at Library/ScriptAssemblies/Assembly-CSharp-Editor.dll not valid. Loading of assembly skipped.
Assembly Assembly-CSharp-firstpass.dll at Library/ScriptAssemblies/Assembly-CSharp-firstpass.dll not valid. Loading of assembly skipped.
Assembly PhotonWebSocket.dll at Library/ScriptAssemblies/PhotonWebSocket.dll not valid. Loading of assembly skipped.
Assembly TestNewCustomAssembly.dll at Library/ScriptAssemblies/TestNewCustomAssembly.dll not valid. Loading of assembly skipped.
Assembly Unity.AI.Navigation.Editor.Tests.dll at Library/ScriptAssemblies/Unity.AI.Navigation.Editor.Tests.dll not valid. Loading of assembly skipped.
Assembly Unity.AI.Navigation.LegacyOffMeshLink.Tests.dll at Library/ScriptAssemblies/Unity.AI.Navigation.LegacyOffMeshLink.Tests.dll not valid. Loading of assembly skipped.
Assembly Unity.AI.Navigation.Tests.dll at Library/ScriptAssemblies/Unity.AI.Navigation.Tests.dll not valid. Loading of assembly skipped.
Assembly Unity.AI.Navigation.Tests.EditorInPlaymode.dll at Library/ScriptAssemblies/Unity.AI.Navigation.Tests.EditorInPlaymode.dll not valid. Loading of assembly skipped.
Assembly Unity.InputSystem.IntegrationTests.dll at Library/ScriptAssemblies/Unity.InputSystem.IntegrationTests.dll not valid. Loading of assembly skipped.
Assembly Unity.Performance.Profile-Analyzer.EditorTests.dll at Library/ScriptAssemblies/Unity.Performance.Profile-Analyzer.EditorTests.dll not valid. Loading of assembly skipped.
Assembly Unity.Settings.Tests.dll at Library/ScriptAssemblies/Unity.Settings.Tests.dll not valid. Loading of assembly skipped.
Assembly Unity.TestTools.CodeCoverage.Editor.Compatibility.dll at Library/ScriptAssemblies/Unity.TestTools.CodeCoverage.Editor.Compatibility.dll not valid. Loading of assembly skipped.
Assembly Unity.TextMeshPro.Editor.Tests.dll at Library/ScriptAssemblies/Unity.TextMeshPro.Editor.Tests.dll not valid. Loading of assembly skipped.
Assembly Unity.TextMeshPro.Tests.dll at Library/ScriptAssemblies/Unity.TextMeshPro.Tests.dll not valid. Loading of assembly skipped.
Assembly UnityEditor.UI.Common.Tests.dll at Library/ScriptAssemblies/UnityEditor.UI.Common.Tests.dll not valid. Loading of assembly skipped.
Assembly UnityEditor.UI.EditorTests.dll at Library/ScriptAssemblies/UnityEditor.UI.EditorTests.dll not valid. Loading of assembly skipped.
Assembly UnityEngine.UI.Tests.dll at Library/ScriptAssemblies/UnityEngine.UI.Tests.dll not valid. Loading of assembly skipped.
'Assets/Photon/Quantum/Runtime/QuantumUnityRuntime.cs' contains partial class of Unity.Object, exactly 1 of the partial classes needs to be in a file with the same filename. This is to know the one that can be referenced from ie. GameObjects
'Assets/Photon/Quantum/Runtime/QuantumUnityRuntime.cs' contains partial class of Unity.Object, exactly 1 of the partial classes needs to be in a file with the same filename. This is to know the one that can be referenced from ie. GameObjects
'Assets/Photon/Quantum/Runtime/QuantumUnityRuntime.cs' contains partial class of Unity.Object, exactly 1 of the partial classes needs to be in a file with the same filename. This is to know the one that can be referenced from ie. GameObjects
'Assets/Photon/Quantum/Runtime/QuantumUnityRuntime.cs' contains partial class of Unity.Object, exactly 1 of the partial classes needs to be in a file with the same filename. This is to know the one that can be referenced from ie. GameObjects
'Assets/Photon/Quantum/Runtime/QuantumUnityRuntime.cs' contains partial class of Unity.Object, exactly 1 of the partial classes needs to be in a file with the same filename. This is to know the one that can be referenced from ie. GameObjects
'Assets/Photon/Quantum/Runtime/QuantumUnityRuntime.cs' contains partial class of Unity.Object, exactly 1 of the partial classes needs to be in a file with the same filename. This is to know the one that can be referenced from ie. GameObjects
'Assets/Photon/Quantum/Runtime/QuantumUnityRuntime.cs' contains partial class of Unity.Object, exactly 1 of the partial classes needs to be in a file with the same filename. This is to know the one that can be referenced from ie. GameObjects
'Assets/Photon/Quantum/Runtime/QuantumUnityRuntime.cs' contains partial class of Unity.Object, exactly 1 of the partial classes needs to be in a file with the same filename. This is to know the one that can be referenced from ie. GameObjects
'Assets/Photon/Quantum/Runtime/QuantumUnityRuntime.cs' contains partial class of Unity.Object, exactly 1 of the partial classes needs to be in a file with the same filename. This is to know the one that can be referenced from ie. GameObjects
'Assets/Photon/Quantum/Runtime/QuantumUnityRuntime.cs' contains partial class of Unity.Object, exactly 1 of the partial classes needs to be in a file with the same filename. This is to know the one that can be referenced from ie. GameObjects
'Assets/Photon/Quantum/Runtime/QuantumUnityRuntime.cs' contains partial class of Unity.Object, exactly 1 of the partial classes needs to be in a file with the same filename. This is to know the one that can be referenced from ie. GameObjects
Native extension for Android target not found
Native extension for OSXStandalone target not found
[Package Manager] Failed to launch server process. Reason: Unity was launched with the -noUpm command-line argument
[Package Manager] Unable to send message (not connected to server process).
[Package Manager] Cannot connect to Unity Package Manager local server
ScheduleIndexationOnStartup MainProcess:False IndexOnStartup:True
Mono: successfully reloaded assembly
- Finished resetting the current domain, in  0.446 seconds
Domain Reload Profiling: 813ms
	BeginReloadAssembly (86ms)
		DisableScriptedObjects (3ms)
		CreateAndSetChildDomain (23ms)
	RebuildCommonClasses (23ms)
	RebuildNativeTypeToScriptingClass (10ms)
	initialDomainReloadingComplete (36ms)
	LoadAllAssembliesAndSetupDomain (211ms)
		LoadAssemblies (132ms)
		AnalyzeDomain (106ms)
			TypeCache.Refresh (13ms)
				TypeCache.ScanAssembly (7ms)
			BuildScriptInfoCaches (88ms)
			ResolveRequiredComponents (4ms)
	FinalizeReload (446ms)
		SetupLoadedEditorAssemblies (0ms)
			InitializePlatformSupportModulesInManaged (4ms)
			BeforeProcessingInitializeOnLoad (69ms)
			ProcessInitializeOnLoadAttributes (254ms)
			ProcessInitializeOnLoadMethodAttributes (33ms)
Unloading 5 Unused Serialized files (Serialized files now loaded: 0)
Unloading 3678 unused Assets / (1.2 MB). Loaded Objects now: 4284.
Memory consumption went from 103.4 MB to 102.2 MB.
Total: 5.389583 ms (FindLiveObjects: 0.213959 ms CreateObjectMapping: 0.074250 ms MarkObjects: 4.501959 ms  DeleteObjects: 0.599000 ms)

Prepare: number of updated asset objects reloaded= 0
========================================================================
Received Prepare
Begin MonoManager ReloadAssembly
[Licensing::Client] Successfully resolved entitlement details
Thread 0x16b0c7000 may have been prematurely finalized
Assembly Assembly-CSharp-Editor-firstpass.dll at Library/ScriptAssemblies/Assembly-CSharp-Editor-firstpass.dll not valid. Loading of assembly skipped.
Assembly Assembly-CSharp-Editor.dll at Library/ScriptAssemblies/Assembly-CSharp-Editor.dll not valid. Loading of assembly skipped.
Assembly Assembly-CSharp-firstpass.dll at Library/ScriptAssemblies/Assembly-CSharp-firstpass.dll not valid. Loading of assembly skipped.
Assembly PhotonWebSocket.dll at Library/ScriptAssemblies/PhotonWebSocket.dll not valid. Loading of assembly skipped.
Assembly TestNewCustomAssembly.dll at Library/ScriptAssemblies/TestNewCustomAssembly.dll not valid. Loading of assembly skipped.
Assembly Unity.AI.Navigation.Editor.Tests.dll at Library/ScriptAssemblies/Unity.AI.Navigation.Editor.Tests.dll not valid. Loading of assembly skipped.
Assembly Unity.AI.Navigation.LegacyOffMeshLink.Tests.dll at Library/ScriptAssemblies/Unity.AI.Navigation.LegacyOffMeshLink.Tests.dll not valid. Loading of assembly skipped.
Assembly Unity.AI.Navigation.Tests.dll at Library/ScriptAssemblies/Unity.AI.Navigation.Tests.dll not valid. Loading of assembly skipped.
Assembly Unity.AI.Navigation.Tests.EditorInPlaymode.dll at Library/ScriptAssemblies/Unity.AI.Navigation.Tests.EditorInPlaymode.dll not valid. Loading of assembly skipped.
Assembly Unity.InputSystem.IntegrationTests.dll at Library/ScriptAssemblies/Unity.InputSystem.IntegrationTests.dll not valid. Loading of assembly skipped.
Assembly Unity.Performance.Profile-Analyzer.EditorTests.dll at Library/ScriptAssemblies/Unity.Performance.Profile-Analyzer.EditorTests.dll not valid. Loading of assembly skipped.
Assembly Unity.Settings.Tests.dll at Library/ScriptAssemblies/Unity.Settings.Tests.dll not valid. Loading of assembly skipped.
Assembly Unity.TestTools.CodeCoverage.Editor.Compatibility.dll at Library/ScriptAssemblies/Unity.TestTools.CodeCoverage.Editor.Compatibility.dll not valid. Loading of assembly skipped.
Assembly Unity.TextMeshPro.Editor.Tests.dll at Library/ScriptAssemblies/Unity.TextMeshPro.Editor.Tests.dll not valid. Loading of assembly skipped.
Assembly Unity.TextMeshPro.Tests.dll at Library/ScriptAssemblies/Unity.TextMeshPro.Tests.dll not valid. Loading of assembly skipped.
Assembly UnityEditor.UI.Common.Tests.dll at Library/ScriptAssemblies/UnityEditor.UI.Common.Tests.dll not valid. Loading of assembly skipped.
Assembly UnityEditor.UI.EditorTests.dll at Library/ScriptAssemblies/UnityEditor.UI.EditorTests.dll not valid. Loading of assembly skipped.
Assembly UnityEngine.UI.Tests.dll at Library/ScriptAssemblies/UnityEngine.UI.Tests.dll not valid. Loading of assembly skipped.
'Assets/Photon/Quantum/Runtime/QuantumUnityRuntime.cs' contains partial class of Unity.Object, exactly 1 of the partial classes needs to be in a file with the same filename. This is to know the one that can be referenced from ie. GameObjects
'Assets/Photon/Quantum/Runtime/QuantumUnityRuntime.cs' contains partial class of Unity.Object, exactly 1 of the partial classes needs to be in a file with the same filename. This is to know the one that can be referenced from ie. GameObjects
'Assets/Photon/Quantum/Runtime/QuantumUnityRuntime.cs' contains partial class of Unity.Object, exactly 1 of the partial classes needs to be in a file with the same filename. This is to know the one that can be referenced from ie. GameObjects
'Assets/Photon/Quantum/Runtime/QuantumUnityRuntime.cs' contains partial class of Unity.Object, exactly 1 of the partial classes needs to be in a file with the same filename. This is to know the one that can be referenced from ie. GameObjects
'Assets/Photon/Quantum/Runtime/QuantumUnityRuntime.cs' contains partial class of Unity.Object, exactly 1 of the partial classes needs to be in a file with the same filename. This is to know the one that can be referenced from ie. GameObjects
'Assets/Photon/Quantum/Runtime/QuantumUnityRuntime.cs' contains partial class of Unity.Object, exactly 1 of the partial classes needs to be in a file with the same filename. This is to know the one that can be referenced from ie. GameObjects
'Assets/Photon/Quantum/Runtime/QuantumUnityRuntime.cs' contains partial class of Unity.Object, exactly 1 of the partial classes needs to be in a file with the same filename. This is to know the one that can be referenced from ie. GameObjects
'Assets/Photon/Quantum/Runtime/QuantumUnityRuntime.cs' contains partial class of Unity.Object, exactly 1 of the partial classes needs to be in a file with the same filename. This is to know the one that can be referenced from ie. GameObjects
'Assets/Photon/Quantum/Runtime/QuantumUnityRuntime.cs' contains partial class of Unity.Object, exactly 1 of the partial classes needs to be in a file with the same filename. This is to know the one that can be referenced from ie. GameObjects
'Assets/Photon/Quantum/Runtime/QuantumUnityRuntime.cs' contains partial class of Unity.Object, exactly 1 of the partial classes needs to be in a file with the same filename. This is to know the one that can be referenced from ie. GameObjects
'Assets/Photon/Quantum/Runtime/QuantumUnityRuntime.cs' contains partial class of Unity.Object, exactly 1 of the partial classes needs to be in a file with the same filename. This is to know the one that can be referenced from ie. GameObjects
Native extension for Android target not found
Native extension for OSXStandalone target not found
[Package Manager] Failed to launch server process. Reason: Unity was launched with the -noUpm command-line argument
[Package Manager] Unable to send message (not connected to server process).
[Package Manager] Cannot connect to Unity Package Manager local server
ScheduleIndexationOnStartup MainProcess:False IndexOnStartup:True
Mono: successfully reloaded assembly
- Finished resetting the current domain, in  0.404 seconds
Domain Reload Profiling: 775ms
	BeginReloadAssembly (90ms)
		DisableScriptedObjects (3ms)
		CreateAndSetChildDomain (23ms)
	RebuildCommonClasses (26ms)
	RebuildNativeTypeToScriptingClass (10ms)
	initialDomainReloadingComplete (38ms)
	LoadAllAssembliesAndSetupDomain (206ms)
		LoadAssemblies (125ms)
		AnalyzeDomain (111ms)
			TypeCache.Refresh (13ms)
				TypeCache.ScanAssembly (7ms)
			BuildScriptInfoCaches (92ms)
			ResolveRequiredComponents (4ms)
	FinalizeReload (405ms)
		SetupLoadedEditorAssemblies (0ms)
			InitializePlatformSupportModulesInManaged (4ms)
			BeforeProcessingInitializeOnLoad (71ms)
			ProcessInitializeOnLoadAttributes (216ms)
			ProcessInitializeOnLoadMethodAttributes (27ms)
Unloading 5 Unused Serialized files (Serialized files now loaded: 0)
Unloading 3678 unused Assets / (1.1 MB). Loaded Objects now: 4284.
Memory consumption went from 103.4 MB to 102.3 MB.
Total: 4.627417 ms (FindLiveObjects: 0.184708 ms CreateObjectMapping: 0.070125 ms MarkObjects: 3.819917 ms  DeleteObjects: 0.552291 ms)

Prepare: number of updated asset objects reloaded= 0
========================================================================
Received Prepare
Begin MonoManager ReloadAssembly
Thread 0x16b0c7000 may have been prematurely finalized
Assembly Assembly-CSharp-Editor-firstpass.dll at Library/ScriptAssemblies/Assembly-CSharp-Editor-firstpass.dll not valid. Loading of assembly skipped.
Assembly Assembly-CSharp-Editor.dll at Library/ScriptAssemblies/Assembly-CSharp-Editor.dll not valid. Loading of assembly skipped.
Assembly Assembly-CSharp-firstpass.dll at Library/ScriptAssemblies/Assembly-CSharp-firstpass.dll not valid. Loading of assembly skipped.
Assembly PhotonWebSocket.dll at Library/ScriptAssemblies/PhotonWebSocket.dll not valid. Loading of assembly skipped.
Assembly TestNewCustomAssembly.dll at Library/ScriptAssemblies/TestNewCustomAssembly.dll not valid. Loading of assembly skipped.
Assembly Unity.AI.Navigation.Editor.Tests.dll at Library/ScriptAssemblies/Unity.AI.Navigation.Editor.Tests.dll not valid. Loading of assembly skipped.
Assembly Unity.AI.Navigation.LegacyOffMeshLink.Tests.dll at Library/ScriptAssemblies/Unity.AI.Navigation.LegacyOffMeshLink.Tests.dll not valid. Loading of assembly skipped.
Assembly Unity.AI.Navigation.Tests.dll at Library/ScriptAssemblies/Unity.AI.Navigation.Tests.dll not valid. Loading of assembly skipped.
Assembly Unity.AI.Navigation.Tests.EditorInPlaymode.dll at Library/ScriptAssemblies/Unity.AI.Navigation.Tests.EditorInPlaymode.dll not valid. Loading of assembly skipped.
Assembly Unity.InputSystem.IntegrationTests.dll at Library/ScriptAssemblies/Unity.InputSystem.IntegrationTests.dll not valid. Loading of assembly skipped.
Assembly Unity.Performance.Profile-Analyzer.EditorTests.dll at Library/ScriptAssemblies/Unity.Performance.Profile-Analyzer.EditorTests.dll not valid. Loading of assembly skipped.
Assembly Unity.Settings.Tests.dll at Library/ScriptAssemblies/Unity.Settings.Tests.dll not valid. Loading of assembly skipped.
Assembly Unity.TestTools.CodeCoverage.Editor.Compatibility.dll at Library/ScriptAssemblies/Unity.TestTools.CodeCoverage.Editor.Compatibility.dll not valid. Loading of assembly skipped.
Assembly Unity.TextMeshPro.Editor.Tests.dll at Library/ScriptAssemblies/Unity.TextMeshPro.Editor.Tests.dll not valid. Loading of assembly skipped.
Assembly Unity.TextMeshPro.Tests.dll at Library/ScriptAssemblies/Unity.TextMeshPro.Tests.dll not valid. Loading of assembly skipped.
Assembly UnityEditor.UI.Common.Tests.dll at Library/ScriptAssemblies/UnityEditor.UI.Common.Tests.dll not valid. Loading of assembly skipped.
Assembly UnityEditor.UI.EditorTests.dll at Library/ScriptAssemblies/UnityEditor.UI.EditorTests.dll not valid. Loading of assembly skipped.
Assembly UnityEngine.UI.Tests.dll at Library/ScriptAssemblies/UnityEngine.UI.Tests.dll not valid. Loading of assembly skipped.
'Assets/Photon/Quantum/Runtime/QuantumUnityRuntime.cs' contains partial class of Unity.Object, exactly 1 of the partial classes needs to be in a file with the same filename. This is to know the one that can be referenced from ie. GameObjects
'Assets/Photon/Quantum/Runtime/QuantumUnityRuntime.cs' contains partial class of Unity.Object, exactly 1 of the partial classes needs to be in a file with the same filename. This is to know the one that can be referenced from ie. GameObjects
'Assets/Photon/Quantum/Runtime/QuantumUnityRuntime.cs' contains partial class of Unity.Object, exactly 1 of the partial classes needs to be in a file with the same filename. This is to know the one that can be referenced from ie. GameObjects
'Assets/Photon/Quantum/Runtime/QuantumUnityRuntime.cs' contains partial class of Unity.Object, exactly 1 of the partial classes needs to be in a file with the same filename. This is to know the one that can be referenced from ie. GameObjects
'Assets/Photon/Quantum/Runtime/QuantumUnityRuntime.cs' contains partial class of Unity.Object, exactly 1 of the partial classes needs to be in a file with the same filename. This is to know the one that can be referenced from ie. GameObjects
'Assets/Photon/Quantum/Runtime/QuantumUnityRuntime.cs' contains partial class of Unity.Object, exactly 1 of the partial classes needs to be in a file with the same filename. This is to know the one that can be referenced from ie. GameObjects
'Assets/Photon/Quantum/Runtime/QuantumUnityRuntime.cs' contains partial class of Unity.Object, exactly 1 of the partial classes needs to be in a file with the same filename. This is to know the one that can be referenced from ie. GameObjects
'Assets/Photon/Quantum/Runtime/QuantumUnityRuntime.cs' contains partial class of Unity.Object, exactly 1 of the partial classes needs to be in a file with the same filename. This is to know the one that can be referenced from ie. GameObjects
'Assets/Photon/Quantum/Runtime/QuantumUnityRuntime.cs' contains partial class of Unity.Object, exactly 1 of the partial classes needs to be in a file with the same filename. This is to know the one that can be referenced from ie. GameObjects
'Assets/Photon/Quantum/Runtime/QuantumUnityRuntime.cs' contains partial class of Unity.Object, exactly 1 of the partial classes needs to be in a file with the same filename. This is to know the one that can be referenced from ie. GameObjects
'Assets/Photon/Quantum/Runtime/QuantumUnityRuntime.cs' contains partial class of Unity.Object, exactly 1 of the partial classes needs to be in a file with the same filename. This is to know the one that can be referenced from ie. GameObjects
Native extension for Android target not found
Native extension for OSXStandalone target not found
[Package Manager] Failed to launch server process. Reason: Unity was launched with the -noUpm command-line argument
[Package Manager] Unable to send message (not connected to server process).
[Package Manager] Cannot connect to Unity Package Manager local server
ScheduleIndexationOnStartup MainProcess:False IndexOnStartup:True
Mono: successfully reloaded assembly
- Finished resetting the current domain, in  0.447 seconds
Domain Reload Profiling: 779ms
	BeginReloadAssembly (80ms)
		DisableScriptedObjects (3ms)
		CreateAndSetChildDomain (21ms)
	RebuildCommonClasses (22ms)
	RebuildNativeTypeToScriptingClass (10ms)
	initialDomainReloadingComplete (34ms)
	LoadAllAssembliesAndSetupDomain (186ms)
		LoadAssemblies (112ms)
		AnalyzeDomain (98ms)
			TypeCache.Refresh (5ms)
			BuildScriptInfoCaches (88ms)
			ResolveRequiredComponents (4ms)
	FinalizeReload (447ms)
		SetupLoadedEditorAssemblies (0ms)
			InitializePlatformSupportModulesInManaged (4ms)
			BeforeProcessingInitializeOnLoad (69ms)
			ProcessInitializeOnLoadAttributes (247ms)
			ProcessInitializeOnLoadMethodAttributes (38ms)
Unloading 5 Unused Serialized files (Serialized files now loaded: 0)
Unloading 3678 unused Assets / (1.0 MB). Loaded Objects now: 4284.
Memory consumption went from 103.4 MB to 102.3 MB.
Total: 5.811416 ms (FindLiveObjects: 0.240833 ms CreateObjectMapping: 0.080375 ms MarkObjects: 4.860875 ms  DeleteObjects: 0.628584 ms)

Prepare: number of updated asset objects reloaded= 0
========================================================================
Received Prepare
Begin MonoManager ReloadAssembly
[Licensing::Client] Successfully resolved entitlement details
Thread 0x16b0c7000 may have been prematurely finalized
Assembly Assembly-CSharp-Editor-firstpass.dll at Library/ScriptAssemblies/Assembly-CSharp-Editor-firstpass.dll not valid. Loading of assembly skipped.
Assembly Assembly-CSharp-Editor.dll at Library/ScriptAssemblies/Assembly-CSharp-Editor.dll not valid. Loading of assembly skipped.
Assembly Assembly-CSharp-firstpass.dll at Library/ScriptAssemblies/Assembly-CSharp-firstpass.dll not valid. Loading of assembly skipped.
Assembly PhotonWebSocket.dll at Library/ScriptAssemblies/PhotonWebSocket.dll not valid. Loading of assembly skipped.
Assembly TestNewCustomAssembly.dll at Library/ScriptAssemblies/TestNewCustomAssembly.dll not valid. Loading of assembly skipped.
Assembly Unity.AI.Navigation.Editor.Tests.dll at Library/ScriptAssemblies/Unity.AI.Navigation.Editor.Tests.dll not valid. Loading of assembly skipped.
Assembly Unity.AI.Navigation.LegacyOffMeshLink.Tests.dll at Library/ScriptAssemblies/Unity.AI.Navigation.LegacyOffMeshLink.Tests.dll not valid. Loading of assembly skipped.
Assembly Unity.AI.Navigation.Tests.dll at Library/ScriptAssemblies/Unity.AI.Navigation.Tests.dll not valid. Loading of assembly skipped.
Assembly Unity.AI.Navigation.Tests.EditorInPlaymode.dll at Library/ScriptAssemblies/Unity.AI.Navigation.Tests.EditorInPlaymode.dll not valid. Loading of assembly skipped.
Assembly Unity.InputSystem.IntegrationTests.dll at Library/ScriptAssemblies/Unity.InputSystem.IntegrationTests.dll not valid. Loading of assembly skipped.
Assembly Unity.Performance.Profile-Analyzer.EditorTests.dll at Library/ScriptAssemblies/Unity.Performance.Profile-Analyzer.EditorTests.dll not valid. Loading of assembly skipped.
Assembly Unity.Settings.Tests.dll at Library/ScriptAssemblies/Unity.Settings.Tests.dll not valid. Loading of assembly skipped.
Assembly Unity.TestTools.CodeCoverage.Editor.Compatibility.dll at Library/ScriptAssemblies/Unity.TestTools.CodeCoverage.Editor.Compatibility.dll not valid. Loading of assembly skipped.
Assembly Unity.TextMeshPro.Editor.Tests.dll at Library/ScriptAssemblies/Unity.TextMeshPro.Editor.Tests.dll not valid. Loading of assembly skipped.
Assembly Unity.TextMeshPro.Tests.dll at Library/ScriptAssemblies/Unity.TextMeshPro.Tests.dll not valid. Loading of assembly skipped.
Assembly UnityEditor.UI.Common.Tests.dll at Library/ScriptAssemblies/UnityEditor.UI.Common.Tests.dll not valid. Loading of assembly skipped.
Assembly UnityEditor.UI.EditorTests.dll at Library/ScriptAssemblies/UnityEditor.UI.EditorTests.dll not valid. Loading of assembly skipped.
Assembly UnityEngine.UI.Tests.dll at Library/ScriptAssemblies/UnityEngine.UI.Tests.dll not valid. Loading of assembly skipped.
'Assets/Photon/Quantum/Runtime/QuantumUnityRuntime.cs' contains partial class of Unity.Object, exactly 1 of the partial classes needs to be in a file with the same filename. This is to know the one that can be referenced from ie. GameObjects
'Assets/Photon/Quantum/Runtime/QuantumUnityRuntime.cs' contains partial class of Unity.Object, exactly 1 of the partial classes needs to be in a file with the same filename. This is to know the one that can be referenced from ie. GameObjects
'Assets/Photon/Quantum/Runtime/QuantumUnityRuntime.cs' contains partial class of Unity.Object, exactly 1 of the partial classes needs to be in a file with the same filename. This is to know the one that can be referenced from ie. GameObjects
'Assets/Photon/Quantum/Runtime/QuantumUnityRuntime.cs' contains partial class of Unity.Object, exactly 1 of the partial classes needs to be in a file with the same filename. This is to know the one that can be referenced from ie. GameObjects
'Assets/Photon/Quantum/Runtime/QuantumUnityRuntime.cs' contains partial class of Unity.Object, exactly 1 of the partial classes needs to be in a file with the same filename. This is to know the one that can be referenced from ie. GameObjects
'Assets/Photon/Quantum/Runtime/QuantumUnityRuntime.cs' contains partial class of Unity.Object, exactly 1 of the partial classes needs to be in a file with the same filename. This is to know the one that can be referenced from ie. GameObjects
'Assets/Photon/Quantum/Runtime/QuantumUnityRuntime.cs' contains partial class of Unity.Object, exactly 1 of the partial classes needs to be in a file with the same filename. This is to know the one that can be referenced from ie. GameObjects
'Assets/Photon/Quantum/Runtime/QuantumUnityRuntime.cs' contains partial class of Unity.Object, exactly 1 of the partial classes needs to be in a file with the same filename. This is to know the one that can be referenced from ie. GameObjects
'Assets/Photon/Quantum/Runtime/QuantumUnityRuntime.cs' contains partial class of Unity.Object, exactly 1 of the partial classes needs to be in a file with the same filename. This is to know the one that can be referenced from ie. GameObjects
'Assets/Photon/Quantum/Runtime/QuantumUnityRuntime.cs' contains partial class of Unity.Object, exactly 1 of the partial classes needs to be in a file with the same filename. This is to know the one that can be referenced from ie. GameObjects
'Assets/Photon/Quantum/Runtime/QuantumUnityRuntime.cs' contains partial class of Unity.Object, exactly 1 of the partial classes needs to be in a file with the same filename. This is to know the one that can be referenced from ie. GameObjects
Native extension for Android target not found
Native extension for OSXStandalone target not found
[Package Manager] Failed to launch server process. Reason: Unity was launched with the -noUpm command-line argument
[Package Manager] Unable to send message (not connected to server process).
[Package Manager] Cannot connect to Unity Package Manager local server
ScheduleIndexationOnStartup MainProcess:False IndexOnStartup:True
Mono: successfully reloaded assembly
- Finished resetting the current domain, in  0.456 seconds
Domain Reload Profiling: 817ms
	BeginReloadAssembly (87ms)
		DisableScriptedObjects (3ms)
		CreateAndSetChildDomain (24ms)
	RebuildCommonClasses (23ms)
	RebuildNativeTypeToScriptingClass (10ms)
	initialDomainReloadingComplete (35ms)
	LoadAllAssembliesAndSetupDomain (205ms)
		LoadAssemblies (125ms)
		AnalyzeDomain (107ms)
			TypeCache.Refresh (14ms)
				TypeCache.ScanAssembly (7ms)
			BuildScriptInfoCaches (88ms)
			ResolveRequiredComponents (5ms)
	FinalizeReload (457ms)
		SetupLoadedEditorAssemblies (0ms)
			InitializePlatformSupportModulesInManaged (4ms)
			BeforeProcessingInitializeOnLoad (73ms)
			ProcessInitializeOnLoadAttributes (248ms)
			ProcessInitializeOnLoadMethodAttributes (33ms)
Unloading 5 Unused Serialized files (Serialized files now loaded: 0)
Unloading 3678 unused Assets / (1.1 MB). Loaded Objects now: 4284.
Memory consumption went from 103.4 MB to 102.3 MB.
Total: 5.338416 ms (FindLiveObjects: 0.191458 ms CreateObjectMapping: 0.077333 ms MarkObjects: 4.436333 ms  DeleteObjects: 0.632959 ms)

Prepare: number of updated asset objects reloaded= 0
========================================================================
Received Prepare
Begin MonoManager ReloadAssembly
Thread 0x16b0c7000 may have been prematurely finalized
Assembly Assembly-CSharp-Editor-firstpass.dll at Library/ScriptAssemblies/Assembly-CSharp-Editor-firstpass.dll not valid. Loading of assembly skipped.
Assembly Assembly-CSharp-Editor.dll at Library/ScriptAssemblies/Assembly-CSharp-Editor.dll not valid. Loading of assembly skipped.
Assembly Assembly-CSharp-firstpass.dll at Library/ScriptAssemblies/Assembly-CSharp-firstpass.dll not valid. Loading of assembly skipped.
Assembly PhotonWebSocket.dll at Library/ScriptAssemblies/PhotonWebSocket.dll not valid. Loading of assembly skipped.
Assembly TestNewCustomAssembly.dll at Library/ScriptAssemblies/TestNewCustomAssembly.dll not valid. Loading of assembly skipped.
Assembly Unity.AI.Navigation.Editor.Tests.dll at Library/ScriptAssemblies/Unity.AI.Navigation.Editor.Tests.dll not valid. Loading of assembly skipped.
Assembly Unity.AI.Navigation.LegacyOffMeshLink.Tests.dll at Library/ScriptAssemblies/Unity.AI.Navigation.LegacyOffMeshLink.Tests.dll not valid. Loading of assembly skipped.
Assembly Unity.AI.Navigation.Tests.dll at Library/ScriptAssemblies/Unity.AI.Navigation.Tests.dll not valid. Loading of assembly skipped.
Assembly Unity.AI.Navigation.Tests.EditorInPlaymode.dll at Library/ScriptAssemblies/Unity.AI.Navigation.Tests.EditorInPlaymode.dll not valid. Loading of assembly skipped.
Assembly Unity.InputSystem.IntegrationTests.dll at Library/ScriptAssemblies/Unity.InputSystem.IntegrationTests.dll not valid. Loading of assembly skipped.
Assembly Unity.Performance.Profile-Analyzer.EditorTests.dll at Library/ScriptAssemblies/Unity.Performance.Profile-Analyzer.EditorTests.dll not valid. Loading of assembly skipped.
Assembly Unity.Settings.Tests.dll at Library/ScriptAssemblies/Unity.Settings.Tests.dll not valid. Loading of assembly skipped.
Assembly Unity.TestTools.CodeCoverage.Editor.Compatibility.dll at Library/ScriptAssemblies/Unity.TestTools.CodeCoverage.Editor.Compatibility.dll not valid. Loading of assembly skipped.
Assembly Unity.TextMeshPro.Editor.Tests.dll at Library/ScriptAssemblies/Unity.TextMeshPro.Editor.Tests.dll not valid. Loading of assembly skipped.
Assembly Unity.TextMeshPro.Tests.dll at Library/ScriptAssemblies/Unity.TextMeshPro.Tests.dll not valid. Loading of assembly skipped.
Assembly UnityEditor.UI.Common.Tests.dll at Library/ScriptAssemblies/UnityEditor.UI.Common.Tests.dll not valid. Loading of assembly skipped.
Assembly UnityEditor.UI.EditorTests.dll at Library/ScriptAssemblies/UnityEditor.UI.EditorTests.dll not valid. Loading of assembly skipped.
Assembly UnityEngine.UI.Tests.dll at Library/ScriptAssemblies/UnityEngine.UI.Tests.dll not valid. Loading of assembly skipped.
'Assets/Photon/Quantum/Runtime/QuantumUnityRuntime.cs' contains partial class of Unity.Object, exactly 1 of the partial classes needs to be in a file with the same filename. This is to know the one that can be referenced from ie. GameObjects
'Assets/Photon/Quantum/Runtime/QuantumUnityRuntime.cs' contains partial class of Unity.Object, exactly 1 of the partial classes needs to be in a file with the same filename. This is to know the one that can be referenced from ie. GameObjects
'Assets/Photon/Quantum/Runtime/QuantumUnityRuntime.cs' contains partial class of Unity.Object, exactly 1 of the partial classes needs to be in a file with the same filename. This is to know the one that can be referenced from ie. GameObjects
'Assets/Photon/Quantum/Runtime/QuantumUnityRuntime.cs' contains partial class of Unity.Object, exactly 1 of the partial classes needs to be in a file with the same filename. This is to know the one that can be referenced from ie. GameObjects
'Assets/Photon/Quantum/Runtime/QuantumUnityRuntime.cs' contains partial class of Unity.Object, exactly 1 of the partial classes needs to be in a file with the same filename. This is to know the one that can be referenced from ie. GameObjects
'Assets/Photon/Quantum/Runtime/QuantumUnityRuntime.cs' contains partial class of Unity.Object, exactly 1 of the partial classes needs to be in a file with the same filename. This is to know the one that can be referenced from ie. GameObjects
'Assets/Photon/Quantum/Runtime/QuantumUnityRuntime.cs' contains partial class of Unity.Object, exactly 1 of the partial classes needs to be in a file with the same filename. This is to know the one that can be referenced from ie. GameObjects
'Assets/Photon/Quantum/Runtime/QuantumUnityRuntime.cs' contains partial class of Unity.Object, exactly 1 of the partial classes needs to be in a file with the same filename. This is to know the one that can be referenced from ie. GameObjects
'Assets/Photon/Quantum/Runtime/QuantumUnityRuntime.cs' contains partial class of Unity.Object, exactly 1 of the partial classes needs to be in a file with the same filename. This is to know the one that can be referenced from ie. GameObjects
'Assets/Photon/Quantum/Runtime/QuantumUnityRuntime.cs' contains partial class of Unity.Object, exactly 1 of the partial classes needs to be in a file with the same filename. This is to know the one that can be referenced from ie. GameObjects
'Assets/Photon/Quantum/Runtime/QuantumUnityRuntime.cs' contains partial class of Unity.Object, exactly 1 of the partial classes needs to be in a file with the same filename. This is to know the one that can be referenced from ie. GameObjects
Native extension for Android target not found
Native extension for OSXStandalone target not found
[Package Manager] Failed to launch server process. Reason: Unity was launched with the -noUpm command-line argument
[Package Manager] Unable to send message (not connected to server process).
[Package Manager] Cannot connect to Unity Package Manager local server
ScheduleIndexationOnStartup MainProcess:False IndexOnStartup:True
Mono: successfully reloaded assembly
- Finished resetting the current domain, in  0.444 seconds
Domain Reload Profiling: 791ms
	BeginReloadAssembly (82ms)
		DisableScriptedObjects (3ms)
		CreateAndSetChildDomain (23ms)
	RebuildCommonClasses (23ms)
	RebuildNativeTypeToScriptingClass (10ms)
	initialDomainReloadingComplete (34ms)
	LoadAllAssembliesAndSetupDomain (199ms)
		LoadAssemblies (118ms)
		AnalyzeDomain (105ms)
			TypeCache.Refresh (5ms)
			BuildScriptInfoCaches (94ms)
			ResolveRequiredComponents (5ms)
	FinalizeReload (444ms)
		SetupLoadedEditorAssemblies (0ms)
			InitializePlatformSupportModulesInManaged (4ms)
			BeforeProcessingInitializeOnLoad (68ms)
			ProcessInitializeOnLoadAttributes (246ms)
			ProcessInitializeOnLoadMethodAttributes (37ms)
Unloading 5 Unused Serialized files (Serialized files now loaded: 0)
Unloading 3678 unused Assets / (0.7 MB). Loaded Objects now: 4284.
Memory consumption went from 103.4 MB to 102.7 MB.
Total: 5.781333 ms (FindLiveObjects: 0.213709 ms CreateObjectMapping: 0.072584 ms MarkObjects: 4.777416 ms  DeleteObjects: 0.717375 ms)

Prepare: number of updated asset objects reloaded= 0
========================================================================
Received Prepare
'Assets/Photon/Quantum/Runtime/QuantumUnityRuntime.cs' contains partial class of Unity.Object, exactly 1 of the partial classes needs to be in a file with the same filename. This is to know the one that can be referenced from ie. GameObjects
'Assets/Photon/Quantum/Runtime/QuantumUnityRuntime.cs' contains partial class of Unity.Object, exactly 1 of the partial classes needs to be in a file with the same filename. This is to know the one that can be referenced from ie. GameObjects
'Assets/Photon/Quantum/Runtime/QuantumUnityRuntime.cs' contains partial class of Unity.Object, exactly 1 of the partial classes needs to be in a file with the same filename. This is to know the one that can be referenced from ie. GameObjects
'Assets/Photon/Quantum/Runtime/QuantumUnityRuntime.cs' contains partial class of Unity.Object, exactly 1 of the partial classes needs to be in a file with the same filename. This is to know the one that can be referenced from ie. GameObjects
'Assets/Photon/Quantum/Runtime/QuantumUnityRuntime.cs' contains partial class of Unity.Object, exactly 1 of the partial classes needs to be in a file with the same filename. This is to know the one that can be referenced from ie. GameObjects
'Assets/Photon/Quantum/Runtime/QuantumUnityRuntime.cs' contains partial class of Unity.Object, exactly 1 of the partial classes needs to be in a file with the same filename. This is to know the one that can be referenced from ie. GameObjects
'Assets/Photon/Quantum/Runtime/QuantumUnityRuntime.cs' contains partial class of Unity.Object, exactly 1 of the partial classes needs to be in a file with the same filename. This is to know the one that can be referenced from ie. GameObjects
'Assets/Photon/Quantum/Runtime/QuantumUnityRuntime.cs' contains partial class of Unity.Object, exactly 1 of the partial classes needs to be in a file with the same filename. This is to know the one that can be referenced from ie. GameObjects
'Assets/Photon/Quantum/Runtime/QuantumUnityRuntime.cs' contains partial class of Unity.Object, exactly 1 of the partial classes needs to be in a file with the same filename. This is to know the one that can be referenced from ie. GameObjects
'Assets/Photon/Quantum/Runtime/QuantumUnityRuntime.cs' contains partial class of Unity.Object, exactly 1 of the partial classes needs to be in a file with the same filename. This is to know the one that can be referenced from ie. GameObjects
'Assets/Photon/Quantum/Runtime/QuantumUnityRuntime.cs' contains partial class of Unity.Object, exactly 1 of the partial classes needs to be in a file with the same filename. This is to know the one that can be referenced from ie. GameObjects
Unloading 5 Unused Serialized files (Serialized files now loaded: 0)
Unloading 3671 unused Assets / (1.1 MB). Loaded Objects now: 4285.
Memory consumption went from 91.7 MB to 90.6 MB.
Total: 4.962208 ms (FindLiveObjects: 0.191667 ms CreateObjectMapping: 0.072458 ms MarkObjects: 4.126834 ms  DeleteObjects: 0.571041 ms)

Prepare: number of updated asset objects reloaded= 0
========================================================================
Received Prepare
'Assets/Photon/Quantum/Runtime/QuantumUnityRuntime.cs' contains partial class of Unity.Object, exactly 1 of the partial classes needs to be in a file with the same filename. This is to know the one that can be referenced from ie. GameObjects
'Assets/Photon/Quantum/Runtime/QuantumUnityRuntime.cs' contains partial class of Unity.Object, exactly 1 of the partial classes needs to be in a file with the same filename. This is to know the one that can be referenced from ie. GameObjects
'Assets/Photon/Quantum/Runtime/QuantumUnityRuntime.cs' contains partial class of Unity.Object, exactly 1 of the partial classes needs to be in a file with the same filename. This is to know the one that can be referenced from ie. GameObjects
'Assets/Photon/Quantum/Runtime/QuantumUnityRuntime.cs' contains partial class of Unity.Object, exactly 1 of the partial classes needs to be in a file with the same filename. This is to know the one that can be referenced from ie. GameObjects
'Assets/Photon/Quantum/Runtime/QuantumUnityRuntime.cs' contains partial class of Unity.Object, exactly 1 of the partial classes needs to be in a file with the same filename. This is to know the one that can be referenced from ie. GameObjects
'Assets/Photon/Quantum/Runtime/QuantumUnityRuntime.cs' contains partial class of Unity.Object, exactly 1 of the partial classes needs to be in a file with the same filename. This is to know the one that can be referenced from ie. GameObjects
'Assets/Photon/Quantum/Runtime/QuantumUnityRuntime.cs' contains partial class of Unity.Object, exactly 1 of the partial classes needs to be in a file with the same filename. This is to know the one that can be referenced from ie. GameObjects
'Assets/Photon/Quantum/Runtime/QuantumUnityRuntime.cs' contains partial class of Unity.Object, exactly 1 of the partial classes needs to be in a file with the same filename. This is to know the one that can be referenced from ie. GameObjects
'Assets/Photon/Quantum/Runtime/QuantumUnityRuntime.cs' contains partial class of Unity.Object, exactly 1 of the partial classes needs to be in a file with the same filename. This is to know the one that can be referenced from ie. GameObjects
'Assets/Photon/Quantum/Runtime/QuantumUnityRuntime.cs' contains partial class of Unity.Object, exactly 1 of the partial classes needs to be in a file with the same filename. This is to know the one that can be referenced from ie. GameObjects
'Assets/Photon/Quantum/Runtime/QuantumUnityRuntime.cs' contains partial class of Unity.Object, exactly 1 of the partial classes needs to be in a file with the same filename. This is to know the one that can be referenced from ie. GameObjects
Unloading 5 Unused Serialized files (Serialized files now loaded: 0)
Unloading 3672 unused Assets / (0.7 MB). Loaded Objects now: 4286.
Memory consumption went from 91.7 MB to 91.0 MB.
Total: 5.276500 ms (FindLiveObjects: 0.207375 ms CreateObjectMapping: 0.073833 ms MarkObjects: 4.319375 ms  DeleteObjects: 0.675584 ms)

Prepare: number of updated asset objects reloaded= 0
========================================================================
Received Prepare
Begin MonoManager ReloadAssembly
[Licensing::Client] Successfully resolved entitlement details
Thread 0x16b0c7000 may have been prematurely finalized
Assembly Assembly-CSharp-Editor-firstpass.dll at Library/ScriptAssemblies/Assembly-CSharp-Editor-firstpass.dll not valid. Loading of assembly skipped.
Assembly Assembly-CSharp-Editor.dll at Library/ScriptAssemblies/Assembly-CSharp-Editor.dll not valid. Loading of assembly skipped.
Assembly Assembly-CSharp-firstpass.dll at Library/ScriptAssemblies/Assembly-CSharp-firstpass.dll not valid. Loading of assembly skipped.
Assembly PhotonWebSocket.dll at Library/ScriptAssemblies/PhotonWebSocket.dll not valid. Loading of assembly skipped.
Assembly TestNewCustomAssembly.dll at Library/ScriptAssemblies/TestNewCustomAssembly.dll not valid. Loading of assembly skipped.
Assembly Unity.AI.Navigation.Editor.Tests.dll at Library/ScriptAssemblies/Unity.AI.Navigation.Editor.Tests.dll not valid. Loading of assembly skipped.
Assembly Unity.AI.Navigation.LegacyOffMeshLink.Tests.dll at Library/ScriptAssemblies/Unity.AI.Navigation.LegacyOffMeshLink.Tests.dll not valid. Loading of assembly skipped.
Assembly Unity.AI.Navigation.Tests.dll at Library/ScriptAssemblies/Unity.AI.Navigation.Tests.dll not valid. Loading of assembly skipped.
Assembly Unity.AI.Navigation.Tests.EditorInPlaymode.dll at Library/ScriptAssemblies/Unity.AI.Navigation.Tests.EditorInPlaymode.dll not valid. Loading of assembly skipped.
Assembly Unity.InputSystem.IntegrationTests.dll at Library/ScriptAssemblies/Unity.InputSystem.IntegrationTests.dll not valid. Loading of assembly skipped.
Assembly Unity.Performance.Profile-Analyzer.EditorTests.dll at Library/ScriptAssemblies/Unity.Performance.Profile-Analyzer.EditorTests.dll not valid. Loading of assembly skipped.
Assembly Unity.Settings.Tests.dll at Library/ScriptAssemblies/Unity.Settings.Tests.dll not valid. Loading of assembly skipped.
Assembly Unity.TestTools.CodeCoverage.Editor.Compatibility.dll at Library/ScriptAssemblies/Unity.TestTools.CodeCoverage.Editor.Compatibility.dll not valid. Loading of assembly skipped.
Assembly Unity.TextMeshPro.Editor.Tests.dll at Library/ScriptAssemblies/Unity.TextMeshPro.Editor.Tests.dll not valid. Loading of assembly skipped.
Assembly Unity.TextMeshPro.Tests.dll at Library/ScriptAssemblies/Unity.TextMeshPro.Tests.dll not valid. Loading of assembly skipped.
Assembly UnityEditor.UI.Common.Tests.dll at Library/ScriptAssemblies/UnityEditor.UI.Common.Tests.dll not valid. Loading of assembly skipped.
Assembly UnityEditor.UI.EditorTests.dll at Library/ScriptAssemblies/UnityEditor.UI.EditorTests.dll not valid. Loading of assembly skipped.
Assembly UnityEngine.UI.Tests.dll at Library/ScriptAssemblies/UnityEngine.UI.Tests.dll not valid. Loading of assembly skipped.
'Assets/Photon/Quantum/Runtime/QuantumUnityRuntime.cs' contains partial class of Unity.Object, exactly 1 of the partial classes needs to be in a file with the same filename. This is to know the one that can be referenced from ie. GameObjects
'Assets/Photon/Quantum/Runtime/QuantumUnityRuntime.cs' contains partial class of Unity.Object, exactly 1 of the partial classes needs to be in a file with the same filename. This is to know the one that can be referenced from ie. GameObjects
'Assets/Photon/Quantum/Runtime/QuantumUnityRuntime.cs' contains partial class of Unity.Object, exactly 1 of the partial classes needs to be in a file with the same filename. This is to know the one that can be referenced from ie. GameObjects
'Assets/Photon/Quantum/Runtime/QuantumUnityRuntime.cs' contains partial class of Unity.Object, exactly 1 of the partial classes needs to be in a file with the same filename. This is to know the one that can be referenced from ie. GameObjects
'Assets/Photon/Quantum/Runtime/QuantumUnityRuntime.cs' contains partial class of Unity.Object, exactly 1 of the partial classes needs to be in a file with the same filename. This is to know the one that can be referenced from ie. GameObjects
'Assets/Photon/Quantum/Runtime/QuantumUnityRuntime.cs' contains partial class of Unity.Object, exactly 1 of the partial classes needs to be in a file with the same filename. This is to know the one that can be referenced from ie. GameObjects
'Assets/Photon/Quantum/Runtime/QuantumUnityRuntime.cs' contains partial class of Unity.Object, exactly 1 of the partial classes needs to be in a file with the same filename. This is to know the one that can be referenced from ie. GameObjects
'Assets/Photon/Quantum/Runtime/QuantumUnityRuntime.cs' contains partial class of Unity.Object, exactly 1 of the partial classes needs to be in a file with the same filename. This is to know the one that can be referenced from ie. GameObjects
'Assets/Photon/Quantum/Runtime/QuantumUnityRuntime.cs' contains partial class of Unity.Object, exactly 1 of the partial classes needs to be in a file with the same filename. This is to know the one that can be referenced from ie. GameObjects
'Assets/Photon/Quantum/Runtime/QuantumUnityRuntime.cs' contains partial class of Unity.Object, exactly 1 of the partial classes needs to be in a file with the same filename. This is to know the one that can be referenced from ie. GameObjects
'Assets/Photon/Quantum/Runtime/QuantumUnityRuntime.cs' contains partial class of Unity.Object, exactly 1 of the partial classes needs to be in a file with the same filename. This is to know the one that can be referenced from ie. GameObjects
Native extension for Android target not found
Native extension for OSXStandalone target not found
[Package Manager] Failed to launch server process. Reason: Unity was launched with the -noUpm command-line argument
[Package Manager] Unable to send message (not connected to server process).
[Package Manager] Cannot connect to Unity Package Manager local server
ScheduleIndexationOnStartup MainProcess:False IndexOnStartup:True
Mono: successfully reloaded assembly
- Finished resetting the current domain, in  0.424 seconds
Domain Reload Profiling: 836ms
	BeginReloadAssembly (89ms)
		DisableScriptedObjects (3ms)
		CreateAndSetChildDomain (24ms)
	RebuildCommonClasses (25ms)
	RebuildNativeTypeToScriptingClass (10ms)
	initialDomainReloadingComplete (38ms)
	LoadAllAssembliesAndSetupDomain (251ms)
		LoadAssemblies (166ms)
		AnalyzeDomain (113ms)
			TypeCache.Refresh (14ms)
				TypeCache.ScanAssembly (8ms)
			BuildScriptInfoCaches (94ms)
			ResolveRequiredComponents (4ms)
	FinalizeReload (424ms)
		SetupLoadedEditorAssemblies (0ms)
			InitializePlatformSupportModulesInManaged (4ms)
			BeforeProcessingInitializeOnLoad (68ms)
			ProcessInitializeOnLoadAttributes (232ms)
			ProcessInitializeOnLoadMethodAttributes (30ms)
Unloading 5 Unused Serialized files (Serialized files now loaded: 0)
Unloading 3680 unused Assets / (1.2 MB). Loaded Objects now: 4286.
Memory consumption went from 103.4 MB to 102.2 MB.
Total: 4.829416 ms (FindLiveObjects: 0.189084 ms CreateObjectMapping: 0.069959 ms MarkObjects: 3.992209 ms  DeleteObjects: 0.577417 ms)

Prepare: number of updated asset objects reloaded= 0
========================================================================
Received Prepare
Begin MonoManager ReloadAssembly
Thread 0x16b0c7000 may have been prematurely finalized
Assembly Assembly-CSharp-Editor-firstpass.dll at Library/ScriptAssemblies/Assembly-CSharp-Editor-firstpass.dll not valid. Loading of assembly skipped.
Assembly Assembly-CSharp-Editor.dll at Library/ScriptAssemblies/Assembly-CSharp-Editor.dll not valid. Loading of assembly skipped.
Assembly Assembly-CSharp-firstpass.dll at Library/ScriptAssemblies/Assembly-CSharp-firstpass.dll not valid. Loading of assembly skipped.
Assembly PhotonWebSocket.dll at Library/ScriptAssemblies/PhotonWebSocket.dll not valid. Loading of assembly skipped.
Assembly TestNewCustomAssembly.dll at Library/ScriptAssemblies/TestNewCustomAssembly.dll not valid. Loading of assembly skipped.
Assembly Unity.AI.Navigation.Editor.Tests.dll at Library/ScriptAssemblies/Unity.AI.Navigation.Editor.Tests.dll not valid. Loading of assembly skipped.
Assembly Unity.AI.Navigation.LegacyOffMeshLink.Tests.dll at Library/ScriptAssemblies/Unity.AI.Navigation.LegacyOffMeshLink.Tests.dll not valid. Loading of assembly skipped.
Assembly Unity.AI.Navigation.Tests.dll at Library/ScriptAssemblies/Unity.AI.Navigation.Tests.dll not valid. Loading of assembly skipped.
Assembly Unity.AI.Navigation.Tests.EditorInPlaymode.dll at Library/ScriptAssemblies/Unity.AI.Navigation.Tests.EditorInPlaymode.dll not valid. Loading of assembly skipped.
Assembly Unity.InputSystem.IntegrationTests.dll at Library/ScriptAssemblies/Unity.InputSystem.IntegrationTests.dll not valid. Loading of assembly skipped.
Assembly Unity.Performance.Profile-Analyzer.EditorTests.dll at Library/ScriptAssemblies/Unity.Performance.Profile-Analyzer.EditorTests.dll not valid. Loading of assembly skipped.
Assembly Unity.Settings.Tests.dll at Library/ScriptAssemblies/Unity.Settings.Tests.dll not valid. Loading of assembly skipped.
Assembly Unity.TestTools.CodeCoverage.Editor.Compatibility.dll at Library/ScriptAssemblies/Unity.TestTools.CodeCoverage.Editor.Compatibility.dll not valid. Loading of assembly skipped.
Assembly Unity.TextMeshPro.Editor.Tests.dll at Library/ScriptAssemblies/Unity.TextMeshPro.Editor.Tests.dll not valid. Loading of assembly skipped.
Assembly Unity.TextMeshPro.Tests.dll at Library/ScriptAssemblies/Unity.TextMeshPro.Tests.dll not valid. Loading of assembly skipped.
Assembly UnityEditor.UI.Common.Tests.dll at Library/ScriptAssemblies/UnityEditor.UI.Common.Tests.dll not valid. Loading of assembly skipped.
Assembly UnityEditor.UI.EditorTests.dll at Library/ScriptAssemblies/UnityEditor.UI.EditorTests.dll not valid. Loading of assembly skipped.
Assembly UnityEngine.UI.Tests.dll at Library/ScriptAssemblies/UnityEngine.UI.Tests.dll not valid. Loading of assembly skipped.
'Assets/Photon/Quantum/Runtime/QuantumUnityRuntime.cs' contains partial class of Unity.Object, exactly 1 of the partial classes needs to be in a file with the same filename. This is to know the one that can be referenced from ie. GameObjects
'Assets/Photon/Quantum/Runtime/QuantumUnityRuntime.cs' contains partial class of Unity.Object, exactly 1 of the partial classes needs to be in a file with the same filename. This is to know the one that can be referenced from ie. GameObjects
'Assets/Photon/Quantum/Runtime/QuantumUnityRuntime.cs' contains partial class of Unity.Object, exactly 1 of the partial classes needs to be in a file with the same filename. This is to know the one that can be referenced from ie. GameObjects
'Assets/Photon/Quantum/Runtime/QuantumUnityRuntime.cs' contains partial class of Unity.Object, exactly 1 of the partial classes needs to be in a file with the same filename. This is to know the one that can be referenced from ie. GameObjects
'Assets/Photon/Quantum/Runtime/QuantumUnityRuntime.cs' contains partial class of Unity.Object, exactly 1 of the partial classes needs to be in a file with the same filename. This is to know the one that can be referenced from ie. GameObjects
'Assets/Photon/Quantum/Runtime/QuantumUnityRuntime.cs' contains partial class of Unity.Object, exactly 1 of the partial classes needs to be in a file with the same filename. This is to know the one that can be referenced from ie. GameObjects
'Assets/Photon/Quantum/Runtime/QuantumUnityRuntime.cs' contains partial class of Unity.Object, exactly 1 of the partial classes needs to be in a file with the same filename. This is to know the one that can be referenced from ie. GameObjects
'Assets/Photon/Quantum/Runtime/QuantumUnityRuntime.cs' contains partial class of Unity.Object, exactly 1 of the partial classes needs to be in a file with the same filename. This is to know the one that can be referenced from ie. GameObjects
'Assets/Photon/Quantum/Runtime/QuantumUnityRuntime.cs' contains partial class of Unity.Object, exactly 1 of the partial classes needs to be in a file with the same filename. This is to know the one that can be referenced from ie. GameObjects
'Assets/Photon/Quantum/Runtime/QuantumUnityRuntime.cs' contains partial class of Unity.Object, exactly 1 of the partial classes needs to be in a file with the same filename. This is to know the one that can be referenced from ie. GameObjects
'Assets/Photon/Quantum/Runtime/QuantumUnityRuntime.cs' contains partial class of Unity.Object, exactly 1 of the partial classes needs to be in a file with the same filename. This is to know the one that can be referenced from ie. GameObjects
Native extension for Android target not found
Native extension for OSXStandalone target not found
[Package Manager] Failed to launch server process. Reason: Unity was launched with the -noUpm command-line argument
[Package Manager] Unable to send message (not connected to server process).
[Package Manager] Cannot connect to Unity Package Manager local server
ScheduleIndexationOnStartup MainProcess:False IndexOnStartup:True
Mono: successfully reloaded assembly
- Finished resetting the current domain, in  0.436 seconds
Domain Reload Profiling: 789ms
	BeginReloadAssembly (84ms)
		DisableScriptedObjects (3ms)
		CreateAndSetChildDomain (22ms)
	RebuildCommonClasses (23ms)
	RebuildNativeTypeToScriptingClass (10ms)
	initialDomainReloadingComplete (35ms)
	LoadAllAssembliesAndSetupDomain (200ms)
		LoadAssemblies (125ms)
		AnalyzeDomain (101ms)
			TypeCache.Refresh (5ms)
			BuildScriptInfoCaches (91ms)
			ResolveRequiredComponents (4ms)
	FinalizeReload (436ms)
		SetupLoadedEditorAssemblies (0ms)
			InitializePlatformSupportModulesInManaged (4ms)
			BeforeProcessingInitializeOnLoad (68ms)
			ProcessInitializeOnLoadAttributes (240ms)
			ProcessInitializeOnLoadMethodAttributes (35ms)
Unloading 5 Unused Serialized files (Serialized files now loaded: 0)
Unloading 3680 unused Assets / (1.1 MB). Loaded Objects now: 4286.
Memory consumption went from 103.4 MB to 102.3 MB.
Total: 5.833375 ms (FindLiveObjects: 0.202917 ms CreateObjectMapping: 0.072000 ms MarkObjects: 4.875791 ms  DeleteObjects: 0.682167 ms)

Prepare: number of updated asset objects reloaded= 0
========================================================================
Received Prepare
Begin MonoManager ReloadAssembly
[Licensing::Client] Successfully resolved entitlement details
Thread 0x16b0c7000 may have been prematurely finalized
Assembly Assembly-CSharp-Editor-firstpass.dll at Library/ScriptAssemblies/Assembly-CSharp-Editor-firstpass.dll not valid. Loading of assembly skipped.
Assembly Assembly-CSharp-Editor.dll at Library/ScriptAssemblies/Assembly-CSharp-Editor.dll not valid. Loading of assembly skipped.
Assembly Assembly-CSharp-firstpass.dll at Library/ScriptAssemblies/Assembly-CSharp-firstpass.dll not valid. Loading of assembly skipped.
Assembly PhotonWebSocket.dll at Library/ScriptAssemblies/PhotonWebSocket.dll not valid. Loading of assembly skipped.
Assembly TestNewCustomAssembly.dll at Library/ScriptAssemblies/TestNewCustomAssembly.dll not valid. Loading of assembly skipped.
Assembly Unity.AI.Navigation.Editor.Tests.dll at Library/ScriptAssemblies/Unity.AI.Navigation.Editor.Tests.dll not valid. Loading of assembly skipped.
Assembly Unity.AI.Navigation.LegacyOffMeshLink.Tests.dll at Library/ScriptAssemblies/Unity.AI.Navigation.LegacyOffMeshLink.Tests.dll not valid. Loading of assembly skipped.
Assembly Unity.AI.Navigation.Tests.dll at Library/ScriptAssemblies/Unity.AI.Navigation.Tests.dll not valid. Loading of assembly skipped.
Assembly Unity.AI.Navigation.Tests.EditorInPlaymode.dll at Library/ScriptAssemblies/Unity.AI.Navigation.Tests.EditorInPlaymode.dll not valid. Loading of assembly skipped.
Assembly Unity.InputSystem.IntegrationTests.dll at Library/ScriptAssemblies/Unity.InputSystem.IntegrationTests.dll not valid. Loading of assembly skipped.
Assembly Unity.Performance.Profile-Analyzer.EditorTests.dll at Library/ScriptAssemblies/Unity.Performance.Profile-Analyzer.EditorTests.dll not valid. Loading of assembly skipped.
Assembly Unity.Settings.Tests.dll at Library/ScriptAssemblies/Unity.Settings.Tests.dll not valid. Loading of assembly skipped.
Assembly Unity.TestTools.CodeCoverage.Editor.Compatibility.dll at Library/ScriptAssemblies/Unity.TestTools.CodeCoverage.Editor.Compatibility.dll not valid. Loading of assembly skipped.
Assembly Unity.TextMeshPro.Editor.Tests.dll at Library/ScriptAssemblies/Unity.TextMeshPro.Editor.Tests.dll not valid. Loading of assembly skipped.
Assembly Unity.TextMeshPro.Tests.dll at Library/ScriptAssemblies/Unity.TextMeshPro.Tests.dll not valid. Loading of assembly skipped.
Assembly UnityEditor.UI.Common.Tests.dll at Library/ScriptAssemblies/UnityEditor.UI.Common.Tests.dll not valid. Loading of assembly skipped.
Assembly UnityEditor.UI.EditorTests.dll at Library/ScriptAssemblies/UnityEditor.UI.EditorTests.dll not valid. Loading of assembly skipped.
Assembly UnityEngine.UI.Tests.dll at Library/ScriptAssemblies/UnityEngine.UI.Tests.dll not valid. Loading of assembly skipped.
'Assets/Photon/Quantum/Runtime/QuantumUnityRuntime.cs' contains partial class of Unity.Object, exactly 1 of the partial classes needs to be in a file with the same filename. This is to know the one that can be referenced from ie. GameObjects
'Assets/Photon/Quantum/Runtime/QuantumUnityRuntime.cs' contains partial class of Unity.Object, exactly 1 of the partial classes needs to be in a file with the same filename. This is to know the one that can be referenced from ie. GameObjects
'Assets/Photon/Quantum/Runtime/QuantumUnityRuntime.cs' contains partial class of Unity.Object, exactly 1 of the partial classes needs to be in a file with the same filename. This is to know the one that can be referenced from ie. GameObjects
'Assets/Photon/Quantum/Runtime/QuantumUnityRuntime.cs' contains partial class of Unity.Object, exactly 1 of the partial classes needs to be in a file with the same filename. This is to know the one that can be referenced from ie. GameObjects
'Assets/Photon/Quantum/Runtime/QuantumUnityRuntime.cs' contains partial class of Unity.Object, exactly 1 of the partial classes needs to be in a file with the same filename. This is to know the one that can be referenced from ie. GameObjects
'Assets/Photon/Quantum/Runtime/QuantumUnityRuntime.cs' contains partial class of Unity.Object, exactly 1 of the partial classes needs to be in a file with the same filename. This is to know the one that can be referenced from ie. GameObjects
'Assets/Photon/Quantum/Runtime/QuantumUnityRuntime.cs' contains partial class of Unity.Object, exactly 1 of the partial classes needs to be in a file with the same filename. This is to know the one that can be referenced from ie. GameObjects
'Assets/Photon/Quantum/Runtime/QuantumUnityRuntime.cs' contains partial class of Unity.Object, exactly 1 of the partial classes needs to be in a file with the same filename. This is to know the one that can be referenced from ie. GameObjects
'Assets/Photon/Quantum/Runtime/QuantumUnityRuntime.cs' contains partial class of Unity.Object, exactly 1 of the partial classes needs to be in a file with the same filename. This is to know the one that can be referenced from ie. GameObjects
'Assets/Photon/Quantum/Runtime/QuantumUnityRuntime.cs' contains partial class of Unity.Object, exactly 1 of the partial classes needs to be in a file with the same filename. This is to know the one that can be referenced from ie. GameObjects
'Assets/Photon/Quantum/Runtime/QuantumUnityRuntime.cs' contains partial class of Unity.Object, exactly 1 of the partial classes needs to be in a file with the same filename. This is to know the one that can be referenced from ie. GameObjects
Native extension for Android target not found
Native extension for OSXStandalone target not found
[Package Manager] Failed to launch server process. Reason: Unity was launched with the -noUpm command-line argument
[Package Manager] Unable to send message (not connected to server process).
[Package Manager] Cannot connect to Unity Package Manager local server
ScheduleIndexationOnStartup MainProcess:False IndexOnStartup:True
Mono: successfully reloaded assembly
- Finished resetting the current domain, in  0.450 seconds
Domain Reload Profiling: 810ms
	BeginReloadAssembly (89ms)
		DisableScriptedObjects (3ms)
		CreateAndSetChildDomain (25ms)
	RebuildCommonClasses (23ms)
	RebuildNativeTypeToScriptingClass (10ms)
	initialDomainReloadingComplete (37ms)
	LoadAllAssembliesAndSetupDomain (202ms)
		LoadAssemblies (124ms)
		AnalyzeDomain (104ms)
			TypeCache.Refresh (13ms)
				TypeCache.ScanAssembly (7ms)
			BuildScriptInfoCaches (85ms)
			ResolveRequiredComponents (4ms)
	FinalizeReload (450ms)
		SetupLoadedEditorAssemblies (0ms)
			InitializePlatformSupportModulesInManaged (4ms)
			BeforeProcessingInitializeOnLoad (74ms)
			ProcessInitializeOnLoadAttributes (249ms)
			ProcessInitializeOnLoadMethodAttributes (31ms)
Unloading 5 Unused Serialized files (Serialized files now loaded: 0)
Unloading 3681 unused Assets / (1.1 MB). Loaded Objects now: 4287.
Memory consumption went from 103.4 MB to 102.3 MB.
Total: 4.767458 ms (FindLiveObjects: 0.163167 ms CreateObjectMapping: 0.072000 ms MarkObjects: 3.991750 ms  DeleteObjects: 0.539958 ms)

Prepare: number of updated asset objects reloaded= 0
========================================================================
Received Prepare
Begin MonoManager ReloadAssembly
Thread 0x16b0c7000 may have been prematurely finalized
Assembly Assembly-CSharp-Editor-firstpass.dll at Library/ScriptAssemblies/Assembly-CSharp-Editor-firstpass.dll not valid. Loading of assembly skipped.
Assembly Assembly-CSharp-Editor.dll at Library/ScriptAssemblies/Assembly-CSharp-Editor.dll not valid. Loading of assembly skipped.
Assembly Assembly-CSharp-firstpass.dll at Library/ScriptAssemblies/Assembly-CSharp-firstpass.dll not valid. Loading of assembly skipped.
Assembly PhotonWebSocket.dll at Library/ScriptAssemblies/PhotonWebSocket.dll not valid. Loading of assembly skipped.
Assembly TestNewCustomAssembly.dll at Library/ScriptAssemblies/TestNewCustomAssembly.dll not valid. Loading of assembly skipped.
Assembly Unity.AI.Navigation.Editor.Tests.dll at Library/ScriptAssemblies/Unity.AI.Navigation.Editor.Tests.dll not valid. Loading of assembly skipped.
Assembly Unity.AI.Navigation.LegacyOffMeshLink.Tests.dll at Library/ScriptAssemblies/Unity.AI.Navigation.LegacyOffMeshLink.Tests.dll not valid. Loading of assembly skipped.
Assembly Unity.AI.Navigation.Tests.dll at Library/ScriptAssemblies/Unity.AI.Navigation.Tests.dll not valid. Loading of assembly skipped.
Assembly Unity.AI.Navigation.Tests.EditorInPlaymode.dll at Library/ScriptAssemblies/Unity.AI.Navigation.Tests.EditorInPlaymode.dll not valid. Loading of assembly skipped.
Assembly Unity.InputSystem.IntegrationTests.dll at Library/ScriptAssemblies/Unity.InputSystem.IntegrationTests.dll not valid. Loading of assembly skipped.
Assembly Unity.Performance.Profile-Analyzer.EditorTests.dll at Library/ScriptAssemblies/Unity.Performance.Profile-Analyzer.EditorTests.dll not valid. Loading of assembly skipped.
Assembly Unity.Settings.Tests.dll at Library/ScriptAssemblies/Unity.Settings.Tests.dll not valid. Loading of assembly skipped.
Assembly Unity.TestTools.CodeCoverage.Editor.Compatibility.dll at Library/ScriptAssemblies/Unity.TestTools.CodeCoverage.Editor.Compatibility.dll not valid. Loading of assembly skipped.
Assembly Unity.TextMeshPro.Editor.Tests.dll at Library/ScriptAssemblies/Unity.TextMeshPro.Editor.Tests.dll not valid. Loading of assembly skipped.
Assembly Unity.TextMeshPro.Tests.dll at Library/ScriptAssemblies/Unity.TextMeshPro.Tests.dll not valid. Loading of assembly skipped.
Assembly UnityEditor.UI.Common.Tests.dll at Library/ScriptAssemblies/UnityEditor.UI.Common.Tests.dll not valid. Loading of assembly skipped.
Assembly UnityEditor.UI.EditorTests.dll at Library/ScriptAssemblies/UnityEditor.UI.EditorTests.dll not valid. Loading of assembly skipped.
Assembly UnityEngine.UI.Tests.dll at Library/ScriptAssemblies/UnityEngine.UI.Tests.dll not valid. Loading of assembly skipped.
'Assets/Photon/Quantum/Runtime/QuantumUnityRuntime.cs' contains partial class of Unity.Object, exactly 1 of the partial classes needs to be in a file with the same filename. This is to know the one that can be referenced from ie. GameObjects
'Assets/Photon/Quantum/Runtime/QuantumUnityRuntime.cs' contains partial class of Unity.Object, exactly 1 of the partial classes needs to be in a file with the same filename. This is to know the one that can be referenced from ie. GameObjects
'Assets/Photon/Quantum/Runtime/QuantumUnityRuntime.cs' contains partial class of Unity.Object, exactly 1 of the partial classes needs to be in a file with the same filename. This is to know the one that can be referenced from ie. GameObjects
'Assets/Photon/Quantum/Runtime/QuantumUnityRuntime.cs' contains partial class of Unity.Object, exactly 1 of the partial classes needs to be in a file with the same filename. This is to know the one that can be referenced from ie. GameObjects
'Assets/Photon/Quantum/Runtime/QuantumUnityRuntime.cs' contains partial class of Unity.Object, exactly 1 of the partial classes needs to be in a file with the same filename. This is to know the one that can be referenced from ie. GameObjects
'Assets/Photon/Quantum/Runtime/QuantumUnityRuntime.cs' contains partial class of Unity.Object, exactly 1 of the partial classes needs to be in a file with the same filename. This is to know the one that can be referenced from ie. GameObjects
'Assets/Photon/Quantum/Runtime/QuantumUnityRuntime.cs' contains partial class of Unity.Object, exactly 1 of the partial classes needs to be in a file with the same filename. This is to know the one that can be referenced from ie. GameObjects
'Assets/Photon/Quantum/Runtime/QuantumUnityRuntime.cs' contains partial class of Unity.Object, exactly 1 of the partial classes needs to be in a file with the same filename. This is to know the one that can be referenced from ie. GameObjects
'Assets/Photon/Quantum/Runtime/QuantumUnityRuntime.cs' contains partial class of Unity.Object, exactly 1 of the partial classes needs to be in a file with the same filename. This is to know the one that can be referenced from ie. GameObjects
'Assets/Photon/Quantum/Runtime/QuantumUnityRuntime.cs' contains partial class of Unity.Object, exactly 1 of the partial classes needs to be in a file with the same filename. This is to know the one that can be referenced from ie. GameObjects
'Assets/Photon/Quantum/Runtime/QuantumUnityRuntime.cs' contains partial class of Unity.Object, exactly 1 of the partial classes needs to be in a file with the same filename. This is to know the one that can be referenced from ie. GameObjects
Native extension for Android target not found
Native extension for OSXStandalone target not found
[Package Manager] Failed to launch server process. Reason: Unity was launched with the -noUpm command-line argument
[Package Manager] Unable to send message (not connected to server process).
[Package Manager] Cannot connect to Unity Package Manager local server
ScheduleIndexationOnStartup MainProcess:False IndexOnStartup:True
Mono: successfully reloaded assembly
- Finished resetting the current domain, in  0.452 seconds
Domain Reload Profiling: 808ms
	BeginReloadAssembly (86ms)
		DisableScriptedObjects (3ms)
		CreateAndSetChildDomain (24ms)
	RebuildCommonClasses (25ms)
	RebuildNativeTypeToScriptingClass (10ms)
	initialDomainReloadingComplete (37ms)
	LoadAllAssembliesAndSetupDomain (198ms)
		LoadAssemblies (122ms)
		AnalyzeDomain (102ms)
			TypeCache.Refresh (5ms)
			BuildScriptInfoCaches (92ms)
			ResolveRequiredComponents (4ms)
	FinalizeReload (452ms)
		SetupLoadedEditorAssemblies (0ms)
			InitializePlatformSupportModulesInManaged (4ms)
			BeforeProcessingInitializeOnLoad (70ms)
			ProcessInitializeOnLoadAttributes (249ms)
			ProcessInitializeOnLoadMethodAttributes (37ms)
Unloading 5 Unused Serialized files (Serialized files now loaded: 0)
Unloading 3681 unused Assets / (1.1 MB). Loaded Objects now: 4287.
Memory consumption went from 103.4 MB to 102.3 MB.
Total: 5.577084 ms (FindLiveObjects: 0.184708 ms CreateObjectMapping: 0.068125 ms MarkObjects: 4.631583 ms  DeleteObjects: 0.692209 ms)

Prepare: number of updated asset objects reloaded= 0
========================================================================
Received Prepare
'Assets/Photon/Quantum/Runtime/QuantumUnityRuntime.cs' contains partial class of Unity.Object, exactly 1 of the partial classes needs to be in a file with the same filename. This is to know the one that can be referenced from ie. GameObjects
'Assets/Photon/Quantum/Runtime/QuantumUnityRuntime.cs' contains partial class of Unity.Object, exactly 1 of the partial classes needs to be in a file with the same filename. This is to know the one that can be referenced from ie. GameObjects
'Assets/Photon/Quantum/Runtime/QuantumUnityRuntime.cs' contains partial class of Unity.Object, exactly 1 of the partial classes needs to be in a file with the same filename. This is to know the one that can be referenced from ie. GameObjects
'Assets/Photon/Quantum/Runtime/QuantumUnityRuntime.cs' contains partial class of Unity.Object, exactly 1 of the partial classes needs to be in a file with the same filename. This is to know the one that can be referenced from ie. GameObjects
'Assets/Photon/Quantum/Runtime/QuantumUnityRuntime.cs' contains partial class of Unity.Object, exactly 1 of the partial classes needs to be in a file with the same filename. This is to know the one that can be referenced from ie. GameObjects
'Assets/Photon/Quantum/Runtime/QuantumUnityRuntime.cs' contains partial class of Unity.Object, exactly 1 of the partial classes needs to be in a file with the same filename. This is to know the one that can be referenced from ie. GameObjects
'Assets/Photon/Quantum/Runtime/QuantumUnityRuntime.cs' contains partial class of Unity.Object, exactly 1 of the partial classes needs to be in a file with the same filename. This is to know the one that can be referenced from ie. GameObjects
'Assets/Photon/Quantum/Runtime/QuantumUnityRuntime.cs' contains partial class of Unity.Object, exactly 1 of the partial classes needs to be in a file with the same filename. This is to know the one that can be referenced from ie. GameObjects
'Assets/Photon/Quantum/Runtime/QuantumUnityRuntime.cs' contains partial class of Unity.Object, exactly 1 of the partial classes needs to be in a file with the same filename. This is to know the one that can be referenced from ie. GameObjects
'Assets/Photon/Quantum/Runtime/QuantumUnityRuntime.cs' contains partial class of Unity.Object, exactly 1 of the partial classes needs to be in a file with the same filename. This is to know the one that can be referenced from ie. GameObjects
'Assets/Photon/Quantum/Runtime/QuantumUnityRuntime.cs' contains partial class of Unity.Object, exactly 1 of the partial classes needs to be in a file with the same filename. This is to know the one that can be referenced from ie. GameObjects
Unloading 5 Unused Serialized files (Serialized files now loaded: 0)
Unloading 3673 unused Assets / (1.1 MB). Loaded Objects now: 4287.
Memory consumption went from 91.7 MB to 90.6 MB.
Total: 4.906708 ms (FindLiveObjects: 0.187125 ms CreateObjectMapping: 0.072666 ms MarkObjects: 4.099125 ms  DeleteObjects: 0.547541 ms)

Prepare: number of updated asset objects reloaded= 0
========================================================================
Received Prepare
'Assets/Photon/Quantum/Runtime/QuantumUnityRuntime.cs' contains partial class of Unity.Object, exactly 1 of the partial classes needs to be in a file with the same filename. This is to know the one that can be referenced from ie. GameObjects
'Assets/Photon/Quantum/Runtime/QuantumUnityRuntime.cs' contains partial class of Unity.Object, exactly 1 of the partial classes needs to be in a file with the same filename. This is to know the one that can be referenced from ie. GameObjects
'Assets/Photon/Quantum/Runtime/QuantumUnityRuntime.cs' contains partial class of Unity.Object, exactly 1 of the partial classes needs to be in a file with the same filename. This is to know the one that can be referenced from ie. GameObjects
'Assets/Photon/Quantum/Runtime/QuantumUnityRuntime.cs' contains partial class of Unity.Object, exactly 1 of the partial classes needs to be in a file with the same filename. This is to know the one that can be referenced from ie. GameObjects
'Assets/Photon/Quantum/Runtime/QuantumUnityRuntime.cs' contains partial class of Unity.Object, exactly 1 of the partial classes needs to be in a file with the same filename. This is to know the one that can be referenced from ie. GameObjects
'Assets/Photon/Quantum/Runtime/QuantumUnityRuntime.cs' contains partial class of Unity.Object, exactly 1 of the partial classes needs to be in a file with the same filename. This is to know the one that can be referenced from ie. GameObjects
'Assets/Photon/Quantum/Runtime/QuantumUnityRuntime.cs' contains partial class of Unity.Object, exactly 1 of the partial classes needs to be in a file with the same filename. This is to know the one that can be referenced from ie. GameObjects
'Assets/Photon/Quantum/Runtime/QuantumUnityRuntime.cs' contains partial class of Unity.Object, exactly 1 of the partial classes needs to be in a file with the same filename. This is to know the one that can be referenced from ie. GameObjects
'Assets/Photon/Quantum/Runtime/QuantumUnityRuntime.cs' contains partial class of Unity.Object, exactly 1 of the partial classes needs to be in a file with the same filename. This is to know the one that can be referenced from ie. GameObjects
'Assets/Photon/Quantum/Runtime/QuantumUnityRuntime.cs' contains partial class of Unity.Object, exactly 1 of the partial classes needs to be in a file with the same filename. This is to know the one that can be referenced from ie. GameObjects
'Assets/Photon/Quantum/Runtime/QuantumUnityRuntime.cs' contains partial class of Unity.Object, exactly 1 of the partial classes needs to be in a file with the same filename. This is to know the one that can be referenced from ie. GameObjects
Unloading 5 Unused Serialized files (Serialized files now loaded: 0)
Unloading 3673 unused Assets / (1.1 MB). Loaded Objects now: 4287.
Memory consumption went from 91.7 MB to 90.7 MB.
Total: 5.210750 ms (FindLiveObjects: 0.194000 ms CreateObjectMapping: 0.073625 ms MarkObjects: 4.324541 ms  DeleteObjects: 0.618208 ms)

Prepare: number of updated asset objects reloaded= 0
========================================================================
Received Prepare
Begin MonoManager ReloadAssembly
[Licensing::Client] Successfully resolved entitlement details
Thread 0x16b0c7000 may have been prematurely finalized
Assembly Assembly-CSharp-Editor-firstpass.dll at Library/ScriptAssemblies/Assembly-CSharp-Editor-firstpass.dll not valid. Loading of assembly skipped.
Assembly Assembly-CSharp-Editor.dll at Library/ScriptAssemblies/Assembly-CSharp-Editor.dll not valid. Loading of assembly skipped.
Assembly Assembly-CSharp-firstpass.dll at Library/ScriptAssemblies/Assembly-CSharp-firstpass.dll not valid. Loading of assembly skipped.
Assembly PhotonWebSocket.dll at Library/ScriptAssemblies/PhotonWebSocket.dll not valid. Loading of assembly skipped.
Assembly TestNewCustomAssembly.dll at Library/ScriptAssemblies/TestNewCustomAssembly.dll not valid. Loading of assembly skipped.
Assembly Unity.AI.Navigation.Editor.Tests.dll at Library/ScriptAssemblies/Unity.AI.Navigation.Editor.Tests.dll not valid. Loading of assembly skipped.
Assembly Unity.AI.Navigation.LegacyOffMeshLink.Tests.dll at Library/ScriptAssemblies/Unity.AI.Navigation.LegacyOffMeshLink.Tests.dll not valid. Loading of assembly skipped.
Assembly Unity.AI.Navigation.Tests.dll at Library/ScriptAssemblies/Unity.AI.Navigation.Tests.dll not valid. Loading of assembly skipped.
Assembly Unity.AI.Navigation.Tests.EditorInPlaymode.dll at Library/ScriptAssemblies/Unity.AI.Navigation.Tests.EditorInPlaymode.dll not valid. Loading of assembly skipped.
Assembly Unity.InputSystem.IntegrationTests.dll at Library/ScriptAssemblies/Unity.InputSystem.IntegrationTests.dll not valid. Loading of assembly skipped.
Assembly Unity.Performance.Profile-Analyzer.EditorTests.dll at Library/ScriptAssemblies/Unity.Performance.Profile-Analyzer.EditorTests.dll not valid. Loading of assembly skipped.
Assembly Unity.Settings.Tests.dll at Library/ScriptAssemblies/Unity.Settings.Tests.dll not valid. Loading of assembly skipped.
Assembly Unity.TestTools.CodeCoverage.Editor.Compatibility.dll at Library/ScriptAssemblies/Unity.TestTools.CodeCoverage.Editor.Compatibility.dll not valid. Loading of assembly skipped.
Assembly Unity.TextMeshPro.Editor.Tests.dll at Library/ScriptAssemblies/Unity.TextMeshPro.Editor.Tests.dll not valid. Loading of assembly skipped.
Assembly Unity.TextMeshPro.Tests.dll at Library/ScriptAssemblies/Unity.TextMeshPro.Tests.dll not valid. Loading of assembly skipped.
Assembly UnityEditor.UI.Common.Tests.dll at Library/ScriptAssemblies/UnityEditor.UI.Common.Tests.dll not valid. Loading of assembly skipped.
Assembly UnityEditor.UI.EditorTests.dll at Library/ScriptAssemblies/UnityEditor.UI.EditorTests.dll not valid. Loading of assembly skipped.
Assembly UnityEngine.UI.Tests.dll at Library/ScriptAssemblies/UnityEngine.UI.Tests.dll not valid. Loading of assembly skipped.
'Assets/Photon/Quantum/Runtime/QuantumUnityRuntime.cs' contains partial class of Unity.Object, exactly 1 of the partial classes needs to be in a file with the same filename. This is to know the one that can be referenced from ie. GameObjects
'Assets/Photon/Quantum/Runtime/QuantumUnityRuntime.cs' contains partial class of Unity.Object, exactly 1 of the partial classes needs to be in a file with the same filename. This is to know the one that can be referenced from ie. GameObjects
'Assets/Photon/Quantum/Runtime/QuantumUnityRuntime.cs' contains partial class of Unity.Object, exactly 1 of the partial classes needs to be in a file with the same filename. This is to know the one that can be referenced from ie. GameObjects
'Assets/Photon/Quantum/Runtime/QuantumUnityRuntime.cs' contains partial class of Unity.Object, exactly 1 of the partial classes needs to be in a file with the same filename. This is to know the one that can be referenced from ie. GameObjects
'Assets/Photon/Quantum/Runtime/QuantumUnityRuntime.cs' contains partial class of Unity.Object, exactly 1 of the partial classes needs to be in a file with the same filename. This is to know the one that can be referenced from ie. GameObjects
'Assets/Photon/Quantum/Runtime/QuantumUnityRuntime.cs' contains partial class of Unity.Object, exactly 1 of the partial classes needs to be in a file with the same filename. This is to know the one that can be referenced from ie. GameObjects
'Assets/Photon/Quantum/Runtime/QuantumUnityRuntime.cs' contains partial class of Unity.Object, exactly 1 of the partial classes needs to be in a file with the same filename. This is to know the one that can be referenced from ie. GameObjects
'Assets/Photon/Quantum/Runtime/QuantumUnityRuntime.cs' contains partial class of Unity.Object, exactly 1 of the partial classes needs to be in a file with the same filename. This is to know the one that can be referenced from ie. GameObjects
'Assets/Photon/Quantum/Runtime/QuantumUnityRuntime.cs' contains partial class of Unity.Object, exactly 1 of the partial classes needs to be in a file with the same filename. This is to know the one that can be referenced from ie. GameObjects
'Assets/Photon/Quantum/Runtime/QuantumUnityRuntime.cs' contains partial class of Unity.Object, exactly 1 of the partial classes needs to be in a file with the same filename. This is to know the one that can be referenced from ie. GameObjects
'Assets/Photon/Quantum/Runtime/QuantumUnityRuntime.cs' contains partial class of Unity.Object, exactly 1 of the partial classes needs to be in a file with the same filename. This is to know the one that can be referenced from ie. GameObjects
Native extension for Android target not found
Native extension for OSXStandalone target not found
[Package Manager] Failed to launch server process. Reason: Unity was launched with the -noUpm command-line argument
[Package Manager] Unable to send message (not connected to server process).
[Package Manager] Cannot connect to Unity Package Manager local server
ScheduleIndexationOnStartup MainProcess:False IndexOnStartup:True
Mono: successfully reloaded assembly
- Finished resetting the current domain, in  0.444 seconds
Domain Reload Profiling: 838ms
	BeginReloadAssembly (94ms)
		DisableScriptedObjects (3ms)
		CreateAndSetChildDomain (25ms)
	RebuildCommonClasses (25ms)
	RebuildNativeTypeToScriptingClass (10ms)
	initialDomainReloadingComplete (37ms)
	LoadAllAssembliesAndSetupDomain (227ms)
		LoadAssemblies (148ms)
		AnalyzeDomain (109ms)
			TypeCache.Refresh (14ms)
				TypeCache.ScanAssembly (7ms)
			BuildScriptInfoCaches (89ms)
			ResolveRequiredComponents (5ms)
	FinalizeReload (445ms)
		SetupLoadedEditorAssemblies (0ms)
			InitializePlatformSupportModulesInManaged (4ms)
			BeforeProcessingInitializeOnLoad (74ms)
			ProcessInitializeOnLoadAttributes (241ms)
			ProcessInitializeOnLoadMethodAttributes (31ms)
Unloading 5 Unused Serialized files (Serialized files now loaded: 0)
Unloading 3681 unused Assets / (1.1 MB). Loaded Objects now: 4287.
Memory consumption went from 103.4 MB to 102.3 MB.
Total: 4.883667 ms (FindLiveObjects: 0.187250 ms CreateObjectMapping: 0.068708 ms MarkObjects: 4.076084 ms  DeleteObjects: 0.551166 ms)

Prepare: number of updated asset objects reloaded= 0
========================================================================
Received Prepare
Begin MonoManager ReloadAssembly
Thread 0x16b0c7000 may have been prematurely finalized
Assembly Assembly-CSharp-Editor-firstpass.dll at Library/ScriptAssemblies/Assembly-CSharp-Editor-firstpass.dll not valid. Loading of assembly skipped.
Assembly Assembly-CSharp-Editor.dll at Library/ScriptAssemblies/Assembly-CSharp-Editor.dll not valid. Loading of assembly skipped.
Assembly Assembly-CSharp-firstpass.dll at Library/ScriptAssemblies/Assembly-CSharp-firstpass.dll not valid. Loading of assembly skipped.
Assembly PhotonWebSocket.dll at Library/ScriptAssemblies/PhotonWebSocket.dll not valid. Loading of assembly skipped.
Assembly TestNewCustomAssembly.dll at Library/ScriptAssemblies/TestNewCustomAssembly.dll not valid. Loading of assembly skipped.
Assembly Unity.AI.Navigation.Editor.Tests.dll at Library/ScriptAssemblies/Unity.AI.Navigation.Editor.Tests.dll not valid. Loading of assembly skipped.
Assembly Unity.AI.Navigation.LegacyOffMeshLink.Tests.dll at Library/ScriptAssemblies/Unity.AI.Navigation.LegacyOffMeshLink.Tests.dll not valid. Loading of assembly skipped.
Assembly Unity.AI.Navigation.Tests.dll at Library/ScriptAssemblies/Unity.AI.Navigation.Tests.dll not valid. Loading of assembly skipped.
Assembly Unity.AI.Navigation.Tests.EditorInPlaymode.dll at Library/ScriptAssemblies/Unity.AI.Navigation.Tests.EditorInPlaymode.dll not valid. Loading of assembly skipped.
Assembly Unity.InputSystem.IntegrationTests.dll at Library/ScriptAssemblies/Unity.InputSystem.IntegrationTests.dll not valid. Loading of assembly skipped.
Assembly Unity.Performance.Profile-Analyzer.EditorTests.dll at Library/ScriptAssemblies/Unity.Performance.Profile-Analyzer.EditorTests.dll not valid. Loading of assembly skipped.
Assembly Unity.Settings.Tests.dll at Library/ScriptAssemblies/Unity.Settings.Tests.dll not valid. Loading of assembly skipped.
Assembly Unity.TestTools.CodeCoverage.Editor.Compatibility.dll at Library/ScriptAssemblies/Unity.TestTools.CodeCoverage.Editor.Compatibility.dll not valid. Loading of assembly skipped.
Assembly Unity.TextMeshPro.Editor.Tests.dll at Library/ScriptAssemblies/Unity.TextMeshPro.Editor.Tests.dll not valid. Loading of assembly skipped.
Assembly Unity.TextMeshPro.Tests.dll at Library/ScriptAssemblies/Unity.TextMeshPro.Tests.dll not valid. Loading of assembly skipped.
Assembly UnityEditor.UI.Common.Tests.dll at Library/ScriptAssemblies/UnityEditor.UI.Common.Tests.dll not valid. Loading of assembly skipped.
Assembly UnityEditor.UI.EditorTests.dll at Library/ScriptAssemblies/UnityEditor.UI.EditorTests.dll not valid. Loading of assembly skipped.
Assembly UnityEngine.UI.Tests.dll at Library/ScriptAssemblies/UnityEngine.UI.Tests.dll not valid. Loading of assembly skipped.
'Assets/Photon/Quantum/Runtime/QuantumUnityRuntime.cs' contains partial class of Unity.Object, exactly 1 of the partial classes needs to be in a file with the same filename. This is to know the one that can be referenced from ie. GameObjects
'Assets/Photon/Quantum/Runtime/QuantumUnityRuntime.cs' contains partial class of Unity.Object, exactly 1 of the partial classes needs to be in a file with the same filename. This is to know the one that can be referenced from ie. GameObjects
'Assets/Photon/Quantum/Runtime/QuantumUnityRuntime.cs' contains partial class of Unity.Object, exactly 1 of the partial classes needs to be in a file with the same filename. This is to know the one that can be referenced from ie. GameObjects
'Assets/Photon/Quantum/Runtime/QuantumUnityRuntime.cs' contains partial class of Unity.Object, exactly 1 of the partial classes needs to be in a file with the same filename. This is to know the one that can be referenced from ie. GameObjects
'Assets/Photon/Quantum/Runtime/QuantumUnityRuntime.cs' contains partial class of Unity.Object, exactly 1 of the partial classes needs to be in a file with the same filename. This is to know the one that can be referenced from ie. GameObjects
'Assets/Photon/Quantum/Runtime/QuantumUnityRuntime.cs' contains partial class of Unity.Object, exactly 1 of the partial classes needs to be in a file with the same filename. This is to know the one that can be referenced from ie. GameObjects
'Assets/Photon/Quantum/Runtime/QuantumUnityRuntime.cs' contains partial class of Unity.Object, exactly 1 of the partial classes needs to be in a file with the same filename. This is to know the one that can be referenced from ie. GameObjects
'Assets/Photon/Quantum/Runtime/QuantumUnityRuntime.cs' contains partial class of Unity.Object, exactly 1 of the partial classes needs to be in a file with the same filename. This is to know the one that can be referenced from ie. GameObjects
'Assets/Photon/Quantum/Runtime/QuantumUnityRuntime.cs' contains partial class of Unity.Object, exactly 1 of the partial classes needs to be in a file with the same filename. This is to know the one that can be referenced from ie. GameObjects
'Assets/Photon/Quantum/Runtime/QuantumUnityRuntime.cs' contains partial class of Unity.Object, exactly 1 of the partial classes needs to be in a file with the same filename. This is to know the one that can be referenced from ie. GameObjects
'Assets/Photon/Quantum/Runtime/QuantumUnityRuntime.cs' contains partial class of Unity.Object, exactly 1 of the partial classes needs to be in a file with the same filename. This is to know the one that can be referenced from ie. GameObjects
Native extension for Android target not found
Native extension for OSXStandalone target not found
[Package Manager] Failed to launch server process. Reason: Unity was launched with the -noUpm command-line argument
[Package Manager] Unable to send message (not connected to server process).
[Package Manager] Cannot connect to Unity Package Manager local server
ScheduleIndexationOnStartup MainProcess:False IndexOnStartup:True
Mono: successfully reloaded assembly
- Finished resetting the current domain, in  0.432 seconds
Domain Reload Profiling: 766ms
	BeginReloadAssembly (80ms)
		DisableScriptedObjects (3ms)
		CreateAndSetChildDomain (22ms)
	RebuildCommonClasses (22ms)
	RebuildNativeTypeToScriptingClass (9ms)
	initialDomainReloadingComplete (33ms)
	LoadAllAssembliesAndSetupDomain (189ms)
		LoadAssemblies (114ms)
		AnalyzeDomain (98ms)
			TypeCache.Refresh (5ms)
			BuildScriptInfoCaches (88ms)
			ResolveRequiredComponents (4ms)
	FinalizeReload (432ms)
		SetupLoadedEditorAssemblies (0ms)
			InitializePlatformSupportModulesInManaged (4ms)
			BeforeProcessingInitializeOnLoad (67ms)
			ProcessInitializeOnLoadAttributes (236ms)
			ProcessInitializeOnLoadMethodAttributes (36ms)
Unloading 5 Unused Serialized files (Serialized files now loaded: 0)
Unloading 3681 unused Assets / (1.1 MB). Loaded Objects now: 4287.
Memory consumption went from 103.4 MB to 102.3 MB.
Total: 5.810375 ms (FindLiveObjects: 0.240917 ms CreateObjectMapping: 0.074375 ms MarkObjects: 4.749125 ms  DeleteObjects: 0.745375 ms)

Prepare: number of updated asset objects reloaded= 0
========================================================================
Received Prepare
'Assets/Photon/Quantum/Runtime/QuantumUnityRuntime.cs' contains partial class of Unity.Object, exactly 1 of the partial classes needs to be in a file with the same filename. This is to know the one that can be referenced from ie. GameObjects
'Assets/Photon/Quantum/Runtime/QuantumUnityRuntime.cs' contains partial class of Unity.Object, exactly 1 of the partial classes needs to be in a file with the same filename. This is to know the one that can be referenced from ie. GameObjects
'Assets/Photon/Quantum/Runtime/QuantumUnityRuntime.cs' contains partial class of Unity.Object, exactly 1 of the partial classes needs to be in a file with the same filename. This is to know the one that can be referenced from ie. GameObjects
'Assets/Photon/Quantum/Runtime/QuantumUnityRuntime.cs' contains partial class of Unity.Object, exactly 1 of the partial classes needs to be in a file with the same filename. This is to know the one that can be referenced from ie. GameObjects
'Assets/Photon/Quantum/Runtime/QuantumUnityRuntime.cs' contains partial class of Unity.Object, exactly 1 of the partial classes needs to be in a file with the same filename. This is to know the one that can be referenced from ie. GameObjects
'Assets/Photon/Quantum/Runtime/QuantumUnityRuntime.cs' contains partial class of Unity.Object, exactly 1 of the partial classes needs to be in a file with the same filename. This is to know the one that can be referenced from ie. GameObjects
'Assets/Photon/Quantum/Runtime/QuantumUnityRuntime.cs' contains partial class of Unity.Object, exactly 1 of the partial classes needs to be in a file with the same filename. This is to know the one that can be referenced from ie. GameObjects
'Assets/Photon/Quantum/Runtime/QuantumUnityRuntime.cs' contains partial class of Unity.Object, exactly 1 of the partial classes needs to be in a file with the same filename. This is to know the one that can be referenced from ie. GameObjects
'Assets/Photon/Quantum/Runtime/QuantumUnityRuntime.cs' contains partial class of Unity.Object, exactly 1 of the partial classes needs to be in a file with the same filename. This is to know the one that can be referenced from ie. GameObjects
'Assets/Photon/Quantum/Runtime/QuantumUnityRuntime.cs' contains partial class of Unity.Object, exactly 1 of the partial classes needs to be in a file with the same filename. This is to know the one that can be referenced from ie. GameObjects
'Assets/Photon/Quantum/Runtime/QuantumUnityRuntime.cs' contains partial class of Unity.Object, exactly 1 of the partial classes needs to be in a file with the same filename. This is to know the one that can be referenced from ie. GameObjects
Unloading 5 Unused Serialized files (Serialized files now loaded: 0)
Unloading 3673 unused Assets / (1.1 MB). Loaded Objects now: 4287.
Memory consumption went from 91.8 MB to 90.6 MB.
Total: 5.892583 ms (FindLiveObjects: 0.219666 ms CreateObjectMapping: 0.073208 ms MarkObjects: 4.941125 ms  DeleteObjects: 0.658292 ms)

Prepare: number of updated asset objects reloaded= 0
========================================================================
Received Prepare
Begin MonoManager ReloadAssembly
[Licensing::Client] Successfully resolved entitlement details
Thread 0x16b0c7000 may have been prematurely finalized
Assembly Assembly-CSharp-Editor-firstpass.dll at Library/ScriptAssemblies/Assembly-CSharp-Editor-firstpass.dll not valid. Loading of assembly skipped.
Assembly Assembly-CSharp-Editor.dll at Library/ScriptAssemblies/Assembly-CSharp-Editor.dll not valid. Loading of assembly skipped.
Assembly Assembly-CSharp-firstpass.dll at Library/ScriptAssemblies/Assembly-CSharp-firstpass.dll not valid. Loading of assembly skipped.
Assembly PhotonWebSocket.dll at Library/ScriptAssemblies/PhotonWebSocket.dll not valid. Loading of assembly skipped.
Assembly TestNewCustomAssembly.dll at Library/ScriptAssemblies/TestNewCustomAssembly.dll not valid. Loading of assembly skipped.
Assembly Unity.AI.Navigation.Editor.Tests.dll at Library/ScriptAssemblies/Unity.AI.Navigation.Editor.Tests.dll not valid. Loading of assembly skipped.
Assembly Unity.AI.Navigation.LegacyOffMeshLink.Tests.dll at Library/ScriptAssemblies/Unity.AI.Navigation.LegacyOffMeshLink.Tests.dll not valid. Loading of assembly skipped.
Assembly Unity.AI.Navigation.Tests.dll at Library/ScriptAssemblies/Unity.AI.Navigation.Tests.dll not valid. Loading of assembly skipped.
Assembly Unity.AI.Navigation.Tests.EditorInPlaymode.dll at Library/ScriptAssemblies/Unity.AI.Navigation.Tests.EditorInPlaymode.dll not valid. Loading of assembly skipped.
Assembly Unity.InputSystem.IntegrationTests.dll at Library/ScriptAssemblies/Unity.InputSystem.IntegrationTests.dll not valid. Loading of assembly skipped.
Assembly Unity.Performance.Profile-Analyzer.EditorTests.dll at Library/ScriptAssemblies/Unity.Performance.Profile-Analyzer.EditorTests.dll not valid. Loading of assembly skipped.
Assembly Unity.Settings.Tests.dll at Library/ScriptAssemblies/Unity.Settings.Tests.dll not valid. Loading of assembly skipped.
Assembly Unity.TestTools.CodeCoverage.Editor.Compatibility.dll at Library/ScriptAssemblies/Unity.TestTools.CodeCoverage.Editor.Compatibility.dll not valid. Loading of assembly skipped.
Assembly Unity.TextMeshPro.Editor.Tests.dll at Library/ScriptAssemblies/Unity.TextMeshPro.Editor.Tests.dll not valid. Loading of assembly skipped.
Assembly Unity.TextMeshPro.Tests.dll at Library/ScriptAssemblies/Unity.TextMeshPro.Tests.dll not valid. Loading of assembly skipped.
Assembly UnityEditor.UI.Common.Tests.dll at Library/ScriptAssemblies/UnityEditor.UI.Common.Tests.dll not valid. Loading of assembly skipped.
Assembly UnityEditor.UI.EditorTests.dll at Library/ScriptAssemblies/UnityEditor.UI.EditorTests.dll not valid. Loading of assembly skipped.
Assembly UnityEngine.UI.Tests.dll at Library/ScriptAssemblies/UnityEngine.UI.Tests.dll not valid. Loading of assembly skipped.
'Assets/Photon/Quantum/Runtime/QuantumUnityRuntime.cs' contains partial class of Unity.Object, exactly 1 of the partial classes needs to be in a file with the same filename. This is to know the one that can be referenced from ie. GameObjects
'Assets/Photon/Quantum/Runtime/QuantumUnityRuntime.cs' contains partial class of Unity.Object, exactly 1 of the partial classes needs to be in a file with the same filename. This is to know the one that can be referenced from ie. GameObjects
'Assets/Photon/Quantum/Runtime/QuantumUnityRuntime.cs' contains partial class of Unity.Object, exactly 1 of the partial classes needs to be in a file with the same filename. This is to know the one that can be referenced from ie. GameObjects
'Assets/Photon/Quantum/Runtime/QuantumUnityRuntime.cs' contains partial class of Unity.Object, exactly 1 of the partial classes needs to be in a file with the same filename. This is to know the one that can be referenced from ie. GameObjects
'Assets/Photon/Quantum/Runtime/QuantumUnityRuntime.cs' contains partial class of Unity.Object, exactly 1 of the partial classes needs to be in a file with the same filename. This is to know the one that can be referenced from ie. GameObjects
'Assets/Photon/Quantum/Runtime/QuantumUnityRuntime.cs' contains partial class of Unity.Object, exactly 1 of the partial classes needs to be in a file with the same filename. This is to know the one that can be referenced from ie. GameObjects
'Assets/Photon/Quantum/Runtime/QuantumUnityRuntime.cs' contains partial class of Unity.Object, exactly 1 of the partial classes needs to be in a file with the same filename. This is to know the one that can be referenced from ie. GameObjects
'Assets/Photon/Quantum/Runtime/QuantumUnityRuntime.cs' contains partial class of Unity.Object, exactly 1 of the partial classes needs to be in a file with the same filename. This is to know the one that can be referenced from ie. GameObjects
'Assets/Photon/Quantum/Runtime/QuantumUnityRuntime.cs' contains partial class of Unity.Object, exactly 1 of the partial classes needs to be in a file with the same filename. This is to know the one that can be referenced from ie. GameObjects
'Assets/Photon/Quantum/Runtime/QuantumUnityRuntime.cs' contains partial class of Unity.Object, exactly 1 of the partial classes needs to be in a file with the same filename. This is to know the one that can be referenced from ie. GameObjects
'Assets/Photon/Quantum/Runtime/QuantumUnityRuntime.cs' contains partial class of Unity.Object, exactly 1 of the partial classes needs to be in a file with the same filename. This is to know the one that can be referenced from ie. GameObjects
Native extension for Android target not found
Native extension for OSXStandalone target not found
[Package Manager] Failed to launch server process. Reason: Unity was launched with the -noUpm command-line argument
[Package Manager] Unable to send message (not connected to server process).
[Package Manager] Cannot connect to Unity Package Manager local server
ScheduleIndexationOnStartup MainProcess:False IndexOnStartup:True
Mono: successfully reloaded assembly
- Finished resetting the current domain, in  0.447 seconds
Domain Reload Profiling: 806ms
	BeginReloadAssembly (89ms)
		DisableScriptedObjects (3ms)
		CreateAndSetChildDomain (25ms)
	RebuildCommonClasses (24ms)
	RebuildNativeTypeToScriptingClass (10ms)
	initialDomainReloadingComplete (36ms)
	LoadAllAssembliesAndSetupDomain (199ms)
		LoadAssemblies (124ms)
		AnalyzeDomain (102ms)
			TypeCache.Refresh (6ms)
			BuildScriptInfoCaches (91ms)
			ResolveRequiredComponents (4ms)
	FinalizeReload (448ms)
		SetupLoadedEditorAssemblies (0ms)
			InitializePlatformSupportModulesInManaged (4ms)
			BeforeProcessingInitializeOnLoad (75ms)
			ProcessInitializeOnLoadAttributes (247ms)
			ProcessInitializeOnLoadMethodAttributes (31ms)
Unloading 5 Unused Serialized files (Serialized files now loaded: 0)
Unloading 3681 unused Assets / (1.0 MB). Loaded Objects now: 4287.
Memory consumption went from 103.4 MB to 102.4 MB.
Total: 4.958250 ms (FindLiveObjects: 0.203542 ms CreateObjectMapping: 0.070750 ms MarkObjects: 4.131583 ms  DeleteObjects: 0.552042 ms)

Prepare: number of updated asset objects reloaded= 0
========================================================================
Received Prepare
Begin MonoManager ReloadAssembly
Thread 0x16b0c7000 may have been prematurely finalized
Assembly Assembly-CSharp-Editor-firstpass.dll at Library/ScriptAssemblies/Assembly-CSharp-Editor-firstpass.dll not valid. Loading of assembly skipped.
Assembly Assembly-CSharp-Editor.dll at Library/ScriptAssemblies/Assembly-CSharp-Editor.dll not valid. Loading of assembly skipped.
Assembly Assembly-CSharp-firstpass.dll at Library/ScriptAssemblies/Assembly-CSharp-firstpass.dll not valid. Loading of assembly skipped.
Assembly PhotonWebSocket.dll at Library/ScriptAssemblies/PhotonWebSocket.dll not valid. Loading of assembly skipped.
Assembly TestNewCustomAssembly.dll at Library/ScriptAssemblies/TestNewCustomAssembly.dll not valid. Loading of assembly skipped.
Assembly Unity.AI.Navigation.Editor.Tests.dll at Library/ScriptAssemblies/Unity.AI.Navigation.Editor.Tests.dll not valid. Loading of assembly skipped.
Assembly Unity.AI.Navigation.LegacyOffMeshLink.Tests.dll at Library/ScriptAssemblies/Unity.AI.Navigation.LegacyOffMeshLink.Tests.dll not valid. Loading of assembly skipped.
Assembly Unity.AI.Navigation.Tests.dll at Library/ScriptAssemblies/Unity.AI.Navigation.Tests.dll not valid. Loading of assembly skipped.
Assembly Unity.AI.Navigation.Tests.EditorInPlaymode.dll at Library/ScriptAssemblies/Unity.AI.Navigation.Tests.EditorInPlaymode.dll not valid. Loading of assembly skipped.
Assembly Unity.InputSystem.IntegrationTests.dll at Library/ScriptAssemblies/Unity.InputSystem.IntegrationTests.dll not valid. Loading of assembly skipped.
Assembly Unity.Performance.Profile-Analyzer.EditorTests.dll at Library/ScriptAssemblies/Unity.Performance.Profile-Analyzer.EditorTests.dll not valid. Loading of assembly skipped.
Assembly Unity.Settings.Tests.dll at Library/ScriptAssemblies/Unity.Settings.Tests.dll not valid. Loading of assembly skipped.
Assembly Unity.TestTools.CodeCoverage.Editor.Compatibility.dll at Library/ScriptAssemblies/Unity.TestTools.CodeCoverage.Editor.Compatibility.dll not valid. Loading of assembly skipped.
Assembly Unity.TextMeshPro.Editor.Tests.dll at Library/ScriptAssemblies/Unity.TextMeshPro.Editor.Tests.dll not valid. Loading of assembly skipped.
Assembly Unity.TextMeshPro.Tests.dll at Library/ScriptAssemblies/Unity.TextMeshPro.Tests.dll not valid. Loading of assembly skipped.
Assembly UnityEditor.UI.Common.Tests.dll at Library/ScriptAssemblies/UnityEditor.UI.Common.Tests.dll not valid. Loading of assembly skipped.
Assembly UnityEditor.UI.EditorTests.dll at Library/ScriptAssemblies/UnityEditor.UI.EditorTests.dll not valid. Loading of assembly skipped.
Assembly UnityEngine.UI.Tests.dll at Library/ScriptAssemblies/UnityEngine.UI.Tests.dll not valid. Loading of assembly skipped.
'Assets/Photon/Quantum/Runtime/QuantumUnityRuntime.cs' contains partial class of Unity.Object, exactly 1 of the partial classes needs to be in a file with the same filename. This is to know the one that can be referenced from ie. GameObjects
'Assets/Photon/Quantum/Runtime/QuantumUnityRuntime.cs' contains partial class of Unity.Object, exactly 1 of the partial classes needs to be in a file with the same filename. This is to know the one that can be referenced from ie. GameObjects
'Assets/Photon/Quantum/Runtime/QuantumUnityRuntime.cs' contains partial class of Unity.Object, exactly 1 of the partial classes needs to be in a file with the same filename. This is to know the one that can be referenced from ie. GameObjects
'Assets/Photon/Quantum/Runtime/QuantumUnityRuntime.cs' contains partial class of Unity.Object, exactly 1 of the partial classes needs to be in a file with the same filename. This is to know the one that can be referenced from ie. GameObjects
'Assets/Photon/Quantum/Runtime/QuantumUnityRuntime.cs' contains partial class of Unity.Object, exactly 1 of the partial classes needs to be in a file with the same filename. This is to know the one that can be referenced from ie. GameObjects
'Assets/Photon/Quantum/Runtime/QuantumUnityRuntime.cs' contains partial class of Unity.Object, exactly 1 of the partial classes needs to be in a file with the same filename. This is to know the one that can be referenced from ie. GameObjects
'Assets/Photon/Quantum/Runtime/QuantumUnityRuntime.cs' contains partial class of Unity.Object, exactly 1 of the partial classes needs to be in a file with the same filename. This is to know the one that can be referenced from ie. GameObjects
'Assets/Photon/Quantum/Runtime/QuantumUnityRuntime.cs' contains partial class of Unity.Object, exactly 1 of the partial classes needs to be in a file with the same filename. This is to know the one that can be referenced from ie. GameObjects
'Assets/Photon/Quantum/Runtime/QuantumUnityRuntime.cs' contains partial class of Unity.Object, exactly 1 of the partial classes needs to be in a file with the same filename. This is to know the one that can be referenced from ie. GameObjects
'Assets/Photon/Quantum/Runtime/QuantumUnityRuntime.cs' contains partial class of Unity.Object, exactly 1 of the partial classes needs to be in a file with the same filename. This is to know the one that can be referenced from ie. GameObjects
'Assets/Photon/Quantum/Runtime/QuantumUnityRuntime.cs' contains partial class of Unity.Object, exactly 1 of the partial classes needs to be in a file with the same filename. This is to know the one that can be referenced from ie. GameObjects
Native extension for Android target not found
Native extension for OSXStandalone target not found
[Package Manager] Failed to launch server process. Reason: Unity was launched with the -noUpm command-line argument
[Package Manager] Unable to send message (not connected to server process).
[Package Manager] Cannot connect to Unity Package Manager local server
ScheduleIndexationOnStartup MainProcess:False IndexOnStartup:True
Mono: successfully reloaded assembly
- Finished resetting the current domain, in  0.456 seconds
Domain Reload Profiling: 837ms
	BeginReloadAssembly (93ms)
		DisableScriptedObjects (3ms)
		CreateAndSetChildDomain (27ms)
	RebuildCommonClasses (25ms)
	RebuildNativeTypeToScriptingClass (10ms)
	initialDomainReloadingComplete (39ms)
	LoadAllAssembliesAndSetupDomain (213ms)
		LoadAssemblies (132ms)
		AnalyzeDomain (109ms)
			TypeCache.Refresh (5ms)
			BuildScriptInfoCaches (98ms)
			ResolveRequiredComponents (5ms)
	FinalizeReload (456ms)
		SetupLoadedEditorAssemblies (0ms)
			InitializePlatformSupportModulesInManaged (4ms)
			BeforeProcessingInitializeOnLoad (72ms)
			ProcessInitializeOnLoadAttributes (251ms)
			ProcessInitializeOnLoadMethodAttributes (37ms)
Unloading 5 Unused Serialized files (Serialized files now loaded: 0)
Unloading 3681 unused Assets / (0.8 MB). Loaded Objects now: 4287.
Memory consumption went from 103.4 MB to 102.6 MB.
Total: 5.970166 ms (FindLiveObjects: 0.238875 ms CreateObjectMapping: 0.110250 ms MarkObjects: 4.806250 ms  DeleteObjects: 0.814291 ms)

Prepare: number of updated asset objects reloaded= 0
========================================================================
Received Prepare
'Assets/Photon/Quantum/Runtime/QuantumUnityRuntime.cs' contains partial class of Unity.Object, exactly 1 of the partial classes needs to be in a file with the same filename. This is to know the one that can be referenced from ie. GameObjects
'Assets/Photon/Quantum/Runtime/QuantumUnityRuntime.cs' contains partial class of Unity.Object, exactly 1 of the partial classes needs to be in a file with the same filename. This is to know the one that can be referenced from ie. GameObjects
'Assets/Photon/Quantum/Runtime/QuantumUnityRuntime.cs' contains partial class of Unity.Object, exactly 1 of the partial classes needs to be in a file with the same filename. This is to know the one that can be referenced from ie. GameObjects
'Assets/Photon/Quantum/Runtime/QuantumUnityRuntime.cs' contains partial class of Unity.Object, exactly 1 of the partial classes needs to be in a file with the same filename. This is to know the one that can be referenced from ie. GameObjects
'Assets/Photon/Quantum/Runtime/QuantumUnityRuntime.cs' contains partial class of Unity.Object, exactly 1 of the partial classes needs to be in a file with the same filename. This is to know the one that can be referenced from ie. GameObjects
'Assets/Photon/Quantum/Runtime/QuantumUnityRuntime.cs' contains partial class of Unity.Object, exactly 1 of the partial classes needs to be in a file with the same filename. This is to know the one that can be referenced from ie. GameObjects
'Assets/Photon/Quantum/Runtime/QuantumUnityRuntime.cs' contains partial class of Unity.Object, exactly 1 of the partial classes needs to be in a file with the same filename. This is to know the one that can be referenced from ie. GameObjects
'Assets/Photon/Quantum/Runtime/QuantumUnityRuntime.cs' contains partial class of Unity.Object, exactly 1 of the partial classes needs to be in a file with the same filename. This is to know the one that can be referenced from ie. GameObjects
'Assets/Photon/Quantum/Runtime/QuantumUnityRuntime.cs' contains partial class of Unity.Object, exactly 1 of the partial classes needs to be in a file with the same filename. This is to know the one that can be referenced from ie. GameObjects
'Assets/Photon/Quantum/Runtime/QuantumUnityRuntime.cs' contains partial class of Unity.Object, exactly 1 of the partial classes needs to be in a file with the same filename. This is to know the one that can be referenced from ie. GameObjects
'Assets/Photon/Quantum/Runtime/QuantumUnityRuntime.cs' contains partial class of Unity.Object, exactly 1 of the partial classes needs to be in a file with the same filename. This is to know the one that can be referenced from ie. GameObjects
Unloading 5 Unused Serialized files (Serialized files now loaded: 0)
Unloading 3673 unused Assets / (1.2 MB). Loaded Objects now: 4287.
Memory consumption went from 91.7 MB to 90.6 MB.
Total: 4.940333 ms (FindLiveObjects: 0.162291 ms CreateObjectMapping: 0.067750 ms MarkObjects: 4.195708 ms  DeleteObjects: 0.514042 ms)

Prepare: number of updated asset objects reloaded= 0
========================================================================
Received Prepare
'Assets/Photon/Quantum/Runtime/QuantumUnityRuntime.cs' contains partial class of Unity.Object, exactly 1 of the partial classes needs to be in a file with the same filename. This is to know the one that can be referenced from ie. GameObjects
'Assets/Photon/Quantum/Runtime/QuantumUnityRuntime.cs' contains partial class of Unity.Object, exactly 1 of the partial classes needs to be in a file with the same filename. This is to know the one that can be referenced from ie. GameObjects
'Assets/Photon/Quantum/Runtime/QuantumUnityRuntime.cs' contains partial class of Unity.Object, exactly 1 of the partial classes needs to be in a file with the same filename. This is to know the one that can be referenced from ie. GameObjects
'Assets/Photon/Quantum/Runtime/QuantumUnityRuntime.cs' contains partial class of Unity.Object, exactly 1 of the partial classes needs to be in a file with the same filename. This is to know the one that can be referenced from ie. GameObjects
'Assets/Photon/Quantum/Runtime/QuantumUnityRuntime.cs' contains partial class of Unity.Object, exactly 1 of the partial classes needs to be in a file with the same filename. This is to know the one that can be referenced from ie. GameObjects
'Assets/Photon/Quantum/Runtime/QuantumUnityRuntime.cs' contains partial class of Unity.Object, exactly 1 of the partial classes needs to be in a file with the same filename. This is to know the one that can be referenced from ie. GameObjects
'Assets/Photon/Quantum/Runtime/QuantumUnityRuntime.cs' contains partial class of Unity.Object, exactly 1 of the partial classes needs to be in a file with the same filename. This is to know the one that can be referenced from ie. GameObjects
'Assets/Photon/Quantum/Runtime/QuantumUnityRuntime.cs' contains partial class of Unity.Object, exactly 1 of the partial classes needs to be in a file with the same filename. This is to know the one that can be referenced from ie. GameObjects
'Assets/Photon/Quantum/Runtime/QuantumUnityRuntime.cs' contains partial class of Unity.Object, exactly 1 of the partial classes needs to be in a file with the same filename. This is to know the one that can be referenced from ie. GameObjects
'Assets/Photon/Quantum/Runtime/QuantumUnityRuntime.cs' contains partial class of Unity.Object, exactly 1 of the partial classes needs to be in a file with the same filename. This is to know the one that can be referenced from ie. GameObjects
'Assets/Photon/Quantum/Runtime/QuantumUnityRuntime.cs' contains partial class of Unity.Object, exactly 1 of the partial classes needs to be in a file with the same filename. This is to know the one that can be referenced from ie. GameObjects
Unloading 5 Unused Serialized files (Serialized files now loaded: 0)
Unloading 3674 unused Assets / (1.0 MB). Loaded Objects now: 4288.
Memory consumption went from 91.8 MB to 90.7 MB.
Total: 5.320959 ms (FindLiveObjects: 0.194667 ms CreateObjectMapping: 0.070000 ms MarkObjects: 4.471583 ms  DeleteObjects: 0.584375 ms)

Prepare: number of updated asset objects reloaded= 0
========================================================================
Received Prepare
Begin MonoManager ReloadAssembly
[Licensing::Client] Successfully resolved entitlement details
Thread 0x16b0c7000 may have been prematurely finalized
Assembly Assembly-CSharp-Editor-firstpass.dll at Library/ScriptAssemblies/Assembly-CSharp-Editor-firstpass.dll not valid. Loading of assembly skipped.
Assembly Assembly-CSharp-Editor.dll at Library/ScriptAssemblies/Assembly-CSharp-Editor.dll not valid. Loading of assembly skipped.
Assembly Assembly-CSharp-firstpass.dll at Library/ScriptAssemblies/Assembly-CSharp-firstpass.dll not valid. Loading of assembly skipped.
Assembly PhotonWebSocket.dll at Library/ScriptAssemblies/PhotonWebSocket.dll not valid. Loading of assembly skipped.
Assembly TestNewCustomAssembly.dll at Library/ScriptAssemblies/TestNewCustomAssembly.dll not valid. Loading of assembly skipped.
Assembly Unity.AI.Navigation.Editor.Tests.dll at Library/ScriptAssemblies/Unity.AI.Navigation.Editor.Tests.dll not valid. Loading of assembly skipped.
Assembly Unity.AI.Navigation.LegacyOffMeshLink.Tests.dll at Library/ScriptAssemblies/Unity.AI.Navigation.LegacyOffMeshLink.Tests.dll not valid. Loading of assembly skipped.
Assembly Unity.AI.Navigation.Tests.dll at Library/ScriptAssemblies/Unity.AI.Navigation.Tests.dll not valid. Loading of assembly skipped.
Assembly Unity.AI.Navigation.Tests.EditorInPlaymode.dll at Library/ScriptAssemblies/Unity.AI.Navigation.Tests.EditorInPlaymode.dll not valid. Loading of assembly skipped.
Assembly Unity.InputSystem.IntegrationTests.dll at Library/ScriptAssemblies/Unity.InputSystem.IntegrationTests.dll not valid. Loading of assembly skipped.
Assembly Unity.Performance.Profile-Analyzer.EditorTests.dll at Library/ScriptAssemblies/Unity.Performance.Profile-Analyzer.EditorTests.dll not valid. Loading of assembly skipped.
Assembly Unity.Settings.Tests.dll at Library/ScriptAssemblies/Unity.Settings.Tests.dll not valid. Loading of assembly skipped.
Assembly Unity.TestTools.CodeCoverage.Editor.Compatibility.dll at Library/ScriptAssemblies/Unity.TestTools.CodeCoverage.Editor.Compatibility.dll not valid. Loading of assembly skipped.
Assembly Unity.TextMeshPro.Editor.Tests.dll at Library/ScriptAssemblies/Unity.TextMeshPro.Editor.Tests.dll not valid. Loading of assembly skipped.
Assembly Unity.TextMeshPro.Tests.dll at Library/ScriptAssemblies/Unity.TextMeshPro.Tests.dll not valid. Loading of assembly skipped.
Assembly UnityEditor.UI.Common.Tests.dll at Library/ScriptAssemblies/UnityEditor.UI.Common.Tests.dll not valid. Loading of assembly skipped.
Assembly UnityEditor.UI.EditorTests.dll at Library/ScriptAssemblies/UnityEditor.UI.EditorTests.dll not valid. Loading of assembly skipped.
Assembly UnityEngine.UI.Tests.dll at Library/ScriptAssemblies/UnityEngine.UI.Tests.dll not valid. Loading of assembly skipped.
'Assets/Photon/Quantum/Runtime/QuantumUnityRuntime.cs' contains partial class of Unity.Object, exactly 1 of the partial classes needs to be in a file with the same filename. This is to know the one that can be referenced from ie. GameObjects
'Assets/Photon/Quantum/Runtime/QuantumUnityRuntime.cs' contains partial class of Unity.Object, exactly 1 of the partial classes needs to be in a file with the same filename. This is to know the one that can be referenced from ie. GameObjects
'Assets/Photon/Quantum/Runtime/QuantumUnityRuntime.cs' contains partial class of Unity.Object, exactly 1 of the partial classes needs to be in a file with the same filename. This is to know the one that can be referenced from ie. GameObjects
'Assets/Photon/Quantum/Runtime/QuantumUnityRuntime.cs' contains partial class of Unity.Object, exactly 1 of the partial classes needs to be in a file with the same filename. This is to know the one that can be referenced from ie. GameObjects
'Assets/Photon/Quantum/Runtime/QuantumUnityRuntime.cs' contains partial class of Unity.Object, exactly 1 of the partial classes needs to be in a file with the same filename. This is to know the one that can be referenced from ie. GameObjects
'Assets/Photon/Quantum/Runtime/QuantumUnityRuntime.cs' contains partial class of Unity.Object, exactly 1 of the partial classes needs to be in a file with the same filename. This is to know the one that can be referenced from ie. GameObjects
'Assets/Photon/Quantum/Runtime/QuantumUnityRuntime.cs' contains partial class of Unity.Object, exactly 1 of the partial classes needs to be in a file with the same filename. This is to know the one that can be referenced from ie. GameObjects
'Assets/Photon/Quantum/Runtime/QuantumUnityRuntime.cs' contains partial class of Unity.Object, exactly 1 of the partial classes needs to be in a file with the same filename. This is to know the one that can be referenced from ie. GameObjects
'Assets/Photon/Quantum/Runtime/QuantumUnityRuntime.cs' contains partial class of Unity.Object, exactly 1 of the partial classes needs to be in a file with the same filename. This is to know the one that can be referenced from ie. GameObjects
'Assets/Photon/Quantum/Runtime/QuantumUnityRuntime.cs' contains partial class of Unity.Object, exactly 1 of the partial classes needs to be in a file with the same filename. This is to know the one that can be referenced from ie. GameObjects
'Assets/Photon/Quantum/Runtime/QuantumUnityRuntime.cs' contains partial class of Unity.Object, exactly 1 of the partial classes needs to be in a file with the same filename. This is to know the one that can be referenced from ie. GameObjects
Native extension for Android target not found
Native extension for OSXStandalone target not found
[Package Manager] Failed to launch server process. Reason: Unity was launched with the -noUpm command-line argument
[Package Manager] Unable to send message (not connected to server process).
[Package Manager] Cannot connect to Unity Package Manager local server
ScheduleIndexationOnStartup MainProcess:False IndexOnStartup:True
Mono: successfully reloaded assembly
- Finished resetting the current domain, in  0.455 seconds
Domain Reload Profiling: 833ms
	BeginReloadAssembly (90ms)
		DisableScriptedObjects (3ms)
		CreateAndSetChildDomain (25ms)
	RebuildCommonClasses (24ms)
	RebuildNativeTypeToScriptingClass (10ms)
	initialDomainReloadingComplete (38ms)
	LoadAllAssembliesAndSetupDomain (216ms)
		LoadAssemblies (132ms)
		AnalyzeDomain (113ms)
			TypeCache.Refresh (14ms)
				TypeCache.ScanAssembly (7ms)
			BuildScriptInfoCaches (93ms)
			ResolveRequiredComponents (5ms)
	FinalizeReload (456ms)
		SetupLoadedEditorAssemblies (0ms)
			InitializePlatformSupportModulesInManaged (4ms)
			BeforeProcessingInitializeOnLoad (73ms)
			ProcessInitializeOnLoadAttributes (253ms)
			ProcessInitializeOnLoadMethodAttributes (33ms)
Unloading 5 Unused Serialized files (Serialized files now loaded: 0)
Unloading 3682 unused Assets / (0.9 MB). Loaded Objects now: 4288.
Memory consumption went from 103.4 MB to 102.6 MB.
Total: 5.805333 ms (FindLiveObjects: 0.222708 ms CreateObjectMapping: 0.083500 ms MarkObjects: 4.895583 ms  DeleteObjects: 0.603209 ms)

Prepare: number of updated asset objects reloaded= 0
========================================================================
Received Prepare
'Assets/Photon/Quantum/Runtime/QuantumUnityRuntime.cs' contains partial class of Unity.Object, exactly 1 of the partial classes needs to be in a file with the same filename. This is to know the one that can be referenced from ie. GameObjects
'Assets/Photon/Quantum/Runtime/QuantumUnityRuntime.cs' contains partial class of Unity.Object, exactly 1 of the partial classes needs to be in a file with the same filename. This is to know the one that can be referenced from ie. GameObjects
'Assets/Photon/Quantum/Runtime/QuantumUnityRuntime.cs' contains partial class of Unity.Object, exactly 1 of the partial classes needs to be in a file with the same filename. This is to know the one that can be referenced from ie. GameObjects
'Assets/Photon/Quantum/Runtime/QuantumUnityRuntime.cs' contains partial class of Unity.Object, exactly 1 of the partial classes needs to be in a file with the same filename. This is to know the one that can be referenced from ie. GameObjects
'Assets/Photon/Quantum/Runtime/QuantumUnityRuntime.cs' contains partial class of Unity.Object, exactly 1 of the partial classes needs to be in a file with the same filename. This is to know the one that can be referenced from ie. GameObjects
'Assets/Photon/Quantum/Runtime/QuantumUnityRuntime.cs' contains partial class of Unity.Object, exactly 1 of the partial classes needs to be in a file with the same filename. This is to know the one that can be referenced from ie. GameObjects
'Assets/Photon/Quantum/Runtime/QuantumUnityRuntime.cs' contains partial class of Unity.Object, exactly 1 of the partial classes needs to be in a file with the same filename. This is to know the one that can be referenced from ie. GameObjects
'Assets/Photon/Quantum/Runtime/QuantumUnityRuntime.cs' contains partial class of Unity.Object, exactly 1 of the partial classes needs to be in a file with the same filename. This is to know the one that can be referenced from ie. GameObjects
'Assets/Photon/Quantum/Runtime/QuantumUnityRuntime.cs' contains partial class of Unity.Object, exactly 1 of the partial classes needs to be in a file with the same filename. This is to know the one that can be referenced from ie. GameObjects
'Assets/Photon/Quantum/Runtime/QuantumUnityRuntime.cs' contains partial class of Unity.Object, exactly 1 of the partial classes needs to be in a file with the same filename. This is to know the one that can be referenced from ie. GameObjects
'Assets/Photon/Quantum/Runtime/QuantumUnityRuntime.cs' contains partial class of Unity.Object, exactly 1 of the partial classes needs to be in a file with the same filename. This is to know the one that can be referenced from ie. GameObjects
Unloading 5 Unused Serialized files (Serialized files now loaded: 0)
Unloading 3674 unused Assets / (1.1 MB). Loaded Objects now: 4288.
Memory consumption went from 91.8 MB to 90.7 MB.
Total: 5.166500 ms (FindLiveObjects: 0.161667 ms CreateObjectMapping: 0.072333 ms MarkObjects: 4.321333 ms  DeleteObjects: 0.610708 ms)

Prepare: number of updated asset objects reloaded= 0
========================================================================
Received Prepare
'Assets/Photon/Quantum/Runtime/QuantumUnityRuntime.cs' contains partial class of Unity.Object, exactly 1 of the partial classes needs to be in a file with the same filename. This is to know the one that can be referenced from ie. GameObjects
'Assets/Photon/Quantum/Runtime/QuantumUnityRuntime.cs' contains partial class of Unity.Object, exactly 1 of the partial classes needs to be in a file with the same filename. This is to know the one that can be referenced from ie. GameObjects
'Assets/Photon/Quantum/Runtime/QuantumUnityRuntime.cs' contains partial class of Unity.Object, exactly 1 of the partial classes needs to be in a file with the same filename. This is to know the one that can be referenced from ie. GameObjects
'Assets/Photon/Quantum/Runtime/QuantumUnityRuntime.cs' contains partial class of Unity.Object, exactly 1 of the partial classes needs to be in a file with the same filename. This is to know the one that can be referenced from ie. GameObjects
'Assets/Photon/Quantum/Runtime/QuantumUnityRuntime.cs' contains partial class of Unity.Object, exactly 1 of the partial classes needs to be in a file with the same filename. This is to know the one that can be referenced from ie. GameObjects
'Assets/Photon/Quantum/Runtime/QuantumUnityRuntime.cs' contains partial class of Unity.Object, exactly 1 of the partial classes needs to be in a file with the same filename. This is to know the one that can be referenced from ie. GameObjects
'Assets/Photon/Quantum/Runtime/QuantumUnityRuntime.cs' contains partial class of Unity.Object, exactly 1 of the partial classes needs to be in a file with the same filename. This is to know the one that can be referenced from ie. GameObjects
'Assets/Photon/Quantum/Runtime/QuantumUnityRuntime.cs' contains partial class of Unity.Object, exactly 1 of the partial classes needs to be in a file with the same filename. This is to know the one that can be referenced from ie. GameObjects
'Assets/Photon/Quantum/Runtime/QuantumUnityRuntime.cs' contains partial class of Unity.Object, exactly 1 of the partial classes needs to be in a file with the same filename. This is to know the one that can be referenced from ie. GameObjects
'Assets/Photon/Quantum/Runtime/QuantumUnityRuntime.cs' contains partial class of Unity.Object, exactly 1 of the partial classes needs to be in a file with the same filename. This is to know the one that can be referenced from ie. GameObjects
'Assets/Photon/Quantum/Runtime/QuantumUnityRuntime.cs' contains partial class of Unity.Object, exactly 1 of the partial classes needs to be in a file with the same filename. This is to know the one that can be referenced from ie. GameObjects
Unloading 5 Unused Serialized files (Serialized files now loaded: 0)
Unloading 3674 unused Assets / (0.9 MB). Loaded Objects now: 4288.
Memory consumption went from 91.8 MB to 90.9 MB.
Total: 5.234750 ms (FindLiveObjects: 0.189208 ms CreateObjectMapping: 0.069292 ms MarkObjects: 4.309125 ms  DeleteObjects: 0.666667 ms)

Prepare: number of updated asset objects reloaded= 0
========================================================================
Received Prepare
Begin MonoManager ReloadAssembly
[Licensing::Client] Successfully resolved entitlement details
Thread 0x16b0c7000 may have been prematurely finalized
Assembly Assembly-CSharp-Editor-firstpass.dll at Library/ScriptAssemblies/Assembly-CSharp-Editor-firstpass.dll not valid. Loading of assembly skipped.
Assembly Assembly-CSharp-Editor.dll at Library/ScriptAssemblies/Assembly-CSharp-Editor.dll not valid. Loading of assembly skipped.
Assembly Assembly-CSharp-firstpass.dll at Library/ScriptAssemblies/Assembly-CSharp-firstpass.dll not valid. Loading of assembly skipped.
Assembly PhotonWebSocket.dll at Library/ScriptAssemblies/PhotonWebSocket.dll not valid. Loading of assembly skipped.
Assembly TestNewCustomAssembly.dll at Library/ScriptAssemblies/TestNewCustomAssembly.dll not valid. Loading of assembly skipped.
Assembly Unity.AI.Navigation.Editor.Tests.dll at Library/ScriptAssemblies/Unity.AI.Navigation.Editor.Tests.dll not valid. Loading of assembly skipped.
Assembly Unity.AI.Navigation.LegacyOffMeshLink.Tests.dll at Library/ScriptAssemblies/Unity.AI.Navigation.LegacyOffMeshLink.Tests.dll not valid. Loading of assembly skipped.
Assembly Unity.AI.Navigation.Tests.dll at Library/ScriptAssemblies/Unity.AI.Navigation.Tests.dll not valid. Loading of assembly skipped.
Assembly Unity.AI.Navigation.Tests.EditorInPlaymode.dll at Library/ScriptAssemblies/Unity.AI.Navigation.Tests.EditorInPlaymode.dll not valid. Loading of assembly skipped.
Assembly Unity.InputSystem.IntegrationTests.dll at Library/ScriptAssemblies/Unity.InputSystem.IntegrationTests.dll not valid. Loading of assembly skipped.
Assembly Unity.Performance.Profile-Analyzer.EditorTests.dll at Library/ScriptAssemblies/Unity.Performance.Profile-Analyzer.EditorTests.dll not valid. Loading of assembly skipped.
Assembly Unity.Settings.Tests.dll at Library/ScriptAssemblies/Unity.Settings.Tests.dll not valid. Loading of assembly skipped.
Assembly Unity.TestTools.CodeCoverage.Editor.Compatibility.dll at Library/ScriptAssemblies/Unity.TestTools.CodeCoverage.Editor.Compatibility.dll not valid. Loading of assembly skipped.
Assembly Unity.TextMeshPro.Editor.Tests.dll at Library/ScriptAssemblies/Unity.TextMeshPro.Editor.Tests.dll not valid. Loading of assembly skipped.
Assembly Unity.TextMeshPro.Tests.dll at Library/ScriptAssemblies/Unity.TextMeshPro.Tests.dll not valid. Loading of assembly skipped.
Assembly UnityEditor.UI.Common.Tests.dll at Library/ScriptAssemblies/UnityEditor.UI.Common.Tests.dll not valid. Loading of assembly skipped.
Assembly UnityEditor.UI.EditorTests.dll at Library/ScriptAssemblies/UnityEditor.UI.EditorTests.dll not valid. Loading of assembly skipped.
Assembly UnityEngine.UI.Tests.dll at Library/ScriptAssemblies/UnityEngine.UI.Tests.dll not valid. Loading of assembly skipped.
'Assets/Photon/Quantum/Runtime/QuantumUnityRuntime.cs' contains partial class of Unity.Object, exactly 1 of the partial classes needs to be in a file with the same filename. This is to know the one that can be referenced from ie. GameObjects
'Assets/Photon/Quantum/Runtime/QuantumUnityRuntime.cs' contains partial class of Unity.Object, exactly 1 of the partial classes needs to be in a file with the same filename. This is to know the one that can be referenced from ie. GameObjects
'Assets/Photon/Quantum/Runtime/QuantumUnityRuntime.cs' contains partial class of Unity.Object, exactly 1 of the partial classes needs to be in a file with the same filename. This is to know the one that can be referenced from ie. GameObjects
'Assets/Photon/Quantum/Runtime/QuantumUnityRuntime.cs' contains partial class of Unity.Object, exactly 1 of the partial classes needs to be in a file with the same filename. This is to know the one that can be referenced from ie. GameObjects
'Assets/Photon/Quantum/Runtime/QuantumUnityRuntime.cs' contains partial class of Unity.Object, exactly 1 of the partial classes needs to be in a file with the same filename. This is to know the one that can be referenced from ie. GameObjects
'Assets/Photon/Quantum/Runtime/QuantumUnityRuntime.cs' contains partial class of Unity.Object, exactly 1 of the partial classes needs to be in a file with the same filename. This is to know the one that can be referenced from ie. GameObjects
'Assets/Photon/Quantum/Runtime/QuantumUnityRuntime.cs' contains partial class of Unity.Object, exactly 1 of the partial classes needs to be in a file with the same filename. This is to know the one that can be referenced from ie. GameObjects
'Assets/Photon/Quantum/Runtime/QuantumUnityRuntime.cs' contains partial class of Unity.Object, exactly 1 of the partial classes needs to be in a file with the same filename. This is to know the one that can be referenced from ie. GameObjects
'Assets/Photon/Quantum/Runtime/QuantumUnityRuntime.cs' contains partial class of Unity.Object, exactly 1 of the partial classes needs to be in a file with the same filename. This is to know the one that can be referenced from ie. GameObjects
'Assets/Photon/Quantum/Runtime/QuantumUnityRuntime.cs' contains partial class of Unity.Object, exactly 1 of the partial classes needs to be in a file with the same filename. This is to know the one that can be referenced from ie. GameObjects
'Assets/Photon/Quantum/Runtime/QuantumUnityRuntime.cs' contains partial class of Unity.Object, exactly 1 of the partial classes needs to be in a file with the same filename. This is to know the one that can be referenced from ie. GameObjects
Native extension for Android target not found
Native extension for OSXStandalone target not found
[Package Manager] Failed to launch server process. Reason: Unity was launched with the -noUpm command-line argument
[Package Manager] Unable to send message (not connected to server process).
[Package Manager] Cannot connect to Unity Package Manager local server
ScheduleIndexationOnStartup MainProcess:False IndexOnStartup:True
Mono: successfully reloaded assembly
- Finished resetting the current domain, in  0.464 seconds
Domain Reload Profiling: 822ms
	BeginReloadAssembly (87ms)
		DisableScriptedObjects (3ms)
		CreateAndSetChildDomain (23ms)
	RebuildCommonClasses (23ms)
	RebuildNativeTypeToScriptingClass (10ms)
	initialDomainReloadingComplete (35ms)
	LoadAllAssembliesAndSetupDomain (203ms)
		LoadAssemblies (122ms)
		AnalyzeDomain (109ms)
			TypeCache.Refresh (14ms)
				TypeCache.ScanAssembly (7ms)
			BuildScriptInfoCaches (90ms)
			ResolveRequiredComponents (5ms)
	FinalizeReload (465ms)
		SetupLoadedEditorAssemblies (0ms)
			InitializePlatformSupportModulesInManaged (4ms)
			BeforeProcessingInitializeOnLoad (77ms)
			ProcessInitializeOnLoadAttributes (254ms)
			ProcessInitializeOnLoadMethodAttributes (33ms)
Unloading 5 Unused Serialized files (Serialized files now loaded: 0)
Unloading 3682 unused Assets / (1.3 MB). Loaded Objects now: 4288.
Memory consumption went from 103.4 MB to 102.1 MB.
Total: 5.292375 ms (FindLiveObjects: 0.170459 ms CreateObjectMapping: 0.080167 ms MarkObjects: 4.505458 ms  DeleteObjects: 0.535833 ms)

Prepare: number of updated asset objects reloaded= 0
========================================================================
Received Prepare
Begin MonoManager ReloadAssembly
[Licensing::Client] Successfully resolved entitlement details
Thread 0x16b0c7000 may have been prematurely finalized
Assembly Assembly-CSharp-Editor-firstpass.dll at Library/ScriptAssemblies/Assembly-CSharp-Editor-firstpass.dll not valid. Loading of assembly skipped.
Assembly Assembly-CSharp-Editor.dll at Library/ScriptAssemblies/Assembly-CSharp-Editor.dll not valid. Loading of assembly skipped.
Assembly Assembly-CSharp-firstpass.dll at Library/ScriptAssemblies/Assembly-CSharp-firstpass.dll not valid. Loading of assembly skipped.
Assembly PhotonWebSocket.dll at Library/ScriptAssemblies/PhotonWebSocket.dll not valid. Loading of assembly skipped.
Assembly TestNewCustomAssembly.dll at Library/ScriptAssemblies/TestNewCustomAssembly.dll not valid. Loading of assembly skipped.
Assembly Unity.AI.Navigation.Editor.Tests.dll at Library/ScriptAssemblies/Unity.AI.Navigation.Editor.Tests.dll not valid. Loading of assembly skipped.
Assembly Unity.AI.Navigation.LegacyOffMeshLink.Tests.dll at Library/ScriptAssemblies/Unity.AI.Navigation.LegacyOffMeshLink.Tests.dll not valid. Loading of assembly skipped.
Assembly Unity.AI.Navigation.Tests.dll at Library/ScriptAssemblies/Unity.AI.Navigation.Tests.dll not valid. Loading of assembly skipped.
Assembly Unity.AI.Navigation.Tests.EditorInPlaymode.dll at Library/ScriptAssemblies/Unity.AI.Navigation.Tests.EditorInPlaymode.dll not valid. Loading of assembly skipped.
Assembly Unity.InputSystem.IntegrationTests.dll at Library/ScriptAssemblies/Unity.InputSystem.IntegrationTests.dll not valid. Loading of assembly skipped.
Assembly Unity.Performance.Profile-Analyzer.EditorTests.dll at Library/ScriptAssemblies/Unity.Performance.Profile-Analyzer.EditorTests.dll not valid. Loading of assembly skipped.
Assembly Unity.Settings.Tests.dll at Library/ScriptAssemblies/Unity.Settings.Tests.dll not valid. Loading of assembly skipped.
Assembly Unity.TestTools.CodeCoverage.Editor.Compatibility.dll at Library/ScriptAssemblies/Unity.TestTools.CodeCoverage.Editor.Compatibility.dll not valid. Loading of assembly skipped.
Assembly Unity.TextMeshPro.Editor.Tests.dll at Library/ScriptAssemblies/Unity.TextMeshPro.Editor.Tests.dll not valid. Loading of assembly skipped.
Assembly Unity.TextMeshPro.Tests.dll at Library/ScriptAssemblies/Unity.TextMeshPro.Tests.dll not valid. Loading of assembly skipped.
Assembly UnityEditor.UI.Common.Tests.dll at Library/ScriptAssemblies/UnityEditor.UI.Common.Tests.dll not valid. Loading of assembly skipped.
Assembly UnityEditor.UI.EditorTests.dll at Library/ScriptAssemblies/UnityEditor.UI.EditorTests.dll not valid. Loading of assembly skipped.
Assembly UnityEngine.UI.Tests.dll at Library/ScriptAssemblies/UnityEngine.UI.Tests.dll not valid. Loading of assembly skipped.
'Assets/Photon/Quantum/Runtime/QuantumUnityRuntime.cs' contains partial class of Unity.Object, exactly 1 of the partial classes needs to be in a file with the same filename. This is to know the one that can be referenced from ie. GameObjects
'Assets/Photon/Quantum/Runtime/QuantumUnityRuntime.cs' contains partial class of Unity.Object, exactly 1 of the partial classes needs to be in a file with the same filename. This is to know the one that can be referenced from ie. GameObjects
'Assets/Photon/Quantum/Runtime/QuantumUnityRuntime.cs' contains partial class of Unity.Object, exactly 1 of the partial classes needs to be in a file with the same filename. This is to know the one that can be referenced from ie. GameObjects
'Assets/Photon/Quantum/Runtime/QuantumUnityRuntime.cs' contains partial class of Unity.Object, exactly 1 of the partial classes needs to be in a file with the same filename. This is to know the one that can be referenced from ie. GameObjects
'Assets/Photon/Quantum/Runtime/QuantumUnityRuntime.cs' contains partial class of Unity.Object, exactly 1 of the partial classes needs to be in a file with the same filename. This is to know the one that can be referenced from ie. GameObjects
'Assets/Photon/Quantum/Runtime/QuantumUnityRuntime.cs' contains partial class of Unity.Object, exactly 1 of the partial classes needs to be in a file with the same filename. This is to know the one that can be referenced from ie. GameObjects
'Assets/Photon/Quantum/Runtime/QuantumUnityRuntime.cs' contains partial class of Unity.Object, exactly 1 of the partial classes needs to be in a file with the same filename. This is to know the one that can be referenced from ie. GameObjects
'Assets/Photon/Quantum/Runtime/QuantumUnityRuntime.cs' contains partial class of Unity.Object, exactly 1 of the partial classes needs to be in a file with the same filename. This is to know the one that can be referenced from ie. GameObjects
'Assets/Photon/Quantum/Runtime/QuantumUnityRuntime.cs' contains partial class of Unity.Object, exactly 1 of the partial classes needs to be in a file with the same filename. This is to know the one that can be referenced from ie. GameObjects
'Assets/Photon/Quantum/Runtime/QuantumUnityRuntime.cs' contains partial class of Unity.Object, exactly 1 of the partial classes needs to be in a file with the same filename. This is to know the one that can be referenced from ie. GameObjects
'Assets/Photon/Quantum/Runtime/QuantumUnityRuntime.cs' contains partial class of Unity.Object, exactly 1 of the partial classes needs to be in a file with the same filename. This is to know the one that can be referenced from ie. GameObjects
Native extension for Android target not found
Native extension for OSXStandalone target not found
[Package Manager] Failed to launch server process. Reason: Unity was launched with the -noUpm command-line argument
[Package Manager] Unable to send message (not connected to server process).
[Package Manager] Cannot connect to Unity Package Manager local server
ScheduleIndexationOnStartup MainProcess:False IndexOnStartup:True
Mono: successfully reloaded assembly
- Finished resetting the current domain, in  0.426 seconds
Domain Reload Profiling: 767ms
	BeginReloadAssembly (86ms)
		DisableScriptedObjects (3ms)
		CreateAndSetChildDomain (24ms)
	RebuildCommonClasses (23ms)
	RebuildNativeTypeToScriptingClass (10ms)
	initialDomainReloadingComplete (33ms)
	LoadAllAssembliesAndSetupDomain (189ms)
		LoadAssemblies (115ms)
		AnalyzeDomain (98ms)
			TypeCache.Refresh (5ms)
			BuildScriptInfoCaches (89ms)
			ResolveRequiredComponents (4ms)
	FinalizeReload (426ms)
		SetupLoadedEditorAssemblies (0ms)
			InitializePlatformSupportModulesInManaged (4ms)
			BeforeProcessingInitializeOnLoad (66ms)
			ProcessInitializeOnLoadAttributes (235ms)
			ProcessInitializeOnLoadMethodAttributes (35ms)
Unloading 5 Unused Serialized files (Serialized files now loaded: 0)
Unloading 3682 unused Assets / (0.6 MB). Loaded Objects now: 4288.
Memory consumption went from 103.4 MB to 102.8 MB.
Total: 5.849167 ms (FindLiveObjects: 0.220459 ms CreateObjectMapping: 0.074208 ms MarkObjects: 4.958208 ms  DeleteObjects: 0.596125 ms)

Prepare: number of updated asset objects reloaded= 0
========================================================================
Received Prepare
Begin MonoManager ReloadAssembly
Thread 0x16b0c7000 may have been prematurely finalized
Assembly Assembly-CSharp-Editor-firstpass.dll at Library/ScriptAssemblies/Assembly-CSharp-Editor-firstpass.dll not valid. Loading of assembly skipped.
Assembly Assembly-CSharp-Editor.dll at Library/ScriptAssemblies/Assembly-CSharp-Editor.dll not valid. Loading of assembly skipped.
Assembly Assembly-CSharp-firstpass.dll at Library/ScriptAssemblies/Assembly-CSharp-firstpass.dll not valid. Loading of assembly skipped.
Assembly PhotonWebSocket.dll at Library/ScriptAssemblies/PhotonWebSocket.dll not valid. Loading of assembly skipped.
Assembly TestNewCustomAssembly.dll at Library/ScriptAssemblies/TestNewCustomAssembly.dll not valid. Loading of assembly skipped.
Assembly Unity.AI.Navigation.Editor.Tests.dll at Library/ScriptAssemblies/Unity.AI.Navigation.Editor.Tests.dll not valid. Loading of assembly skipped.
Assembly Unity.AI.Navigation.LegacyOffMeshLink.Tests.dll at Library/ScriptAssemblies/Unity.AI.Navigation.LegacyOffMeshLink.Tests.dll not valid. Loading of assembly skipped.
Assembly Unity.AI.Navigation.Tests.dll at Library/ScriptAssemblies/Unity.AI.Navigation.Tests.dll not valid. Loading of assembly skipped.
Assembly Unity.AI.Navigation.Tests.EditorInPlaymode.dll at Library/ScriptAssemblies/Unity.AI.Navigation.Tests.EditorInPlaymode.dll not valid. Loading of assembly skipped.
Assembly Unity.InputSystem.IntegrationTests.dll at Library/ScriptAssemblies/Unity.InputSystem.IntegrationTests.dll not valid. Loading of assembly skipped.
Assembly Unity.Performance.Profile-Analyzer.EditorTests.dll at Library/ScriptAssemblies/Unity.Performance.Profile-Analyzer.EditorTests.dll not valid. Loading of assembly skipped.
Assembly Unity.Settings.Tests.dll at Library/ScriptAssemblies/Unity.Settings.Tests.dll not valid. Loading of assembly skipped.
Assembly Unity.TestTools.CodeCoverage.Editor.Compatibility.dll at Library/ScriptAssemblies/Unity.TestTools.CodeCoverage.Editor.Compatibility.dll not valid. Loading of assembly skipped.
Assembly Unity.TextMeshPro.Editor.Tests.dll at Library/ScriptAssemblies/Unity.TextMeshPro.Editor.Tests.dll not valid. Loading of assembly skipped.
Assembly Unity.TextMeshPro.Tests.dll at Library/ScriptAssemblies/Unity.TextMeshPro.Tests.dll not valid. Loading of assembly skipped.
Assembly UnityEditor.UI.Common.Tests.dll at Library/ScriptAssemblies/UnityEditor.UI.Common.Tests.dll not valid. Loading of assembly skipped.
Assembly UnityEditor.UI.EditorTests.dll at Library/ScriptAssemblies/UnityEditor.UI.EditorTests.dll not valid. Loading of assembly skipped.
Assembly UnityEngine.UI.Tests.dll at Library/ScriptAssemblies/UnityEngine.UI.Tests.dll not valid. Loading of assembly skipped.
'Assets/Photon/Quantum/Runtime/QuantumUnityRuntime.cs' contains partial class of Unity.Object, exactly 1 of the partial classes needs to be in a file with the same filename. This is to know the one that can be referenced from ie. GameObjects
'Assets/Photon/Quantum/Runtime/QuantumUnityRuntime.cs' contains partial class of Unity.Object, exactly 1 of the partial classes needs to be in a file with the same filename. This is to know the one that can be referenced from ie. GameObjects
'Assets/Photon/Quantum/Runtime/QuantumUnityRuntime.cs' contains partial class of Unity.Object, exactly 1 of the partial classes needs to be in a file with the same filename. This is to know the one that can be referenced from ie. GameObjects
'Assets/Photon/Quantum/Runtime/QuantumUnityRuntime.cs' contains partial class of Unity.Object, exactly 1 of the partial classes needs to be in a file with the same filename. This is to know the one that can be referenced from ie. GameObjects
'Assets/Photon/Quantum/Runtime/QuantumUnityRuntime.cs' contains partial class of Unity.Object, exactly 1 of the partial classes needs to be in a file with the same filename. This is to know the one that can be referenced from ie. GameObjects
'Assets/Photon/Quantum/Runtime/QuantumUnityRuntime.cs' contains partial class of Unity.Object, exactly 1 of the partial classes needs to be in a file with the same filename. This is to know the one that can be referenced from ie. GameObjects
'Assets/Photon/Quantum/Runtime/QuantumUnityRuntime.cs' contains partial class of Unity.Object, exactly 1 of the partial classes needs to be in a file with the same filename. This is to know the one that can be referenced from ie. GameObjects
'Assets/Photon/Quantum/Runtime/QuantumUnityRuntime.cs' contains partial class of Unity.Object, exactly 1 of the partial classes needs to be in a file with the same filename. This is to know the one that can be referenced from ie. GameObjects
'Assets/Photon/Quantum/Runtime/QuantumUnityRuntime.cs' contains partial class of Unity.Object, exactly 1 of the partial classes needs to be in a file with the same filename. This is to know the one that can be referenced from ie. GameObjects
'Assets/Photon/Quantum/Runtime/QuantumUnityRuntime.cs' contains partial class of Unity.Object, exactly 1 of the partial classes needs to be in a file with the same filename. This is to know the one that can be referenced from ie. GameObjects
'Assets/Photon/Quantum/Runtime/QuantumUnityRuntime.cs' contains partial class of Unity.Object, exactly 1 of the partial classes needs to be in a file with the same filename. This is to know the one that can be referenced from ie. GameObjects
Native extension for Android target not found
Native extension for OSXStandalone target not found
[Package Manager] Failed to launch server process. Reason: Unity was launched with the -noUpm command-line argument
[Package Manager] Unable to send message (not connected to server process).
[Package Manager] Cannot connect to Unity Package Manager local server
ScheduleIndexationOnStartup MainProcess:False IndexOnStartup:True
Mono: successfully reloaded assembly
- Finished resetting the current domain, in  0.454 seconds
Domain Reload Profiling: 810ms
	BeginReloadAssembly (85ms)
		DisableScriptedObjects (3ms)
		CreateAndSetChildDomain (23ms)
	RebuildCommonClasses (24ms)
	RebuildNativeTypeToScriptingClass (10ms)
	initialDomainReloadingComplete (35ms)
	LoadAllAssembliesAndSetupDomain (203ms)
		LoadAssemblies (124ms)
		AnalyzeDomain (104ms)
			TypeCache.Refresh (5ms)
			BuildScriptInfoCaches (94ms)
			ResolveRequiredComponents (4ms)
	FinalizeReload (454ms)
		SetupLoadedEditorAssemblies (0ms)
			InitializePlatformSupportModulesInManaged (4ms)
			BeforeProcessingInitializeOnLoad (73ms)
			ProcessInitializeOnLoadAttributes (245ms)
			ProcessInitializeOnLoadMethodAttributes (40ms)
Unloading 5 Unused Serialized files (Serialized files now loaded: 0)
Unloading 3682 unused Assets / (0.8 MB). Loaded Objects now: 4288.
Memory consumption went from 103.4 MB to 102.6 MB.
Total: 6.035709 ms (FindLiveObjects: 0.233333 ms CreateObjectMapping: 0.075125 ms MarkObjects: 4.912583 ms  DeleteObjects: 0.814500 ms)

Prepare: number of updated asset objects reloaded= 0
========================================================================
Received Prepare
'Assets/Photon/Quantum/Runtime/QuantumUnityRuntime.cs' contains partial class of Unity.Object, exactly 1 of the partial classes needs to be in a file with the same filename. This is to know the one that can be referenced from ie. GameObjects
'Assets/Photon/Quantum/Runtime/QuantumUnityRuntime.cs' contains partial class of Unity.Object, exactly 1 of the partial classes needs to be in a file with the same filename. This is to know the one that can be referenced from ie. GameObjects
'Assets/Photon/Quantum/Runtime/QuantumUnityRuntime.cs' contains partial class of Unity.Object, exactly 1 of the partial classes needs to be in a file with the same filename. This is to know the one that can be referenced from ie. GameObjects
'Assets/Photon/Quantum/Runtime/QuantumUnityRuntime.cs' contains partial class of Unity.Object, exactly 1 of the partial classes needs to be in a file with the same filename. This is to know the one that can be referenced from ie. GameObjects
'Assets/Photon/Quantum/Runtime/QuantumUnityRuntime.cs' contains partial class of Unity.Object, exactly 1 of the partial classes needs to be in a file with the same filename. This is to know the one that can be referenced from ie. GameObjects
'Assets/Photon/Quantum/Runtime/QuantumUnityRuntime.cs' contains partial class of Unity.Object, exactly 1 of the partial classes needs to be in a file with the same filename. This is to know the one that can be referenced from ie. GameObjects
'Assets/Photon/Quantum/Runtime/QuantumUnityRuntime.cs' contains partial class of Unity.Object, exactly 1 of the partial classes needs to be in a file with the same filename. This is to know the one that can be referenced from ie. GameObjects
'Assets/Photon/Quantum/Runtime/QuantumUnityRuntime.cs' contains partial class of Unity.Object, exactly 1 of the partial classes needs to be in a file with the same filename. This is to know the one that can be referenced from ie. GameObjects
'Assets/Photon/Quantum/Runtime/QuantumUnityRuntime.cs' contains partial class of Unity.Object, exactly 1 of the partial classes needs to be in a file with the same filename. This is to know the one that can be referenced from ie. GameObjects
'Assets/Photon/Quantum/Runtime/QuantumUnityRuntime.cs' contains partial class of Unity.Object, exactly 1 of the partial classes needs to be in a file with the same filename. This is to know the one that can be referenced from ie. GameObjects
'Assets/Photon/Quantum/Runtime/QuantumUnityRuntime.cs' contains partial class of Unity.Object, exactly 1 of the partial classes needs to be in a file with the same filename. This is to know the one that can be referenced from ie. GameObjects
Unloading 5 Unused Serialized files (Serialized files now loaded: 0)
Unloading 3674 unused Assets / (1.2 MB). Loaded Objects now: 4288.
Memory consumption went from 91.8 MB to 90.6 MB.
Total: 5.903083 ms (FindLiveObjects: 0.194833 ms CreateObjectMapping: 0.073000 ms MarkObjects: 5.049958 ms  DeleteObjects: 0.585167 ms)

Prepare: number of updated asset objects reloaded= 0
========================================================================
Received Prepare
Begin MonoManager ReloadAssembly
[Licensing::Client] Successfully resolved entitlement details
Thread 0x16b0c7000 may have been prematurely finalized
Assembly Assembly-CSharp-Editor-firstpass.dll at Library/ScriptAssemblies/Assembly-CSharp-Editor-firstpass.dll not valid. Loading of assembly skipped.
Assembly Assembly-CSharp-Editor.dll at Library/ScriptAssemblies/Assembly-CSharp-Editor.dll not valid. Loading of assembly skipped.
Assembly Assembly-CSharp-firstpass.dll at Library/ScriptAssemblies/Assembly-CSharp-firstpass.dll not valid. Loading of assembly skipped.
Assembly PhotonWebSocket.dll at Library/ScriptAssemblies/PhotonWebSocket.dll not valid. Loading of assembly skipped.
Assembly TestNewCustomAssembly.dll at Library/ScriptAssemblies/TestNewCustomAssembly.dll not valid. Loading of assembly skipped.
Assembly Unity.AI.Navigation.Editor.Tests.dll at Library/ScriptAssemblies/Unity.AI.Navigation.Editor.Tests.dll not valid. Loading of assembly skipped.
Assembly Unity.AI.Navigation.LegacyOffMeshLink.Tests.dll at Library/ScriptAssemblies/Unity.AI.Navigation.LegacyOffMeshLink.Tests.dll not valid. Loading of assembly skipped.
Assembly Unity.AI.Navigation.Tests.dll at Library/ScriptAssemblies/Unity.AI.Navigation.Tests.dll not valid. Loading of assembly skipped.
Assembly Unity.AI.Navigation.Tests.EditorInPlaymode.dll at Library/ScriptAssemblies/Unity.AI.Navigation.Tests.EditorInPlaymode.dll not valid. Loading of assembly skipped.
Assembly Unity.InputSystem.IntegrationTests.dll at Library/ScriptAssemblies/Unity.InputSystem.IntegrationTests.dll not valid. Loading of assembly skipped.
Assembly Unity.Performance.Profile-Analyzer.EditorTests.dll at Library/ScriptAssemblies/Unity.Performance.Profile-Analyzer.EditorTests.dll not valid. Loading of assembly skipped.
Assembly Unity.Settings.Tests.dll at Library/ScriptAssemblies/Unity.Settings.Tests.dll not valid. Loading of assembly skipped.
Assembly Unity.TestTools.CodeCoverage.Editor.Compatibility.dll at Library/ScriptAssemblies/Unity.TestTools.CodeCoverage.Editor.Compatibility.dll not valid. Loading of assembly skipped.
Assembly Unity.TextMeshPro.Editor.Tests.dll at Library/ScriptAssemblies/Unity.TextMeshPro.Editor.Tests.dll not valid. Loading of assembly skipped.
Assembly Unity.TextMeshPro.Tests.dll at Library/ScriptAssemblies/Unity.TextMeshPro.Tests.dll not valid. Loading of assembly skipped.
Assembly UnityEditor.UI.Common.Tests.dll at Library/ScriptAssemblies/UnityEditor.UI.Common.Tests.dll not valid. Loading of assembly skipped.
Assembly UnityEditor.UI.EditorTests.dll at Library/ScriptAssemblies/UnityEditor.UI.EditorTests.dll not valid. Loading of assembly skipped.
Assembly UnityEngine.UI.Tests.dll at Library/ScriptAssemblies/UnityEngine.UI.Tests.dll not valid. Loading of assembly skipped.
'Assets/Photon/Quantum/Runtime/QuantumUnityRuntime.cs' contains partial class of Unity.Object, exactly 1 of the partial classes needs to be in a file with the same filename. This is to know the one that can be referenced from ie. GameObjects
'Assets/Photon/Quantum/Runtime/QuantumUnityRuntime.cs' contains partial class of Unity.Object, exactly 1 of the partial classes needs to be in a file with the same filename. This is to know the one that can be referenced from ie. GameObjects
'Assets/Photon/Quantum/Runtime/QuantumUnityRuntime.cs' contains partial class of Unity.Object, exactly 1 of the partial classes needs to be in a file with the same filename. This is to know the one that can be referenced from ie. GameObjects
'Assets/Photon/Quantum/Runtime/QuantumUnityRuntime.cs' contains partial class of Unity.Object, exactly 1 of the partial classes needs to be in a file with the same filename. This is to know the one that can be referenced from ie. GameObjects
'Assets/Photon/Quantum/Runtime/QuantumUnityRuntime.cs' contains partial class of Unity.Object, exactly 1 of the partial classes needs to be in a file with the same filename. This is to know the one that can be referenced from ie. GameObjects
'Assets/Photon/Quantum/Runtime/QuantumUnityRuntime.cs' contains partial class of Unity.Object, exactly 1 of the partial classes needs to be in a file with the same filename. This is to know the one that can be referenced from ie. GameObjects
'Assets/Photon/Quantum/Runtime/QuantumUnityRuntime.cs' contains partial class of Unity.Object, exactly 1 of the partial classes needs to be in a file with the same filename. This is to know the one that can be referenced from ie. GameObjects
'Assets/Photon/Quantum/Runtime/QuantumUnityRuntime.cs' contains partial class of Unity.Object, exactly 1 of the partial classes needs to be in a file with the same filename. This is to know the one that can be referenced from ie. GameObjects
'Assets/Photon/Quantum/Runtime/QuantumUnityRuntime.cs' contains partial class of Unity.Object, exactly 1 of the partial classes needs to be in a file with the same filename. This is to know the one that can be referenced from ie. GameObjects
'Assets/Photon/Quantum/Runtime/QuantumUnityRuntime.cs' contains partial class of Unity.Object, exactly 1 of the partial classes needs to be in a file with the same filename. This is to know the one that can be referenced from ie. GameObjects
'Assets/Photon/Quantum/Runtime/QuantumUnityRuntime.cs' contains partial class of Unity.Object, exactly 1 of the partial classes needs to be in a file with the same filename. This is to know the one that can be referenced from ie. GameObjects
Native extension for Android target not found
Native extension for OSXStandalone target not found
[Package Manager] Failed to launch server process. Reason: Unity was launched with the -noUpm command-line argument
[Package Manager] Unable to send message (not connected to server process).
[Package Manager] Cannot connect to Unity Package Manager local server
ScheduleIndexationOnStartup MainProcess:False IndexOnStartup:True
Mono: successfully reloaded assembly
- Finished resetting the current domain, in  0.433 seconds
Domain Reload Profiling: 779ms
	BeginReloadAssembly (83ms)
		DisableScriptedObjects (3ms)
		CreateAndSetChildDomain (21ms)
	RebuildCommonClasses (22ms)
	RebuildNativeTypeToScriptingClass (10ms)
	initialDomainReloadingComplete (35ms)
	LoadAllAssembliesAndSetupDomain (196ms)
		LoadAssemblies (118ms)
		AnalyzeDomain (104ms)
			TypeCache.Refresh (13ms)
				TypeCache.ScanAssembly (7ms)
			BuildScriptInfoCaches (86ms)
			ResolveRequiredComponents (4ms)
	FinalizeReload (433ms)
		SetupLoadedEditorAssemblies (0ms)
			InitializePlatformSupportModulesInManaged (4ms)
			BeforeProcessingInitializeOnLoad (74ms)
			ProcessInitializeOnLoadAttributes (236ms)
			ProcessInitializeOnLoadMethodAttributes (30ms)
Unloading 5 Unused Serialized files (Serialized files now loaded: 0)
Unloading 3682 unused Assets / (1.1 MB). Loaded Objects now: 4288.
Memory consumption went from 103.4 MB to 102.3 MB.
Total: 4.963750 ms (FindLiveObjects: 0.178291 ms CreateObjectMapping: 0.071792 ms MarkObjects: 4.214458 ms  DeleteObjects: 0.498917 ms)

Prepare: number of updated asset objects reloaded= 0
========================================================================
Received Prepare
Begin MonoManager ReloadAssembly
Thread 0x16b0c7000 may have been prematurely finalized
Assembly Assembly-CSharp-Editor-firstpass.dll at Library/ScriptAssemblies/Assembly-CSharp-Editor-firstpass.dll not valid. Loading of assembly skipped.
Assembly Assembly-CSharp-Editor.dll at Library/ScriptAssemblies/Assembly-CSharp-Editor.dll not valid. Loading of assembly skipped.
Assembly Assembly-CSharp-firstpass.dll at Library/ScriptAssemblies/Assembly-CSharp-firstpass.dll not valid. Loading of assembly skipped.
Assembly PhotonWebSocket.dll at Library/ScriptAssemblies/PhotonWebSocket.dll not valid. Loading of assembly skipped.
Assembly TestNewCustomAssembly.dll at Library/ScriptAssemblies/TestNewCustomAssembly.dll not valid. Loading of assembly skipped.
Assembly Unity.AI.Navigation.Editor.Tests.dll at Library/ScriptAssemblies/Unity.AI.Navigation.Editor.Tests.dll not valid. Loading of assembly skipped.
Assembly Unity.AI.Navigation.LegacyOffMeshLink.Tests.dll at Library/ScriptAssemblies/Unity.AI.Navigation.LegacyOffMeshLink.Tests.dll not valid. Loading of assembly skipped.
Assembly Unity.AI.Navigation.Tests.dll at Library/ScriptAssemblies/Unity.AI.Navigation.Tests.dll not valid. Loading of assembly skipped.
Assembly Unity.AI.Navigation.Tests.EditorInPlaymode.dll at Library/ScriptAssemblies/Unity.AI.Navigation.Tests.EditorInPlaymode.dll not valid. Loading of assembly skipped.
Assembly Unity.InputSystem.IntegrationTests.dll at Library/ScriptAssemblies/Unity.InputSystem.IntegrationTests.dll not valid. Loading of assembly skipped.
Assembly Unity.Performance.Profile-Analyzer.EditorTests.dll at Library/ScriptAssemblies/Unity.Performance.Profile-Analyzer.EditorTests.dll not valid. Loading of assembly skipped.
Assembly Unity.Settings.Tests.dll at Library/ScriptAssemblies/Unity.Settings.Tests.dll not valid. Loading of assembly skipped.
Assembly Unity.TestTools.CodeCoverage.Editor.Compatibility.dll at Library/ScriptAssemblies/Unity.TestTools.CodeCoverage.Editor.Compatibility.dll not valid. Loading of assembly skipped.
Assembly Unity.TextMeshPro.Editor.Tests.dll at Library/ScriptAssemblies/Unity.TextMeshPro.Editor.Tests.dll not valid. Loading of assembly skipped.
Assembly Unity.TextMeshPro.Tests.dll at Library/ScriptAssemblies/Unity.TextMeshPro.Tests.dll not valid. Loading of assembly skipped.
Assembly UnityEditor.UI.Common.Tests.dll at Library/ScriptAssemblies/UnityEditor.UI.Common.Tests.dll not valid. Loading of assembly skipped.
Assembly UnityEditor.UI.EditorTests.dll at Library/ScriptAssemblies/UnityEditor.UI.EditorTests.dll not valid. Loading of assembly skipped.
Assembly UnityEngine.UI.Tests.dll at Library/ScriptAssemblies/UnityEngine.UI.Tests.dll not valid. Loading of assembly skipped.
'Assets/Photon/Quantum/Runtime/QuantumUnityRuntime.cs' contains partial class of Unity.Object, exactly 1 of the partial classes needs to be in a file with the same filename. This is to know the one that can be referenced from ie. GameObjects
'Assets/Photon/Quantum/Runtime/QuantumUnityRuntime.cs' contains partial class of Unity.Object, exactly 1 of the partial classes needs to be in a file with the same filename. This is to know the one that can be referenced from ie. GameObjects
'Assets/Photon/Quantum/Runtime/QuantumUnityRuntime.cs' contains partial class of Unity.Object, exactly 1 of the partial classes needs to be in a file with the same filename. This is to know the one that can be referenced from ie. GameObjects
'Assets/Photon/Quantum/Runtime/QuantumUnityRuntime.cs' contains partial class of Unity.Object, exactly 1 of the partial classes needs to be in a file with the same filename. This is to know the one that can be referenced from ie. GameObjects
'Assets/Photon/Quantum/Runtime/QuantumUnityRuntime.cs' contains partial class of Unity.Object, exactly 1 of the partial classes needs to be in a file with the same filename. This is to know the one that can be referenced from ie. GameObjects
'Assets/Photon/Quantum/Runtime/QuantumUnityRuntime.cs' contains partial class of Unity.Object, exactly 1 of the partial classes needs to be in a file with the same filename. This is to know the one that can be referenced from ie. GameObjects
'Assets/Photon/Quantum/Runtime/QuantumUnityRuntime.cs' contains partial class of Unity.Object, exactly 1 of the partial classes needs to be in a file with the same filename. This is to know the one that can be referenced from ie. GameObjects
'Assets/Photon/Quantum/Runtime/QuantumUnityRuntime.cs' contains partial class of Unity.Object, exactly 1 of the partial classes needs to be in a file with the same filename. This is to know the one that can be referenced from ie. GameObjects
'Assets/Photon/Quantum/Runtime/QuantumUnityRuntime.cs' contains partial class of Unity.Object, exactly 1 of the partial classes needs to be in a file with the same filename. This is to know the one that can be referenced from ie. GameObjects
'Assets/Photon/Quantum/Runtime/QuantumUnityRuntime.cs' contains partial class of Unity.Object, exactly 1 of the partial classes needs to be in a file with the same filename. This is to know the one that can be referenced from ie. GameObjects
'Assets/Photon/Quantum/Runtime/QuantumUnityRuntime.cs' contains partial class of Unity.Object, exactly 1 of the partial classes needs to be in a file with the same filename. This is to know the one that can be referenced from ie. GameObjects
Native extension for Android target not found
Native extension for OSXStandalone target not found
[Package Manager] Failed to launch server process. Reason: Unity was launched with the -noUpm command-line argument
[Package Manager] Unable to send message (not connected to server process).
[Package Manager] Cannot connect to Unity Package Manager local server
ScheduleIndexationOnStartup MainProcess:False IndexOnStartup:True
Mono: successfully reloaded assembly
- Finished resetting the current domain, in  0.439 seconds
Domain Reload Profiling: 776ms
	BeginReloadAssembly (82ms)
		DisableScriptedObjects (3ms)
		CreateAndSetChildDomain (22ms)
	RebuildCommonClasses (23ms)
	RebuildNativeTypeToScriptingClass (9ms)
	initialDomainReloadingComplete (34ms)
	LoadAllAssembliesAndSetupDomain (188ms)
		LoadAssemblies (116ms)
		AnalyzeDomain (98ms)
			TypeCache.Refresh (5ms)
			BuildScriptInfoCaches (88ms)
			ResolveRequiredComponents (4ms)
	FinalizeReload (439ms)
		SetupLoadedEditorAssemblies (0ms)
			InitializePlatformSupportModulesInManaged (4ms)
			BeforeProcessingInitializeOnLoad (70ms)
			ProcessInitializeOnLoadAttributes (241ms)
			ProcessInitializeOnLoadMethodAttributes (36ms)
Unloading 5 Unused Serialized files (Serialized files now loaded: 0)
Unloading 3682 unused Assets / (0.9 MB). Loaded Objects now: 4288.
Memory consumption went from 103.4 MB to 102.5 MB.
Total: 5.859500 ms (FindLiveObjects: 0.235542 ms CreateObjectMapping: 0.084333 ms MarkObjects: 4.850208 ms  DeleteObjects: 0.688916 ms)

Prepare: number of updated asset objects reloaded= 0
========================================================================
Received Prepare
'Assets/Photon/Quantum/Runtime/QuantumUnityRuntime.cs' contains partial class of Unity.Object, exactly 1 of the partial classes needs to be in a file with the same filename. This is to know the one that can be referenced from ie. GameObjects
'Assets/Photon/Quantum/Runtime/QuantumUnityRuntime.cs' contains partial class of Unity.Object, exactly 1 of the partial classes needs to be in a file with the same filename. This is to know the one that can be referenced from ie. GameObjects
'Assets/Photon/Quantum/Runtime/QuantumUnityRuntime.cs' contains partial class of Unity.Object, exactly 1 of the partial classes needs to be in a file with the same filename. This is to know the one that can be referenced from ie. GameObjects
'Assets/Photon/Quantum/Runtime/QuantumUnityRuntime.cs' contains partial class of Unity.Object, exactly 1 of the partial classes needs to be in a file with the same filename. This is to know the one that can be referenced from ie. GameObjects
'Assets/Photon/Quantum/Runtime/QuantumUnityRuntime.cs' contains partial class of Unity.Object, exactly 1 of the partial classes needs to be in a file with the same filename. This is to know the one that can be referenced from ie. GameObjects
'Assets/Photon/Quantum/Runtime/QuantumUnityRuntime.cs' contains partial class of Unity.Object, exactly 1 of the partial classes needs to be in a file with the same filename. This is to know the one that can be referenced from ie. GameObjects
'Assets/Photon/Quantum/Runtime/QuantumUnityRuntime.cs' contains partial class of Unity.Object, exactly 1 of the partial classes needs to be in a file with the same filename. This is to know the one that can be referenced from ie. GameObjects
'Assets/Photon/Quantum/Runtime/QuantumUnityRuntime.cs' contains partial class of Unity.Object, exactly 1 of the partial classes needs to be in a file with the same filename. This is to know the one that can be referenced from ie. GameObjects
'Assets/Photon/Quantum/Runtime/QuantumUnityRuntime.cs' contains partial class of Unity.Object, exactly 1 of the partial classes needs to be in a file with the same filename. This is to know the one that can be referenced from ie. GameObjects
'Assets/Photon/Quantum/Runtime/QuantumUnityRuntime.cs' contains partial class of Unity.Object, exactly 1 of the partial classes needs to be in a file with the same filename. This is to know the one that can be referenced from ie. GameObjects
'Assets/Photon/Quantum/Runtime/QuantumUnityRuntime.cs' contains partial class of Unity.Object, exactly 1 of the partial classes needs to be in a file with the same filename. This is to know the one that can be referenced from ie. GameObjects
Unloading 5 Unused Serialized files (Serialized files now loaded: 0)
Unloading 3674 unused Assets / (1.2 MB). Loaded Objects now: 4288.
Memory consumption went from 91.8 MB to 90.5 MB.
Total: 4.938792 ms (FindLiveObjects: 0.171792 ms CreateObjectMapping: 0.071333 ms MarkObjects: 4.108125 ms  DeleteObjects: 0.587000 ms)

Prepare: number of updated asset objects reloaded= 0
========================================================================
Received Prepare
'Assets/Photon/Quantum/Runtime/QuantumUnityRuntime.cs' contains partial class of Unity.Object, exactly 1 of the partial classes needs to be in a file with the same filename. This is to know the one that can be referenced from ie. GameObjects
'Assets/Photon/Quantum/Runtime/QuantumUnityRuntime.cs' contains partial class of Unity.Object, exactly 1 of the partial classes needs to be in a file with the same filename. This is to know the one that can be referenced from ie. GameObjects
'Assets/Photon/Quantum/Runtime/QuantumUnityRuntime.cs' contains partial class of Unity.Object, exactly 1 of the partial classes needs to be in a file with the same filename. This is to know the one that can be referenced from ie. GameObjects
'Assets/Photon/Quantum/Runtime/QuantumUnityRuntime.cs' contains partial class of Unity.Object, exactly 1 of the partial classes needs to be in a file with the same filename. This is to know the one that can be referenced from ie. GameObjects
'Assets/Photon/Quantum/Runtime/QuantumUnityRuntime.cs' contains partial class of Unity.Object, exactly 1 of the partial classes needs to be in a file with the same filename. This is to know the one that can be referenced from ie. GameObjects
'Assets/Photon/Quantum/Runtime/QuantumUnityRuntime.cs' contains partial class of Unity.Object, exactly 1 of the partial classes needs to be in a file with the same filename. This is to know the one that can be referenced from ie. GameObjects
'Assets/Photon/Quantum/Runtime/QuantumUnityRuntime.cs' contains partial class of Unity.Object, exactly 1 of the partial classes needs to be in a file with the same filename. This is to know the one that can be referenced from ie. GameObjects
'Assets/Photon/Quantum/Runtime/QuantumUnityRuntime.cs' contains partial class of Unity.Object, exactly 1 of the partial classes needs to be in a file with the same filename. This is to know the one that can be referenced from ie. GameObjects
'Assets/Photon/Quantum/Runtime/QuantumUnityRuntime.cs' contains partial class of Unity.Object, exactly 1 of the partial classes needs to be in a file with the same filename. This is to know the one that can be referenced from ie. GameObjects
'Assets/Photon/Quantum/Runtime/QuantumUnityRuntime.cs' contains partial class of Unity.Object, exactly 1 of the partial classes needs to be in a file with the same filename. This is to know the one that can be referenced from ie. GameObjects
'Assets/Photon/Quantum/Runtime/QuantumUnityRuntime.cs' contains partial class of Unity.Object, exactly 1 of the partial classes needs to be in a file with the same filename. This is to know the one that can be referenced from ie. GameObjects
Unloading 5 Unused Serialized files (Serialized files now loaded: 0)
Unloading 3674 unused Assets / (0.8 MB). Loaded Objects now: 4288.
Memory consumption went from 91.8 MB to 90.9 MB.
Total: 5.432834 ms (FindLiveObjects: 0.202791 ms CreateObjectMapping: 0.078000 ms MarkObjects: 4.525167 ms  DeleteObjects: 0.626417 ms)

Prepare: number of updated asset objects reloaded= 0
========================================================================
Received Prepare
Begin MonoManager ReloadAssembly
[Licensing::Client] Successfully resolved entitlement details
Thread 0x16b0c7000 may have been prematurely finalized
Assembly Assembly-CSharp-Editor-firstpass.dll at Library/ScriptAssemblies/Assembly-CSharp-Editor-firstpass.dll not valid. Loading of assembly skipped.
Assembly Assembly-CSharp-Editor.dll at Library/ScriptAssemblies/Assembly-CSharp-Editor.dll not valid. Loading of assembly skipped.
Assembly Assembly-CSharp-firstpass.dll at Library/ScriptAssemblies/Assembly-CSharp-firstpass.dll not valid. Loading of assembly skipped.
Assembly PhotonWebSocket.dll at Library/ScriptAssemblies/PhotonWebSocket.dll not valid. Loading of assembly skipped.
Assembly TestNewCustomAssembly.dll at Library/ScriptAssemblies/TestNewCustomAssembly.dll not valid. Loading of assembly skipped.
Assembly Unity.AI.Navigation.Editor.Tests.dll at Library/ScriptAssemblies/Unity.AI.Navigation.Editor.Tests.dll not valid. Loading of assembly skipped.
Assembly Unity.AI.Navigation.LegacyOffMeshLink.Tests.dll at Library/ScriptAssemblies/Unity.AI.Navigation.LegacyOffMeshLink.Tests.dll not valid. Loading of assembly skipped.
Assembly Unity.AI.Navigation.Tests.dll at Library/ScriptAssemblies/Unity.AI.Navigation.Tests.dll not valid. Loading of assembly skipped.
Assembly Unity.AI.Navigation.Tests.EditorInPlaymode.dll at Library/ScriptAssemblies/Unity.AI.Navigation.Tests.EditorInPlaymode.dll not valid. Loading of assembly skipped.
Assembly Unity.InputSystem.IntegrationTests.dll at Library/ScriptAssemblies/Unity.InputSystem.IntegrationTests.dll not valid. Loading of assembly skipped.
Assembly Unity.Performance.Profile-Analyzer.EditorTests.dll at Library/ScriptAssemblies/Unity.Performance.Profile-Analyzer.EditorTests.dll not valid. Loading of assembly skipped.
Assembly Unity.Settings.Tests.dll at Library/ScriptAssemblies/Unity.Settings.Tests.dll not valid. Loading of assembly skipped.
Assembly Unity.TestTools.CodeCoverage.Editor.Compatibility.dll at Library/ScriptAssemblies/Unity.TestTools.CodeCoverage.Editor.Compatibility.dll not valid. Loading of assembly skipped.
Assembly Unity.TextMeshPro.Editor.Tests.dll at Library/ScriptAssemblies/Unity.TextMeshPro.Editor.Tests.dll not valid. Loading of assembly skipped.
Assembly Unity.TextMeshPro.Tests.dll at Library/ScriptAssemblies/Unity.TextMeshPro.Tests.dll not valid. Loading of assembly skipped.
Assembly UnityEditor.UI.Common.Tests.dll at Library/ScriptAssemblies/UnityEditor.UI.Common.Tests.dll not valid. Loading of assembly skipped.
Assembly UnityEditor.UI.EditorTests.dll at Library/ScriptAssemblies/UnityEditor.UI.EditorTests.dll not valid. Loading of assembly skipped.
Assembly UnityEngine.UI.Tests.dll at Library/ScriptAssemblies/UnityEngine.UI.Tests.dll not valid. Loading of assembly skipped.
'Assets/Photon/Quantum/Runtime/QuantumUnityRuntime.cs' contains partial class of Unity.Object, exactly 1 of the partial classes needs to be in a file with the same filename. This is to know the one that can be referenced from ie. GameObjects
'Assets/Photon/Quantum/Runtime/QuantumUnityRuntime.cs' contains partial class of Unity.Object, exactly 1 of the partial classes needs to be in a file with the same filename. This is to know the one that can be referenced from ie. GameObjects
'Assets/Photon/Quantum/Runtime/QuantumUnityRuntime.cs' contains partial class of Unity.Object, exactly 1 of the partial classes needs to be in a file with the same filename. This is to know the one that can be referenced from ie. GameObjects
'Assets/Photon/Quantum/Runtime/QuantumUnityRuntime.cs' contains partial class of Unity.Object, exactly 1 of the partial classes needs to be in a file with the same filename. This is to know the one that can be referenced from ie. GameObjects
'Assets/Photon/Quantum/Runtime/QuantumUnityRuntime.cs' contains partial class of Unity.Object, exactly 1 of the partial classes needs to be in a file with the same filename. This is to know the one that can be referenced from ie. GameObjects
'Assets/Photon/Quantum/Runtime/QuantumUnityRuntime.cs' contains partial class of Unity.Object, exactly 1 of the partial classes needs to be in a file with the same filename. This is to know the one that can be referenced from ie. GameObjects
'Assets/Photon/Quantum/Runtime/QuantumUnityRuntime.cs' contains partial class of Unity.Object, exactly 1 of the partial classes needs to be in a file with the same filename. This is to know the one that can be referenced from ie. GameObjects
'Assets/Photon/Quantum/Runtime/QuantumUnityRuntime.cs' contains partial class of Unity.Object, exactly 1 of the partial classes needs to be in a file with the same filename. This is to know the one that can be referenced from ie. GameObjects
'Assets/Photon/Quantum/Runtime/QuantumUnityRuntime.cs' contains partial class of Unity.Object, exactly 1 of the partial classes needs to be in a file with the same filename. This is to know the one that can be referenced from ie. GameObjects
'Assets/Photon/Quantum/Runtime/QuantumUnityRuntime.cs' contains partial class of Unity.Object, exactly 1 of the partial classes needs to be in a file with the same filename. This is to know the one that can be referenced from ie. GameObjects
'Assets/Photon/Quantum/Runtime/QuantumUnityRuntime.cs' contains partial class of Unity.Object, exactly 1 of the partial classes needs to be in a file with the same filename. This is to know the one that can be referenced from ie. GameObjects
Native extension for Android target not found
Native extension for OSXStandalone target not found
[Package Manager] Failed to launch server process. Reason: Unity was launched with the -noUpm command-line argument
[Package Manager] Unable to send message (not connected to server process).
[Package Manager] Cannot connect to Unity Package Manager local server
ScheduleIndexationOnStartup MainProcess:False IndexOnStartup:True
Mono: successfully reloaded assembly
- Finished resetting the current domain, in  0.434 seconds
Domain Reload Profiling: 788ms
	BeginReloadAssembly (86ms)
		DisableScriptedObjects (3ms)
		CreateAndSetChildDomain (22ms)
	RebuildCommonClasses (25ms)
	RebuildNativeTypeToScriptingClass (10ms)
	initialDomainReloadingComplete (34ms)
	LoadAllAssembliesAndSetupDomain (200ms)
		LoadAssemblies (122ms)
		AnalyzeDomain (106ms)
			TypeCache.Refresh (14ms)
				TypeCache.ScanAssembly (7ms)
			BuildScriptInfoCaches (87ms)
			ResolveRequiredComponents (4ms)
	FinalizeReload (434ms)
		SetupLoadedEditorAssemblies (0ms)
			InitializePlatformSupportModulesInManaged (4ms)
			BeforeProcessingInitializeOnLoad (70ms)
			ProcessInitializeOnLoadAttributes (235ms)
			ProcessInitializeOnLoadMethodAttributes (37ms)
Unloading 5 Unused Serialized files (Serialized files now loaded: 0)
Unloading 3682 unused Assets / (0.7 MB). Loaded Objects now: 4288.
Memory consumption went from 103.4 MB to 102.7 MB.
Total: 6.020958 ms (FindLiveObjects: 0.211625 ms CreateObjectMapping: 0.072708 ms MarkObjects: 5.066959 ms  DeleteObjects: 0.669291 ms)

Prepare: number of updated asset objects reloaded= 0
========================================================================
Received Prepare
Begin MonoManager ReloadAssembly
[Licensing::Client] Successfully resolved entitlement details
Thread 0x16b0c7000 may have been prematurely finalized
Assembly Assembly-CSharp-Editor-firstpass.dll at Library/ScriptAssemblies/Assembly-CSharp-Editor-firstpass.dll not valid. Loading of assembly skipped.
Assembly Assembly-CSharp-Editor.dll at Library/ScriptAssemblies/Assembly-CSharp-Editor.dll not valid. Loading of assembly skipped.
Assembly Assembly-CSharp-firstpass.dll at Library/ScriptAssemblies/Assembly-CSharp-firstpass.dll not valid. Loading of assembly skipped.
Assembly PhotonWebSocket.dll at Library/ScriptAssemblies/PhotonWebSocket.dll not valid. Loading of assembly skipped.
Assembly TestNewCustomAssembly.dll at Library/ScriptAssemblies/TestNewCustomAssembly.dll not valid. Loading of assembly skipped.
Assembly Unity.AI.Navigation.Editor.Tests.dll at Library/ScriptAssemblies/Unity.AI.Navigation.Editor.Tests.dll not valid. Loading of assembly skipped.
Assembly Unity.AI.Navigation.LegacyOffMeshLink.Tests.dll at Library/ScriptAssemblies/Unity.AI.Navigation.LegacyOffMeshLink.Tests.dll not valid. Loading of assembly skipped.
Assembly Unity.AI.Navigation.Tests.dll at Library/ScriptAssemblies/Unity.AI.Navigation.Tests.dll not valid. Loading of assembly skipped.
Assembly Unity.AI.Navigation.Tests.EditorInPlaymode.dll at Library/ScriptAssemblies/Unity.AI.Navigation.Tests.EditorInPlaymode.dll not valid. Loading of assembly skipped.
Assembly Unity.InputSystem.IntegrationTests.dll at Library/ScriptAssemblies/Unity.InputSystem.IntegrationTests.dll not valid. Loading of assembly skipped.
Assembly Unity.Performance.Profile-Analyzer.EditorTests.dll at Library/ScriptAssemblies/Unity.Performance.Profile-Analyzer.EditorTests.dll not valid. Loading of assembly skipped.
Assembly Unity.Settings.Tests.dll at Library/ScriptAssemblies/Unity.Settings.Tests.dll not valid. Loading of assembly skipped.
Assembly Unity.TestTools.CodeCoverage.Editor.Compatibility.dll at Library/ScriptAssemblies/Unity.TestTools.CodeCoverage.Editor.Compatibility.dll not valid. Loading of assembly skipped.
Assembly Unity.TextMeshPro.Editor.Tests.dll at Library/ScriptAssemblies/Unity.TextMeshPro.Editor.Tests.dll not valid. Loading of assembly skipped.
Assembly Unity.TextMeshPro.Tests.dll at Library/ScriptAssemblies/Unity.TextMeshPro.Tests.dll not valid. Loading of assembly skipped.
Assembly UnityEditor.UI.Common.Tests.dll at Library/ScriptAssemblies/UnityEditor.UI.Common.Tests.dll not valid. Loading of assembly skipped.
Assembly UnityEditor.UI.EditorTests.dll at Library/ScriptAssemblies/UnityEditor.UI.EditorTests.dll not valid. Loading of assembly skipped.
Assembly UnityEngine.UI.Tests.dll at Library/ScriptAssemblies/UnityEngine.UI.Tests.dll not valid. Loading of assembly skipped.
'Assets/Photon/Quantum/Runtime/QuantumUnityRuntime.cs' contains partial class of Unity.Object, exactly 1 of the partial classes needs to be in a file with the same filename. This is to know the one that can be referenced from ie. GameObjects
'Assets/Photon/Quantum/Runtime/QuantumUnityRuntime.cs' contains partial class of Unity.Object, exactly 1 of the partial classes needs to be in a file with the same filename. This is to know the one that can be referenced from ie. GameObjects
'Assets/Photon/Quantum/Runtime/QuantumUnityRuntime.cs' contains partial class of Unity.Object, exactly 1 of the partial classes needs to be in a file with the same filename. This is to know the one that can be referenced from ie. GameObjects
'Assets/Photon/Quantum/Runtime/QuantumUnityRuntime.cs' contains partial class of Unity.Object, exactly 1 of the partial classes needs to be in a file with the same filename. This is to know the one that can be referenced from ie. GameObjects
'Assets/Photon/Quantum/Runtime/QuantumUnityRuntime.cs' contains partial class of Unity.Object, exactly 1 of the partial classes needs to be in a file with the same filename. This is to know the one that can be referenced from ie. GameObjects
'Assets/Photon/Quantum/Runtime/QuantumUnityRuntime.cs' contains partial class of Unity.Object, exactly 1 of the partial classes needs to be in a file with the same filename. This is to know the one that can be referenced from ie. GameObjects
'Assets/Photon/Quantum/Runtime/QuantumUnityRuntime.cs' contains partial class of Unity.Object, exactly 1 of the partial classes needs to be in a file with the same filename. This is to know the one that can be referenced from ie. GameObjects
'Assets/Photon/Quantum/Runtime/QuantumUnityRuntime.cs' contains partial class of Unity.Object, exactly 1 of the partial classes needs to be in a file with the same filename. This is to know the one that can be referenced from ie. GameObjects
'Assets/Photon/Quantum/Runtime/QuantumUnityRuntime.cs' contains partial class of Unity.Object, exactly 1 of the partial classes needs to be in a file with the same filename. This is to know the one that can be referenced from ie. GameObjects
'Assets/Photon/Quantum/Runtime/QuantumUnityRuntime.cs' contains partial class of Unity.Object, exactly 1 of the partial classes needs to be in a file with the same filename. This is to know the one that can be referenced from ie. GameObjects
'Assets/Photon/Quantum/Runtime/QuantumUnityRuntime.cs' contains partial class of Unity.Object, exactly 1 of the partial classes needs to be in a file with the same filename. This is to know the one that can be referenced from ie. GameObjects
Native extension for Android target not found
Native extension for OSXStandalone target not found
[Package Manager] Failed to launch server process. Reason: Unity was launched with the -noUpm command-line argument
[Package Manager] Unable to send message (not connected to server process).
[Package Manager] Cannot connect to Unity Package Manager local server
ScheduleIndexationOnStartup MainProcess:False IndexOnStartup:True
Mono: successfully reloaded assembly
- Finished resetting the current domain, in  0.497 seconds
Domain Reload Profiling: 959ms
	BeginReloadAssembly (93ms)
		DisableScriptedObjects (3ms)
		CreateAndSetChildDomain (23ms)
	RebuildCommonClasses (29ms)
	RebuildNativeTypeToScriptingClass (11ms)
	initialDomainReloadingComplete (41ms)
	LoadAllAssembliesAndSetupDomain (287ms)
		LoadAssemblies (196ms)
		AnalyzeDomain (124ms)
			TypeCache.Refresh (15ms)
				TypeCache.ScanAssembly (8ms)
			BuildScriptInfoCaches (103ms)
			ResolveRequiredComponents (5ms)
	FinalizeReload (498ms)
		SetupLoadedEditorAssemblies (0ms)
			InitializePlatformSupportModulesInManaged (4ms)
			BeforeProcessingInitializeOnLoad (76ms)
			ProcessInitializeOnLoadAttributes (267ms)
			ProcessInitializeOnLoadMethodAttributes (55ms)
		AwakeInstancesAfterBackupRestoration (3ms)
Unloading 5 Unused Serialized files (Serialized files now loaded: 0)
Unloading 3682 unused Assets / (0.6 MB). Loaded Objects now: 4288.
Memory consumption went from 103.4 MB to 102.8 MB.
Total: 5.531000 ms (FindLiveObjects: 0.233541 ms CreateObjectMapping: 0.075417 ms MarkObjects: 4.592208 ms  DeleteObjects: 0.627875 ms)

Prepare: number of updated asset objects reloaded= 0
========================================================================
Received Prepare
Begin MonoManager ReloadAssembly
[Licensing::Client] Successfully resolved entitlement details
Thread 0x16b0c7000 may have been prematurely finalized
Assembly Assembly-CSharp-Editor-firstpass.dll at Library/ScriptAssemblies/Assembly-CSharp-Editor-firstpass.dll not valid. Loading of assembly skipped.
Assembly Assembly-CSharp-Editor.dll at Library/ScriptAssemblies/Assembly-CSharp-Editor.dll not valid. Loading of assembly skipped.
Assembly Assembly-CSharp-firstpass.dll at Library/ScriptAssemblies/Assembly-CSharp-firstpass.dll not valid. Loading of assembly skipped.
Assembly PhotonWebSocket.dll at Library/ScriptAssemblies/PhotonWebSocket.dll not valid. Loading of assembly skipped.
Assembly TestNewCustomAssembly.dll at Library/ScriptAssemblies/TestNewCustomAssembly.dll not valid. Loading of assembly skipped.
Assembly Unity.AI.Navigation.Editor.Tests.dll at Library/ScriptAssemblies/Unity.AI.Navigation.Editor.Tests.dll not valid. Loading of assembly skipped.
Assembly Unity.AI.Navigation.LegacyOffMeshLink.Tests.dll at Library/ScriptAssemblies/Unity.AI.Navigation.LegacyOffMeshLink.Tests.dll not valid. Loading of assembly skipped.
Assembly Unity.AI.Navigation.Tests.dll at Library/ScriptAssemblies/Unity.AI.Navigation.Tests.dll not valid. Loading of assembly skipped.
Assembly Unity.AI.Navigation.Tests.EditorInPlaymode.dll at Library/ScriptAssemblies/Unity.AI.Navigation.Tests.EditorInPlaymode.dll not valid. Loading of assembly skipped.
Assembly Unity.InputSystem.IntegrationTests.dll at Library/ScriptAssemblies/Unity.InputSystem.IntegrationTests.dll not valid. Loading of assembly skipped.
Assembly Unity.Performance.Profile-Analyzer.EditorTests.dll at Library/ScriptAssemblies/Unity.Performance.Profile-Analyzer.EditorTests.dll not valid. Loading of assembly skipped.
Assembly Unity.Settings.Tests.dll at Library/ScriptAssemblies/Unity.Settings.Tests.dll not valid. Loading of assembly skipped.
Assembly Unity.TestTools.CodeCoverage.Editor.Compatibility.dll at Library/ScriptAssemblies/Unity.TestTools.CodeCoverage.Editor.Compatibility.dll not valid. Loading of assembly skipped.
Assembly Unity.TextMeshPro.Editor.Tests.dll at Library/ScriptAssemblies/Unity.TextMeshPro.Editor.Tests.dll not valid. Loading of assembly skipped.
Assembly Unity.TextMeshPro.Tests.dll at Library/ScriptAssemblies/Unity.TextMeshPro.Tests.dll not valid. Loading of assembly skipped.
Assembly UnityEditor.UI.Common.Tests.dll at Library/ScriptAssemblies/UnityEditor.UI.Common.Tests.dll not valid. Loading of assembly skipped.
Assembly UnityEditor.UI.EditorTests.dll at Library/ScriptAssemblies/UnityEditor.UI.EditorTests.dll not valid. Loading of assembly skipped.
Assembly UnityEngine.UI.Tests.dll at Library/ScriptAssemblies/UnityEngine.UI.Tests.dll not valid. Loading of assembly skipped.
'Assets/Photon/Quantum/Runtime/QuantumUnityRuntime.cs' contains partial class of Unity.Object, exactly 1 of the partial classes needs to be in a file with the same filename. This is to know the one that can be referenced from ie. GameObjects
'Assets/Photon/Quantum/Runtime/QuantumUnityRuntime.cs' contains partial class of Unity.Object, exactly 1 of the partial classes needs to be in a file with the same filename. This is to know the one that can be referenced from ie. GameObjects
'Assets/Photon/Quantum/Runtime/QuantumUnityRuntime.cs' contains partial class of Unity.Object, exactly 1 of the partial classes needs to be in a file with the same filename. This is to know the one that can be referenced from ie. GameObjects
'Assets/Photon/Quantum/Runtime/QuantumUnityRuntime.cs' contains partial class of Unity.Object, exactly 1 of the partial classes needs to be in a file with the same filename. This is to know the one that can be referenced from ie. GameObjects
'Assets/Photon/Quantum/Runtime/QuantumUnityRuntime.cs' contains partial class of Unity.Object, exactly 1 of the partial classes needs to be in a file with the same filename. This is to know the one that can be referenced from ie. GameObjects
'Assets/Photon/Quantum/Runtime/QuantumUnityRuntime.cs' contains partial class of Unity.Object, exactly 1 of the partial classes needs to be in a file with the same filename. This is to know the one that can be referenced from ie. GameObjects
'Assets/Photon/Quantum/Runtime/QuantumUnityRuntime.cs' contains partial class of Unity.Object, exactly 1 of the partial classes needs to be in a file with the same filename. This is to know the one that can be referenced from ie. GameObjects
'Assets/Photon/Quantum/Runtime/QuantumUnityRuntime.cs' contains partial class of Unity.Object, exactly 1 of the partial classes needs to be in a file with the same filename. This is to know the one that can be referenced from ie. GameObjects
'Assets/Photon/Quantum/Runtime/QuantumUnityRuntime.cs' contains partial class of Unity.Object, exactly 1 of the partial classes needs to be in a file with the same filename. This is to know the one that can be referenced from ie. GameObjects
'Assets/Photon/Quantum/Runtime/QuantumUnityRuntime.cs' contains partial class of Unity.Object, exactly 1 of the partial classes needs to be in a file with the same filename. This is to know the one that can be referenced from ie. GameObjects
'Assets/Photon/Quantum/Runtime/QuantumUnityRuntime.cs' contains partial class of Unity.Object, exactly 1 of the partial classes needs to be in a file with the same filename. This is to know the one that can be referenced from ie. GameObjects
Native extension for Android target not found
Native extension for OSXStandalone target not found
[Package Manager] Failed to launch server process. Reason: Unity was launched with the -noUpm command-line argument
[Package Manager] Unable to send message (not connected to server process).
[Package Manager] Cannot connect to Unity Package Manager local server
ScheduleIndexationOnStartup MainProcess:False IndexOnStartup:True
Mono: successfully reloaded assembly
- Finished resetting the current domain, in  0.468 seconds
Domain Reload Profiling: 902ms
	BeginReloadAssembly (116ms)
		DisableScriptedObjects (4ms)
		CreateAndSetChildDomain (35ms)
	RebuildCommonClasses (25ms)
	RebuildNativeTypeToScriptingClass (9ms)
	initialDomainReloadingComplete (40ms)
	LoadAllAssembliesAndSetupDomain (243ms)
		LoadAssemblies (169ms)
		AnalyzeDomain (112ms)
			TypeCache.Refresh (8ms)
			BuildScriptInfoCaches (98ms)
			ResolveRequiredComponents (5ms)
	FinalizeReload (468ms)
		SetupLoadedEditorAssemblies (0ms)
			InitializePlatformSupportModulesInManaged (4ms)
			BeforeProcessingInitializeOnLoad (80ms)
			ProcessInitializeOnLoadAttributes (257ms)
			ProcessInitializeOnLoadMethodAttributes (34ms)
Unloading 5 Unused Serialized files (Serialized files now loaded: 0)
Unloading 3682 unused Assets / (1.1 MB). Loaded Objects now: 4288.
Memory consumption went from 103.4 MB to 102.3 MB.
Total: 4.799542 ms (FindLiveObjects: 0.184917 ms CreateObjectMapping: 0.068500 ms MarkObjects: 3.999083 ms  DeleteObjects: 0.546667 ms)

Prepare: number of updated asset objects reloaded= 0
========================================================================
Received Prepare
Begin MonoManager ReloadAssembly
Thread 0x16b0c7000 may have been prematurely finalized
Assembly Assembly-CSharp-Editor-firstpass.dll at Library/ScriptAssemblies/Assembly-CSharp-Editor-firstpass.dll not valid. Loading of assembly skipped.
Assembly Assembly-CSharp-Editor.dll at Library/ScriptAssemblies/Assembly-CSharp-Editor.dll not valid. Loading of assembly skipped.
Assembly Assembly-CSharp-firstpass.dll at Library/ScriptAssemblies/Assembly-CSharp-firstpass.dll not valid. Loading of assembly skipped.
Assembly PhotonWebSocket.dll at Library/ScriptAssemblies/PhotonWebSocket.dll not valid. Loading of assembly skipped.
Assembly TestNewCustomAssembly.dll at Library/ScriptAssemblies/TestNewCustomAssembly.dll not valid. Loading of assembly skipped.
Assembly Unity.AI.Navigation.Editor.Tests.dll at Library/ScriptAssemblies/Unity.AI.Navigation.Editor.Tests.dll not valid. Loading of assembly skipped.
Assembly Unity.AI.Navigation.LegacyOffMeshLink.Tests.dll at Library/ScriptAssemblies/Unity.AI.Navigation.LegacyOffMeshLink.Tests.dll not valid. Loading of assembly skipped.
Assembly Unity.AI.Navigation.Tests.dll at Library/ScriptAssemblies/Unity.AI.Navigation.Tests.dll not valid. Loading of assembly skipped.
Assembly Unity.AI.Navigation.Tests.EditorInPlaymode.dll at Library/ScriptAssemblies/Unity.AI.Navigation.Tests.EditorInPlaymode.dll not valid. Loading of assembly skipped.
Assembly Unity.InputSystem.IntegrationTests.dll at Library/ScriptAssemblies/Unity.InputSystem.IntegrationTests.dll not valid. Loading of assembly skipped.
Assembly Unity.Performance.Profile-Analyzer.EditorTests.dll at Library/ScriptAssemblies/Unity.Performance.Profile-Analyzer.EditorTests.dll not valid. Loading of assembly skipped.
Assembly Unity.Settings.Tests.dll at Library/ScriptAssemblies/Unity.Settings.Tests.dll not valid. Loading of assembly skipped.
Assembly Unity.TestTools.CodeCoverage.Editor.Compatibility.dll at Library/ScriptAssemblies/Unity.TestTools.CodeCoverage.Editor.Compatibility.dll not valid. Loading of assembly skipped.
Assembly Unity.TextMeshPro.Editor.Tests.dll at Library/ScriptAssemblies/Unity.TextMeshPro.Editor.Tests.dll not valid. Loading of assembly skipped.
Assembly Unity.TextMeshPro.Tests.dll at Library/ScriptAssemblies/Unity.TextMeshPro.Tests.dll not valid. Loading of assembly skipped.
Assembly UnityEditor.UI.Common.Tests.dll at Library/ScriptAssemblies/UnityEditor.UI.Common.Tests.dll not valid. Loading of assembly skipped.
Assembly UnityEditor.UI.EditorTests.dll at Library/ScriptAssemblies/UnityEditor.UI.EditorTests.dll not valid. Loading of assembly skipped.
Assembly UnityEngine.UI.Tests.dll at Library/ScriptAssemblies/UnityEngine.UI.Tests.dll not valid. Loading of assembly skipped.
'Assets/Photon/Quantum/Runtime/QuantumUnityRuntime.cs' contains partial class of Unity.Object, exactly 1 of the partial classes needs to be in a file with the same filename. This is to know the one that can be referenced from ie. GameObjects
'Assets/Photon/Quantum/Runtime/QuantumUnityRuntime.cs' contains partial class of Unity.Object, exactly 1 of the partial classes needs to be in a file with the same filename. This is to know the one that can be referenced from ie. GameObjects
'Assets/Photon/Quantum/Runtime/QuantumUnityRuntime.cs' contains partial class of Unity.Object, exactly 1 of the partial classes needs to be in a file with the same filename. This is to know the one that can be referenced from ie. GameObjects
'Assets/Photon/Quantum/Runtime/QuantumUnityRuntime.cs' contains partial class of Unity.Object, exactly 1 of the partial classes needs to be in a file with the same filename. This is to know the one that can be referenced from ie. GameObjects
'Assets/Photon/Quantum/Runtime/QuantumUnityRuntime.cs' contains partial class of Unity.Object, exactly 1 of the partial classes needs to be in a file with the same filename. This is to know the one that can be referenced from ie. GameObjects
'Assets/Photon/Quantum/Runtime/QuantumUnityRuntime.cs' contains partial class of Unity.Object, exactly 1 of the partial classes needs to be in a file with the same filename. This is to know the one that can be referenced from ie. GameObjects
'Assets/Photon/Quantum/Runtime/QuantumUnityRuntime.cs' contains partial class of Unity.Object, exactly 1 of the partial classes needs to be in a file with the same filename. This is to know the one that can be referenced from ie. GameObjects
'Assets/Photon/Quantum/Runtime/QuantumUnityRuntime.cs' contains partial class of Unity.Object, exactly 1 of the partial classes needs to be in a file with the same filename. This is to know the one that can be referenced from ie. GameObjects
'Assets/Photon/Quantum/Runtime/QuantumUnityRuntime.cs' contains partial class of Unity.Object, exactly 1 of the partial classes needs to be in a file with the same filename. This is to know the one that can be referenced from ie. GameObjects
'Assets/Photon/Quantum/Runtime/QuantumUnityRuntime.cs' contains partial class of Unity.Object, exactly 1 of the partial classes needs to be in a file with the same filename. This is to know the one that can be referenced from ie. GameObjects
'Assets/Photon/Quantum/Runtime/QuantumUnityRuntime.cs' contains partial class of Unity.Object, exactly 1 of the partial classes needs to be in a file with the same filename. This is to know the one that can be referenced from ie. GameObjects
Native extension for Android target not found
Native extension for OSXStandalone target not found
[Package Manager] Failed to launch server process. Reason: Unity was launched with the -noUpm command-line argument
[Package Manager] Unable to send message (not connected to server process).
[Package Manager] Cannot connect to Unity Package Manager local server
ScheduleIndexationOnStartup MainProcess:False IndexOnStartup:True
Mono: successfully reloaded assembly
- Finished resetting the current domain, in  0.434 seconds
Domain Reload Profiling: 811ms
	BeginReloadAssembly (87ms)
		DisableScriptedObjects (3ms)
		CreateAndSetChildDomain (24ms)
	RebuildCommonClasses (26ms)
	RebuildNativeTypeToScriptingClass (11ms)
	initialDomainReloadingComplete (36ms)
	LoadAllAssembliesAndSetupDomain (217ms)
		LoadAssemblies (128ms)
		AnalyzeDomain (115ms)
			TypeCache.Refresh (5ms)
			BuildScriptInfoCaches (104ms)
			ResolveRequiredComponents (5ms)
	FinalizeReload (434ms)
		SetupLoadedEditorAssemblies (0ms)
			InitializePlatformSupportModulesInManaged (4ms)
			BeforeProcessingInitializeOnLoad (70ms)
			ProcessInitializeOnLoadAttributes (230ms)
			ProcessInitializeOnLoadMethodAttributes (34ms)
Unloading 5 Unused Serialized files (Serialized files now loaded: 0)
Unloading 3682 unused Assets / (1.0 MB). Loaded Objects now: 4288.
Memory consumption went from 103.4 MB to 102.5 MB.
Total: 5.701500 ms (FindLiveObjects: 0.214041 ms CreateObjectMapping: 0.071292 ms MarkObjects: 4.749000 ms  DeleteObjects: 0.666666 ms)

Prepare: number of updated asset objects reloaded= 0
========================================================================
Received Prepare
Begin MonoManager ReloadAssembly
[Licensing::Client] Successfully resolved entitlement details
Thread 0x16b0c7000 may have been prematurely finalized
Assembly Assembly-CSharp-Editor-firstpass.dll at Library/ScriptAssemblies/Assembly-CSharp-Editor-firstpass.dll not valid. Loading of assembly skipped.
Assembly Assembly-CSharp-Editor.dll at Library/ScriptAssemblies/Assembly-CSharp-Editor.dll not valid. Loading of assembly skipped.
Assembly Assembly-CSharp-firstpass.dll at Library/ScriptAssemblies/Assembly-CSharp-firstpass.dll not valid. Loading of assembly skipped.
Assembly PhotonWebSocket.dll at Library/ScriptAssemblies/PhotonWebSocket.dll not valid. Loading of assembly skipped.
Assembly TestNewCustomAssembly.dll at Library/ScriptAssemblies/TestNewCustomAssembly.dll not valid. Loading of assembly skipped.
Assembly Unity.AI.Navigation.Editor.Tests.dll at Library/ScriptAssemblies/Unity.AI.Navigation.Editor.Tests.dll not valid. Loading of assembly skipped.
Assembly Unity.AI.Navigation.LegacyOffMeshLink.Tests.dll at Library/ScriptAssemblies/Unity.AI.Navigation.LegacyOffMeshLink.Tests.dll not valid. Loading of assembly skipped.
Assembly Unity.AI.Navigation.Tests.dll at Library/ScriptAssemblies/Unity.AI.Navigation.Tests.dll not valid. Loading of assembly skipped.
Assembly Unity.AI.Navigation.Tests.EditorInPlaymode.dll at Library/ScriptAssemblies/Unity.AI.Navigation.Tests.EditorInPlaymode.dll not valid. Loading of assembly skipped.
Assembly Unity.InputSystem.IntegrationTests.dll at Library/ScriptAssemblies/Unity.InputSystem.IntegrationTests.dll not valid. Loading of assembly skipped.
Assembly Unity.Performance.Profile-Analyzer.EditorTests.dll at Library/ScriptAssemblies/Unity.Performance.Profile-Analyzer.EditorTests.dll not valid. Loading of assembly skipped.
Assembly Unity.Settings.Tests.dll at Library/ScriptAssemblies/Unity.Settings.Tests.dll not valid. Loading of assembly skipped.
Assembly Unity.TestTools.CodeCoverage.Editor.Compatibility.dll at Library/ScriptAssemblies/Unity.TestTools.CodeCoverage.Editor.Compatibility.dll not valid. Loading of assembly skipped.
Assembly Unity.TextMeshPro.Editor.Tests.dll at Library/ScriptAssemblies/Unity.TextMeshPro.Editor.Tests.dll not valid. Loading of assembly skipped.
Assembly Unity.TextMeshPro.Tests.dll at Library/ScriptAssemblies/Unity.TextMeshPro.Tests.dll not valid. Loading of assembly skipped.
Assembly UnityEditor.UI.Common.Tests.dll at Library/ScriptAssemblies/UnityEditor.UI.Common.Tests.dll not valid. Loading of assembly skipped.
Assembly UnityEditor.UI.EditorTests.dll at Library/ScriptAssemblies/UnityEditor.UI.EditorTests.dll not valid. Loading of assembly skipped.
Assembly UnityEngine.UI.Tests.dll at Library/ScriptAssemblies/UnityEngine.UI.Tests.dll not valid. Loading of assembly skipped.
'Assets/Photon/Quantum/Runtime/QuantumUnityRuntime.cs' contains partial class of Unity.Object, exactly 1 of the partial classes needs to be in a file with the same filename. This is to know the one that can be referenced from ie. GameObjects
'Assets/Photon/Quantum/Runtime/QuantumUnityRuntime.cs' contains partial class of Unity.Object, exactly 1 of the partial classes needs to be in a file with the same filename. This is to know the one that can be referenced from ie. GameObjects
'Assets/Photon/Quantum/Runtime/QuantumUnityRuntime.cs' contains partial class of Unity.Object, exactly 1 of the partial classes needs to be in a file with the same filename. This is to know the one that can be referenced from ie. GameObjects
'Assets/Photon/Quantum/Runtime/QuantumUnityRuntime.cs' contains partial class of Unity.Object, exactly 1 of the partial classes needs to be in a file with the same filename. This is to know the one that can be referenced from ie. GameObjects
'Assets/Photon/Quantum/Runtime/QuantumUnityRuntime.cs' contains partial class of Unity.Object, exactly 1 of the partial classes needs to be in a file with the same filename. This is to know the one that can be referenced from ie. GameObjects
'Assets/Photon/Quantum/Runtime/QuantumUnityRuntime.cs' contains partial class of Unity.Object, exactly 1 of the partial classes needs to be in a file with the same filename. This is to know the one that can be referenced from ie. GameObjects
'Assets/Photon/Quantum/Runtime/QuantumUnityRuntime.cs' contains partial class of Unity.Object, exactly 1 of the partial classes needs to be in a file with the same filename. This is to know the one that can be referenced from ie. GameObjects
'Assets/Photon/Quantum/Runtime/QuantumUnityRuntime.cs' contains partial class of Unity.Object, exactly 1 of the partial classes needs to be in a file with the same filename. This is to know the one that can be referenced from ie. GameObjects
'Assets/Photon/Quantum/Runtime/QuantumUnityRuntime.cs' contains partial class of Unity.Object, exactly 1 of the partial classes needs to be in a file with the same filename. This is to know the one that can be referenced from ie. GameObjects
'Assets/Photon/Quantum/Runtime/QuantumUnityRuntime.cs' contains partial class of Unity.Object, exactly 1 of the partial classes needs to be in a file with the same filename. This is to know the one that can be referenced from ie. GameObjects
'Assets/Photon/Quantum/Runtime/QuantumUnityRuntime.cs' contains partial class of Unity.Object, exactly 1 of the partial classes needs to be in a file with the same filename. This is to know the one that can be referenced from ie. GameObjects
Native extension for Android target not found
Native extension for OSXStandalone target not found
[Package Manager] Failed to launch server process. Reason: Unity was launched with the -noUpm command-line argument
[Package Manager] Unable to send message (not connected to server process).
[Package Manager] Cannot connect to Unity Package Manager local server
ScheduleIndexationOnStartup MainProcess:False IndexOnStartup:True
Mono: successfully reloaded assembly
- Finished resetting the current domain, in  0.480 seconds
Domain Reload Profiling: 840ms
	BeginReloadAssembly (95ms)
		DisableScriptedObjects (3ms)
		CreateAndSetChildDomain (25ms)
	RebuildCommonClasses (23ms)
	RebuildNativeTypeToScriptingClass (10ms)
	initialDomainReloadingComplete (38ms)
	LoadAllAssembliesAndSetupDomain (193ms)
		LoadAssemblies (122ms)
		AnalyzeDomain (102ms)
			TypeCache.Refresh (6ms)
			BuildScriptInfoCaches (90ms)
			ResolveRequiredComponents (4ms)
	FinalizeReload (481ms)
		SetupLoadedEditorAssemblies (0ms)
			InitializePlatformSupportModulesInManaged (4ms)
			BeforeProcessingInitializeOnLoad (80ms)
			ProcessInitializeOnLoadAttributes (267ms)
			ProcessInitializeOnLoadMethodAttributes (35ms)
Unloading 5 Unused Serialized files (Serialized files now loaded: 0)
Unloading 3682 unused Assets / (1.0 MB). Loaded Objects now: 4288.
Memory consumption went from 103.4 MB to 102.4 MB.
Total: 4.835625 ms (FindLiveObjects: 0.193208 ms CreateObjectMapping: 0.073875 ms MarkObjects: 4.014333 ms  DeleteObjects: 0.553958 ms)

Prepare: number of updated asset objects reloaded= 0
========================================================================
Received Prepare
Begin MonoManager ReloadAssembly
Thread 0x16b0c7000 may have been prematurely finalized
Assembly Assembly-CSharp-Editor-firstpass.dll at Library/ScriptAssemblies/Assembly-CSharp-Editor-firstpass.dll not valid. Loading of assembly skipped.
Assembly Assembly-CSharp-Editor.dll at Library/ScriptAssemblies/Assembly-CSharp-Editor.dll not valid. Loading of assembly skipped.
Assembly Assembly-CSharp-firstpass.dll at Library/ScriptAssemblies/Assembly-CSharp-firstpass.dll not valid. Loading of assembly skipped.
Assembly PhotonWebSocket.dll at Library/ScriptAssemblies/PhotonWebSocket.dll not valid. Loading of assembly skipped.
Assembly TestNewCustomAssembly.dll at Library/ScriptAssemblies/TestNewCustomAssembly.dll not valid. Loading of assembly skipped.
Assembly Unity.AI.Navigation.Editor.Tests.dll at Library/ScriptAssemblies/Unity.AI.Navigation.Editor.Tests.dll not valid. Loading of assembly skipped.
Assembly Unity.AI.Navigation.LegacyOffMeshLink.Tests.dll at Library/ScriptAssemblies/Unity.AI.Navigation.LegacyOffMeshLink.Tests.dll not valid. Loading of assembly skipped.
Assembly Unity.AI.Navigation.Tests.dll at Library/ScriptAssemblies/Unity.AI.Navigation.Tests.dll not valid. Loading of assembly skipped.
Assembly Unity.AI.Navigation.Tests.EditorInPlaymode.dll at Library/ScriptAssemblies/Unity.AI.Navigation.Tests.EditorInPlaymode.dll not valid. Loading of assembly skipped.
Assembly Unity.InputSystem.IntegrationTests.dll at Library/ScriptAssemblies/Unity.InputSystem.IntegrationTests.dll not valid. Loading of assembly skipped.
Assembly Unity.Performance.Profile-Analyzer.EditorTests.dll at Library/ScriptAssemblies/Unity.Performance.Profile-Analyzer.EditorTests.dll not valid. Loading of assembly skipped.
Assembly Unity.Settings.Tests.dll at Library/ScriptAssemblies/Unity.Settings.Tests.dll not valid. Loading of assembly skipped.
Assembly Unity.TestTools.CodeCoverage.Editor.Compatibility.dll at Library/ScriptAssemblies/Unity.TestTools.CodeCoverage.Editor.Compatibility.dll not valid. Loading of assembly skipped.
Assembly Unity.TextMeshPro.Editor.Tests.dll at Library/ScriptAssemblies/Unity.TextMeshPro.Editor.Tests.dll not valid. Loading of assembly skipped.
Assembly Unity.TextMeshPro.Tests.dll at Library/ScriptAssemblies/Unity.TextMeshPro.Tests.dll not valid. Loading of assembly skipped.
Assembly UnityEditor.UI.Common.Tests.dll at Library/ScriptAssemblies/UnityEditor.UI.Common.Tests.dll not valid. Loading of assembly skipped.
Assembly UnityEditor.UI.EditorTests.dll at Library/ScriptAssemblies/UnityEditor.UI.EditorTests.dll not valid. Loading of assembly skipped.
Assembly UnityEngine.UI.Tests.dll at Library/ScriptAssemblies/UnityEngine.UI.Tests.dll not valid. Loading of assembly skipped.
'Assets/Photon/Quantum/Runtime/QuantumUnityRuntime.cs' contains partial class of Unity.Object, exactly 1 of the partial classes needs to be in a file with the same filename. This is to know the one that can be referenced from ie. GameObjects
'Assets/Photon/Quantum/Runtime/QuantumUnityRuntime.cs' contains partial class of Unity.Object, exactly 1 of the partial classes needs to be in a file with the same filename. This is to know the one that can be referenced from ie. GameObjects
'Assets/Photon/Quantum/Runtime/QuantumUnityRuntime.cs' contains partial class of Unity.Object, exactly 1 of the partial classes needs to be in a file with the same filename. This is to know the one that can be referenced from ie. GameObjects
'Assets/Photon/Quantum/Runtime/QuantumUnityRuntime.cs' contains partial class of Unity.Object, exactly 1 of the partial classes needs to be in a file with the same filename. This is to know the one that can be referenced from ie. GameObjects
'Assets/Photon/Quantum/Runtime/QuantumUnityRuntime.cs' contains partial class of Unity.Object, exactly 1 of the partial classes needs to be in a file with the same filename. This is to know the one that can be referenced from ie. GameObjects
'Assets/Photon/Quantum/Runtime/QuantumUnityRuntime.cs' contains partial class of Unity.Object, exactly 1 of the partial classes needs to be in a file with the same filename. This is to know the one that can be referenced from ie. GameObjects
'Assets/Photon/Quantum/Runtime/QuantumUnityRuntime.cs' contains partial class of Unity.Object, exactly 1 of the partial classes needs to be in a file with the same filename. This is to know the one that can be referenced from ie. GameObjects
'Assets/Photon/Quantum/Runtime/QuantumUnityRuntime.cs' contains partial class of Unity.Object, exactly 1 of the partial classes needs to be in a file with the same filename. This is to know the one that can be referenced from ie. GameObjects
'Assets/Photon/Quantum/Runtime/QuantumUnityRuntime.cs' contains partial class of Unity.Object, exactly 1 of the partial classes needs to be in a file with the same filename. This is to know the one that can be referenced from ie. GameObjects
'Assets/Photon/Quantum/Runtime/QuantumUnityRuntime.cs' contains partial class of Unity.Object, exactly 1 of the partial classes needs to be in a file with the same filename. This is to know the one that can be referenced from ie. GameObjects
'Assets/Photon/Quantum/Runtime/QuantumUnityRuntime.cs' contains partial class of Unity.Object, exactly 1 of the partial classes needs to be in a file with the same filename. This is to know the one that can be referenced from ie. GameObjects
Native extension for Android target not found
Native extension for OSXStandalone target not found
[Package Manager] Failed to launch server process. Reason: Unity was launched with the -noUpm command-line argument
[Package Manager] Unable to send message (not connected to server process).
[Package Manager] Cannot connect to Unity Package Manager local server
ScheduleIndexationOnStartup MainProcess:False IndexOnStartup:True
Mono: successfully reloaded assembly
- Finished resetting the current domain, in  0.435 seconds
Domain Reload Profiling: 769ms
	BeginReloadAssembly (79ms)
		DisableScriptedObjects (3ms)
		CreateAndSetChildDomain (21ms)
	RebuildCommonClasses (22ms)
	RebuildNativeTypeToScriptingClass (9ms)
	initialDomainReloadingComplete (34ms)
	LoadAllAssembliesAndSetupDomain (189ms)
		LoadAssemblies (115ms)
		AnalyzeDomain (97ms)
			TypeCache.Refresh (5ms)
			BuildScriptInfoCaches (87ms)
			ResolveRequiredComponents (4ms)
	FinalizeReload (436ms)
		SetupLoadedEditorAssemblies (0ms)
			InitializePlatformSupportModulesInManaged (4ms)
			BeforeProcessingInitializeOnLoad (68ms)
			ProcessInitializeOnLoadAttributes (242ms)
			ProcessInitializeOnLoadMethodAttributes (35ms)
Unloading 5 Unused Serialized files (Serialized files now loaded: 0)
Unloading 3682 unused Assets / (0.9 MB). Loaded Objects now: 4288.
Memory consumption went from 103.4 MB to 102.6 MB.
Total: 5.676042 ms (FindLiveObjects: 0.226542 ms CreateObjectMapping: 0.075125 ms MarkObjects: 4.731083 ms  DeleteObjects: 0.643000 ms)

Prepare: number of updated asset objects reloaded= 0
========================================================================
Received Prepare
'Assets/Photon/Quantum/Runtime/QuantumUnityRuntime.cs' contains partial class of Unity.Object, exactly 1 of the partial classes needs to be in a file with the same filename. This is to know the one that can be referenced from ie. GameObjects
'Assets/Photon/Quantum/Runtime/QuantumUnityRuntime.cs' contains partial class of Unity.Object, exactly 1 of the partial classes needs to be in a file with the same filename. This is to know the one that can be referenced from ie. GameObjects
'Assets/Photon/Quantum/Runtime/QuantumUnityRuntime.cs' contains partial class of Unity.Object, exactly 1 of the partial classes needs to be in a file with the same filename. This is to know the one that can be referenced from ie. GameObjects
'Assets/Photon/Quantum/Runtime/QuantumUnityRuntime.cs' contains partial class of Unity.Object, exactly 1 of the partial classes needs to be in a file with the same filename. This is to know the one that can be referenced from ie. GameObjects
'Assets/Photon/Quantum/Runtime/QuantumUnityRuntime.cs' contains partial class of Unity.Object, exactly 1 of the partial classes needs to be in a file with the same filename. This is to know the one that can be referenced from ie. GameObjects
'Assets/Photon/Quantum/Runtime/QuantumUnityRuntime.cs' contains partial class of Unity.Object, exactly 1 of the partial classes needs to be in a file with the same filename. This is to know the one that can be referenced from ie. GameObjects
'Assets/Photon/Quantum/Runtime/QuantumUnityRuntime.cs' contains partial class of Unity.Object, exactly 1 of the partial classes needs to be in a file with the same filename. This is to know the one that can be referenced from ie. GameObjects
'Assets/Photon/Quantum/Runtime/QuantumUnityRuntime.cs' contains partial class of Unity.Object, exactly 1 of the partial classes needs to be in a file with the same filename. This is to know the one that can be referenced from ie. GameObjects
'Assets/Photon/Quantum/Runtime/QuantumUnityRuntime.cs' contains partial class of Unity.Object, exactly 1 of the partial classes needs to be in a file with the same filename. This is to know the one that can be referenced from ie. GameObjects
'Assets/Photon/Quantum/Runtime/QuantumUnityRuntime.cs' contains partial class of Unity.Object, exactly 1 of the partial classes needs to be in a file with the same filename. This is to know the one that can be referenced from ie. GameObjects
'Assets/Photon/Quantum/Runtime/QuantumUnityRuntime.cs' contains partial class of Unity.Object, exactly 1 of the partial classes needs to be in a file with the same filename. This is to know the one that can be referenced from ie. GameObjects
Unloading 5 Unused Serialized files (Serialized files now loaded: 0)
Unloading 3674 unused Assets / (1.3 MB). Loaded Objects now: 4288.
Memory consumption went from 91.8 MB to 90.5 MB.
Total: 5.615250 ms (FindLiveObjects: 0.197750 ms CreateObjectMapping: 0.075084 ms MarkObjects: 4.771167 ms  DeleteObjects: 0.570583 ms)

Prepare: number of updated asset objects reloaded= 0
========================================================================
Received Prepare
Begin MonoManager ReloadAssembly
[Licensing::Client] Successfully resolved entitlement details
Thread 0x16b0c7000 may have been prematurely finalized
Assembly Assembly-CSharp-Editor-firstpass.dll at Library/ScriptAssemblies/Assembly-CSharp-Editor-firstpass.dll not valid. Loading of assembly skipped.
Assembly Assembly-CSharp-Editor.dll at Library/ScriptAssemblies/Assembly-CSharp-Editor.dll not valid. Loading of assembly skipped.
Assembly Assembly-CSharp-firstpass.dll at Library/ScriptAssemblies/Assembly-CSharp-firstpass.dll not valid. Loading of assembly skipped.
Assembly PhotonWebSocket.dll at Library/ScriptAssemblies/PhotonWebSocket.dll not valid. Loading of assembly skipped.
Assembly TestNewCustomAssembly.dll at Library/ScriptAssemblies/TestNewCustomAssembly.dll not valid. Loading of assembly skipped.
Assembly Unity.AI.Navigation.Editor.Tests.dll at Library/ScriptAssemblies/Unity.AI.Navigation.Editor.Tests.dll not valid. Loading of assembly skipped.
Assembly Unity.AI.Navigation.LegacyOffMeshLink.Tests.dll at Library/ScriptAssemblies/Unity.AI.Navigation.LegacyOffMeshLink.Tests.dll not valid. Loading of assembly skipped.
Assembly Unity.AI.Navigation.Tests.dll at Library/ScriptAssemblies/Unity.AI.Navigation.Tests.dll not valid. Loading of assembly skipped.
Assembly Unity.AI.Navigation.Tests.EditorInPlaymode.dll at Library/ScriptAssemblies/Unity.AI.Navigation.Tests.EditorInPlaymode.dll not valid. Loading of assembly skipped.
Assembly Unity.InputSystem.IntegrationTests.dll at Library/ScriptAssemblies/Unity.InputSystem.IntegrationTests.dll not valid. Loading of assembly skipped.
Assembly Unity.Performance.Profile-Analyzer.EditorTests.dll at Library/ScriptAssemblies/Unity.Performance.Profile-Analyzer.EditorTests.dll not valid. Loading of assembly skipped.
Assembly Unity.Settings.Tests.dll at Library/ScriptAssemblies/Unity.Settings.Tests.dll not valid. Loading of assembly skipped.
Assembly Unity.TestTools.CodeCoverage.Editor.Compatibility.dll at Library/ScriptAssemblies/Unity.TestTools.CodeCoverage.Editor.Compatibility.dll not valid. Loading of assembly skipped.
Assembly Unity.TextMeshPro.Editor.Tests.dll at Library/ScriptAssemblies/Unity.TextMeshPro.Editor.Tests.dll not valid. Loading of assembly skipped.
Assembly Unity.TextMeshPro.Tests.dll at Library/ScriptAssemblies/Unity.TextMeshPro.Tests.dll not valid. Loading of assembly skipped.
Assembly UnityEditor.UI.Common.Tests.dll at Library/ScriptAssemblies/UnityEditor.UI.Common.Tests.dll not valid. Loading of assembly skipped.
Assembly UnityEditor.UI.EditorTests.dll at Library/ScriptAssemblies/UnityEditor.UI.EditorTests.dll not valid. Loading of assembly skipped.
Assembly UnityEngine.UI.Tests.dll at Library/ScriptAssemblies/UnityEngine.UI.Tests.dll not valid. Loading of assembly skipped.
'Assets/Photon/Quantum/Runtime/QuantumUnityRuntime.cs' contains partial class of Unity.Object, exactly 1 of the partial classes needs to be in a file with the same filename. This is to know the one that can be referenced from ie. GameObjects
'Assets/Photon/Quantum/Runtime/QuantumUnityRuntime.cs' contains partial class of Unity.Object, exactly 1 of the partial classes needs to be in a file with the same filename. This is to know the one that can be referenced from ie. GameObjects
'Assets/Photon/Quantum/Runtime/QuantumUnityRuntime.cs' contains partial class of Unity.Object, exactly 1 of the partial classes needs to be in a file with the same filename. This is to know the one that can be referenced from ie. GameObjects
'Assets/Photon/Quantum/Runtime/QuantumUnityRuntime.cs' contains partial class of Unity.Object, exactly 1 of the partial classes needs to be in a file with the same filename. This is to know the one that can be referenced from ie. GameObjects
'Assets/Photon/Quantum/Runtime/QuantumUnityRuntime.cs' contains partial class of Unity.Object, exactly 1 of the partial classes needs to be in a file with the same filename. This is to know the one that can be referenced from ie. GameObjects
'Assets/Photon/Quantum/Runtime/QuantumUnityRuntime.cs' contains partial class of Unity.Object, exactly 1 of the partial classes needs to be in a file with the same filename. This is to know the one that can be referenced from ie. GameObjects
'Assets/Photon/Quantum/Runtime/QuantumUnityRuntime.cs' contains partial class of Unity.Object, exactly 1 of the partial classes needs to be in a file with the same filename. This is to know the one that can be referenced from ie. GameObjects
'Assets/Photon/Quantum/Runtime/QuantumUnityRuntime.cs' contains partial class of Unity.Object, exactly 1 of the partial classes needs to be in a file with the same filename. This is to know the one that can be referenced from ie. GameObjects
'Assets/Photon/Quantum/Runtime/QuantumUnityRuntime.cs' contains partial class of Unity.Object, exactly 1 of the partial classes needs to be in a file with the same filename. This is to know the one that can be referenced from ie. GameObjects
'Assets/Photon/Quantum/Runtime/QuantumUnityRuntime.cs' contains partial class of Unity.Object, exactly 1 of the partial classes needs to be in a file with the same filename. This is to know the one that can be referenced from ie. GameObjects
'Assets/Photon/Quantum/Runtime/QuantumUnityRuntime.cs' contains partial class of Unity.Object, exactly 1 of the partial classes needs to be in a file with the same filename. This is to know the one that can be referenced from ie. GameObjects
Native extension for Android target not found
Native extension for OSXStandalone target not found
[Package Manager] Failed to launch server process. Reason: Unity was launched with the -noUpm command-line argument
[Package Manager] Unable to send message (not connected to server process).
[Package Manager] Cannot connect to Unity Package Manager local server
ScheduleIndexationOnStartup MainProcess:False IndexOnStartup:True
Mono: successfully reloaded assembly
- Finished resetting the current domain, in  0.492 seconds
Domain Reload Profiling: 865ms
	BeginReloadAssembly (85ms)
		DisableScriptedObjects (3ms)
		CreateAndSetChildDomain (23ms)
	RebuildCommonClasses (24ms)
	RebuildNativeTypeToScriptingClass (11ms)
	initialDomainReloadingComplete (38ms)
	LoadAllAssembliesAndSetupDomain (216ms)
		LoadAssemblies (126ms)
		AnalyzeDomain (115ms)
			TypeCache.Refresh (7ms)
			BuildScriptInfoCaches (103ms)
			ResolveRequiredComponents (5ms)
	FinalizeReload (492ms)
		SetupLoadedEditorAssemblies (0ms)
			InitializePlatformSupportModulesInManaged (5ms)
			BeforeProcessingInitializeOnLoad (79ms)
			ProcessInitializeOnLoadAttributes (278ms)
			ProcessInitializeOnLoadMethodAttributes (35ms)
Unloading 5 Unused Serialized files (Serialized files now loaded: 0)
Unloading 3682 unused Assets / (1.2 MB). Loaded Objects now: 4288.
Memory consumption went from 103.4 MB to 102.3 MB.
Total: 5.215125 ms (FindLiveObjects: 0.188708 ms CreateObjectMapping: 0.072125 ms MarkObjects: 4.393500 ms  DeleteObjects: 0.560459 ms)

Prepare: number of updated asset objects reloaded= 0
========================================================================
Received Prepare
Begin MonoManager ReloadAssembly
Thread 0x16b0c7000 may have been prematurely finalized
Assembly Assembly-CSharp-Editor-firstpass.dll at Library/ScriptAssemblies/Assembly-CSharp-Editor-firstpass.dll not valid. Loading of assembly skipped.
Assembly Assembly-CSharp-Editor.dll at Library/ScriptAssemblies/Assembly-CSharp-Editor.dll not valid. Loading of assembly skipped.
Assembly Assembly-CSharp-firstpass.dll at Library/ScriptAssemblies/Assembly-CSharp-firstpass.dll not valid. Loading of assembly skipped.
Assembly PhotonWebSocket.dll at Library/ScriptAssemblies/PhotonWebSocket.dll not valid. Loading of assembly skipped.
Assembly TestNewCustomAssembly.dll at Library/ScriptAssemblies/TestNewCustomAssembly.dll not valid. Loading of assembly skipped.
Assembly Unity.AI.Navigation.Editor.Tests.dll at Library/ScriptAssemblies/Unity.AI.Navigation.Editor.Tests.dll not valid. Loading of assembly skipped.
Assembly Unity.AI.Navigation.LegacyOffMeshLink.Tests.dll at Library/ScriptAssemblies/Unity.AI.Navigation.LegacyOffMeshLink.Tests.dll not valid. Loading of assembly skipped.
Assembly Unity.AI.Navigation.Tests.dll at Library/ScriptAssemblies/Unity.AI.Navigation.Tests.dll not valid. Loading of assembly skipped.
Assembly Unity.AI.Navigation.Tests.EditorInPlaymode.dll at Library/ScriptAssemblies/Unity.AI.Navigation.Tests.EditorInPlaymode.dll not valid. Loading of assembly skipped.
Assembly Unity.InputSystem.IntegrationTests.dll at Library/ScriptAssemblies/Unity.InputSystem.IntegrationTests.dll not valid. Loading of assembly skipped.
Assembly Unity.Performance.Profile-Analyzer.EditorTests.dll at Library/ScriptAssemblies/Unity.Performance.Profile-Analyzer.EditorTests.dll not valid. Loading of assembly skipped.
Assembly Unity.Settings.Tests.dll at Library/ScriptAssemblies/Unity.Settings.Tests.dll not valid. Loading of assembly skipped.
Assembly Unity.TestTools.CodeCoverage.Editor.Compatibility.dll at Library/ScriptAssemblies/Unity.TestTools.CodeCoverage.Editor.Compatibility.dll not valid. Loading of assembly skipped.
Assembly Unity.TextMeshPro.Editor.Tests.dll at Library/ScriptAssemblies/Unity.TextMeshPro.Editor.Tests.dll not valid. Loading of assembly skipped.
Assembly Unity.TextMeshPro.Tests.dll at Library/ScriptAssemblies/Unity.TextMeshPro.Tests.dll not valid. Loading of assembly skipped.
Assembly UnityEditor.UI.Common.Tests.dll at Library/ScriptAssemblies/UnityEditor.UI.Common.Tests.dll not valid. Loading of assembly skipped.
Assembly UnityEditor.UI.EditorTests.dll at Library/ScriptAssemblies/UnityEditor.UI.EditorTests.dll not valid. Loading of assembly skipped.
Assembly UnityEngine.UI.Tests.dll at Library/ScriptAssemblies/UnityEngine.UI.Tests.dll not valid. Loading of assembly skipped.
'Assets/Photon/Quantum/Runtime/QuantumUnityRuntime.cs' contains partial class of Unity.Object, exactly 1 of the partial classes needs to be in a file with the same filename. This is to know the one that can be referenced from ie. GameObjects
'Assets/Photon/Quantum/Runtime/QuantumUnityRuntime.cs' contains partial class of Unity.Object, exactly 1 of the partial classes needs to be in a file with the same filename. This is to know the one that can be referenced from ie. GameObjects
'Assets/Photon/Quantum/Runtime/QuantumUnityRuntime.cs' contains partial class of Unity.Object, exactly 1 of the partial classes needs to be in a file with the same filename. This is to know the one that can be referenced from ie. GameObjects
'Assets/Photon/Quantum/Runtime/QuantumUnityRuntime.cs' contains partial class of Unity.Object, exactly 1 of the partial classes needs to be in a file with the same filename. This is to know the one that can be referenced from ie. GameObjects
'Assets/Photon/Quantum/Runtime/QuantumUnityRuntime.cs' contains partial class of Unity.Object, exactly 1 of the partial classes needs to be in a file with the same filename. This is to know the one that can be referenced from ie. GameObjects
'Assets/Photon/Quantum/Runtime/QuantumUnityRuntime.cs' contains partial class of Unity.Object, exactly 1 of the partial classes needs to be in a file with the same filename. This is to know the one that can be referenced from ie. GameObjects
'Assets/Photon/Quantum/Runtime/QuantumUnityRuntime.cs' contains partial class of Unity.Object, exactly 1 of the partial classes needs to be in a file with the same filename. This is to know the one that can be referenced from ie. GameObjects
'Assets/Photon/Quantum/Runtime/QuantumUnityRuntime.cs' contains partial class of Unity.Object, exactly 1 of the partial classes needs to be in a file with the same filename. This is to know the one that can be referenced from ie. GameObjects
'Assets/Photon/Quantum/Runtime/QuantumUnityRuntime.cs' contains partial class of Unity.Object, exactly 1 of the partial classes needs to be in a file with the same filename. This is to know the one that can be referenced from ie. GameObjects
'Assets/Photon/Quantum/Runtime/QuantumUnityRuntime.cs' contains partial class of Unity.Object, exactly 1 of the partial classes needs to be in a file with the same filename. This is to know the one that can be referenced from ie. GameObjects
'Assets/Photon/Quantum/Runtime/QuantumUnityRuntime.cs' contains partial class of Unity.Object, exactly 1 of the partial classes needs to be in a file with the same filename. This is to know the one that can be referenced from ie. GameObjects
Native extension for Android target not found
Native extension for OSXStandalone target not found
[Package Manager] Failed to launch server process. Reason: Unity was launched with the -noUpm command-line argument
[Package Manager] Unable to send message (not connected to server process).
[Package Manager] Cannot connect to Unity Package Manager local server
ScheduleIndexationOnStartup MainProcess:False IndexOnStartup:True
Mono: successfully reloaded assembly
- Finished resetting the current domain, in  0.430 seconds
Domain Reload Profiling: 766ms
	BeginReloadAssembly (80ms)
		DisableScriptedObjects (3ms)
		CreateAndSetChildDomain (21ms)
	RebuildCommonClasses (22ms)
	RebuildNativeTypeToScriptingClass (9ms)
	initialDomainReloadingComplete (35ms)
	LoadAllAssembliesAndSetupDomain (189ms)
		LoadAssemblies (116ms)
		AnalyzeDomain (97ms)
			TypeCache.Refresh (5ms)
			BuildScriptInfoCaches (87ms)
			ResolveRequiredComponents (4ms)
	FinalizeReload (430ms)
		SetupLoadedEditorAssemblies (0ms)
			InitializePlatformSupportModulesInManaged (3ms)
			BeforeProcessingInitializeOnLoad (68ms)
			ProcessInitializeOnLoadAttributes (239ms)
			ProcessInitializeOnLoadMethodAttributes (36ms)
Unloading 5 Unused Serialized files (Serialized files now loaded: 0)
Unloading 3682 unused Assets / (0.9 MB). Loaded Objects now: 4288.
Memory consumption went from 103.5 MB to 102.5 MB.
Total: 5.597875 ms (FindLiveObjects: 0.212250 ms CreateObjectMapping: 0.072791 ms MarkObjects: 4.647333 ms  DeleteObjects: 0.665084 ms)

Prepare: number of updated asset objects reloaded= 0
========================================================================
Received Prepare
'Assets/Photon/Quantum/Runtime/QuantumUnityRuntime.cs' contains partial class of Unity.Object, exactly 1 of the partial classes needs to be in a file with the same filename. This is to know the one that can be referenced from ie. GameObjects
'Assets/Photon/Quantum/Runtime/QuantumUnityRuntime.cs' contains partial class of Unity.Object, exactly 1 of the partial classes needs to be in a file with the same filename. This is to know the one that can be referenced from ie. GameObjects
'Assets/Photon/Quantum/Runtime/QuantumUnityRuntime.cs' contains partial class of Unity.Object, exactly 1 of the partial classes needs to be in a file with the same filename. This is to know the one that can be referenced from ie. GameObjects
'Assets/Photon/Quantum/Runtime/QuantumUnityRuntime.cs' contains partial class of Unity.Object, exactly 1 of the partial classes needs to be in a file with the same filename. This is to know the one that can be referenced from ie. GameObjects
'Assets/Photon/Quantum/Runtime/QuantumUnityRuntime.cs' contains partial class of Unity.Object, exactly 1 of the partial classes needs to be in a file with the same filename. This is to know the one that can be referenced from ie. GameObjects
'Assets/Photon/Quantum/Runtime/QuantumUnityRuntime.cs' contains partial class of Unity.Object, exactly 1 of the partial classes needs to be in a file with the same filename. This is to know the one that can be referenced from ie. GameObjects
'Assets/Photon/Quantum/Runtime/QuantumUnityRuntime.cs' contains partial class of Unity.Object, exactly 1 of the partial classes needs to be in a file with the same filename. This is to know the one that can be referenced from ie. GameObjects
'Assets/Photon/Quantum/Runtime/QuantumUnityRuntime.cs' contains partial class of Unity.Object, exactly 1 of the partial classes needs to be in a file with the same filename. This is to know the one that can be referenced from ie. GameObjects
'Assets/Photon/Quantum/Runtime/QuantumUnityRuntime.cs' contains partial class of Unity.Object, exactly 1 of the partial classes needs to be in a file with the same filename. This is to know the one that can be referenced from ie. GameObjects
'Assets/Photon/Quantum/Runtime/QuantumUnityRuntime.cs' contains partial class of Unity.Object, exactly 1 of the partial classes needs to be in a file with the same filename. This is to know the one that can be referenced from ie. GameObjects
'Assets/Photon/Quantum/Runtime/QuantumUnityRuntime.cs' contains partial class of Unity.Object, exactly 1 of the partial classes needs to be in a file with the same filename. This is to know the one that can be referenced from ie. GameObjects
Unloading 5 Unused Serialized files (Serialized files now loaded: 0)
Unloading 3674 unused Assets / (1.0 MB). Loaded Objects now: 4288.
Memory consumption went from 91.8 MB to 90.8 MB.
Total: 5.812833 ms (FindLiveObjects: 0.196083 ms CreateObjectMapping: 0.167792 ms MarkObjects: 4.836208 ms  DeleteObjects: 0.612250 ms)

Prepare: number of updated asset objects reloaded= 0
========================================================================
Received Prepare
Begin MonoManager ReloadAssembly
[Licensing::Client] Successfully resolved entitlement details
Thread 0x16b0c7000 may have been prematurely finalized
Assembly Assembly-CSharp-Editor-firstpass.dll at Library/ScriptAssemblies/Assembly-CSharp-Editor-firstpass.dll not valid. Loading of assembly skipped.
Assembly Assembly-CSharp-Editor.dll at Library/ScriptAssemblies/Assembly-CSharp-Editor.dll not valid. Loading of assembly skipped.
Assembly Assembly-CSharp-firstpass.dll at Library/ScriptAssemblies/Assembly-CSharp-firstpass.dll not valid. Loading of assembly skipped.
Assembly PhotonWebSocket.dll at Library/ScriptAssemblies/PhotonWebSocket.dll not valid. Loading of assembly skipped.
Assembly TestNewCustomAssembly.dll at Library/ScriptAssemblies/TestNewCustomAssembly.dll not valid. Loading of assembly skipped.
Assembly Unity.AI.Navigation.Editor.Tests.dll at Library/ScriptAssemblies/Unity.AI.Navigation.Editor.Tests.dll not valid. Loading of assembly skipped.
Assembly Unity.AI.Navigation.LegacyOffMeshLink.Tests.dll at Library/ScriptAssemblies/Unity.AI.Navigation.LegacyOffMeshLink.Tests.dll not valid. Loading of assembly skipped.
Assembly Unity.AI.Navigation.Tests.dll at Library/ScriptAssemblies/Unity.AI.Navigation.Tests.dll not valid. Loading of assembly skipped.
Assembly Unity.AI.Navigation.Tests.EditorInPlaymode.dll at Library/ScriptAssemblies/Unity.AI.Navigation.Tests.EditorInPlaymode.dll not valid. Loading of assembly skipped.
Assembly Unity.InputSystem.IntegrationTests.dll at Library/ScriptAssemblies/Unity.InputSystem.IntegrationTests.dll not valid. Loading of assembly skipped.
Assembly Unity.Performance.Profile-Analyzer.EditorTests.dll at Library/ScriptAssemblies/Unity.Performance.Profile-Analyzer.EditorTests.dll not valid. Loading of assembly skipped.
Assembly Unity.Settings.Tests.dll at Library/ScriptAssemblies/Unity.Settings.Tests.dll not valid. Loading of assembly skipped.
Assembly Unity.TestTools.CodeCoverage.Editor.Compatibility.dll at Library/ScriptAssemblies/Unity.TestTools.CodeCoverage.Editor.Compatibility.dll not valid. Loading of assembly skipped.
Assembly Unity.TextMeshPro.Editor.Tests.dll at Library/ScriptAssemblies/Unity.TextMeshPro.Editor.Tests.dll not valid. Loading of assembly skipped.
Assembly Unity.TextMeshPro.Tests.dll at Library/ScriptAssemblies/Unity.TextMeshPro.Tests.dll not valid. Loading of assembly skipped.
Assembly UnityEditor.UI.Common.Tests.dll at Library/ScriptAssemblies/UnityEditor.UI.Common.Tests.dll not valid. Loading of assembly skipped.
Assembly UnityEditor.UI.EditorTests.dll at Library/ScriptAssemblies/UnityEditor.UI.EditorTests.dll not valid. Loading of assembly skipped.
Assembly UnityEngine.UI.Tests.dll at Library/ScriptAssemblies/UnityEngine.UI.Tests.dll not valid. Loading of assembly skipped.
'Assets/Photon/Quantum/Runtime/QuantumUnityRuntime.cs' contains partial class of Unity.Object, exactly 1 of the partial classes needs to be in a file with the same filename. This is to know the one that can be referenced from ie. GameObjects
'Assets/Photon/Quantum/Runtime/QuantumUnityRuntime.cs' contains partial class of Unity.Object, exactly 1 of the partial classes needs to be in a file with the same filename. This is to know the one that can be referenced from ie. GameObjects
'Assets/Photon/Quantum/Runtime/QuantumUnityRuntime.cs' contains partial class of Unity.Object, exactly 1 of the partial classes needs to be in a file with the same filename. This is to know the one that can be referenced from ie. GameObjects
'Assets/Photon/Quantum/Runtime/QuantumUnityRuntime.cs' contains partial class of Unity.Object, exactly 1 of the partial classes needs to be in a file with the same filename. This is to know the one that can be referenced from ie. GameObjects
'Assets/Photon/Quantum/Runtime/QuantumUnityRuntime.cs' contains partial class of Unity.Object, exactly 1 of the partial classes needs to be in a file with the same filename. This is to know the one that can be referenced from ie. GameObjects
'Assets/Photon/Quantum/Runtime/QuantumUnityRuntime.cs' contains partial class of Unity.Object, exactly 1 of the partial classes needs to be in a file with the same filename. This is to know the one that can be referenced from ie. GameObjects
'Assets/Photon/Quantum/Runtime/QuantumUnityRuntime.cs' contains partial class of Unity.Object, exactly 1 of the partial classes needs to be in a file with the same filename. This is to know the one that can be referenced from ie. GameObjects
'Assets/Photon/Quantum/Runtime/QuantumUnityRuntime.cs' contains partial class of Unity.Object, exactly 1 of the partial classes needs to be in a file with the same filename. This is to know the one that can be referenced from ie. GameObjects
'Assets/Photon/Quantum/Runtime/QuantumUnityRuntime.cs' contains partial class of Unity.Object, exactly 1 of the partial classes needs to be in a file with the same filename. This is to know the one that can be referenced from ie. GameObjects
'Assets/Photon/Quantum/Runtime/QuantumUnityRuntime.cs' contains partial class of Unity.Object, exactly 1 of the partial classes needs to be in a file with the same filename. This is to know the one that can be referenced from ie. GameObjects
'Assets/Photon/Quantum/Runtime/QuantumUnityRuntime.cs' contains partial class of Unity.Object, exactly 1 of the partial classes needs to be in a file with the same filename. This is to know the one that can be referenced from ie. GameObjects
Native extension for Android target not found
Native extension for OSXStandalone target not found
[Package Manager] Failed to launch server process. Reason: Unity was launched with the -noUpm command-line argument
[Package Manager] Unable to send message (not connected to server process).
[Package Manager] Cannot connect to Unity Package Manager local server
ScheduleIndexationOnStartup MainProcess:False IndexOnStartup:True
Mono: successfully reloaded assembly
- Finished resetting the current domain, in  0.446 seconds
Domain Reload Profiling: 816ms
	BeginReloadAssembly (85ms)
		DisableScriptedObjects (3ms)
		CreateAndSetChildDomain (23ms)
	RebuildCommonClasses (24ms)
	RebuildNativeTypeToScriptingClass (11ms)
	initialDomainReloadingComplete (37ms)
	LoadAllAssembliesAndSetupDomain (214ms)
		LoadAssemblies (138ms)
		AnalyzeDomain (102ms)
			TypeCache.Refresh (6ms)
			BuildScriptInfoCaches (90ms)
			ResolveRequiredComponents (5ms)
	FinalizeReload (446ms)
		SetupLoadedEditorAssemblies (0ms)
			InitializePlatformSupportModulesInManaged (4ms)
			BeforeProcessingInitializeOnLoad (76ms)
			ProcessInitializeOnLoadAttributes (246ms)
			ProcessInitializeOnLoadMethodAttributes (30ms)
Unloading 5 Unused Serialized files (Serialized files now loaded: 0)
Unloading 3682 unused Assets / (1.2 MB). Loaded Objects now: 4288.
Memory consumption went from 103.5 MB to 102.2 MB.
Total: 4.723958 ms (FindLiveObjects: 0.172958 ms CreateObjectMapping: 0.071916 ms MarkObjects: 3.984417 ms  DeleteObjects: 0.494250 ms)

Prepare: number of updated asset objects reloaded= 0
========================================================================
Received Prepare
Begin MonoManager ReloadAssembly
Thread 0x16b0c7000 may have been prematurely finalized
Assembly Assembly-CSharp-Editor-firstpass.dll at Library/ScriptAssemblies/Assembly-CSharp-Editor-firstpass.dll not valid. Loading of assembly skipped.
Assembly Assembly-CSharp-Editor.dll at Library/ScriptAssemblies/Assembly-CSharp-Editor.dll not valid. Loading of assembly skipped.
Assembly Assembly-CSharp-firstpass.dll at Library/ScriptAssemblies/Assembly-CSharp-firstpass.dll not valid. Loading of assembly skipped.
Assembly PhotonWebSocket.dll at Library/ScriptAssemblies/PhotonWebSocket.dll not valid. Loading of assembly skipped.
Assembly TestNewCustomAssembly.dll at Library/ScriptAssemblies/TestNewCustomAssembly.dll not valid. Loading of assembly skipped.
Assembly Unity.AI.Navigation.Editor.Tests.dll at Library/ScriptAssemblies/Unity.AI.Navigation.Editor.Tests.dll not valid. Loading of assembly skipped.
Assembly Unity.AI.Navigation.LegacyOffMeshLink.Tests.dll at Library/ScriptAssemblies/Unity.AI.Navigation.LegacyOffMeshLink.Tests.dll not valid. Loading of assembly skipped.
Assembly Unity.AI.Navigation.Tests.dll at Library/ScriptAssemblies/Unity.AI.Navigation.Tests.dll not valid. Loading of assembly skipped.
Assembly Unity.AI.Navigation.Tests.EditorInPlaymode.dll at Library/ScriptAssemblies/Unity.AI.Navigation.Tests.EditorInPlaymode.dll not valid. Loading of assembly skipped.
Assembly Unity.InputSystem.IntegrationTests.dll at Library/ScriptAssemblies/Unity.InputSystem.IntegrationTests.dll not valid. Loading of assembly skipped.
Assembly Unity.Performance.Profile-Analyzer.EditorTests.dll at Library/ScriptAssemblies/Unity.Performance.Profile-Analyzer.EditorTests.dll not valid. Loading of assembly skipped.
Assembly Unity.Settings.Tests.dll at Library/ScriptAssemblies/Unity.Settings.Tests.dll not valid. Loading of assembly skipped.
Assembly Unity.TestTools.CodeCoverage.Editor.Compatibility.dll at Library/ScriptAssemblies/Unity.TestTools.CodeCoverage.Editor.Compatibility.dll not valid. Loading of assembly skipped.
Assembly Unity.TextMeshPro.Editor.Tests.dll at Library/ScriptAssemblies/Unity.TextMeshPro.Editor.Tests.dll not valid. Loading of assembly skipped.
Assembly Unity.TextMeshPro.Tests.dll at Library/ScriptAssemblies/Unity.TextMeshPro.Tests.dll not valid. Loading of assembly skipped.
Assembly UnityEditor.UI.Common.Tests.dll at Library/ScriptAssemblies/UnityEditor.UI.Common.Tests.dll not valid. Loading of assembly skipped.
Assembly UnityEditor.UI.EditorTests.dll at Library/ScriptAssemblies/UnityEditor.UI.EditorTests.dll not valid. Loading of assembly skipped.
Assembly UnityEngine.UI.Tests.dll at Library/ScriptAssemblies/UnityEngine.UI.Tests.dll not valid. Loading of assembly skipped.
'Assets/Photon/Quantum/Runtime/QuantumUnityRuntime.cs' contains partial class of Unity.Object, exactly 1 of the partial classes needs to be in a file with the same filename. This is to know the one that can be referenced from ie. GameObjects
'Assets/Photon/Quantum/Runtime/QuantumUnityRuntime.cs' contains partial class of Unity.Object, exactly 1 of the partial classes needs to be in a file with the same filename. This is to know the one that can be referenced from ie. GameObjects
'Assets/Photon/Quantum/Runtime/QuantumUnityRuntime.cs' contains partial class of Unity.Object, exactly 1 of the partial classes needs to be in a file with the same filename. This is to know the one that can be referenced from ie. GameObjects
'Assets/Photon/Quantum/Runtime/QuantumUnityRuntime.cs' contains partial class of Unity.Object, exactly 1 of the partial classes needs to be in a file with the same filename. This is to know the one that can be referenced from ie. GameObjects
'Assets/Photon/Quantum/Runtime/QuantumUnityRuntime.cs' contains partial class of Unity.Object, exactly 1 of the partial classes needs to be in a file with the same filename. This is to know the one that can be referenced from ie. GameObjects
'Assets/Photon/Quantum/Runtime/QuantumUnityRuntime.cs' contains partial class of Unity.Object, exactly 1 of the partial classes needs to be in a file with the same filename. This is to know the one that can be referenced from ie. GameObjects
'Assets/Photon/Quantum/Runtime/QuantumUnityRuntime.cs' contains partial class of Unity.Object, exactly 1 of the partial classes needs to be in a file with the same filename. This is to know the one that can be referenced from ie. GameObjects
'Assets/Photon/Quantum/Runtime/QuantumUnityRuntime.cs' contains partial class of Unity.Object, exactly 1 of the partial classes needs to be in a file with the same filename. This is to know the one that can be referenced from ie. GameObjects
'Assets/Photon/Quantum/Runtime/QuantumUnityRuntime.cs' contains partial class of Unity.Object, exactly 1 of the partial classes needs to be in a file with the same filename. This is to know the one that can be referenced from ie. GameObjects
'Assets/Photon/Quantum/Runtime/QuantumUnityRuntime.cs' contains partial class of Unity.Object, exactly 1 of the partial classes needs to be in a file with the same filename. This is to know the one that can be referenced from ie. GameObjects
'Assets/Photon/Quantum/Runtime/QuantumUnityRuntime.cs' contains partial class of Unity.Object, exactly 1 of the partial classes needs to be in a file with the same filename. This is to know the one that can be referenced from ie. GameObjects
Native extension for Android target not found
Native extension for OSXStandalone target not found
[Package Manager] Failed to launch server process. Reason: Unity was launched with the -noUpm command-line argument
[Package Manager] Unable to send message (not connected to server process).
[Package Manager] Cannot connect to Unity Package Manager local server
ScheduleIndexationOnStartup MainProcess:False IndexOnStartup:True
Mono: successfully reloaded assembly
- Finished resetting the current domain, in  0.440 seconds
Domain Reload Profiling: 775ms
	BeginReloadAssembly (79ms)
		DisableScriptedObjects (3ms)
		CreateAndSetChildDomain (22ms)
	RebuildCommonClasses (22ms)
	RebuildNativeTypeToScriptingClass (10ms)
	initialDomainReloadingComplete (34ms)
	LoadAllAssembliesAndSetupDomain (190ms)
		LoadAssemblies (115ms)
		AnalyzeDomain (97ms)
			TypeCache.Refresh (5ms)
			BuildScriptInfoCaches (87ms)
			ResolveRequiredComponents (4ms)
	FinalizeReload (441ms)
		SetupLoadedEditorAssemblies (0ms)
			InitializePlatformSupportModulesInManaged (4ms)
			BeforeProcessingInitializeOnLoad (69ms)
			ProcessInitializeOnLoadAttributes (243ms)
			ProcessInitializeOnLoadMethodAttributes (36ms)
Unloading 5 Unused Serialized files (Serialized files now loaded: 0)
Unloading 3682 unused Assets / (0.7 MB). Loaded Objects now: 4288.
Memory consumption went from 103.5 MB to 102.7 MB.
Total: 5.747500 ms (FindLiveObjects: 0.208542 ms CreateObjectMapping: 0.074833 ms MarkObjects: 4.809000 ms  DeleteObjects: 0.654917 ms)

Prepare: number of updated asset objects reloaded= 0
========================================================================
Received Prepare
'Assets/Photon/Quantum/Runtime/QuantumUnityRuntime.cs' contains partial class of Unity.Object, exactly 1 of the partial classes needs to be in a file with the same filename. This is to know the one that can be referenced from ie. GameObjects
'Assets/Photon/Quantum/Runtime/QuantumUnityRuntime.cs' contains partial class of Unity.Object, exactly 1 of the partial classes needs to be in a file with the same filename. This is to know the one that can be referenced from ie. GameObjects
'Assets/Photon/Quantum/Runtime/QuantumUnityRuntime.cs' contains partial class of Unity.Object, exactly 1 of the partial classes needs to be in a file with the same filename. This is to know the one that can be referenced from ie. GameObjects
'Assets/Photon/Quantum/Runtime/QuantumUnityRuntime.cs' contains partial class of Unity.Object, exactly 1 of the partial classes needs to be in a file with the same filename. This is to know the one that can be referenced from ie. GameObjects
'Assets/Photon/Quantum/Runtime/QuantumUnityRuntime.cs' contains partial class of Unity.Object, exactly 1 of the partial classes needs to be in a file with the same filename. This is to know the one that can be referenced from ie. GameObjects
'Assets/Photon/Quantum/Runtime/QuantumUnityRuntime.cs' contains partial class of Unity.Object, exactly 1 of the partial classes needs to be in a file with the same filename. This is to know the one that can be referenced from ie. GameObjects
'Assets/Photon/Quantum/Runtime/QuantumUnityRuntime.cs' contains partial class of Unity.Object, exactly 1 of the partial classes needs to be in a file with the same filename. This is to know the one that can be referenced from ie. GameObjects
'Assets/Photon/Quantum/Runtime/QuantumUnityRuntime.cs' contains partial class of Unity.Object, exactly 1 of the partial classes needs to be in a file with the same filename. This is to know the one that can be referenced from ie. GameObjects
'Assets/Photon/Quantum/Runtime/QuantumUnityRuntime.cs' contains partial class of Unity.Object, exactly 1 of the partial classes needs to be in a file with the same filename. This is to know the one that can be referenced from ie. GameObjects
'Assets/Photon/Quantum/Runtime/QuantumUnityRuntime.cs' contains partial class of Unity.Object, exactly 1 of the partial classes needs to be in a file with the same filename. This is to know the one that can be referenced from ie. GameObjects
'Assets/Photon/Quantum/Runtime/QuantumUnityRuntime.cs' contains partial class of Unity.Object, exactly 1 of the partial classes needs to be in a file with the same filename. This is to know the one that can be referenced from ie. GameObjects
Unloading 5 Unused Serialized files (Serialized files now loaded: 0)
Unloading 3674 unused Assets / (1.0 MB). Loaded Objects now: 4288.
Memory consumption went from 91.8 MB to 90.8 MB.
Total: 5.351791 ms (FindLiveObjects: 0.199292 ms CreateObjectMapping: 0.071041 ms MarkObjects: 4.454042 ms  DeleteObjects: 0.626791 ms)

Prepare: number of updated asset objects reloaded= 0
========================================================================
Received Prepare
Begin MonoManager ReloadAssembly
[Licensing::Client] Successfully resolved entitlement details
Thread 0x16b0c7000 may have been prematurely finalized
Assembly Assembly-CSharp-Editor-firstpass.dll at Library/ScriptAssemblies/Assembly-CSharp-Editor-firstpass.dll not valid. Loading of assembly skipped.
Assembly Assembly-CSharp-Editor.dll at Library/ScriptAssemblies/Assembly-CSharp-Editor.dll not valid. Loading of assembly skipped.
Assembly Assembly-CSharp-firstpass.dll at Library/ScriptAssemblies/Assembly-CSharp-firstpass.dll not valid. Loading of assembly skipped.
Assembly PhotonWebSocket.dll at Library/ScriptAssemblies/PhotonWebSocket.dll not valid. Loading of assembly skipped.
Assembly TestNewCustomAssembly.dll at Library/ScriptAssemblies/TestNewCustomAssembly.dll not valid. Loading of assembly skipped.
Assembly Unity.AI.Navigation.Editor.Tests.dll at Library/ScriptAssemblies/Unity.AI.Navigation.Editor.Tests.dll not valid. Loading of assembly skipped.
Assembly Unity.AI.Navigation.LegacyOffMeshLink.Tests.dll at Library/ScriptAssemblies/Unity.AI.Navigation.LegacyOffMeshLink.Tests.dll not valid. Loading of assembly skipped.
Assembly Unity.AI.Navigation.Tests.dll at Library/ScriptAssemblies/Unity.AI.Navigation.Tests.dll not valid. Loading of assembly skipped.
Assembly Unity.AI.Navigation.Tests.EditorInPlaymode.dll at Library/ScriptAssemblies/Unity.AI.Navigation.Tests.EditorInPlaymode.dll not valid. Loading of assembly skipped.
Assembly Unity.InputSystem.IntegrationTests.dll at Library/ScriptAssemblies/Unity.InputSystem.IntegrationTests.dll not valid. Loading of assembly skipped.
Assembly Unity.Performance.Profile-Analyzer.EditorTests.dll at Library/ScriptAssemblies/Unity.Performance.Profile-Analyzer.EditorTests.dll not valid. Loading of assembly skipped.
Assembly Unity.Settings.Tests.dll at Library/ScriptAssemblies/Unity.Settings.Tests.dll not valid. Loading of assembly skipped.
Assembly Unity.TestTools.CodeCoverage.Editor.Compatibility.dll at Library/ScriptAssemblies/Unity.TestTools.CodeCoverage.Editor.Compatibility.dll not valid. Loading of assembly skipped.
Assembly Unity.TextMeshPro.Editor.Tests.dll at Library/ScriptAssemblies/Unity.TextMeshPro.Editor.Tests.dll not valid. Loading of assembly skipped.
Assembly Unity.TextMeshPro.Tests.dll at Library/ScriptAssemblies/Unity.TextMeshPro.Tests.dll not valid. Loading of assembly skipped.
Assembly UnityEditor.UI.Common.Tests.dll at Library/ScriptAssemblies/UnityEditor.UI.Common.Tests.dll not valid. Loading of assembly skipped.
Assembly UnityEditor.UI.EditorTests.dll at Library/ScriptAssemblies/UnityEditor.UI.EditorTests.dll not valid. Loading of assembly skipped.
Assembly UnityEngine.UI.Tests.dll at Library/ScriptAssemblies/UnityEngine.UI.Tests.dll not valid. Loading of assembly skipped.
'Assets/Photon/Quantum/Runtime/QuantumUnityRuntime.cs' contains partial class of Unity.Object, exactly 1 of the partial classes needs to be in a file with the same filename. This is to know the one that can be referenced from ie. GameObjects
'Assets/Photon/Quantum/Runtime/QuantumUnityRuntime.cs' contains partial class of Unity.Object, exactly 1 of the partial classes needs to be in a file with the same filename. This is to know the one that can be referenced from ie. GameObjects
'Assets/Photon/Quantum/Runtime/QuantumUnityRuntime.cs' contains partial class of Unity.Object, exactly 1 of the partial classes needs to be in a file with the same filename. This is to know the one that can be referenced from ie. GameObjects
'Assets/Photon/Quantum/Runtime/QuantumUnityRuntime.cs' contains partial class of Unity.Object, exactly 1 of the partial classes needs to be in a file with the same filename. This is to know the one that can be referenced from ie. GameObjects
'Assets/Photon/Quantum/Runtime/QuantumUnityRuntime.cs' contains partial class of Unity.Object, exactly 1 of the partial classes needs to be in a file with the same filename. This is to know the one that can be referenced from ie. GameObjects
'Assets/Photon/Quantum/Runtime/QuantumUnityRuntime.cs' contains partial class of Unity.Object, exactly 1 of the partial classes needs to be in a file with the same filename. This is to know the one that can be referenced from ie. GameObjects
'Assets/Photon/Quantum/Runtime/QuantumUnityRuntime.cs' contains partial class of Unity.Object, exactly 1 of the partial classes needs to be in a file with the same filename. This is to know the one that can be referenced from ie. GameObjects
'Assets/Photon/Quantum/Runtime/QuantumUnityRuntime.cs' contains partial class of Unity.Object, exactly 1 of the partial classes needs to be in a file with the same filename. This is to know the one that can be referenced from ie. GameObjects
'Assets/Photon/Quantum/Runtime/QuantumUnityRuntime.cs' contains partial class of Unity.Object, exactly 1 of the partial classes needs to be in a file with the same filename. This is to know the one that can be referenced from ie. GameObjects
'Assets/Photon/Quantum/Runtime/QuantumUnityRuntime.cs' contains partial class of Unity.Object, exactly 1 of the partial classes needs to be in a file with the same filename. This is to know the one that can be referenced from ie. GameObjects
'Assets/Photon/Quantum/Runtime/QuantumUnityRuntime.cs' contains partial class of Unity.Object, exactly 1 of the partial classes needs to be in a file with the same filename. This is to know the one that can be referenced from ie. GameObjects
Native extension for Android target not found
Native extension for OSXStandalone target not found
[Package Manager] Failed to launch server process. Reason: Unity was launched with the -noUpm command-line argument
[Package Manager] Unable to send message (not connected to server process).
[Package Manager] Cannot connect to Unity Package Manager local server
ScheduleIndexationOnStartup MainProcess:False IndexOnStartup:True
Mono: successfully reloaded assembly
- Finished resetting the current domain, in  0.490 seconds
Domain Reload Profiling: 846ms
	BeginReloadAssembly (85ms)
		DisableScriptedObjects (3ms)
		CreateAndSetChildDomain (22ms)
	RebuildCommonClasses (22ms)
	RebuildNativeTypeToScriptingClass (10ms)
	initialDomainReloadingComplete (36ms)
	LoadAllAssembliesAndSetupDomain (203ms)
		LoadAssemblies (123ms)
		AnalyzeDomain (107ms)
			TypeCache.Refresh (7ms)
			BuildScriptInfoCaches (95ms)
			ResolveRequiredComponents (4ms)
	FinalizeReload (490ms)
		SetupLoadedEditorAssemblies (0ms)
			InitializePlatformSupportModulesInManaged (4ms)
			BeforeProcessingInitializeOnLoad (81ms)
			ProcessInitializeOnLoadAttributes (273ms)
			ProcessInitializeOnLoadMethodAttributes (33ms)
Unloading 5 Unused Serialized files (Serialized files now loaded: 0)
Unloading 3682 unused Assets / (1.3 MB). Loaded Objects now: 4288.
Memory consumption went from 103.5 MB to 102.1 MB.
Total: 5.246416 ms (FindLiveObjects: 0.162000 ms CreateObjectMapping: 0.079958 ms MarkObjects: 4.450125 ms  DeleteObjects: 0.554042 ms)

Prepare: number of updated asset objects reloaded= 0
========================================================================
Received Prepare
Begin MonoManager ReloadAssembly
Thread 0x16b0c7000 may have been prematurely finalized
Assembly Assembly-CSharp-Editor-firstpass.dll at Library/ScriptAssemblies/Assembly-CSharp-Editor-firstpass.dll not valid. Loading of assembly skipped.
Assembly Assembly-CSharp-Editor.dll at Library/ScriptAssemblies/Assembly-CSharp-Editor.dll not valid. Loading of assembly skipped.
Assembly Assembly-CSharp-firstpass.dll at Library/ScriptAssemblies/Assembly-CSharp-firstpass.dll not valid. Loading of assembly skipped.
Assembly PhotonWebSocket.dll at Library/ScriptAssemblies/PhotonWebSocket.dll not valid. Loading of assembly skipped.
Assembly TestNewCustomAssembly.dll at Library/ScriptAssemblies/TestNewCustomAssembly.dll not valid. Loading of assembly skipped.
Assembly Unity.AI.Navigation.Editor.Tests.dll at Library/ScriptAssemblies/Unity.AI.Navigation.Editor.Tests.dll not valid. Loading of assembly skipped.
Assembly Unity.AI.Navigation.LegacyOffMeshLink.Tests.dll at Library/ScriptAssemblies/Unity.AI.Navigation.LegacyOffMeshLink.Tests.dll not valid. Loading of assembly skipped.
Assembly Unity.AI.Navigation.Tests.dll at Library/ScriptAssemblies/Unity.AI.Navigation.Tests.dll not valid. Loading of assembly skipped.
Assembly Unity.AI.Navigation.Tests.EditorInPlaymode.dll at Library/ScriptAssemblies/Unity.AI.Navigation.Tests.EditorInPlaymode.dll not valid. Loading of assembly skipped.
Assembly Unity.InputSystem.IntegrationTests.dll at Library/ScriptAssemblies/Unity.InputSystem.IntegrationTests.dll not valid. Loading of assembly skipped.
Assembly Unity.Performance.Profile-Analyzer.EditorTests.dll at Library/ScriptAssemblies/Unity.Performance.Profile-Analyzer.EditorTests.dll not valid. Loading of assembly skipped.
Assembly Unity.Settings.Tests.dll at Library/ScriptAssemblies/Unity.Settings.Tests.dll not valid. Loading of assembly skipped.
Assembly Unity.TestTools.CodeCoverage.Editor.Compatibility.dll at Library/ScriptAssemblies/Unity.TestTools.CodeCoverage.Editor.Compatibility.dll not valid. Loading of assembly skipped.
Assembly Unity.TextMeshPro.Editor.Tests.dll at Library/ScriptAssemblies/Unity.TextMeshPro.Editor.Tests.dll not valid. Loading of assembly skipped.
Assembly Unity.TextMeshPro.Tests.dll at Library/ScriptAssemblies/Unity.TextMeshPro.Tests.dll not valid. Loading of assembly skipped.
Assembly UnityEditor.UI.Common.Tests.dll at Library/ScriptAssemblies/UnityEditor.UI.Common.Tests.dll not valid. Loading of assembly skipped.
Assembly UnityEditor.UI.EditorTests.dll at Library/ScriptAssemblies/UnityEditor.UI.EditorTests.dll not valid. Loading of assembly skipped.
Assembly UnityEngine.UI.Tests.dll at Library/ScriptAssemblies/UnityEngine.UI.Tests.dll not valid. Loading of assembly skipped.
'Assets/Photon/Quantum/Runtime/QuantumUnityRuntime.cs' contains partial class of Unity.Object, exactly 1 of the partial classes needs to be in a file with the same filename. This is to know the one that can be referenced from ie. GameObjects
'Assets/Photon/Quantum/Runtime/QuantumUnityRuntime.cs' contains partial class of Unity.Object, exactly 1 of the partial classes needs to be in a file with the same filename. This is to know the one that can be referenced from ie. GameObjects
'Assets/Photon/Quantum/Runtime/QuantumUnityRuntime.cs' contains partial class of Unity.Object, exactly 1 of the partial classes needs to be in a file with the same filename. This is to know the one that can be referenced from ie. GameObjects
'Assets/Photon/Quantum/Runtime/QuantumUnityRuntime.cs' contains partial class of Unity.Object, exactly 1 of the partial classes needs to be in a file with the same filename. This is to know the one that can be referenced from ie. GameObjects
'Assets/Photon/Quantum/Runtime/QuantumUnityRuntime.cs' contains partial class of Unity.Object, exactly 1 of the partial classes needs to be in a file with the same filename. This is to know the one that can be referenced from ie. GameObjects
'Assets/Photon/Quantum/Runtime/QuantumUnityRuntime.cs' contains partial class of Unity.Object, exactly 1 of the partial classes needs to be in a file with the same filename. This is to know the one that can be referenced from ie. GameObjects
'Assets/Photon/Quantum/Runtime/QuantumUnityRuntime.cs' contains partial class of Unity.Object, exactly 1 of the partial classes needs to be in a file with the same filename. This is to know the one that can be referenced from ie. GameObjects
'Assets/Photon/Quantum/Runtime/QuantumUnityRuntime.cs' contains partial class of Unity.Object, exactly 1 of the partial classes needs to be in a file with the same filename. This is to know the one that can be referenced from ie. GameObjects
'Assets/Photon/Quantum/Runtime/QuantumUnityRuntime.cs' contains partial class of Unity.Object, exactly 1 of the partial classes needs to be in a file with the same filename. This is to know the one that can be referenced from ie. GameObjects
'Assets/Photon/Quantum/Runtime/QuantumUnityRuntime.cs' contains partial class of Unity.Object, exactly 1 of the partial classes needs to be in a file with the same filename. This is to know the one that can be referenced from ie. GameObjects
'Assets/Photon/Quantum/Runtime/QuantumUnityRuntime.cs' contains partial class of Unity.Object, exactly 1 of the partial classes needs to be in a file with the same filename. This is to know the one that can be referenced from ie. GameObjects
Native extension for Android target not found
Native extension for OSXStandalone target not found
[Package Manager] Failed to launch server process. Reason: Unity was launched with the -noUpm command-line argument
[Package Manager] Unable to send message (not connected to server process).
[Package Manager] Cannot connect to Unity Package Manager local server
ScheduleIndexationOnStartup MainProcess:False IndexOnStartup:True
Mono: successfully reloaded assembly
- Finished resetting the current domain, in  0.473 seconds
Domain Reload Profiling: 837ms
	BeginReloadAssembly (83ms)
		DisableScriptedObjects (3ms)
		CreateAndSetChildDomain (23ms)
	RebuildCommonClasses (23ms)
	RebuildNativeTypeToScriptingClass (10ms)
	initialDomainReloadingComplete (38ms)
	LoadAllAssembliesAndSetupDomain (209ms)
		LoadAssemblies (125ms)
		AnalyzeDomain (107ms)
			TypeCache.Refresh (5ms)
			BuildScriptInfoCaches (97ms)
			ResolveRequiredComponents (4ms)
	FinalizeReload (474ms)
		SetupLoadedEditorAssemblies (0ms)
			InitializePlatformSupportModulesInManaged (4ms)
			BeforeProcessingInitializeOnLoad (72ms)
			ProcessInitializeOnLoadAttributes (267ms)
			ProcessInitializeOnLoadMethodAttributes (39ms)
Unloading 5 Unused Serialized files (Serialized files now loaded: 0)
Unloading 3682 unused Assets / (1.1 MB). Loaded Objects now: 4288.
Memory consumption went from 103.5 MB to 102.4 MB.
Total: 5.626084 ms (FindLiveObjects: 0.206916 ms CreateObjectMapping: 0.074250 ms MarkObjects: 4.657959 ms  DeleteObjects: 0.686625 ms)

Prepare: number of updated asset objects reloaded= 0
========================================================================
Received Prepare
'Assets/Photon/Quantum/Runtime/QuantumUnityRuntime.cs' contains partial class of Unity.Object, exactly 1 of the partial classes needs to be in a file with the same filename. This is to know the one that can be referenced from ie. GameObjects
'Assets/Photon/Quantum/Runtime/QuantumUnityRuntime.cs' contains partial class of Unity.Object, exactly 1 of the partial classes needs to be in a file with the same filename. This is to know the one that can be referenced from ie. GameObjects
'Assets/Photon/Quantum/Runtime/QuantumUnityRuntime.cs' contains partial class of Unity.Object, exactly 1 of the partial classes needs to be in a file with the same filename. This is to know the one that can be referenced from ie. GameObjects
'Assets/Photon/Quantum/Runtime/QuantumUnityRuntime.cs' contains partial class of Unity.Object, exactly 1 of the partial classes needs to be in a file with the same filename. This is to know the one that can be referenced from ie. GameObjects
'Assets/Photon/Quantum/Runtime/QuantumUnityRuntime.cs' contains partial class of Unity.Object, exactly 1 of the partial classes needs to be in a file with the same filename. This is to know the one that can be referenced from ie. GameObjects
'Assets/Photon/Quantum/Runtime/QuantumUnityRuntime.cs' contains partial class of Unity.Object, exactly 1 of the partial classes needs to be in a file with the same filename. This is to know the one that can be referenced from ie. GameObjects
'Assets/Photon/Quantum/Runtime/QuantumUnityRuntime.cs' contains partial class of Unity.Object, exactly 1 of the partial classes needs to be in a file with the same filename. This is to know the one that can be referenced from ie. GameObjects
'Assets/Photon/Quantum/Runtime/QuantumUnityRuntime.cs' contains partial class of Unity.Object, exactly 1 of the partial classes needs to be in a file with the same filename. This is to know the one that can be referenced from ie. GameObjects
'Assets/Photon/Quantum/Runtime/QuantumUnityRuntime.cs' contains partial class of Unity.Object, exactly 1 of the partial classes needs to be in a file with the same filename. This is to know the one that can be referenced from ie. GameObjects
'Assets/Photon/Quantum/Runtime/QuantumUnityRuntime.cs' contains partial class of Unity.Object, exactly 1 of the partial classes needs to be in a file with the same filename. This is to know the one that can be referenced from ie. GameObjects
'Assets/Photon/Quantum/Runtime/QuantumUnityRuntime.cs' contains partial class of Unity.Object, exactly 1 of the partial classes needs to be in a file with the same filename. This is to know the one that can be referenced from ie. GameObjects
Unloading 5 Unused Serialized files (Serialized files now loaded: 0)
Unloading 3674 unused Assets / (0.9 MB). Loaded Objects now: 4288.
Memory consumption went from 91.8 MB to 90.9 MB.
Total: 5.863125 ms (FindLiveObjects: 0.239833 ms CreateObjectMapping: 0.078542 ms MarkObjects: 4.820542 ms  DeleteObjects: 0.724000 ms)

Prepare: number of updated asset objects reloaded= 0
========================================================================
Received Prepare
Begin MonoManager ReloadAssembly
[Licensing::Client] Successfully resolved entitlement details
Thread 0x16b0c7000 may have been prematurely finalized
Assembly Assembly-CSharp-Editor-firstpass.dll at Library/ScriptAssemblies/Assembly-CSharp-Editor-firstpass.dll not valid. Loading of assembly skipped.
Assembly Assembly-CSharp-Editor.dll at Library/ScriptAssemblies/Assembly-CSharp-Editor.dll not valid. Loading of assembly skipped.
Assembly Assembly-CSharp-firstpass.dll at Library/ScriptAssemblies/Assembly-CSharp-firstpass.dll not valid. Loading of assembly skipped.
Assembly PhotonWebSocket.dll at Library/ScriptAssemblies/PhotonWebSocket.dll not valid. Loading of assembly skipped.
Assembly TestNewCustomAssembly.dll at Library/ScriptAssemblies/TestNewCustomAssembly.dll not valid. Loading of assembly skipped.
Assembly Unity.AI.Navigation.Editor.Tests.dll at Library/ScriptAssemblies/Unity.AI.Navigation.Editor.Tests.dll not valid. Loading of assembly skipped.
Assembly Unity.AI.Navigation.LegacyOffMeshLink.Tests.dll at Library/ScriptAssemblies/Unity.AI.Navigation.LegacyOffMeshLink.Tests.dll not valid. Loading of assembly skipped.
Assembly Unity.AI.Navigation.Tests.dll at Library/ScriptAssemblies/Unity.AI.Navigation.Tests.dll not valid. Loading of assembly skipped.
Assembly Unity.AI.Navigation.Tests.EditorInPlaymode.dll at Library/ScriptAssemblies/Unity.AI.Navigation.Tests.EditorInPlaymode.dll not valid. Loading of assembly skipped.
Assembly Unity.InputSystem.IntegrationTests.dll at Library/ScriptAssemblies/Unity.InputSystem.IntegrationTests.dll not valid. Loading of assembly skipped.
Assembly Unity.Performance.Profile-Analyzer.EditorTests.dll at Library/ScriptAssemblies/Unity.Performance.Profile-Analyzer.EditorTests.dll not valid. Loading of assembly skipped.
Assembly Unity.Settings.Tests.dll at Library/ScriptAssemblies/Unity.Settings.Tests.dll not valid. Loading of assembly skipped.
Assembly Unity.TestTools.CodeCoverage.Editor.Compatibility.dll at Library/ScriptAssemblies/Unity.TestTools.CodeCoverage.Editor.Compatibility.dll not valid. Loading of assembly skipped.
Assembly Unity.TextMeshPro.Editor.Tests.dll at Library/ScriptAssemblies/Unity.TextMeshPro.Editor.Tests.dll not valid. Loading of assembly skipped.
Assembly Unity.TextMeshPro.Tests.dll at Library/ScriptAssemblies/Unity.TextMeshPro.Tests.dll not valid. Loading of assembly skipped.
Assembly UnityEditor.UI.Common.Tests.dll at Library/ScriptAssemblies/UnityEditor.UI.Common.Tests.dll not valid. Loading of assembly skipped.
Assembly UnityEditor.UI.EditorTests.dll at Library/ScriptAssemblies/UnityEditor.UI.EditorTests.dll not valid. Loading of assembly skipped.
Assembly UnityEngine.UI.Tests.dll at Library/ScriptAssemblies/UnityEngine.UI.Tests.dll not valid. Loading of assembly skipped.
'Assets/Photon/Quantum/Runtime/QuantumUnityRuntime.cs' contains partial class of Unity.Object, exactly 1 of the partial classes needs to be in a file with the same filename. This is to know the one that can be referenced from ie. GameObjects
'Assets/Photon/Quantum/Runtime/QuantumUnityRuntime.cs' contains partial class of Unity.Object, exactly 1 of the partial classes needs to be in a file with the same filename. This is to know the one that can be referenced from ie. GameObjects
'Assets/Photon/Quantum/Runtime/QuantumUnityRuntime.cs' contains partial class of Unity.Object, exactly 1 of the partial classes needs to be in a file with the same filename. This is to know the one that can be referenced from ie. GameObjects
'Assets/Photon/Quantum/Runtime/QuantumUnityRuntime.cs' contains partial class of Unity.Object, exactly 1 of the partial classes needs to be in a file with the same filename. This is to know the one that can be referenced from ie. GameObjects
'Assets/Photon/Quantum/Runtime/QuantumUnityRuntime.cs' contains partial class of Unity.Object, exactly 1 of the partial classes needs to be in a file with the same filename. This is to know the one that can be referenced from ie. GameObjects
'Assets/Photon/Quantum/Runtime/QuantumUnityRuntime.cs' contains partial class of Unity.Object, exactly 1 of the partial classes needs to be in a file with the same filename. This is to know the one that can be referenced from ie. GameObjects
'Assets/Photon/Quantum/Runtime/QuantumUnityRuntime.cs' contains partial class of Unity.Object, exactly 1 of the partial classes needs to be in a file with the same filename. This is to know the one that can be referenced from ie. GameObjects
'Assets/Photon/Quantum/Runtime/QuantumUnityRuntime.cs' contains partial class of Unity.Object, exactly 1 of the partial classes needs to be in a file with the same filename. This is to know the one that can be referenced from ie. GameObjects
'Assets/Photon/Quantum/Runtime/QuantumUnityRuntime.cs' contains partial class of Unity.Object, exactly 1 of the partial classes needs to be in a file with the same filename. This is to know the one that can be referenced from ie. GameObjects
'Assets/Photon/Quantum/Runtime/QuantumUnityRuntime.cs' contains partial class of Unity.Object, exactly 1 of the partial classes needs to be in a file with the same filename. This is to know the one that can be referenced from ie. GameObjects
'Assets/Photon/Quantum/Runtime/QuantumUnityRuntime.cs' contains partial class of Unity.Object, exactly 1 of the partial classes needs to be in a file with the same filename. This is to know the one that can be referenced from ie. GameObjects
Native extension for Android target not found
Native extension for OSXStandalone target not found
[Package Manager] Failed to launch server process. Reason: Unity was launched with the -noUpm command-line argument
[Package Manager] Unable to send message (not connected to server process).
[Package Manager] Cannot connect to Unity Package Manager local server
ScheduleIndexationOnStartup MainProcess:False IndexOnStartup:True
Mono: successfully reloaded assembly
- Finished resetting the current domain, in  0.530 seconds
Domain Reload Profiling: 964ms
	BeginReloadAssembly (120ms)
		DisableScriptedObjects (3ms)
		CreateAndSetChildDomain (51ms)
	RebuildCommonClasses (26ms)
	RebuildNativeTypeToScriptingClass (11ms)
	initialDomainReloadingComplete (40ms)
	LoadAllAssembliesAndSetupDomain (237ms)
		LoadAssemblies (145ms)
		AnalyzeDomain (121ms)
			TypeCache.Refresh (7ms)
			BuildScriptInfoCaches (106ms)
			ResolveRequiredComponents (6ms)
	FinalizeReload (530ms)
		SetupLoadedEditorAssemblies (0ms)
			InitializePlatformSupportModulesInManaged (4ms)
			BeforeProcessingInitializeOnLoad (80ms)
			ProcessInitializeOnLoadAttributes (299ms)
			ProcessInitializeOnLoadMethodAttributes (44ms)
Unloading 5 Unused Serialized files (Serialized files now loaded: 0)
Unloading 3682 unused Assets / (1.1 MB). Loaded Objects now: 4288.
Memory consumption went from 103.5 MB to 102.4 MB.
Total: 5.823541 ms (FindLiveObjects: 0.190792 ms CreateObjectMapping: 0.072833 ms MarkObjects: 4.819083 ms  DeleteObjects: 0.740167 ms)

Prepare: number of updated asset objects reloaded= 0
========================================================================
Received Prepare
Begin MonoManager ReloadAssembly
[Licensing::Client] Successfully resolved entitlement details
Thread 0x16b0c7000 may have been prematurely finalized
Assembly Assembly-CSharp-Editor-firstpass.dll at Library/ScriptAssemblies/Assembly-CSharp-Editor-firstpass.dll not valid. Loading of assembly skipped.
Assembly Assembly-CSharp-Editor.dll at Library/ScriptAssemblies/Assembly-CSharp-Editor.dll not valid. Loading of assembly skipped.
Assembly Assembly-CSharp-firstpass.dll at Library/ScriptAssemblies/Assembly-CSharp-firstpass.dll not valid. Loading of assembly skipped.
Assembly PhotonWebSocket.dll at Library/ScriptAssemblies/PhotonWebSocket.dll not valid. Loading of assembly skipped.
Assembly TestNewCustomAssembly.dll at Library/ScriptAssemblies/TestNewCustomAssembly.dll not valid. Loading of assembly skipped.
Assembly Unity.AI.Navigation.Editor.Tests.dll at Library/ScriptAssemblies/Unity.AI.Navigation.Editor.Tests.dll not valid. Loading of assembly skipped.
Assembly Unity.AI.Navigation.LegacyOffMeshLink.Tests.dll at Library/ScriptAssemblies/Unity.AI.Navigation.LegacyOffMeshLink.Tests.dll not valid. Loading of assembly skipped.
Assembly Unity.AI.Navigation.Tests.dll at Library/ScriptAssemblies/Unity.AI.Navigation.Tests.dll not valid. Loading of assembly skipped.
Assembly Unity.AI.Navigation.Tests.EditorInPlaymode.dll at Library/ScriptAssemblies/Unity.AI.Navigation.Tests.EditorInPlaymode.dll not valid. Loading of assembly skipped.
Assembly Unity.InputSystem.IntegrationTests.dll at Library/ScriptAssemblies/Unity.InputSystem.IntegrationTests.dll not valid. Loading of assembly skipped.
Assembly Unity.Performance.Profile-Analyzer.EditorTests.dll at Library/ScriptAssemblies/Unity.Performance.Profile-Analyzer.EditorTests.dll not valid. Loading of assembly skipped.
Assembly Unity.Settings.Tests.dll at Library/ScriptAssemblies/Unity.Settings.Tests.dll not valid. Loading of assembly skipped.
Assembly Unity.TestTools.CodeCoverage.Editor.Compatibility.dll at Library/ScriptAssemblies/Unity.TestTools.CodeCoverage.Editor.Compatibility.dll not valid. Loading of assembly skipped.
Assembly Unity.TextMeshPro.Editor.Tests.dll at Library/ScriptAssemblies/Unity.TextMeshPro.Editor.Tests.dll not valid. Loading of assembly skipped.
Assembly Unity.TextMeshPro.Tests.dll at Library/ScriptAssemblies/Unity.TextMeshPro.Tests.dll not valid. Loading of assembly skipped.
Assembly UnityEditor.UI.Common.Tests.dll at Library/ScriptAssemblies/UnityEditor.UI.Common.Tests.dll not valid. Loading of assembly skipped.
Assembly UnityEditor.UI.EditorTests.dll at Library/ScriptAssemblies/UnityEditor.UI.EditorTests.dll not valid. Loading of assembly skipped.
Assembly UnityEngine.UI.Tests.dll at Library/ScriptAssemblies/UnityEngine.UI.Tests.dll not valid. Loading of assembly skipped.
'Assets/Photon/Quantum/Runtime/QuantumUnityRuntime.cs' contains partial class of Unity.Object, exactly 1 of the partial classes needs to be in a file with the same filename. This is to know the one that can be referenced from ie. GameObjects
'Assets/Photon/Quantum/Runtime/QuantumUnityRuntime.cs' contains partial class of Unity.Object, exactly 1 of the partial classes needs to be in a file with the same filename. This is to know the one that can be referenced from ie. GameObjects
'Assets/Photon/Quantum/Runtime/QuantumUnityRuntime.cs' contains partial class of Unity.Object, exactly 1 of the partial classes needs to be in a file with the same filename. This is to know the one that can be referenced from ie. GameObjects
'Assets/Photon/Quantum/Runtime/QuantumUnityRuntime.cs' contains partial class of Unity.Object, exactly 1 of the partial classes needs to be in a file with the same filename. This is to know the one that can be referenced from ie. GameObjects
'Assets/Photon/Quantum/Runtime/QuantumUnityRuntime.cs' contains partial class of Unity.Object, exactly 1 of the partial classes needs to be in a file with the same filename. This is to know the one that can be referenced from ie. GameObjects
'Assets/Photon/Quantum/Runtime/QuantumUnityRuntime.cs' contains partial class of Unity.Object, exactly 1 of the partial classes needs to be in a file with the same filename. This is to know the one that can be referenced from ie. GameObjects
'Assets/Photon/Quantum/Runtime/QuantumUnityRuntime.cs' contains partial class of Unity.Object, exactly 1 of the partial classes needs to be in a file with the same filename. This is to know the one that can be referenced from ie. GameObjects
'Assets/Photon/Quantum/Runtime/QuantumUnityRuntime.cs' contains partial class of Unity.Object, exactly 1 of the partial classes needs to be in a file with the same filename. This is to know the one that can be referenced from ie. GameObjects
'Assets/Photon/Quantum/Runtime/QuantumUnityRuntime.cs' contains partial class of Unity.Object, exactly 1 of the partial classes needs to be in a file with the same filename. This is to know the one that can be referenced from ie. GameObjects
'Assets/Photon/Quantum/Runtime/QuantumUnityRuntime.cs' contains partial class of Unity.Object, exactly 1 of the partial classes needs to be in a file with the same filename. This is to know the one that can be referenced from ie. GameObjects
'Assets/Photon/Quantum/Runtime/QuantumUnityRuntime.cs' contains partial class of Unity.Object, exactly 1 of the partial classes needs to be in a file with the same filename. This is to know the one that can be referenced from ie. GameObjects
Native extension for Android target not found
Native extension for OSXStandalone target not found
[Package Manager] Failed to launch server process. Reason: Unity was launched with the -noUpm command-line argument
[Package Manager] Unable to send message (not connected to server process).
[Package Manager] Cannot connect to Unity Package Manager local server
ScheduleIndexationOnStartup MainProcess:False IndexOnStartup:True
Mono: successfully reloaded assembly
- Finished resetting the current domain, in  0.521 seconds
Domain Reload Profiling: 899ms
	BeginReloadAssembly (89ms)
		DisableScriptedObjects (3ms)
		CreateAndSetChildDomain (25ms)
	RebuildCommonClasses (25ms)
	RebuildNativeTypeToScriptingClass (11ms)
	initialDomainReloadingComplete (40ms)
	LoadAllAssembliesAndSetupDomain (213ms)
		LoadAssemblies (129ms)
		AnalyzeDomain (111ms)
			TypeCache.Refresh (14ms)
				TypeCache.ScanAssembly (8ms)
			BuildScriptInfoCaches (92ms)
			ResolveRequiredComponents (4ms)
	FinalizeReload (521ms)
		SetupLoadedEditorAssemblies (0ms)
			InitializePlatformSupportModulesInManaged (5ms)
			BeforeProcessingInitializeOnLoad (89ms)
			ProcessInitializeOnLoadAttributes (284ms)
			ProcessInitializeOnLoadMethodAttributes (39ms)
Unloading 5 Unused Serialized files (Serialized files now loaded: 0)
Unloading 3682 unused Assets / (0.8 MB). Loaded Objects now: 4288.
Memory consumption went from 103.5 MB to 102.7 MB.
Total: 5.639292 ms (FindLiveObjects: 0.197916 ms CreateObjectMapping: 0.076208 ms MarkObjects: 4.668000 ms  DeleteObjects: 0.696500 ms)

Prepare: number of updated asset objects reloaded= 0
========================================================================
Received Prepare
Begin MonoManager ReloadAssembly
Thread 0x16b0c7000 may have been prematurely finalized
Assembly Assembly-CSharp-Editor-firstpass.dll at Library/ScriptAssemblies/Assembly-CSharp-Editor-firstpass.dll not valid. Loading of assembly skipped.
Assembly Assembly-CSharp-Editor.dll at Library/ScriptAssemblies/Assembly-CSharp-Editor.dll not valid. Loading of assembly skipped.
Assembly Assembly-CSharp-firstpass.dll at Library/ScriptAssemblies/Assembly-CSharp-firstpass.dll not valid. Loading of assembly skipped.
Assembly PhotonWebSocket.dll at Library/ScriptAssemblies/PhotonWebSocket.dll not valid. Loading of assembly skipped.
Assembly TestNewCustomAssembly.dll at Library/ScriptAssemblies/TestNewCustomAssembly.dll not valid. Loading of assembly skipped.
Assembly Unity.AI.Navigation.Editor.Tests.dll at Library/ScriptAssemblies/Unity.AI.Navigation.Editor.Tests.dll not valid. Loading of assembly skipped.
Assembly Unity.AI.Navigation.LegacyOffMeshLink.Tests.dll at Library/ScriptAssemblies/Unity.AI.Navigation.LegacyOffMeshLink.Tests.dll not valid. Loading of assembly skipped.
Assembly Unity.AI.Navigation.Tests.dll at Library/ScriptAssemblies/Unity.AI.Navigation.Tests.dll not valid. Loading of assembly skipped.
Assembly Unity.AI.Navigation.Tests.EditorInPlaymode.dll at Library/ScriptAssemblies/Unity.AI.Navigation.Tests.EditorInPlaymode.dll not valid. Loading of assembly skipped.
Assembly Unity.InputSystem.IntegrationTests.dll at Library/ScriptAssemblies/Unity.InputSystem.IntegrationTests.dll not valid. Loading of assembly skipped.
Assembly Unity.Performance.Profile-Analyzer.EditorTests.dll at Library/ScriptAssemblies/Unity.Performance.Profile-Analyzer.EditorTests.dll not valid. Loading of assembly skipped.
Assembly Unity.Settings.Tests.dll at Library/ScriptAssemblies/Unity.Settings.Tests.dll not valid. Loading of assembly skipped.
Assembly Unity.TestTools.CodeCoverage.Editor.Compatibility.dll at Library/ScriptAssemblies/Unity.TestTools.CodeCoverage.Editor.Compatibility.dll not valid. Loading of assembly skipped.
Assembly Unity.TextMeshPro.Editor.Tests.dll at Library/ScriptAssemblies/Unity.TextMeshPro.Editor.Tests.dll not valid. Loading of assembly skipped.
Assembly Unity.TextMeshPro.Tests.dll at Library/ScriptAssemblies/Unity.TextMeshPro.Tests.dll not valid. Loading of assembly skipped.
Assembly UnityEditor.UI.Common.Tests.dll at Library/ScriptAssemblies/UnityEditor.UI.Common.Tests.dll not valid. Loading of assembly skipped.
Assembly UnityEditor.UI.EditorTests.dll at Library/ScriptAssemblies/UnityEditor.UI.EditorTests.dll not valid. Loading of assembly skipped.
Assembly UnityEngine.UI.Tests.dll at Library/ScriptAssemblies/UnityEngine.UI.Tests.dll not valid. Loading of assembly skipped.
'Assets/Photon/Quantum/Runtime/QuantumUnityRuntime.cs' contains partial class of Unity.Object, exactly 1 of the partial classes needs to be in a file with the same filename. This is to know the one that can be referenced from ie. GameObjects
'Assets/Photon/Quantum/Runtime/QuantumUnityRuntime.cs' contains partial class of Unity.Object, exactly 1 of the partial classes needs to be in a file with the same filename. This is to know the one that can be referenced from ie. GameObjects
'Assets/Photon/Quantum/Runtime/QuantumUnityRuntime.cs' contains partial class of Unity.Object, exactly 1 of the partial classes needs to be in a file with the same filename. This is to know the one that can be referenced from ie. GameObjects
'Assets/Photon/Quantum/Runtime/QuantumUnityRuntime.cs' contains partial class of Unity.Object, exactly 1 of the partial classes needs to be in a file with the same filename. This is to know the one that can be referenced from ie. GameObjects
'Assets/Photon/Quantum/Runtime/QuantumUnityRuntime.cs' contains partial class of Unity.Object, exactly 1 of the partial classes needs to be in a file with the same filename. This is to know the one that can be referenced from ie. GameObjects
'Assets/Photon/Quantum/Runtime/QuantumUnityRuntime.cs' contains partial class of Unity.Object, exactly 1 of the partial classes needs to be in a file with the same filename. This is to know the one that can be referenced from ie. GameObjects
'Assets/Photon/Quantum/Runtime/QuantumUnityRuntime.cs' contains partial class of Unity.Object, exactly 1 of the partial classes needs to be in a file with the same filename. This is to know the one that can be referenced from ie. GameObjects
'Assets/Photon/Quantum/Runtime/QuantumUnityRuntime.cs' contains partial class of Unity.Object, exactly 1 of the partial classes needs to be in a file with the same filename. This is to know the one that can be referenced from ie. GameObjects
'Assets/Photon/Quantum/Runtime/QuantumUnityRuntime.cs' contains partial class of Unity.Object, exactly 1 of the partial classes needs to be in a file with the same filename. This is to know the one that can be referenced from ie. GameObjects
'Assets/Photon/Quantum/Runtime/QuantumUnityRuntime.cs' contains partial class of Unity.Object, exactly 1 of the partial classes needs to be in a file with the same filename. This is to know the one that can be referenced from ie. GameObjects
'Assets/Photon/Quantum/Runtime/QuantumUnityRuntime.cs' contains partial class of Unity.Object, exactly 1 of the partial classes needs to be in a file with the same filename. This is to know the one that can be referenced from ie. GameObjects
Native extension for Android target not found
Native extension for OSXStandalone target not found
[Package Manager] Failed to launch server process. Reason: Unity was launched with the -noUpm command-line argument
[Package Manager] Unable to send message (not connected to server process).
[Package Manager] Cannot connect to Unity Package Manager local server
ScheduleIndexationOnStartup MainProcess:False IndexOnStartup:True
Mono: successfully reloaded assembly
- Finished resetting the current domain, in  0.497 seconds
Domain Reload Profiling: 867ms
	BeginReloadAssembly (90ms)
		DisableScriptedObjects (3ms)
		CreateAndSetChildDomain (24ms)
	RebuildCommonClasses (24ms)
	RebuildNativeTypeToScriptingClass (10ms)
	initialDomainReloadingComplete (38ms)
	LoadAllAssembliesAndSetupDomain (209ms)
		LoadAssemblies (131ms)
		AnalyzeDomain (106ms)
			TypeCache.Refresh (5ms)
			BuildScriptInfoCaches (95ms)
			ResolveRequiredComponents (5ms)
	FinalizeReload (497ms)
		SetupLoadedEditorAssemblies (0ms)
			InitializePlatformSupportModulesInManaged (4ms)
			BeforeProcessingInitializeOnLoad (75ms)
			ProcessInitializeOnLoadAttributes (284ms)
			ProcessInitializeOnLoadMethodAttributes (41ms)
Unloading 5 Unused Serialized files (Serialized files now loaded: 0)
Unloading 3682 unused Assets / (1.0 MB). Loaded Objects now: 4288.
Memory consumption went from 103.5 MB to 102.5 MB.
Total: 5.521708 ms (FindLiveObjects: 0.209875 ms CreateObjectMapping: 0.073666 ms MarkObjects: 4.615375 ms  DeleteObjects: 0.622375 ms)

Prepare: number of updated asset objects reloaded= 0
========================================================================
Received Prepare
Begin MonoManager ReloadAssembly
[Licensing::Client] Successfully resolved entitlement details
Thread 0x16b0c7000 may have been prematurely finalized
Assembly Assembly-CSharp-Editor-firstpass.dll at Library/ScriptAssemblies/Assembly-CSharp-Editor-firstpass.dll not valid. Loading of assembly skipped.
Assembly Assembly-CSharp-Editor.dll at Library/ScriptAssemblies/Assembly-CSharp-Editor.dll not valid. Loading of assembly skipped.
Assembly Assembly-CSharp-firstpass.dll at Library/ScriptAssemblies/Assembly-CSharp-firstpass.dll not valid. Loading of assembly skipped.
Assembly PhotonWebSocket.dll at Library/ScriptAssemblies/PhotonWebSocket.dll not valid. Loading of assembly skipped.
Assembly TestNewCustomAssembly.dll at Library/ScriptAssemblies/TestNewCustomAssembly.dll not valid. Loading of assembly skipped.
Assembly Unity.AI.Navigation.Editor.Tests.dll at Library/ScriptAssemblies/Unity.AI.Navigation.Editor.Tests.dll not valid. Loading of assembly skipped.
Assembly Unity.AI.Navigation.LegacyOffMeshLink.Tests.dll at Library/ScriptAssemblies/Unity.AI.Navigation.LegacyOffMeshLink.Tests.dll not valid. Loading of assembly skipped.
Assembly Unity.AI.Navigation.Tests.dll at Library/ScriptAssemblies/Unity.AI.Navigation.Tests.dll not valid. Loading of assembly skipped.
Assembly Unity.AI.Navigation.Tests.EditorInPlaymode.dll at Library/ScriptAssemblies/Unity.AI.Navigation.Tests.EditorInPlaymode.dll not valid. Loading of assembly skipped.
Assembly Unity.InputSystem.IntegrationTests.dll at Library/ScriptAssemblies/Unity.InputSystem.IntegrationTests.dll not valid. Loading of assembly skipped.
Assembly Unity.Performance.Profile-Analyzer.EditorTests.dll at Library/ScriptAssemblies/Unity.Performance.Profile-Analyzer.EditorTests.dll not valid. Loading of assembly skipped.
Assembly Unity.Settings.Tests.dll at Library/ScriptAssemblies/Unity.Settings.Tests.dll not valid. Loading of assembly skipped.
Assembly Unity.TestTools.CodeCoverage.Editor.Compatibility.dll at Library/ScriptAssemblies/Unity.TestTools.CodeCoverage.Editor.Compatibility.dll not valid. Loading of assembly skipped.
Assembly Unity.TextMeshPro.Editor.Tests.dll at Library/ScriptAssemblies/Unity.TextMeshPro.Editor.Tests.dll not valid. Loading of assembly skipped.
Assembly Unity.TextMeshPro.Tests.dll at Library/ScriptAssemblies/Unity.TextMeshPro.Tests.dll not valid. Loading of assembly skipped.
Assembly UnityEditor.UI.Common.Tests.dll at Library/ScriptAssemblies/UnityEditor.UI.Common.Tests.dll not valid. Loading of assembly skipped.
Assembly UnityEditor.UI.EditorTests.dll at Library/ScriptAssemblies/UnityEditor.UI.EditorTests.dll not valid. Loading of assembly skipped.
Assembly UnityEngine.UI.Tests.dll at Library/ScriptAssemblies/UnityEngine.UI.Tests.dll not valid. Loading of assembly skipped.
'Assets/Photon/Quantum/Runtime/QuantumUnityRuntime.cs' contains partial class of Unity.Object, exactly 1 of the partial classes needs to be in a file with the same filename. This is to know the one that can be referenced from ie. GameObjects
'Assets/Photon/Quantum/Runtime/QuantumUnityRuntime.cs' contains partial class of Unity.Object, exactly 1 of the partial classes needs to be in a file with the same filename. This is to know the one that can be referenced from ie. GameObjects
'Assets/Photon/Quantum/Runtime/QuantumUnityRuntime.cs' contains partial class of Unity.Object, exactly 1 of the partial classes needs to be in a file with the same filename. This is to know the one that can be referenced from ie. GameObjects
'Assets/Photon/Quantum/Runtime/QuantumUnityRuntime.cs' contains partial class of Unity.Object, exactly 1 of the partial classes needs to be in a file with the same filename. This is to know the one that can be referenced from ie. GameObjects
'Assets/Photon/Quantum/Runtime/QuantumUnityRuntime.cs' contains partial class of Unity.Object, exactly 1 of the partial classes needs to be in a file with the same filename. This is to know the one that can be referenced from ie. GameObjects
'Assets/Photon/Quantum/Runtime/QuantumUnityRuntime.cs' contains partial class of Unity.Object, exactly 1 of the partial classes needs to be in a file with the same filename. This is to know the one that can be referenced from ie. GameObjects
'Assets/Photon/Quantum/Runtime/QuantumUnityRuntime.cs' contains partial class of Unity.Object, exactly 1 of the partial classes needs to be in a file with the same filename. This is to know the one that can be referenced from ie. GameObjects
'Assets/Photon/Quantum/Runtime/QuantumUnityRuntime.cs' contains partial class of Unity.Object, exactly 1 of the partial classes needs to be in a file with the same filename. This is to know the one that can be referenced from ie. GameObjects
'Assets/Photon/Quantum/Runtime/QuantumUnityRuntime.cs' contains partial class of Unity.Object, exactly 1 of the partial classes needs to be in a file with the same filename. This is to know the one that can be referenced from ie. GameObjects
'Assets/Photon/Quantum/Runtime/QuantumUnityRuntime.cs' contains partial class of Unity.Object, exactly 1 of the partial classes needs to be in a file with the same filename. This is to know the one that can be referenced from ie. GameObjects
'Assets/Photon/Quantum/Runtime/QuantumUnityRuntime.cs' contains partial class of Unity.Object, exactly 1 of the partial classes needs to be in a file with the same filename. This is to know the one that can be referenced from ie. GameObjects
Native extension for Android target not found
Native extension for OSXStandalone target not found
[Package Manager] Failed to launch server process. Reason: Unity was launched with the -noUpm command-line argument
[Package Manager] Unable to send message (not connected to server process).
[Package Manager] Cannot connect to Unity Package Manager local server
ScheduleIndexationOnStartup MainProcess:False IndexOnStartup:True
Mono: successfully reloaded assembly
- Finished resetting the current domain, in  0.479 seconds
Domain Reload Profiling: 842ms
	BeginReloadAssembly (88ms)
		DisableScriptedObjects (3ms)
		CreateAndSetChildDomain (25ms)
	RebuildCommonClasses (23ms)
	RebuildNativeTypeToScriptingClass (10ms)
	initialDomainReloadingComplete (38ms)
	LoadAllAssembliesAndSetupDomain (203ms)
		LoadAssemblies (126ms)
		AnalyzeDomain (104ms)
			TypeCache.Refresh (13ms)
				TypeCache.ScanAssembly (6ms)
			BuildScriptInfoCaches (86ms)
			ResolveRequiredComponents (4ms)
	FinalizeReload (480ms)
		SetupLoadedEditorAssemblies (0ms)
			InitializePlatformSupportModulesInManaged (4ms)
			BeforeProcessingInitializeOnLoad (81ms)
			ProcessInitializeOnLoadAttributes (263ms)
			ProcessInitializeOnLoadMethodAttributes (35ms)
Unloading 5 Unused Serialized files (Serialized files now loaded: 0)
Unloading 3682 unused Assets / (1.2 MB). Loaded Objects now: 4288.
Memory consumption went from 103.5 MB to 102.3 MB.
Total: 5.085541 ms (FindLiveObjects: 0.174333 ms CreateObjectMapping: 0.079750 ms MarkObjects: 4.346042 ms  DeleteObjects: 0.485000 ms)

Prepare: number of updated asset objects reloaded= 0
========================================================================
Received Prepare
Begin MonoManager ReloadAssembly
Thread 0x16b0c7000 may have been prematurely finalized
Assembly Assembly-CSharp-Editor-firstpass.dll at Library/ScriptAssemblies/Assembly-CSharp-Editor-firstpass.dll not valid. Loading of assembly skipped.
Assembly Assembly-CSharp-Editor.dll at Library/ScriptAssemblies/Assembly-CSharp-Editor.dll not valid. Loading of assembly skipped.
Assembly Assembly-CSharp-firstpass.dll at Library/ScriptAssemblies/Assembly-CSharp-firstpass.dll not valid. Loading of assembly skipped.
Assembly PhotonWebSocket.dll at Library/ScriptAssemblies/PhotonWebSocket.dll not valid. Loading of assembly skipped.
Assembly TestNewCustomAssembly.dll at Library/ScriptAssemblies/TestNewCustomAssembly.dll not valid. Loading of assembly skipped.
Assembly Unity.AI.Navigation.Editor.Tests.dll at Library/ScriptAssemblies/Unity.AI.Navigation.Editor.Tests.dll not valid. Loading of assembly skipped.
Assembly Unity.AI.Navigation.LegacyOffMeshLink.Tests.dll at Library/ScriptAssemblies/Unity.AI.Navigation.LegacyOffMeshLink.Tests.dll not valid. Loading of assembly skipped.
Assembly Unity.AI.Navigation.Tests.dll at Library/ScriptAssemblies/Unity.AI.Navigation.Tests.dll not valid. Loading of assembly skipped.
Assembly Unity.AI.Navigation.Tests.EditorInPlaymode.dll at Library/ScriptAssemblies/Unity.AI.Navigation.Tests.EditorInPlaymode.dll not valid. Loading of assembly skipped.
Assembly Unity.InputSystem.IntegrationTests.dll at Library/ScriptAssemblies/Unity.InputSystem.IntegrationTests.dll not valid. Loading of assembly skipped.
Assembly Unity.Performance.Profile-Analyzer.EditorTests.dll at Library/ScriptAssemblies/Unity.Performance.Profile-Analyzer.EditorTests.dll not valid. Loading of assembly skipped.
Assembly Unity.Settings.Tests.dll at Library/ScriptAssemblies/Unity.Settings.Tests.dll not valid. Loading of assembly skipped.
Assembly Unity.TestTools.CodeCoverage.Editor.Compatibility.dll at Library/ScriptAssemblies/Unity.TestTools.CodeCoverage.Editor.Compatibility.dll not valid. Loading of assembly skipped.
Assembly Unity.TextMeshPro.Editor.Tests.dll at Library/ScriptAssemblies/Unity.TextMeshPro.Editor.Tests.dll not valid. Loading of assembly skipped.
Assembly Unity.TextMeshPro.Tests.dll at Library/ScriptAssemblies/Unity.TextMeshPro.Tests.dll not valid. Loading of assembly skipped.
Assembly UnityEditor.UI.Common.Tests.dll at Library/ScriptAssemblies/UnityEditor.UI.Common.Tests.dll not valid. Loading of assembly skipped.
Assembly UnityEditor.UI.EditorTests.dll at Library/ScriptAssemblies/UnityEditor.UI.EditorTests.dll not valid. Loading of assembly skipped.
Assembly UnityEngine.UI.Tests.dll at Library/ScriptAssemblies/UnityEngine.UI.Tests.dll not valid. Loading of assembly skipped.
'Assets/Photon/Quantum/Runtime/QuantumUnityRuntime.cs' contains partial class of Unity.Object, exactly 1 of the partial classes needs to be in a file with the same filename. This is to know the one that can be referenced from ie. GameObjects
'Assets/Photon/Quantum/Runtime/QuantumUnityRuntime.cs' contains partial class of Unity.Object, exactly 1 of the partial classes needs to be in a file with the same filename. This is to know the one that can be referenced from ie. GameObjects
'Assets/Photon/Quantum/Runtime/QuantumUnityRuntime.cs' contains partial class of Unity.Object, exactly 1 of the partial classes needs to be in a file with the same filename. This is to know the one that can be referenced from ie. GameObjects
'Assets/Photon/Quantum/Runtime/QuantumUnityRuntime.cs' contains partial class of Unity.Object, exactly 1 of the partial classes needs to be in a file with the same filename. This is to know the one that can be referenced from ie. GameObjects
'Assets/Photon/Quantum/Runtime/QuantumUnityRuntime.cs' contains partial class of Unity.Object, exactly 1 of the partial classes needs to be in a file with the same filename. This is to know the one that can be referenced from ie. GameObjects
'Assets/Photon/Quantum/Runtime/QuantumUnityRuntime.cs' contains partial class of Unity.Object, exactly 1 of the partial classes needs to be in a file with the same filename. This is to know the one that can be referenced from ie. GameObjects
'Assets/Photon/Quantum/Runtime/QuantumUnityRuntime.cs' contains partial class of Unity.Object, exactly 1 of the partial classes needs to be in a file with the same filename. This is to know the one that can be referenced from ie. GameObjects
'Assets/Photon/Quantum/Runtime/QuantumUnityRuntime.cs' contains partial class of Unity.Object, exactly 1 of the partial classes needs to be in a file with the same filename. This is to know the one that can be referenced from ie. GameObjects
'Assets/Photon/Quantum/Runtime/QuantumUnityRuntime.cs' contains partial class of Unity.Object, exactly 1 of the partial classes needs to be in a file with the same filename. This is to know the one that can be referenced from ie. GameObjects
'Assets/Photon/Quantum/Runtime/QuantumUnityRuntime.cs' contains partial class of Unity.Object, exactly 1 of the partial classes needs to be in a file with the same filename. This is to know the one that can be referenced from ie. GameObjects
'Assets/Photon/Quantum/Runtime/QuantumUnityRuntime.cs' contains partial class of Unity.Object, exactly 1 of the partial classes needs to be in a file with the same filename. This is to know the one that can be referenced from ie. GameObjects
Native extension for Android target not found
Native extension for OSXStandalone target not found
[Package Manager] Failed to launch server process. Reason: Unity was launched with the -noUpm command-line argument
[Package Manager] Unable to send message (not connected to server process).
[Package Manager] Cannot connect to Unity Package Manager local server
ScheduleIndexationOnStartup MainProcess:False IndexOnStartup:True
Mono: successfully reloaded assembly
- Finished resetting the current domain, in  0.434 seconds
Domain Reload Profiling: 779ms
	BeginReloadAssembly (84ms)
		DisableScriptedObjects (3ms)
		CreateAndSetChildDomain (23ms)
	RebuildCommonClasses (23ms)
	RebuildNativeTypeToScriptingClass (10ms)
	initialDomainReloadingComplete (34ms)
	LoadAllAssembliesAndSetupDomain (194ms)
		LoadAssemblies (118ms)
		AnalyzeDomain (100ms)
			TypeCache.Refresh (5ms)
			BuildScriptInfoCaches (90ms)
			ResolveRequiredComponents (4ms)
	FinalizeReload (434ms)
		SetupLoadedEditorAssemblies (0ms)
			InitializePlatformSupportModulesInManaged (4ms)
			BeforeProcessingInitializeOnLoad (71ms)
			ProcessInitializeOnLoadAttributes (237ms)
			ProcessInitializeOnLoadMethodAttributes (37ms)
Unloading 5 Unused Serialized files (Serialized files now loaded: 0)
Unloading 3682 unused Assets / (0.9 MB). Loaded Objects now: 4288.
Memory consumption went from 103.5 MB to 102.5 MB.
Total: 5.574417 ms (FindLiveObjects: 0.203000 ms CreateObjectMapping: 0.069417 ms MarkObjects: 4.669791 ms  DeleteObjects: 0.631750 ms)

Prepare: number of updated asset objects reloaded= 0
========================================================================
Received Prepare
'Assets/Photon/Quantum/Runtime/QuantumUnityRuntime.cs' contains partial class of Unity.Object, exactly 1 of the partial classes needs to be in a file with the same filename. This is to know the one that can be referenced from ie. GameObjects
'Assets/Photon/Quantum/Runtime/QuantumUnityRuntime.cs' contains partial class of Unity.Object, exactly 1 of the partial classes needs to be in a file with the same filename. This is to know the one that can be referenced from ie. GameObjects
'Assets/Photon/Quantum/Runtime/QuantumUnityRuntime.cs' contains partial class of Unity.Object, exactly 1 of the partial classes needs to be in a file with the same filename. This is to know the one that can be referenced from ie. GameObjects
'Assets/Photon/Quantum/Runtime/QuantumUnityRuntime.cs' contains partial class of Unity.Object, exactly 1 of the partial classes needs to be in a file with the same filename. This is to know the one that can be referenced from ie. GameObjects
'Assets/Photon/Quantum/Runtime/QuantumUnityRuntime.cs' contains partial class of Unity.Object, exactly 1 of the partial classes needs to be in a file with the same filename. This is to know the one that can be referenced from ie. GameObjects
'Assets/Photon/Quantum/Runtime/QuantumUnityRuntime.cs' contains partial class of Unity.Object, exactly 1 of the partial classes needs to be in a file with the same filename. This is to know the one that can be referenced from ie. GameObjects
'Assets/Photon/Quantum/Runtime/QuantumUnityRuntime.cs' contains partial class of Unity.Object, exactly 1 of the partial classes needs to be in a file with the same filename. This is to know the one that can be referenced from ie. GameObjects
'Assets/Photon/Quantum/Runtime/QuantumUnityRuntime.cs' contains partial class of Unity.Object, exactly 1 of the partial classes needs to be in a file with the same filename. This is to know the one that can be referenced from ie. GameObjects
'Assets/Photon/Quantum/Runtime/QuantumUnityRuntime.cs' contains partial class of Unity.Object, exactly 1 of the partial classes needs to be in a file with the same filename. This is to know the one that can be referenced from ie. GameObjects
'Assets/Photon/Quantum/Runtime/QuantumUnityRuntime.cs' contains partial class of Unity.Object, exactly 1 of the partial classes needs to be in a file with the same filename. This is to know the one that can be referenced from ie. GameObjects
'Assets/Photon/Quantum/Runtime/QuantumUnityRuntime.cs' contains partial class of Unity.Object, exactly 1 of the partial classes needs to be in a file with the same filename. This is to know the one that can be referenced from ie. GameObjects
Unloading 5 Unused Serialized files (Serialized files now loaded: 0)
Unloading 3675 unused Assets / (0.9 MB). Loaded Objects now: 4289.
Memory consumption went from 91.8 MB to 90.9 MB.
Total: 5.061542 ms (FindLiveObjects: 0.187000 ms CreateObjectMapping: 0.070709 ms MarkObjects: 4.194542 ms  DeleteObjects: 0.608875 ms)

Prepare: number of updated asset objects reloaded= 0
========================================================================
Received Prepare
Begin MonoManager ReloadAssembly
[Licensing::Client] Successfully resolved entitlement details
Thread 0x16b0c7000 may have been prematurely finalized
Assembly Assembly-CSharp-Editor-firstpass.dll at Library/ScriptAssemblies/Assembly-CSharp-Editor-firstpass.dll not valid. Loading of assembly skipped.
Assembly Assembly-CSharp-Editor.dll at Library/ScriptAssemblies/Assembly-CSharp-Editor.dll not valid. Loading of assembly skipped.
Assembly Assembly-CSharp-firstpass.dll at Library/ScriptAssemblies/Assembly-CSharp-firstpass.dll not valid. Loading of assembly skipped.
Assembly PhotonWebSocket.dll at Library/ScriptAssemblies/PhotonWebSocket.dll not valid. Loading of assembly skipped.
Assembly TestNewCustomAssembly.dll at Library/ScriptAssemblies/TestNewCustomAssembly.dll not valid. Loading of assembly skipped.
Assembly Unity.AI.Navigation.Editor.Tests.dll at Library/ScriptAssemblies/Unity.AI.Navigation.Editor.Tests.dll not valid. Loading of assembly skipped.
Assembly Unity.AI.Navigation.LegacyOffMeshLink.Tests.dll at Library/ScriptAssemblies/Unity.AI.Navigation.LegacyOffMeshLink.Tests.dll not valid. Loading of assembly skipped.
Assembly Unity.AI.Navigation.Tests.dll at Library/ScriptAssemblies/Unity.AI.Navigation.Tests.dll not valid. Loading of assembly skipped.
Assembly Unity.AI.Navigation.Tests.EditorInPlaymode.dll at Library/ScriptAssemblies/Unity.AI.Navigation.Tests.EditorInPlaymode.dll not valid. Loading of assembly skipped.
Assembly Unity.InputSystem.IntegrationTests.dll at Library/ScriptAssemblies/Unity.InputSystem.IntegrationTests.dll not valid. Loading of assembly skipped.
Assembly Unity.Performance.Profile-Analyzer.EditorTests.dll at Library/ScriptAssemblies/Unity.Performance.Profile-Analyzer.EditorTests.dll not valid. Loading of assembly skipped.
Assembly Unity.Settings.Tests.dll at Library/ScriptAssemblies/Unity.Settings.Tests.dll not valid. Loading of assembly skipped.
Assembly Unity.TestTools.CodeCoverage.Editor.Compatibility.dll at Library/ScriptAssemblies/Unity.TestTools.CodeCoverage.Editor.Compatibility.dll not valid. Loading of assembly skipped.
Assembly Unity.TextMeshPro.Editor.Tests.dll at Library/ScriptAssemblies/Unity.TextMeshPro.Editor.Tests.dll not valid. Loading of assembly skipped.
Assembly Unity.TextMeshPro.Tests.dll at Library/ScriptAssemblies/Unity.TextMeshPro.Tests.dll not valid. Loading of assembly skipped.
Assembly UnityEditor.UI.Common.Tests.dll at Library/ScriptAssemblies/UnityEditor.UI.Common.Tests.dll not valid. Loading of assembly skipped.
Assembly UnityEditor.UI.EditorTests.dll at Library/ScriptAssemblies/UnityEditor.UI.EditorTests.dll not valid. Loading of assembly skipped.
Assembly UnityEngine.UI.Tests.dll at Library/ScriptAssemblies/UnityEngine.UI.Tests.dll not valid. Loading of assembly skipped.
'Assets/Photon/Quantum/Runtime/QuantumUnityRuntime.cs' contains partial class of Unity.Object, exactly 1 of the partial classes needs to be in a file with the same filename. This is to know the one that can be referenced from ie. GameObjects
'Assets/Photon/Quantum/Runtime/QuantumUnityRuntime.cs' contains partial class of Unity.Object, exactly 1 of the partial classes needs to be in a file with the same filename. This is to know the one that can be referenced from ie. GameObjects
'Assets/Photon/Quantum/Runtime/QuantumUnityRuntime.cs' contains partial class of Unity.Object, exactly 1 of the partial classes needs to be in a file with the same filename. This is to know the one that can be referenced from ie. GameObjects
'Assets/Photon/Quantum/Runtime/QuantumUnityRuntime.cs' contains partial class of Unity.Object, exactly 1 of the partial classes needs to be in a file with the same filename. This is to know the one that can be referenced from ie. GameObjects
'Assets/Photon/Quantum/Runtime/QuantumUnityRuntime.cs' contains partial class of Unity.Object, exactly 1 of the partial classes needs to be in a file with the same filename. This is to know the one that can be referenced from ie. GameObjects
'Assets/Photon/Quantum/Runtime/QuantumUnityRuntime.cs' contains partial class of Unity.Object, exactly 1 of the partial classes needs to be in a file with the same filename. This is to know the one that can be referenced from ie. GameObjects
'Assets/Photon/Quantum/Runtime/QuantumUnityRuntime.cs' contains partial class of Unity.Object, exactly 1 of the partial classes needs to be in a file with the same filename. This is to know the one that can be referenced from ie. GameObjects
'Assets/Photon/Quantum/Runtime/QuantumUnityRuntime.cs' contains partial class of Unity.Object, exactly 1 of the partial classes needs to be in a file with the same filename. This is to know the one that can be referenced from ie. GameObjects
'Assets/Photon/Quantum/Runtime/QuantumUnityRuntime.cs' contains partial class of Unity.Object, exactly 1 of the partial classes needs to be in a file with the same filename. This is to know the one that can be referenced from ie. GameObjects
'Assets/Photon/Quantum/Runtime/QuantumUnityRuntime.cs' contains partial class of Unity.Object, exactly 1 of the partial classes needs to be in a file with the same filename. This is to know the one that can be referenced from ie. GameObjects
'Assets/Photon/Quantum/Runtime/QuantumUnityRuntime.cs' contains partial class of Unity.Object, exactly 1 of the partial classes needs to be in a file with the same filename. This is to know the one that can be referenced from ie. GameObjects
Native extension for Android target not found
Native extension for OSXStandalone target not found
[Package Manager] Failed to launch server process. Reason: Unity was launched with the -noUpm command-line argument
[Package Manager] Unable to send message (not connected to server process).
[Package Manager] Cannot connect to Unity Package Manager local server
ScheduleIndexationOnStartup MainProcess:False IndexOnStartup:True
Mono: successfully reloaded assembly
- Finished resetting the current domain, in  0.504 seconds
Domain Reload Profiling: 880ms
	BeginReloadAssembly (89ms)
		DisableScriptedObjects (3ms)
		CreateAndSetChildDomain (24ms)
	RebuildCommonClasses (25ms)
	RebuildNativeTypeToScriptingClass (11ms)
	initialDomainReloadingComplete (38ms)
	LoadAllAssembliesAndSetupDomain (213ms)
		LoadAssemblies (130ms)
		AnalyzeDomain (111ms)
			TypeCache.Refresh (14ms)
				TypeCache.ScanAssembly (7ms)
			BuildScriptInfoCaches (91ms)
			ResolveRequiredComponents (5ms)
	FinalizeReload (504ms)
		SetupLoadedEditorAssemblies (0ms)
			InitializePlatformSupportModulesInManaged (4ms)
			BeforeProcessingInitializeOnLoad (85ms)
			ProcessInitializeOnLoadAttributes (276ms)
			ProcessInitializeOnLoadMethodAttributes (36ms)
Unloading 5 Unused Serialized files (Serialized files now loaded: 0)
Unloading 3683 unused Assets / (0.8 MB). Loaded Objects now: 4289.
Memory consumption went from 103.5 MB to 102.7 MB.
Total: 5.398250 ms (FindLiveObjects: 0.200458 ms CreateObjectMapping: 0.072250 ms MarkObjects: 4.521916 ms  DeleteObjects: 0.602917 ms)

Prepare: number of updated asset objects reloaded= 0
========================================================================
Received Prepare
Begin MonoManager ReloadAssembly
Thread 0x16b0c7000 may have been prematurely finalized
Assembly Assembly-CSharp-Editor-firstpass.dll at Library/ScriptAssemblies/Assembly-CSharp-Editor-firstpass.dll not valid. Loading of assembly skipped.
Assembly Assembly-CSharp-Editor.dll at Library/ScriptAssemblies/Assembly-CSharp-Editor.dll not valid. Loading of assembly skipped.
Assembly Assembly-CSharp-firstpass.dll at Library/ScriptAssemblies/Assembly-CSharp-firstpass.dll not valid. Loading of assembly skipped.
Assembly PhotonWebSocket.dll at Library/ScriptAssemblies/PhotonWebSocket.dll not valid. Loading of assembly skipped.
Assembly TestNewCustomAssembly.dll at Library/ScriptAssemblies/TestNewCustomAssembly.dll not valid. Loading of assembly skipped.
Assembly Unity.AI.Navigation.Editor.Tests.dll at Library/ScriptAssemblies/Unity.AI.Navigation.Editor.Tests.dll not valid. Loading of assembly skipped.
Assembly Unity.AI.Navigation.LegacyOffMeshLink.Tests.dll at Library/ScriptAssemblies/Unity.AI.Navigation.LegacyOffMeshLink.Tests.dll not valid. Loading of assembly skipped.
Assembly Unity.AI.Navigation.Tests.dll at Library/ScriptAssemblies/Unity.AI.Navigation.Tests.dll not valid. Loading of assembly skipped.
Assembly Unity.AI.Navigation.Tests.EditorInPlaymode.dll at Library/ScriptAssemblies/Unity.AI.Navigation.Tests.EditorInPlaymode.dll not valid. Loading of assembly skipped.
Assembly Unity.InputSystem.IntegrationTests.dll at Library/ScriptAssemblies/Unity.InputSystem.IntegrationTests.dll not valid. Loading of assembly skipped.
Assembly Unity.Performance.Profile-Analyzer.EditorTests.dll at Library/ScriptAssemblies/Unity.Performance.Profile-Analyzer.EditorTests.dll not valid. Loading of assembly skipped.
Assembly Unity.Settings.Tests.dll at Library/ScriptAssemblies/Unity.Settings.Tests.dll not valid. Loading of assembly skipped.
Assembly Unity.TestTools.CodeCoverage.Editor.Compatibility.dll at Library/ScriptAssemblies/Unity.TestTools.CodeCoverage.Editor.Compatibility.dll not valid. Loading of assembly skipped.
Assembly Unity.TextMeshPro.Editor.Tests.dll at Library/ScriptAssemblies/Unity.TextMeshPro.Editor.Tests.dll not valid. Loading of assembly skipped.
Assembly Unity.TextMeshPro.Tests.dll at Library/ScriptAssemblies/Unity.TextMeshPro.Tests.dll not valid. Loading of assembly skipped.
Assembly UnityEditor.UI.Common.Tests.dll at Library/ScriptAssemblies/UnityEditor.UI.Common.Tests.dll not valid. Loading of assembly skipped.
Assembly UnityEditor.UI.EditorTests.dll at Library/ScriptAssemblies/UnityEditor.UI.EditorTests.dll not valid. Loading of assembly skipped.
Assembly UnityEngine.UI.Tests.dll at Library/ScriptAssemblies/UnityEngine.UI.Tests.dll not valid. Loading of assembly skipped.
'Assets/Photon/Quantum/Runtime/QuantumUnityRuntime.cs' contains partial class of Unity.Object, exactly 1 of the partial classes needs to be in a file with the same filename. This is to know the one that can be referenced from ie. GameObjects
'Assets/Photon/Quantum/Runtime/QuantumUnityRuntime.cs' contains partial class of Unity.Object, exactly 1 of the partial classes needs to be in a file with the same filename. This is to know the one that can be referenced from ie. GameObjects
'Assets/Photon/Quantum/Runtime/QuantumUnityRuntime.cs' contains partial class of Unity.Object, exactly 1 of the partial classes needs to be in a file with the same filename. This is to know the one that can be referenced from ie. GameObjects
'Assets/Photon/Quantum/Runtime/QuantumUnityRuntime.cs' contains partial class of Unity.Object, exactly 1 of the partial classes needs to be in a file with the same filename. This is to know the one that can be referenced from ie. GameObjects
'Assets/Photon/Quantum/Runtime/QuantumUnityRuntime.cs' contains partial class of Unity.Object, exactly 1 of the partial classes needs to be in a file with the same filename. This is to know the one that can be referenced from ie. GameObjects
'Assets/Photon/Quantum/Runtime/QuantumUnityRuntime.cs' contains partial class of Unity.Object, exactly 1 of the partial classes needs to be in a file with the same filename. This is to know the one that can be referenced from ie. GameObjects
'Assets/Photon/Quantum/Runtime/QuantumUnityRuntime.cs' contains partial class of Unity.Object, exactly 1 of the partial classes needs to be in a file with the same filename. This is to know the one that can be referenced from ie. GameObjects
'Assets/Photon/Quantum/Runtime/QuantumUnityRuntime.cs' contains partial class of Unity.Object, exactly 1 of the partial classes needs to be in a file with the same filename. This is to know the one that can be referenced from ie. GameObjects
'Assets/Photon/Quantum/Runtime/QuantumUnityRuntime.cs' contains partial class of Unity.Object, exactly 1 of the partial classes needs to be in a file with the same filename. This is to know the one that can be referenced from ie. GameObjects
'Assets/Photon/Quantum/Runtime/QuantumUnityRuntime.cs' contains partial class of Unity.Object, exactly 1 of the partial classes needs to be in a file with the same filename. This is to know the one that can be referenced from ie. GameObjects
'Assets/Photon/Quantum/Runtime/QuantumUnityRuntime.cs' contains partial class of Unity.Object, exactly 1 of the partial classes needs to be in a file with the same filename. This is to know the one that can be referenced from ie. GameObjects
Native extension for Android target not found
Native extension for OSXStandalone target not found
[Package Manager] Failed to launch server process. Reason: Unity was launched with the -noUpm command-line argument
[Package Manager] Unable to send message (not connected to server process).
[Package Manager] Cannot connect to Unity Package Manager local server
ScheduleIndexationOnStartup MainProcess:False IndexOnStartup:True
Mono: successfully reloaded assembly
- Finished resetting the current domain, in  0.479 seconds
Domain Reload Profiling: 861ms
	BeginReloadAssembly (92ms)
		DisableScriptedObjects (3ms)
		CreateAndSetChildDomain (25ms)
	RebuildCommonClasses (25ms)
	RebuildNativeTypeToScriptingClass (10ms)
	initialDomainReloadingComplete (38ms)
	LoadAllAssembliesAndSetupDomain (217ms)
		LoadAssemblies (137ms)
		AnalyzeDomain (109ms)
			TypeCache.Refresh (5ms)
			BuildScriptInfoCaches (98ms)
			ResolveRequiredComponents (5ms)
	FinalizeReload (479ms)
		SetupLoadedEditorAssemblies (0ms)
			InitializePlatformSupportModulesInManaged (4ms)
			BeforeProcessingInitializeOnLoad (74ms)
			ProcessInitializeOnLoadAttributes (263ms)
			ProcessInitializeOnLoadMethodAttributes (40ms)
Unloading 5 Unused Serialized files (Serialized files now loaded: 0)
Unloading 3683 unused Assets / (0.8 MB). Loaded Objects now: 4289.
Memory consumption went from 103.5 MB to 102.7 MB.
Total: 5.703750 ms (FindLiveObjects: 0.197416 ms CreateObjectMapping: 0.072834 ms MarkObjects: 4.740834 ms  DeleteObjects: 0.692250 ms)

Prepare: number of updated asset objects reloaded= 0
========================================================================
Received Prepare
Begin MonoManager ReloadAssembly
[Licensing::Client] Successfully resolved entitlement details
Thread 0x16b0c7000 may have been prematurely finalized
Assembly Assembly-CSharp-Editor-firstpass.dll at Library/ScriptAssemblies/Assembly-CSharp-Editor-firstpass.dll not valid. Loading of assembly skipped.
Assembly Assembly-CSharp-Editor.dll at Library/ScriptAssemblies/Assembly-CSharp-Editor.dll not valid. Loading of assembly skipped.
Assembly Assembly-CSharp-firstpass.dll at Library/ScriptAssemblies/Assembly-CSharp-firstpass.dll not valid. Loading of assembly skipped.
Assembly PhotonWebSocket.dll at Library/ScriptAssemblies/PhotonWebSocket.dll not valid. Loading of assembly skipped.
Assembly TestNewCustomAssembly.dll at Library/ScriptAssemblies/TestNewCustomAssembly.dll not valid. Loading of assembly skipped.
Assembly Unity.AI.Navigation.Editor.Tests.dll at Library/ScriptAssemblies/Unity.AI.Navigation.Editor.Tests.dll not valid. Loading of assembly skipped.
Assembly Unity.AI.Navigation.LegacyOffMeshLink.Tests.dll at Library/ScriptAssemblies/Unity.AI.Navigation.LegacyOffMeshLink.Tests.dll not valid. Loading of assembly skipped.
Assembly Unity.AI.Navigation.Tests.dll at Library/ScriptAssemblies/Unity.AI.Navigation.Tests.dll not valid. Loading of assembly skipped.
Assembly Unity.AI.Navigation.Tests.EditorInPlaymode.dll at Library/ScriptAssemblies/Unity.AI.Navigation.Tests.EditorInPlaymode.dll not valid. Loading of assembly skipped.
Assembly Unity.InputSystem.IntegrationTests.dll at Library/ScriptAssemblies/Unity.InputSystem.IntegrationTests.dll not valid. Loading of assembly skipped.
Assembly Unity.Performance.Profile-Analyzer.EditorTests.dll at Library/ScriptAssemblies/Unity.Performance.Profile-Analyzer.EditorTests.dll not valid. Loading of assembly skipped.
Assembly Unity.Settings.Tests.dll at Library/ScriptAssemblies/Unity.Settings.Tests.dll not valid. Loading of assembly skipped.
Assembly Unity.TestTools.CodeCoverage.Editor.Compatibility.dll at Library/ScriptAssemblies/Unity.TestTools.CodeCoverage.Editor.Compatibility.dll not valid. Loading of assembly skipped.
Assembly Unity.TextMeshPro.Editor.Tests.dll at Library/ScriptAssemblies/Unity.TextMeshPro.Editor.Tests.dll not valid. Loading of assembly skipped.
Assembly Unity.TextMeshPro.Tests.dll at Library/ScriptAssemblies/Unity.TextMeshPro.Tests.dll not valid. Loading of assembly skipped.
Assembly UnityEditor.UI.Common.Tests.dll at Library/ScriptAssemblies/UnityEditor.UI.Common.Tests.dll not valid. Loading of assembly skipped.
Assembly UnityEditor.UI.EditorTests.dll at Library/ScriptAssemblies/UnityEditor.UI.EditorTests.dll not valid. Loading of assembly skipped.
Assembly UnityEngine.UI.Tests.dll at Library/ScriptAssemblies/UnityEngine.UI.Tests.dll not valid. Loading of assembly skipped.
'Assets/Photon/Quantum/Runtime/QuantumUnityRuntime.cs' contains partial class of Unity.Object, exactly 1 of the partial classes needs to be in a file with the same filename. This is to know the one that can be referenced from ie. GameObjects
'Assets/Photon/Quantum/Runtime/QuantumUnityRuntime.cs' contains partial class of Unity.Object, exactly 1 of the partial classes needs to be in a file with the same filename. This is to know the one that can be referenced from ie. GameObjects
'Assets/Photon/Quantum/Runtime/QuantumUnityRuntime.cs' contains partial class of Unity.Object, exactly 1 of the partial classes needs to be in a file with the same filename. This is to know the one that can be referenced from ie. GameObjects
'Assets/Photon/Quantum/Runtime/QuantumUnityRuntime.cs' contains partial class of Unity.Object, exactly 1 of the partial classes needs to be in a file with the same filename. This is to know the one that can be referenced from ie. GameObjects
'Assets/Photon/Quantum/Runtime/QuantumUnityRuntime.cs' contains partial class of Unity.Object, exactly 1 of the partial classes needs to be in a file with the same filename. This is to know the one that can be referenced from ie. GameObjects
'Assets/Photon/Quantum/Runtime/QuantumUnityRuntime.cs' contains partial class of Unity.Object, exactly 1 of the partial classes needs to be in a file with the same filename. This is to know the one that can be referenced from ie. GameObjects
'Assets/Photon/Quantum/Runtime/QuantumUnityRuntime.cs' contains partial class of Unity.Object, exactly 1 of the partial classes needs to be in a file with the same filename. This is to know the one that can be referenced from ie. GameObjects
'Assets/Photon/Quantum/Runtime/QuantumUnityRuntime.cs' contains partial class of Unity.Object, exactly 1 of the partial classes needs to be in a file with the same filename. This is to know the one that can be referenced from ie. GameObjects
'Assets/Photon/Quantum/Runtime/QuantumUnityRuntime.cs' contains partial class of Unity.Object, exactly 1 of the partial classes needs to be in a file with the same filename. This is to know the one that can be referenced from ie. GameObjects
'Assets/Photon/Quantum/Runtime/QuantumUnityRuntime.cs' contains partial class of Unity.Object, exactly 1 of the partial classes needs to be in a file with the same filename. This is to know the one that can be referenced from ie. GameObjects
'Assets/Photon/Quantum/Runtime/QuantumUnityRuntime.cs' contains partial class of Unity.Object, exactly 1 of the partial classes needs to be in a file with the same filename. This is to know the one that can be referenced from ie. GameObjects
Native extension for Android target not found
Native extension for OSXStandalone target not found
[Package Manager] Failed to launch server process. Reason: Unity was launched with the -noUpm command-line argument
[Package Manager] Unable to send message (not connected to server process).
[Package Manager] Cannot connect to Unity Package Manager local server
ScheduleIndexationOnStartup MainProcess:False IndexOnStartup:True
Mono: successfully reloaded assembly
- Finished resetting the current domain, in  0.463 seconds
Domain Reload Profiling: 815ms
	BeginReloadAssembly (83ms)
		DisableScriptedObjects (3ms)
		CreateAndSetChildDomain (23ms)
	RebuildCommonClasses (23ms)
	RebuildNativeTypeToScriptingClass (10ms)
	initialDomainReloadingComplete (36ms)
	LoadAllAssembliesAndSetupDomain (200ms)
		LoadAssemblies (122ms)
		AnalyzeDomain (104ms)
			TypeCache.Refresh (13ms)
				TypeCache.ScanAssembly (7ms)
			BuildScriptInfoCaches (85ms)
			ResolveRequiredComponents (4ms)
	FinalizeReload (463ms)
		SetupLoadedEditorAssemblies (0ms)
			InitializePlatformSupportModulesInManaged (4ms)
			BeforeProcessingInitializeOnLoad (79ms)
			ProcessInitializeOnLoadAttributes (253ms)
			ProcessInitializeOnLoadMethodAttributes (32ms)
Unloading 5 Unused Serialized files (Serialized files now loaded: 0)
Unloading 3683 unused Assets / (1.2 MB). Loaded Objects now: 4289.
Memory consumption went from 103.5 MB to 102.3 MB.
Total: 4.953792 ms (FindLiveObjects: 0.176417 ms CreateObjectMapping: 0.075042 ms MarkObjects: 4.173875 ms  DeleteObjects: 0.528042 ms)

Prepare: number of updated asset objects reloaded= 0
========================================================================
Received Prepare
Begin MonoManager ReloadAssembly
Thread 0x16b0c7000 may have been prematurely finalized
Assembly Assembly-CSharp-Editor-firstpass.dll at Library/ScriptAssemblies/Assembly-CSharp-Editor-firstpass.dll not valid. Loading of assembly skipped.
Assembly Assembly-CSharp-Editor.dll at Library/ScriptAssemblies/Assembly-CSharp-Editor.dll not valid. Loading of assembly skipped.
Assembly Assembly-CSharp-firstpass.dll at Library/ScriptAssemblies/Assembly-CSharp-firstpass.dll not valid. Loading of assembly skipped.
Assembly PhotonWebSocket.dll at Library/ScriptAssemblies/PhotonWebSocket.dll not valid. Loading of assembly skipped.
Assembly TestNewCustomAssembly.dll at Library/ScriptAssemblies/TestNewCustomAssembly.dll not valid. Loading of assembly skipped.
Assembly Unity.AI.Navigation.Editor.Tests.dll at Library/ScriptAssemblies/Unity.AI.Navigation.Editor.Tests.dll not valid. Loading of assembly skipped.
Assembly Unity.AI.Navigation.LegacyOffMeshLink.Tests.dll at Library/ScriptAssemblies/Unity.AI.Navigation.LegacyOffMeshLink.Tests.dll not valid. Loading of assembly skipped.
Assembly Unity.AI.Navigation.Tests.dll at Library/ScriptAssemblies/Unity.AI.Navigation.Tests.dll not valid. Loading of assembly skipped.
Assembly Unity.AI.Navigation.Tests.EditorInPlaymode.dll at Library/ScriptAssemblies/Unity.AI.Navigation.Tests.EditorInPlaymode.dll not valid. Loading of assembly skipped.
Assembly Unity.InputSystem.IntegrationTests.dll at Library/ScriptAssemblies/Unity.InputSystem.IntegrationTests.dll not valid. Loading of assembly skipped.
Assembly Unity.Performance.Profile-Analyzer.EditorTests.dll at Library/ScriptAssemblies/Unity.Performance.Profile-Analyzer.EditorTests.dll not valid. Loading of assembly skipped.
Assembly Unity.Settings.Tests.dll at Library/ScriptAssemblies/Unity.Settings.Tests.dll not valid. Loading of assembly skipped.
Assembly Unity.TestTools.CodeCoverage.Editor.Compatibility.dll at Library/ScriptAssemblies/Unity.TestTools.CodeCoverage.Editor.Compatibility.dll not valid. Loading of assembly skipped.
Assembly Unity.TextMeshPro.Editor.Tests.dll at Library/ScriptAssemblies/Unity.TextMeshPro.Editor.Tests.dll not valid. Loading of assembly skipped.
Assembly Unity.TextMeshPro.Tests.dll at Library/ScriptAssemblies/Unity.TextMeshPro.Tests.dll not valid. Loading of assembly skipped.
Assembly UnityEditor.UI.Common.Tests.dll at Library/ScriptAssemblies/UnityEditor.UI.Common.Tests.dll not valid. Loading of assembly skipped.
Assembly UnityEditor.UI.EditorTests.dll at Library/ScriptAssemblies/UnityEditor.UI.EditorTests.dll not valid. Loading of assembly skipped.
Assembly UnityEngine.UI.Tests.dll at Library/ScriptAssemblies/UnityEngine.UI.Tests.dll not valid. Loading of assembly skipped.
'Assets/Photon/Quantum/Runtime/QuantumUnityRuntime.cs' contains partial class of Unity.Object, exactly 1 of the partial classes needs to be in a file with the same filename. This is to know the one that can be referenced from ie. GameObjects
'Assets/Photon/Quantum/Runtime/QuantumUnityRuntime.cs' contains partial class of Unity.Object, exactly 1 of the partial classes needs to be in a file with the same filename. This is to know the one that can be referenced from ie. GameObjects
'Assets/Photon/Quantum/Runtime/QuantumUnityRuntime.cs' contains partial class of Unity.Object, exactly 1 of the partial classes needs to be in a file with the same filename. This is to know the one that can be referenced from ie. GameObjects
'Assets/Photon/Quantum/Runtime/QuantumUnityRuntime.cs' contains partial class of Unity.Object, exactly 1 of the partial classes needs to be in a file with the same filename. This is to know the one that can be referenced from ie. GameObjects
'Assets/Photon/Quantum/Runtime/QuantumUnityRuntime.cs' contains partial class of Unity.Object, exactly 1 of the partial classes needs to be in a file with the same filename. This is to know the one that can be referenced from ie. GameObjects
'Assets/Photon/Quantum/Runtime/QuantumUnityRuntime.cs' contains partial class of Unity.Object, exactly 1 of the partial classes needs to be in a file with the same filename. This is to know the one that can be referenced from ie. GameObjects
'Assets/Photon/Quantum/Runtime/QuantumUnityRuntime.cs' contains partial class of Unity.Object, exactly 1 of the partial classes needs to be in a file with the same filename. This is to know the one that can be referenced from ie. GameObjects
'Assets/Photon/Quantum/Runtime/QuantumUnityRuntime.cs' contains partial class of Unity.Object, exactly 1 of the partial classes needs to be in a file with the same filename. This is to know the one that can be referenced from ie. GameObjects
'Assets/Photon/Quantum/Runtime/QuantumUnityRuntime.cs' contains partial class of Unity.Object, exactly 1 of the partial classes needs to be in a file with the same filename. This is to know the one that can be referenced from ie. GameObjects
'Assets/Photon/Quantum/Runtime/QuantumUnityRuntime.cs' contains partial class of Unity.Object, exactly 1 of the partial classes needs to be in a file with the same filename. This is to know the one that can be referenced from ie. GameObjects
'Assets/Photon/Quantum/Runtime/QuantumUnityRuntime.cs' contains partial class of Unity.Object, exactly 1 of the partial classes needs to be in a file with the same filename. This is to know the one that can be referenced from ie. GameObjects
Native extension for Android target not found
Native extension for OSXStandalone target not found
[Package Manager] Failed to launch server process. Reason: Unity was launched with the -noUpm command-line argument
[Package Manager] Unable to send message (not connected to server process).
[Package Manager] Cannot connect to Unity Package Manager local server
ScheduleIndexationOnStartup MainProcess:False IndexOnStartup:True
Mono: successfully reloaded assembly
- Finished resetting the current domain, in  0.452 seconds
Domain Reload Profiling: 786ms
	BeginReloadAssembly (80ms)
		DisableScriptedObjects (3ms)
		CreateAndSetChildDomain (22ms)
	RebuildCommonClasses (23ms)
	RebuildNativeTypeToScriptingClass (9ms)
	initialDomainReloadingComplete (34ms)
	LoadAllAssembliesAndSetupDomain (188ms)
		LoadAssemblies (114ms)
		AnalyzeDomain (97ms)
			TypeCache.Refresh (5ms)
			BuildScriptInfoCaches (88ms)
			ResolveRequiredComponents (4ms)
	FinalizeReload (452ms)
		SetupLoadedEditorAssemblies (0ms)
			InitializePlatformSupportModulesInManaged (4ms)
			BeforeProcessingInitializeOnLoad (71ms)
			ProcessInitializeOnLoadAttributes (248ms)
			ProcessInitializeOnLoadMethodAttributes (38ms)
Unloading 5 Unused Serialized files (Serialized files now loaded: 0)
Unloading 3683 unused Assets / (1.2 MB). Loaded Objects now: 4289.
Memory consumption went from 103.5 MB to 102.3 MB.
Total: 5.618792 ms (FindLiveObjects: 0.227000 ms CreateObjectMapping: 0.075084 ms MarkObjects: 4.676833 ms  DeleteObjects: 0.639583 ms)

Prepare: number of updated asset objects reloaded= 0
========================================================================
Received Prepare
'Assets/Photon/Quantum/Runtime/QuantumUnityRuntime.cs' contains partial class of Unity.Object, exactly 1 of the partial classes needs to be in a file with the same filename. This is to know the one that can be referenced from ie. GameObjects
'Assets/Photon/Quantum/Runtime/QuantumUnityRuntime.cs' contains partial class of Unity.Object, exactly 1 of the partial classes needs to be in a file with the same filename. This is to know the one that can be referenced from ie. GameObjects
'Assets/Photon/Quantum/Runtime/QuantumUnityRuntime.cs' contains partial class of Unity.Object, exactly 1 of the partial classes needs to be in a file with the same filename. This is to know the one that can be referenced from ie. GameObjects
'Assets/Photon/Quantum/Runtime/QuantumUnityRuntime.cs' contains partial class of Unity.Object, exactly 1 of the partial classes needs to be in a file with the same filename. This is to know the one that can be referenced from ie. GameObjects
'Assets/Photon/Quantum/Runtime/QuantumUnityRuntime.cs' contains partial class of Unity.Object, exactly 1 of the partial classes needs to be in a file with the same filename. This is to know the one that can be referenced from ie. GameObjects
'Assets/Photon/Quantum/Runtime/QuantumUnityRuntime.cs' contains partial class of Unity.Object, exactly 1 of the partial classes needs to be in a file with the same filename. This is to know the one that can be referenced from ie. GameObjects
'Assets/Photon/Quantum/Runtime/QuantumUnityRuntime.cs' contains partial class of Unity.Object, exactly 1 of the partial classes needs to be in a file with the same filename. This is to know the one that can be referenced from ie. GameObjects
'Assets/Photon/Quantum/Runtime/QuantumUnityRuntime.cs' contains partial class of Unity.Object, exactly 1 of the partial classes needs to be in a file with the same filename. This is to know the one that can be referenced from ie. GameObjects
'Assets/Photon/Quantum/Runtime/QuantumUnityRuntime.cs' contains partial class of Unity.Object, exactly 1 of the partial classes needs to be in a file with the same filename. This is to know the one that can be referenced from ie. GameObjects
'Assets/Photon/Quantum/Runtime/QuantumUnityRuntime.cs' contains partial class of Unity.Object, exactly 1 of the partial classes needs to be in a file with the same filename. This is to know the one that can be referenced from ie. GameObjects
'Assets/Photon/Quantum/Runtime/QuantumUnityRuntime.cs' contains partial class of Unity.Object, exactly 1 of the partial classes needs to be in a file with the same filename. This is to know the one that can be referenced from ie. GameObjects
Unloading 5 Unused Serialized files (Serialized files now loaded: 0)
Unloading 3675 unused Assets / (1.0 MB). Loaded Objects now: 4289.
Memory consumption went from 91.8 MB to 90.8 MB.
Total: 5.973042 ms (FindLiveObjects: 0.216416 ms CreateObjectMapping: 0.069917 ms MarkObjects: 5.020291 ms  DeleteObjects: 0.665542 ms)

Prepare: number of updated asset objects reloaded= 0
========================================================================
Received Prepare
Begin MonoManager ReloadAssembly
[Licensing::Client] Successfully resolved entitlement details
Thread 0x16b0c7000 may have been prematurely finalized
Assembly Assembly-CSharp-Editor-firstpass.dll at Library/ScriptAssemblies/Assembly-CSharp-Editor-firstpass.dll not valid. Loading of assembly skipped.
Assembly Assembly-CSharp-Editor.dll at Library/ScriptAssemblies/Assembly-CSharp-Editor.dll not valid. Loading of assembly skipped.
Assembly Assembly-CSharp-firstpass.dll at Library/ScriptAssemblies/Assembly-CSharp-firstpass.dll not valid. Loading of assembly skipped.
Assembly PhotonWebSocket.dll at Library/ScriptAssemblies/PhotonWebSocket.dll not valid. Loading of assembly skipped.
Assembly TestNewCustomAssembly.dll at Library/ScriptAssemblies/TestNewCustomAssembly.dll not valid. Loading of assembly skipped.
Assembly Unity.AI.Navigation.Editor.Tests.dll at Library/ScriptAssemblies/Unity.AI.Navigation.Editor.Tests.dll not valid. Loading of assembly skipped.
Assembly Unity.AI.Navigation.LegacyOffMeshLink.Tests.dll at Library/ScriptAssemblies/Unity.AI.Navigation.LegacyOffMeshLink.Tests.dll not valid. Loading of assembly skipped.
Assembly Unity.AI.Navigation.Tests.dll at Library/ScriptAssemblies/Unity.AI.Navigation.Tests.dll not valid. Loading of assembly skipped.
Assembly Unity.AI.Navigation.Tests.EditorInPlaymode.dll at Library/ScriptAssemblies/Unity.AI.Navigation.Tests.EditorInPlaymode.dll not valid. Loading of assembly skipped.
Assembly Unity.InputSystem.IntegrationTests.dll at Library/ScriptAssemblies/Unity.InputSystem.IntegrationTests.dll not valid. Loading of assembly skipped.
Assembly Unity.Performance.Profile-Analyzer.EditorTests.dll at Library/ScriptAssemblies/Unity.Performance.Profile-Analyzer.EditorTests.dll not valid. Loading of assembly skipped.
Assembly Unity.Settings.Tests.dll at Library/ScriptAssemblies/Unity.Settings.Tests.dll not valid. Loading of assembly skipped.
Assembly Unity.TestTools.CodeCoverage.Editor.Compatibility.dll at Library/ScriptAssemblies/Unity.TestTools.CodeCoverage.Editor.Compatibility.dll not valid. Loading of assembly skipped.
Assembly Unity.TextMeshPro.Editor.Tests.dll at Library/ScriptAssemblies/Unity.TextMeshPro.Editor.Tests.dll not valid. Loading of assembly skipped.
Assembly Unity.TextMeshPro.Tests.dll at Library/ScriptAssemblies/Unity.TextMeshPro.Tests.dll not valid. Loading of assembly skipped.
Assembly UnityEditor.UI.Common.Tests.dll at Library/ScriptAssemblies/UnityEditor.UI.Common.Tests.dll not valid. Loading of assembly skipped.
Assembly UnityEditor.UI.EditorTests.dll at Library/ScriptAssemblies/UnityEditor.UI.EditorTests.dll not valid. Loading of assembly skipped.
Assembly UnityEngine.UI.Tests.dll at Library/ScriptAssemblies/UnityEngine.UI.Tests.dll not valid. Loading of assembly skipped.
'Assets/Photon/Quantum/Runtime/QuantumUnityRuntime.cs' contains partial class of Unity.Object, exactly 1 of the partial classes needs to be in a file with the same filename. This is to know the one that can be referenced from ie. GameObjects
'Assets/Photon/Quantum/Runtime/QuantumUnityRuntime.cs' contains partial class of Unity.Object, exactly 1 of the partial classes needs to be in a file with the same filename. This is to know the one that can be referenced from ie. GameObjects
'Assets/Photon/Quantum/Runtime/QuantumUnityRuntime.cs' contains partial class of Unity.Object, exactly 1 of the partial classes needs to be in a file with the same filename. This is to know the one that can be referenced from ie. GameObjects
'Assets/Photon/Quantum/Runtime/QuantumUnityRuntime.cs' contains partial class of Unity.Object, exactly 1 of the partial classes needs to be in a file with the same filename. This is to know the one that can be referenced from ie. GameObjects
'Assets/Photon/Quantum/Runtime/QuantumUnityRuntime.cs' contains partial class of Unity.Object, exactly 1 of the partial classes needs to be in a file with the same filename. This is to know the one that can be referenced from ie. GameObjects
'Assets/Photon/Quantum/Runtime/QuantumUnityRuntime.cs' contains partial class of Unity.Object, exactly 1 of the partial classes needs to be in a file with the same filename. This is to know the one that can be referenced from ie. GameObjects
'Assets/Photon/Quantum/Runtime/QuantumUnityRuntime.cs' contains partial class of Unity.Object, exactly 1 of the partial classes needs to be in a file with the same filename. This is to know the one that can be referenced from ie. GameObjects
'Assets/Photon/Quantum/Runtime/QuantumUnityRuntime.cs' contains partial class of Unity.Object, exactly 1 of the partial classes needs to be in a file with the same filename. This is to know the one that can be referenced from ie. GameObjects
'Assets/Photon/Quantum/Runtime/QuantumUnityRuntime.cs' contains partial class of Unity.Object, exactly 1 of the partial classes needs to be in a file with the same filename. This is to know the one that can be referenced from ie. GameObjects
'Assets/Photon/Quantum/Runtime/QuantumUnityRuntime.cs' contains partial class of Unity.Object, exactly 1 of the partial classes needs to be in a file with the same filename. This is to know the one that can be referenced from ie. GameObjects
'Assets/Photon/Quantum/Runtime/QuantumUnityRuntime.cs' contains partial class of Unity.Object, exactly 1 of the partial classes needs to be in a file with the same filename. This is to know the one that can be referenced from ie. GameObjects
Native extension for Android target not found
Native extension for OSXStandalone target not found
[Package Manager] Failed to launch server process. Reason: Unity was launched with the -noUpm command-line argument
[Package Manager] Unable to send message (not connected to server process).
[Package Manager] Cannot connect to Unity Package Manager local server
ScheduleIndexationOnStartup MainProcess:False IndexOnStartup:True
Mono: successfully reloaded assembly
- Finished resetting the current domain, in  0.513 seconds
Domain Reload Profiling: 911ms
	BeginReloadAssembly (98ms)
		DisableScriptedObjects (3ms)
		CreateAndSetChildDomain (30ms)
	RebuildCommonClasses (25ms)
	RebuildNativeTypeToScriptingClass (10ms)
	initialDomainReloadingComplete (39ms)
	LoadAllAssembliesAndSetupDomain (225ms)
		LoadAssemblies (137ms)
		AnalyzeDomain (116ms)
			TypeCache.Refresh (15ms)
				TypeCache.ScanAssembly (8ms)
			BuildScriptInfoCaches (96ms)
			ResolveRequiredComponents (5ms)
	FinalizeReload (513ms)
		SetupLoadedEditorAssemblies (0ms)
			InitializePlatformSupportModulesInManaged (4ms)
			BeforeProcessingInitializeOnLoad (82ms)
			ProcessInitializeOnLoadAttributes (279ms)
			ProcessInitializeOnLoadMethodAttributes (41ms)
Unloading 5 Unused Serialized files (Serialized files now loaded: 0)
Unloading 3683 unused Assets / (1.3 MB). Loaded Objects now: 4289.
Memory consumption went from 103.5 MB to 102.2 MB.
Total: 5.489250 ms (FindLiveObjects: 0.177333 ms CreateObjectMapping: 0.079417 ms MarkObjects: 4.636833 ms  DeleteObjects: 0.595166 ms)

Prepare: number of updated asset objects reloaded= 0
========================================================================
Received Prepare
Begin MonoManager ReloadAssembly
Thread 0x16b0c7000 may have been prematurely finalized
Assembly Assembly-CSharp-Editor-firstpass.dll at Library/ScriptAssemblies/Assembly-CSharp-Editor-firstpass.dll not valid. Loading of assembly skipped.
Assembly Assembly-CSharp-Editor.dll at Library/ScriptAssemblies/Assembly-CSharp-Editor.dll not valid. Loading of assembly skipped.
Assembly Assembly-CSharp-firstpass.dll at Library/ScriptAssemblies/Assembly-CSharp-firstpass.dll not valid. Loading of assembly skipped.
Assembly PhotonWebSocket.dll at Library/ScriptAssemblies/PhotonWebSocket.dll not valid. Loading of assembly skipped.
Assembly TestNewCustomAssembly.dll at Library/ScriptAssemblies/TestNewCustomAssembly.dll not valid. Loading of assembly skipped.
Assembly Unity.AI.Navigation.Editor.Tests.dll at Library/ScriptAssemblies/Unity.AI.Navigation.Editor.Tests.dll not valid. Loading of assembly skipped.
Assembly Unity.AI.Navigation.LegacyOffMeshLink.Tests.dll at Library/ScriptAssemblies/Unity.AI.Navigation.LegacyOffMeshLink.Tests.dll not valid. Loading of assembly skipped.
Assembly Unity.AI.Navigation.Tests.dll at Library/ScriptAssemblies/Unity.AI.Navigation.Tests.dll not valid. Loading of assembly skipped.
Assembly Unity.AI.Navigation.Tests.EditorInPlaymode.dll at Library/ScriptAssemblies/Unity.AI.Navigation.Tests.EditorInPlaymode.dll not valid. Loading of assembly skipped.
Assembly Unity.InputSystem.IntegrationTests.dll at Library/ScriptAssemblies/Unity.InputSystem.IntegrationTests.dll not valid. Loading of assembly skipped.
Assembly Unity.Performance.Profile-Analyzer.EditorTests.dll at Library/ScriptAssemblies/Unity.Performance.Profile-Analyzer.EditorTests.dll not valid. Loading of assembly skipped.
Assembly Unity.Settings.Tests.dll at Library/ScriptAssemblies/Unity.Settings.Tests.dll not valid. Loading of assembly skipped.
Assembly Unity.TestTools.CodeCoverage.Editor.Compatibility.dll at Library/ScriptAssemblies/Unity.TestTools.CodeCoverage.Editor.Compatibility.dll not valid. Loading of assembly skipped.
Assembly Unity.TextMeshPro.Editor.Tests.dll at Library/ScriptAssemblies/Unity.TextMeshPro.Editor.Tests.dll not valid. Loading of assembly skipped.
Assembly Unity.TextMeshPro.Tests.dll at Library/ScriptAssemblies/Unity.TextMeshPro.Tests.dll not valid. Loading of assembly skipped.
Assembly UnityEditor.UI.Common.Tests.dll at Library/ScriptAssemblies/UnityEditor.UI.Common.Tests.dll not valid. Loading of assembly skipped.
Assembly UnityEditor.UI.EditorTests.dll at Library/ScriptAssemblies/UnityEditor.UI.EditorTests.dll not valid. Loading of assembly skipped.
Assembly UnityEngine.UI.Tests.dll at Library/ScriptAssemblies/UnityEngine.UI.Tests.dll not valid. Loading of assembly skipped.
'Assets/Photon/Quantum/Runtime/QuantumUnityRuntime.cs' contains partial class of Unity.Object, exactly 1 of the partial classes needs to be in a file with the same filename. This is to know the one that can be referenced from ie. GameObjects
'Assets/Photon/Quantum/Runtime/QuantumUnityRuntime.cs' contains partial class of Unity.Object, exactly 1 of the partial classes needs to be in a file with the same filename. This is to know the one that can be referenced from ie. GameObjects
'Assets/Photon/Quantum/Runtime/QuantumUnityRuntime.cs' contains partial class of Unity.Object, exactly 1 of the partial classes needs to be in a file with the same filename. This is to know the one that can be referenced from ie. GameObjects
'Assets/Photon/Quantum/Runtime/QuantumUnityRuntime.cs' contains partial class of Unity.Object, exactly 1 of the partial classes needs to be in a file with the same filename. This is to know the one that can be referenced from ie. GameObjects
'Assets/Photon/Quantum/Runtime/QuantumUnityRuntime.cs' contains partial class of Unity.Object, exactly 1 of the partial classes needs to be in a file with the same filename. This is to know the one that can be referenced from ie. GameObjects
'Assets/Photon/Quantum/Runtime/QuantumUnityRuntime.cs' contains partial class of Unity.Object, exactly 1 of the partial classes needs to be in a file with the same filename. This is to know the one that can be referenced from ie. GameObjects
'Assets/Photon/Quantum/Runtime/QuantumUnityRuntime.cs' contains partial class of Unity.Object, exactly 1 of the partial classes needs to be in a file with the same filename. This is to know the one that can be referenced from ie. GameObjects
'Assets/Photon/Quantum/Runtime/QuantumUnityRuntime.cs' contains partial class of Unity.Object, exactly 1 of the partial classes needs to be in a file with the same filename. This is to know the one that can be referenced from ie. GameObjects
'Assets/Photon/Quantum/Runtime/QuantumUnityRuntime.cs' contains partial class of Unity.Object, exactly 1 of the partial classes needs to be in a file with the same filename. This is to know the one that can be referenced from ie. GameObjects
'Assets/Photon/Quantum/Runtime/QuantumUnityRuntime.cs' contains partial class of Unity.Object, exactly 1 of the partial classes needs to be in a file with the same filename. This is to know the one that can be referenced from ie. GameObjects
'Assets/Photon/Quantum/Runtime/QuantumUnityRuntime.cs' contains partial class of Unity.Object, exactly 1 of the partial classes needs to be in a file with the same filename. This is to know the one that can be referenced from ie. GameObjects
Native extension for Android target not found
Native extension for OSXStandalone target not found
[Package Manager] Failed to launch server process. Reason: Unity was launched with the -noUpm command-line argument
[Package Manager] Unable to send message (not connected to server process).
[Package Manager] Cannot connect to Unity Package Manager local server
ScheduleIndexationOnStartup MainProcess:False IndexOnStartup:True
Mono: successfully reloaded assembly
- Finished resetting the current domain, in  0.451 seconds
Domain Reload Profiling: 791ms
	BeginReloadAssembly (79ms)
		DisableScriptedObjects (3ms)
		CreateAndSetChildDomain (22ms)
	RebuildCommonClasses (22ms)
	RebuildNativeTypeToScriptingClass (10ms)
	initialDomainReloadingComplete (34ms)
	LoadAllAssembliesAndSetupDomain (194ms)
		LoadAssemblies (118ms)
		AnalyzeDomain (98ms)
			TypeCache.Refresh (5ms)
			BuildScriptInfoCaches (88ms)
			ResolveRequiredComponents (4ms)
	FinalizeReload (451ms)
		SetupLoadedEditorAssemblies (0ms)
			InitializePlatformSupportModulesInManaged (4ms)
			BeforeProcessingInitializeOnLoad (72ms)
			ProcessInitializeOnLoadAttributes (246ms)
			ProcessInitializeOnLoadMethodAttributes (39ms)
Unloading 5 Unused Serialized files (Serialized files now loaded: 0)
Unloading 3683 unused Assets / (1.1 MB). Loaded Objects now: 4289.
Memory consumption went from 103.5 MB to 102.4 MB.
Total: 5.574208 ms (FindLiveObjects: 0.188334 ms CreateObjectMapping: 0.069458 ms MarkObjects: 4.696542 ms  DeleteObjects: 0.619666 ms)

Prepare: number of updated asset objects reloaded= 0
========================================================================
Received Prepare
'Assets/Photon/Quantum/Runtime/QuantumUnityRuntime.cs' contains partial class of Unity.Object, exactly 1 of the partial classes needs to be in a file with the same filename. This is to know the one that can be referenced from ie. GameObjects
'Assets/Photon/Quantum/Runtime/QuantumUnityRuntime.cs' contains partial class of Unity.Object, exactly 1 of the partial classes needs to be in a file with the same filename. This is to know the one that can be referenced from ie. GameObjects
'Assets/Photon/Quantum/Runtime/QuantumUnityRuntime.cs' contains partial class of Unity.Object, exactly 1 of the partial classes needs to be in a file with the same filename. This is to know the one that can be referenced from ie. GameObjects
'Assets/Photon/Quantum/Runtime/QuantumUnityRuntime.cs' contains partial class of Unity.Object, exactly 1 of the partial classes needs to be in a file with the same filename. This is to know the one that can be referenced from ie. GameObjects
'Assets/Photon/Quantum/Runtime/QuantumUnityRuntime.cs' contains partial class of Unity.Object, exactly 1 of the partial classes needs to be in a file with the same filename. This is to know the one that can be referenced from ie. GameObjects
'Assets/Photon/Quantum/Runtime/QuantumUnityRuntime.cs' contains partial class of Unity.Object, exactly 1 of the partial classes needs to be in a file with the same filename. This is to know the one that can be referenced from ie. GameObjects
'Assets/Photon/Quantum/Runtime/QuantumUnityRuntime.cs' contains partial class of Unity.Object, exactly 1 of the partial classes needs to be in a file with the same filename. This is to know the one that can be referenced from ie. GameObjects
'Assets/Photon/Quantum/Runtime/QuantumUnityRuntime.cs' contains partial class of Unity.Object, exactly 1 of the partial classes needs to be in a file with the same filename. This is to know the one that can be referenced from ie. GameObjects
'Assets/Photon/Quantum/Runtime/QuantumUnityRuntime.cs' contains partial class of Unity.Object, exactly 1 of the partial classes needs to be in a file with the same filename. This is to know the one that can be referenced from ie. GameObjects
'Assets/Photon/Quantum/Runtime/QuantumUnityRuntime.cs' contains partial class of Unity.Object, exactly 1 of the partial classes needs to be in a file with the same filename. This is to know the one that can be referenced from ie. GameObjects
'Assets/Photon/Quantum/Runtime/QuantumUnityRuntime.cs' contains partial class of Unity.Object, exactly 1 of the partial classes needs to be in a file with the same filename. This is to know the one that can be referenced from ie. GameObjects
Unloading 5 Unused Serialized files (Serialized files now loaded: 0)
Unloading 3675 unused Assets / (0.8 MB). Loaded Objects now: 4289.
Memory consumption went from 91.8 MB to 91.0 MB.
Total: 6.586709 ms (FindLiveObjects: 0.205292 ms CreateObjectMapping: 0.071042 ms MarkObjects: 5.648166 ms  DeleteObjects: 0.661667 ms)

Prepare: number of updated asset objects reloaded= 0
========================================================================
Received Prepare
Begin MonoManager ReloadAssembly
[Licensing::Client] Successfully resolved entitlement details
Thread 0x16b0c7000 may have been prematurely finalized
Assembly Assembly-CSharp-Editor-firstpass.dll at Library/ScriptAssemblies/Assembly-CSharp-Editor-firstpass.dll not valid. Loading of assembly skipped.
Assembly Assembly-CSharp-Editor.dll at Library/ScriptAssemblies/Assembly-CSharp-Editor.dll not valid. Loading of assembly skipped.
Assembly Assembly-CSharp-firstpass.dll at Library/ScriptAssemblies/Assembly-CSharp-firstpass.dll not valid. Loading of assembly skipped.
Assembly PhotonWebSocket.dll at Library/ScriptAssemblies/PhotonWebSocket.dll not valid. Loading of assembly skipped.
Assembly TestNewCustomAssembly.dll at Library/ScriptAssemblies/TestNewCustomAssembly.dll not valid. Loading of assembly skipped.
Assembly Unity.AI.Navigation.Editor.Tests.dll at Library/ScriptAssemblies/Unity.AI.Navigation.Editor.Tests.dll not valid. Loading of assembly skipped.
Assembly Unity.AI.Navigation.LegacyOffMeshLink.Tests.dll at Library/ScriptAssemblies/Unity.AI.Navigation.LegacyOffMeshLink.Tests.dll not valid. Loading of assembly skipped.
Assembly Unity.AI.Navigation.Tests.dll at Library/ScriptAssemblies/Unity.AI.Navigation.Tests.dll not valid. Loading of assembly skipped.
Assembly Unity.AI.Navigation.Tests.EditorInPlaymode.dll at Library/ScriptAssemblies/Unity.AI.Navigation.Tests.EditorInPlaymode.dll not valid. Loading of assembly skipped.
Assembly Unity.InputSystem.IntegrationTests.dll at Library/ScriptAssemblies/Unity.InputSystem.IntegrationTests.dll not valid. Loading of assembly skipped.
Assembly Unity.Performance.Profile-Analyzer.EditorTests.dll at Library/ScriptAssemblies/Unity.Performance.Profile-Analyzer.EditorTests.dll not valid. Loading of assembly skipped.
Assembly Unity.Settings.Tests.dll at Library/ScriptAssemblies/Unity.Settings.Tests.dll not valid. Loading of assembly skipped.
Assembly Unity.TestTools.CodeCoverage.Editor.Compatibility.dll at Library/ScriptAssemblies/Unity.TestTools.CodeCoverage.Editor.Compatibility.dll not valid. Loading of assembly skipped.
Assembly Unity.TextMeshPro.Editor.Tests.dll at Library/ScriptAssemblies/Unity.TextMeshPro.Editor.Tests.dll not valid. Loading of assembly skipped.
Assembly Unity.TextMeshPro.Tests.dll at Library/ScriptAssemblies/Unity.TextMeshPro.Tests.dll not valid. Loading of assembly skipped.
Assembly UnityEditor.UI.Common.Tests.dll at Library/ScriptAssemblies/UnityEditor.UI.Common.Tests.dll not valid. Loading of assembly skipped.
Assembly UnityEditor.UI.EditorTests.dll at Library/ScriptAssemblies/UnityEditor.UI.EditorTests.dll not valid. Loading of assembly skipped.
Assembly UnityEngine.UI.Tests.dll at Library/ScriptAssemblies/UnityEngine.UI.Tests.dll not valid. Loading of assembly skipped.
'Assets/Photon/Quantum/Runtime/QuantumUnityRuntime.cs' contains partial class of Unity.Object, exactly 1 of the partial classes needs to be in a file with the same filename. This is to know the one that can be referenced from ie. GameObjects
'Assets/Photon/Quantum/Runtime/QuantumUnityRuntime.cs' contains partial class of Unity.Object, exactly 1 of the partial classes needs to be in a file with the same filename. This is to know the one that can be referenced from ie. GameObjects
'Assets/Photon/Quantum/Runtime/QuantumUnityRuntime.cs' contains partial class of Unity.Object, exactly 1 of the partial classes needs to be in a file with the same filename. This is to know the one that can be referenced from ie. GameObjects
'Assets/Photon/Quantum/Runtime/QuantumUnityRuntime.cs' contains partial class of Unity.Object, exactly 1 of the partial classes needs to be in a file with the same filename. This is to know the one that can be referenced from ie. GameObjects
'Assets/Photon/Quantum/Runtime/QuantumUnityRuntime.cs' contains partial class of Unity.Object, exactly 1 of the partial classes needs to be in a file with the same filename. This is to know the one that can be referenced from ie. GameObjects
'Assets/Photon/Quantum/Runtime/QuantumUnityRuntime.cs' contains partial class of Unity.Object, exactly 1 of the partial classes needs to be in a file with the same filename. This is to know the one that can be referenced from ie. GameObjects
'Assets/Photon/Quantum/Runtime/QuantumUnityRuntime.cs' contains partial class of Unity.Object, exactly 1 of the partial classes needs to be in a file with the same filename. This is to know the one that can be referenced from ie. GameObjects
'Assets/Photon/Quantum/Runtime/QuantumUnityRuntime.cs' contains partial class of Unity.Object, exactly 1 of the partial classes needs to be in a file with the same filename. This is to know the one that can be referenced from ie. GameObjects
'Assets/Photon/Quantum/Runtime/QuantumUnityRuntime.cs' contains partial class of Unity.Object, exactly 1 of the partial classes needs to be in a file with the same filename. This is to know the one that can be referenced from ie. GameObjects
'Assets/Photon/Quantum/Runtime/QuantumUnityRuntime.cs' contains partial class of Unity.Object, exactly 1 of the partial classes needs to be in a file with the same filename. This is to know the one that can be referenced from ie. GameObjects
'Assets/Photon/Quantum/Runtime/QuantumUnityRuntime.cs' contains partial class of Unity.Object, exactly 1 of the partial classes needs to be in a file with the same filename. This is to know the one that can be referenced from ie. GameObjects
Native extension for Android target not found
Native extension for OSXStandalone target not found
[Package Manager] Failed to launch server process. Reason: Unity was launched with the -noUpm command-line argument
[Package Manager] Unable to send message (not connected to server process).
[Package Manager] Cannot connect to Unity Package Manager local server
ScheduleIndexationOnStartup MainProcess:False IndexOnStartup:True
Mono: successfully reloaded assembly
- Finished resetting the current domain, in  0.560 seconds
Domain Reload Profiling: 915ms
	BeginReloadAssembly (82ms)
		DisableScriptedObjects (3ms)
		CreateAndSetChildDomain (22ms)
	RebuildCommonClasses (23ms)
	RebuildNativeTypeToScriptingClass (10ms)
	initialDomainReloadingComplete (36ms)
	LoadAllAssembliesAndSetupDomain (204ms)
		LoadAssemblies (120ms)
		AnalyzeDomain (107ms)
			TypeCache.Refresh (7ms)
			BuildScriptInfoCaches (94ms)
			ResolveRequiredComponents (5ms)
	FinalizeReload (561ms)
		SetupLoadedEditorAssemblies (0ms)
			InitializePlatformSupportModulesInManaged (5ms)
			BeforeProcessingInitializeOnLoad (92ms)
			ProcessInitializeOnLoadAttributes (315ms)
			ProcessInitializeOnLoadMethodAttributes (41ms)
Unloading 5 Unused Serialized files (Serialized files now loaded: 0)
Unloading 3683 unused Assets / (1.1 MB). Loaded Objects now: 4289.
Memory consumption went from 103.5 MB to 102.4 MB.
Total: 5.865958 ms (FindLiveObjects: 0.201750 ms CreateObjectMapping: 0.078375 ms MarkObjects: 4.908958 ms  DeleteObjects: 0.676291 ms)

Prepare: number of updated asset objects reloaded= 0
========================================================================
Received Prepare
Begin MonoManager ReloadAssembly
Thread 0x16b0c7000 may have been prematurely finalized
Assembly Assembly-CSharp-Editor-firstpass.dll at Library/ScriptAssemblies/Assembly-CSharp-Editor-firstpass.dll not valid. Loading of assembly skipped.
Assembly Assembly-CSharp-Editor.dll at Library/ScriptAssemblies/Assembly-CSharp-Editor.dll not valid. Loading of assembly skipped.
Assembly Assembly-CSharp-firstpass.dll at Library/ScriptAssemblies/Assembly-CSharp-firstpass.dll not valid. Loading of assembly skipped.
Assembly PhotonWebSocket.dll at Library/ScriptAssemblies/PhotonWebSocket.dll not valid. Loading of assembly skipped.
Assembly TestNewCustomAssembly.dll at Library/ScriptAssemblies/TestNewCustomAssembly.dll not valid. Loading of assembly skipped.
Assembly Unity.AI.Navigation.Editor.Tests.dll at Library/ScriptAssemblies/Unity.AI.Navigation.Editor.Tests.dll not valid. Loading of assembly skipped.
Assembly Unity.AI.Navigation.LegacyOffMeshLink.Tests.dll at Library/ScriptAssemblies/Unity.AI.Navigation.LegacyOffMeshLink.Tests.dll not valid. Loading of assembly skipped.
Assembly Unity.AI.Navigation.Tests.dll at Library/ScriptAssemblies/Unity.AI.Navigation.Tests.dll not valid. Loading of assembly skipped.
Assembly Unity.AI.Navigation.Tests.EditorInPlaymode.dll at Library/ScriptAssemblies/Unity.AI.Navigation.Tests.EditorInPlaymode.dll not valid. Loading of assembly skipped.
Assembly Unity.InputSystem.IntegrationTests.dll at Library/ScriptAssemblies/Unity.InputSystem.IntegrationTests.dll not valid. Loading of assembly skipped.
Assembly Unity.Performance.Profile-Analyzer.EditorTests.dll at Library/ScriptAssemblies/Unity.Performance.Profile-Analyzer.EditorTests.dll not valid. Loading of assembly skipped.
Assembly Unity.Settings.Tests.dll at Library/ScriptAssemblies/Unity.Settings.Tests.dll not valid. Loading of assembly skipped.
Assembly Unity.TestTools.CodeCoverage.Editor.Compatibility.dll at Library/ScriptAssemblies/Unity.TestTools.CodeCoverage.Editor.Compatibility.dll not valid. Loading of assembly skipped.
Assembly Unity.TextMeshPro.Editor.Tests.dll at Library/ScriptAssemblies/Unity.TextMeshPro.Editor.Tests.dll not valid. Loading of assembly skipped.
Assembly Unity.TextMeshPro.Tests.dll at Library/ScriptAssemblies/Unity.TextMeshPro.Tests.dll not valid. Loading of assembly skipped.
Assembly UnityEditor.UI.Common.Tests.dll at Library/ScriptAssemblies/UnityEditor.UI.Common.Tests.dll not valid. Loading of assembly skipped.
Assembly UnityEditor.UI.EditorTests.dll at Library/ScriptAssemblies/UnityEditor.UI.EditorTests.dll not valid. Loading of assembly skipped.
Assembly UnityEngine.UI.Tests.dll at Library/ScriptAssemblies/UnityEngine.UI.Tests.dll not valid. Loading of assembly skipped.
'Assets/Photon/Quantum/Runtime/QuantumUnityRuntime.cs' contains partial class of Unity.Object, exactly 1 of the partial classes needs to be in a file with the same filename. This is to know the one that can be referenced from ie. GameObjects
'Assets/Photon/Quantum/Runtime/QuantumUnityRuntime.cs' contains partial class of Unity.Object, exactly 1 of the partial classes needs to be in a file with the same filename. This is to know the one that can be referenced from ie. GameObjects
'Assets/Photon/Quantum/Runtime/QuantumUnityRuntime.cs' contains partial class of Unity.Object, exactly 1 of the partial classes needs to be in a file with the same filename. This is to know the one that can be referenced from ie. GameObjects
'Assets/Photon/Quantum/Runtime/QuantumUnityRuntime.cs' contains partial class of Unity.Object, exactly 1 of the partial classes needs to be in a file with the same filename. This is to know the one that can be referenced from ie. GameObjects
'Assets/Photon/Quantum/Runtime/QuantumUnityRuntime.cs' contains partial class of Unity.Object, exactly 1 of the partial classes needs to be in a file with the same filename. This is to know the one that can be referenced from ie. GameObjects
'Assets/Photon/Quantum/Runtime/QuantumUnityRuntime.cs' contains partial class of Unity.Object, exactly 1 of the partial classes needs to be in a file with the same filename. This is to know the one that can be referenced from ie. GameObjects
'Assets/Photon/Quantum/Runtime/QuantumUnityRuntime.cs' contains partial class of Unity.Object, exactly 1 of the partial classes needs to be in a file with the same filename. This is to know the one that can be referenced from ie. GameObjects
'Assets/Photon/Quantum/Runtime/QuantumUnityRuntime.cs' contains partial class of Unity.Object, exactly 1 of the partial classes needs to be in a file with the same filename. This is to know the one that can be referenced from ie. GameObjects
'Assets/Photon/Quantum/Runtime/QuantumUnityRuntime.cs' contains partial class of Unity.Object, exactly 1 of the partial classes needs to be in a file with the same filename. This is to know the one that can be referenced from ie. GameObjects
'Assets/Photon/Quantum/Runtime/QuantumUnityRuntime.cs' contains partial class of Unity.Object, exactly 1 of the partial classes needs to be in a file with the same filename. This is to know the one that can be referenced from ie. GameObjects
'Assets/Photon/Quantum/Runtime/QuantumUnityRuntime.cs' contains partial class of Unity.Object, exactly 1 of the partial classes needs to be in a file with the same filename. This is to know the one that can be referenced from ie. GameObjects
Native extension for Android target not found
Native extension for OSXStandalone target not found
[Package Manager] Failed to launch server process. Reason: Unity was launched with the -noUpm command-line argument
[Package Manager] Unable to send message (not connected to server process).
[Package Manager] Cannot connect to Unity Package Manager local server
ScheduleIndexationOnStartup MainProcess:False IndexOnStartup:True
Mono: successfully reloaded assembly
- Finished resetting the current domain, in  0.459 seconds
Domain Reload Profiling: 811ms
	BeginReloadAssembly (83ms)
		DisableScriptedObjects (3ms)
		CreateAndSetChildDomain (23ms)
	RebuildCommonClasses (24ms)
	RebuildNativeTypeToScriptingClass (10ms)
	initialDomainReloadingComplete (35ms)
	LoadAllAssembliesAndSetupDomain (200ms)
		LoadAssemblies (122ms)
		AnalyzeDomain (102ms)
			TypeCache.Refresh (5ms)
			BuildScriptInfoCaches (92ms)
			ResolveRequiredComponents (4ms)
	FinalizeReload (459ms)
		SetupLoadedEditorAssemblies (0ms)
			InitializePlatformSupportModulesInManaged (4ms)
			BeforeProcessingInitializeOnLoad (74ms)
			ProcessInitializeOnLoadAttributes (251ms)
			ProcessInitializeOnLoadMethodAttributes (37ms)
Unloading 5 Unused Serialized files (Serialized files now loaded: 0)
Unloading 3683 unused Assets / (1.0 MB). Loaded Objects now: 4289.
Memory consumption went from 103.5 MB to 102.5 MB.
Total: 5.679875 ms (FindLiveObjects: 0.203208 ms CreateObjectMapping: 0.076750 ms MarkObjects: 4.707083 ms  DeleteObjects: 0.692500 ms)

Prepare: number of updated asset objects reloaded= 0
========================================================================
Received Prepare
Begin MonoManager ReloadAssembly
[Licensing::Client] Successfully resolved entitlement details
Thread 0x16b0c7000 may have been prematurely finalized
Assembly Assembly-CSharp-Editor-firstpass.dll at Library/ScriptAssemblies/Assembly-CSharp-Editor-firstpass.dll not valid. Loading of assembly skipped.
Assembly Assembly-CSharp-Editor.dll at Library/ScriptAssemblies/Assembly-CSharp-Editor.dll not valid. Loading of assembly skipped.
Assembly Assembly-CSharp-firstpass.dll at Library/ScriptAssemblies/Assembly-CSharp-firstpass.dll not valid. Loading of assembly skipped.
Assembly PhotonWebSocket.dll at Library/ScriptAssemblies/PhotonWebSocket.dll not valid. Loading of assembly skipped.
Assembly TestNewCustomAssembly.dll at Library/ScriptAssemblies/TestNewCustomAssembly.dll not valid. Loading of assembly skipped.
Assembly Unity.AI.Navigation.Editor.Tests.dll at Library/ScriptAssemblies/Unity.AI.Navigation.Editor.Tests.dll not valid. Loading of assembly skipped.
Assembly Unity.AI.Navigation.LegacyOffMeshLink.Tests.dll at Library/ScriptAssemblies/Unity.AI.Navigation.LegacyOffMeshLink.Tests.dll not valid. Loading of assembly skipped.
Assembly Unity.AI.Navigation.Tests.dll at Library/ScriptAssemblies/Unity.AI.Navigation.Tests.dll not valid. Loading of assembly skipped.
Assembly Unity.AI.Navigation.Tests.EditorInPlaymode.dll at Library/ScriptAssemblies/Unity.AI.Navigation.Tests.EditorInPlaymode.dll not valid. Loading of assembly skipped.
Assembly Unity.InputSystem.IntegrationTests.dll at Library/ScriptAssemblies/Unity.InputSystem.IntegrationTests.dll not valid. Loading of assembly skipped.
Assembly Unity.Performance.Profile-Analyzer.EditorTests.dll at Library/ScriptAssemblies/Unity.Performance.Profile-Analyzer.EditorTests.dll not valid. Loading of assembly skipped.
Assembly Unity.Settings.Tests.dll at Library/ScriptAssemblies/Unity.Settings.Tests.dll not valid. Loading of assembly skipped.
Assembly Unity.TestTools.CodeCoverage.Editor.Compatibility.dll at Library/ScriptAssemblies/Unity.TestTools.CodeCoverage.Editor.Compatibility.dll not valid. Loading of assembly skipped.
Assembly Unity.TextMeshPro.Editor.Tests.dll at Library/ScriptAssemblies/Unity.TextMeshPro.Editor.Tests.dll not valid. Loading of assembly skipped.
Assembly Unity.TextMeshPro.Tests.dll at Library/ScriptAssemblies/Unity.TextMeshPro.Tests.dll not valid. Loading of assembly skipped.
Assembly UnityEditor.UI.Common.Tests.dll at Library/ScriptAssemblies/UnityEditor.UI.Common.Tests.dll not valid. Loading of assembly skipped.
Assembly UnityEditor.UI.EditorTests.dll at Library/ScriptAssemblies/UnityEditor.UI.EditorTests.dll not valid. Loading of assembly skipped.
Assembly UnityEngine.UI.Tests.dll at Library/ScriptAssemblies/UnityEngine.UI.Tests.dll not valid. Loading of assembly skipped.
'Assets/Photon/Quantum/Runtime/QuantumUnityRuntime.cs' contains partial class of Unity.Object, exactly 1 of the partial classes needs to be in a file with the same filename. This is to know the one that can be referenced from ie. GameObjects
'Assets/Photon/Quantum/Runtime/QuantumUnityRuntime.cs' contains partial class of Unity.Object, exactly 1 of the partial classes needs to be in a file with the same filename. This is to know the one that can be referenced from ie. GameObjects
'Assets/Photon/Quantum/Runtime/QuantumUnityRuntime.cs' contains partial class of Unity.Object, exactly 1 of the partial classes needs to be in a file with the same filename. This is to know the one that can be referenced from ie. GameObjects
'Assets/Photon/Quantum/Runtime/QuantumUnityRuntime.cs' contains partial class of Unity.Object, exactly 1 of the partial classes needs to be in a file with the same filename. This is to know the one that can be referenced from ie. GameObjects
'Assets/Photon/Quantum/Runtime/QuantumUnityRuntime.cs' contains partial class of Unity.Object, exactly 1 of the partial classes needs to be in a file with the same filename. This is to know the one that can be referenced from ie. GameObjects
'Assets/Photon/Quantum/Runtime/QuantumUnityRuntime.cs' contains partial class of Unity.Object, exactly 1 of the partial classes needs to be in a file with the same filename. This is to know the one that can be referenced from ie. GameObjects
'Assets/Photon/Quantum/Runtime/QuantumUnityRuntime.cs' contains partial class of Unity.Object, exactly 1 of the partial classes needs to be in a file with the same filename. This is to know the one that can be referenced from ie. GameObjects
'Assets/Photon/Quantum/Runtime/QuantumUnityRuntime.cs' contains partial class of Unity.Object, exactly 1 of the partial classes needs to be in a file with the same filename. This is to know the one that can be referenced from ie. GameObjects
'Assets/Photon/Quantum/Runtime/QuantumUnityRuntime.cs' contains partial class of Unity.Object, exactly 1 of the partial classes needs to be in a file with the same filename. This is to know the one that can be referenced from ie. GameObjects
'Assets/Photon/Quantum/Runtime/QuantumUnityRuntime.cs' contains partial class of Unity.Object, exactly 1 of the partial classes needs to be in a file with the same filename. This is to know the one that can be referenced from ie. GameObjects
'Assets/Photon/Quantum/Runtime/QuantumUnityRuntime.cs' contains partial class of Unity.Object, exactly 1 of the partial classes needs to be in a file with the same filename. This is to know the one that can be referenced from ie. GameObjects
Native extension for Android target not found
Native extension for OSXStandalone target not found
[Package Manager] Failed to launch server process. Reason: Unity was launched with the -noUpm command-line argument
[Package Manager] Unable to send message (not connected to server process).
[Package Manager] Cannot connect to Unity Package Manager local server
ScheduleIndexationOnStartup MainProcess:False IndexOnStartup:True
Mono: successfully reloaded assembly
- Finished resetting the current domain, in  0.491 seconds
Domain Reload Profiling: 899ms
	BeginReloadAssembly (101ms)
		DisableScriptedObjects (3ms)
		CreateAndSetChildDomain (32ms)
	RebuildCommonClasses (25ms)
	RebuildNativeTypeToScriptingClass (10ms)
	initialDomainReloadingComplete (41ms)
	LoadAllAssembliesAndSetupDomain (230ms)
		LoadAssemblies (139ms)
		AnalyzeDomain (121ms)
			TypeCache.Refresh (15ms)
				TypeCache.ScanAssembly (8ms)
			BuildScriptInfoCaches (100ms)
			ResolveRequiredComponents (5ms)
	FinalizeReload (491ms)
		SetupLoadedEditorAssemblies (0ms)
			InitializePlatformSupportModulesInManaged (4ms)
			BeforeProcessingInitializeOnLoad (82ms)
			ProcessInitializeOnLoadAttributes (271ms)
			ProcessInitializeOnLoadMethodAttributes (35ms)
Unloading 5 Unused Serialized files (Serialized files now loaded: 0)
Unloading 3683 unused Assets / (0.8 MB). Loaded Objects now: 4289.
Memory consumption went from 103.5 MB to 102.7 MB.
Total: 5.482375 ms (FindLiveObjects: 0.207250 ms CreateObjectMapping: 0.080167 ms MarkObjects: 4.635125 ms  DeleteObjects: 0.559417 ms)

Prepare: number of updated asset objects reloaded= 0
========================================================================
Received Prepare
Begin MonoManager ReloadAssembly
Thread 0x16b0c7000 may have been prematurely finalized
Assembly Assembly-CSharp-Editor-firstpass.dll at Library/ScriptAssemblies/Assembly-CSharp-Editor-firstpass.dll not valid. Loading of assembly skipped.
Assembly Assembly-CSharp-Editor.dll at Library/ScriptAssemblies/Assembly-CSharp-Editor.dll not valid. Loading of assembly skipped.
Assembly Assembly-CSharp-firstpass.dll at Library/ScriptAssemblies/Assembly-CSharp-firstpass.dll not valid. Loading of assembly skipped.
Assembly PhotonWebSocket.dll at Library/ScriptAssemblies/PhotonWebSocket.dll not valid. Loading of assembly skipped.
Assembly TestNewCustomAssembly.dll at Library/ScriptAssemblies/TestNewCustomAssembly.dll not valid. Loading of assembly skipped.
Assembly Unity.AI.Navigation.Editor.Tests.dll at Library/ScriptAssemblies/Unity.AI.Navigation.Editor.Tests.dll not valid. Loading of assembly skipped.
Assembly Unity.AI.Navigation.LegacyOffMeshLink.Tests.dll at Library/ScriptAssemblies/Unity.AI.Navigation.LegacyOffMeshLink.Tests.dll not valid. Loading of assembly skipped.
Assembly Unity.AI.Navigation.Tests.dll at Library/ScriptAssemblies/Unity.AI.Navigation.Tests.dll not valid. Loading of assembly skipped.
Assembly Unity.AI.Navigation.Tests.EditorInPlaymode.dll at Library/ScriptAssemblies/Unity.AI.Navigation.Tests.EditorInPlaymode.dll not valid. Loading of assembly skipped.
Assembly Unity.InputSystem.IntegrationTests.dll at Library/ScriptAssemblies/Unity.InputSystem.IntegrationTests.dll not valid. Loading of assembly skipped.
Assembly Unity.Performance.Profile-Analyzer.EditorTests.dll at Library/ScriptAssemblies/Unity.Performance.Profile-Analyzer.EditorTests.dll not valid. Loading of assembly skipped.
Assembly Unity.Settings.Tests.dll at Library/ScriptAssemblies/Unity.Settings.Tests.dll not valid. Loading of assembly skipped.
Assembly Unity.TestTools.CodeCoverage.Editor.Compatibility.dll at Library/ScriptAssemblies/Unity.TestTools.CodeCoverage.Editor.Compatibility.dll not valid. Loading of assembly skipped.
Assembly Unity.TextMeshPro.Editor.Tests.dll at Library/ScriptAssemblies/Unity.TextMeshPro.Editor.Tests.dll not valid. Loading of assembly skipped.
Assembly Unity.TextMeshPro.Tests.dll at Library/ScriptAssemblies/Unity.TextMeshPro.Tests.dll not valid. Loading of assembly skipped.
Assembly UnityEditor.UI.Common.Tests.dll at Library/ScriptAssemblies/UnityEditor.UI.Common.Tests.dll not valid. Loading of assembly skipped.
Assembly UnityEditor.UI.EditorTests.dll at Library/ScriptAssemblies/UnityEditor.UI.EditorTests.dll not valid. Loading of assembly skipped.
Assembly UnityEngine.UI.Tests.dll at Library/ScriptAssemblies/UnityEngine.UI.Tests.dll not valid. Loading of assembly skipped.
'Assets/Photon/Quantum/Runtime/QuantumUnityRuntime.cs' contains partial class of Unity.Object, exactly 1 of the partial classes needs to be in a file with the same filename. This is to know the one that can be referenced from ie. GameObjects
'Assets/Photon/Quantum/Runtime/QuantumUnityRuntime.cs' contains partial class of Unity.Object, exactly 1 of the partial classes needs to be in a file with the same filename. This is to know the one that can be referenced from ie. GameObjects
'Assets/Photon/Quantum/Runtime/QuantumUnityRuntime.cs' contains partial class of Unity.Object, exactly 1 of the partial classes needs to be in a file with the same filename. This is to know the one that can be referenced from ie. GameObjects
'Assets/Photon/Quantum/Runtime/QuantumUnityRuntime.cs' contains partial class of Unity.Object, exactly 1 of the partial classes needs to be in a file with the same filename. This is to know the one that can be referenced from ie. GameObjects
'Assets/Photon/Quantum/Runtime/QuantumUnityRuntime.cs' contains partial class of Unity.Object, exactly 1 of the partial classes needs to be in a file with the same filename. This is to know the one that can be referenced from ie. GameObjects
'Assets/Photon/Quantum/Runtime/QuantumUnityRuntime.cs' contains partial class of Unity.Object, exactly 1 of the partial classes needs to be in a file with the same filename. This is to know the one that can be referenced from ie. GameObjects
'Assets/Photon/Quantum/Runtime/QuantumUnityRuntime.cs' contains partial class of Unity.Object, exactly 1 of the partial classes needs to be in a file with the same filename. This is to know the one that can be referenced from ie. GameObjects
'Assets/Photon/Quantum/Runtime/QuantumUnityRuntime.cs' contains partial class of Unity.Object, exactly 1 of the partial classes needs to be in a file with the same filename. This is to know the one that can be referenced from ie. GameObjects
'Assets/Photon/Quantum/Runtime/QuantumUnityRuntime.cs' contains partial class of Unity.Object, exactly 1 of the partial classes needs to be in a file with the same filename. This is to know the one that can be referenced from ie. GameObjects
'Assets/Photon/Quantum/Runtime/QuantumUnityRuntime.cs' contains partial class of Unity.Object, exactly 1 of the partial classes needs to be in a file with the same filename. This is to know the one that can be referenced from ie. GameObjects
'Assets/Photon/Quantum/Runtime/QuantumUnityRuntime.cs' contains partial class of Unity.Object, exactly 1 of the partial classes needs to be in a file with the same filename. This is to know the one that can be referenced from ie. GameObjects
Native extension for Android target not found
Native extension for OSXStandalone target not found
[Package Manager] Failed to launch server process. Reason: Unity was launched with the -noUpm command-line argument
[Package Manager] Unable to send message (not connected to server process).
[Package Manager] Cannot connect to Unity Package Manager local server
ScheduleIndexationOnStartup MainProcess:False IndexOnStartup:True
Mono: successfully reloaded assembly
- Finished resetting the current domain, in  0.491 seconds
Domain Reload Profiling: 830ms
	BeginReloadAssembly (78ms)
		DisableScriptedObjects (3ms)
		CreateAndSetChildDomain (21ms)
	RebuildCommonClasses (22ms)
	RebuildNativeTypeToScriptingClass (9ms)
	initialDomainReloadingComplete (35ms)
	LoadAllAssembliesAndSetupDomain (194ms)
		LoadAssemblies (118ms)
		AnalyzeDomain (98ms)
			TypeCache.Refresh (5ms)
			BuildScriptInfoCaches (88ms)
			ResolveRequiredComponents (4ms)
	FinalizeReload (491ms)
		SetupLoadedEditorAssemblies (0ms)
			InitializePlatformSupportModulesInManaged (4ms)
			BeforeProcessingInitializeOnLoad (76ms)
			ProcessInitializeOnLoadAttributes (271ms)
			ProcessInitializeOnLoadMethodAttributes (41ms)
Unloading 5 Unused Serialized files (Serialized files now loaded: 0)
Unloading 3683 unused Assets / (0.7 MB). Loaded Objects now: 4289.
Memory consumption went from 103.5 MB to 102.8 MB.
Total: 6.087792 ms (FindLiveObjects: 0.237125 ms CreateObjectMapping: 0.079459 ms MarkObjects: 4.988959 ms  DeleteObjects: 0.782000 ms)

Prepare: number of updated asset objects reloaded= 0
========================================================================
Received Prepare
'Assets/Photon/Quantum/Runtime/QuantumUnityRuntime.cs' contains partial class of Unity.Object, exactly 1 of the partial classes needs to be in a file with the same filename. This is to know the one that can be referenced from ie. GameObjects
'Assets/Photon/Quantum/Runtime/QuantumUnityRuntime.cs' contains partial class of Unity.Object, exactly 1 of the partial classes needs to be in a file with the same filename. This is to know the one that can be referenced from ie. GameObjects
'Assets/Photon/Quantum/Runtime/QuantumUnityRuntime.cs' contains partial class of Unity.Object, exactly 1 of the partial classes needs to be in a file with the same filename. This is to know the one that can be referenced from ie. GameObjects
'Assets/Photon/Quantum/Runtime/QuantumUnityRuntime.cs' contains partial class of Unity.Object, exactly 1 of the partial classes needs to be in a file with the same filename. This is to know the one that can be referenced from ie. GameObjects
'Assets/Photon/Quantum/Runtime/QuantumUnityRuntime.cs' contains partial class of Unity.Object, exactly 1 of the partial classes needs to be in a file with the same filename. This is to know the one that can be referenced from ie. GameObjects
'Assets/Photon/Quantum/Runtime/QuantumUnityRuntime.cs' contains partial class of Unity.Object, exactly 1 of the partial classes needs to be in a file with the same filename. This is to know the one that can be referenced from ie. GameObjects
'Assets/Photon/Quantum/Runtime/QuantumUnityRuntime.cs' contains partial class of Unity.Object, exactly 1 of the partial classes needs to be in a file with the same filename. This is to know the one that can be referenced from ie. GameObjects
'Assets/Photon/Quantum/Runtime/QuantumUnityRuntime.cs' contains partial class of Unity.Object, exactly 1 of the partial classes needs to be in a file with the same filename. This is to know the one that can be referenced from ie. GameObjects
'Assets/Photon/Quantum/Runtime/QuantumUnityRuntime.cs' contains partial class of Unity.Object, exactly 1 of the partial classes needs to be in a file with the same filename. This is to know the one that can be referenced from ie. GameObjects
'Assets/Photon/Quantum/Runtime/QuantumUnityRuntime.cs' contains partial class of Unity.Object, exactly 1 of the partial classes needs to be in a file with the same filename. This is to know the one that can be referenced from ie. GameObjects
'Assets/Photon/Quantum/Runtime/QuantumUnityRuntime.cs' contains partial class of Unity.Object, exactly 1 of the partial classes needs to be in a file with the same filename. This is to know the one that can be referenced from ie. GameObjects
Unloading 5 Unused Serialized files (Serialized files now loaded: 0)
Unloading 3675 unused Assets / (1.0 MB). Loaded Objects now: 4289.
Memory consumption went from 91.8 MB to 90.8 MB.
Total: 5.872500 ms (FindLiveObjects: 0.188333 ms CreateObjectMapping: 0.076792 ms MarkObjects: 4.950958 ms  DeleteObjects: 0.656041 ms)

Prepare: number of updated asset objects reloaded= 0
========================================================================
Received Prepare
Begin MonoManager ReloadAssembly
[Licensing::Client] Successfully resolved entitlement details
Thread 0x16b0c7000 may have been prematurely finalized
Assembly Assembly-CSharp-Editor-firstpass.dll at Library/ScriptAssemblies/Assembly-CSharp-Editor-firstpass.dll not valid. Loading of assembly skipped.
Assembly Assembly-CSharp-Editor.dll at Library/ScriptAssemblies/Assembly-CSharp-Editor.dll not valid. Loading of assembly skipped.
Assembly Assembly-CSharp-firstpass.dll at Library/ScriptAssemblies/Assembly-CSharp-firstpass.dll not valid. Loading of assembly skipped.
Assembly PhotonWebSocket.dll at Library/ScriptAssemblies/PhotonWebSocket.dll not valid. Loading of assembly skipped.
Assembly TestNewCustomAssembly.dll at Library/ScriptAssemblies/TestNewCustomAssembly.dll not valid. Loading of assembly skipped.
Assembly Unity.AI.Navigation.Editor.Tests.dll at Library/ScriptAssemblies/Unity.AI.Navigation.Editor.Tests.dll not valid. Loading of assembly skipped.
Assembly Unity.AI.Navigation.LegacyOffMeshLink.Tests.dll at Library/ScriptAssemblies/Unity.AI.Navigation.LegacyOffMeshLink.Tests.dll not valid. Loading of assembly skipped.
Assembly Unity.AI.Navigation.Tests.dll at Library/ScriptAssemblies/Unity.AI.Navigation.Tests.dll not valid. Loading of assembly skipped.
Assembly Unity.AI.Navigation.Tests.EditorInPlaymode.dll at Library/ScriptAssemblies/Unity.AI.Navigation.Tests.EditorInPlaymode.dll not valid. Loading of assembly skipped.
Assembly Unity.InputSystem.IntegrationTests.dll at Library/ScriptAssemblies/Unity.InputSystem.IntegrationTests.dll not valid. Loading of assembly skipped.
Assembly Unity.Performance.Profile-Analyzer.EditorTests.dll at Library/ScriptAssemblies/Unity.Performance.Profile-Analyzer.EditorTests.dll not valid. Loading of assembly skipped.
Assembly Unity.Settings.Tests.dll at Library/ScriptAssemblies/Unity.Settings.Tests.dll not valid. Loading of assembly skipped.
Assembly Unity.TestTools.CodeCoverage.Editor.Compatibility.dll at Library/ScriptAssemblies/Unity.TestTools.CodeCoverage.Editor.Compatibility.dll not valid. Loading of assembly skipped.
Assembly Unity.TextMeshPro.Editor.Tests.dll at Library/ScriptAssemblies/Unity.TextMeshPro.Editor.Tests.dll not valid. Loading of assembly skipped.
Assembly Unity.TextMeshPro.Tests.dll at Library/ScriptAssemblies/Unity.TextMeshPro.Tests.dll not valid. Loading of assembly skipped.
Assembly UnityEditor.UI.Common.Tests.dll at Library/ScriptAssemblies/UnityEditor.UI.Common.Tests.dll not valid. Loading of assembly skipped.
Assembly UnityEditor.UI.EditorTests.dll at Library/ScriptAssemblies/UnityEditor.UI.EditorTests.dll not valid. Loading of assembly skipped.
Assembly UnityEngine.UI.Tests.dll at Library/ScriptAssemblies/UnityEngine.UI.Tests.dll not valid. Loading of assembly skipped.
'Assets/Photon/Quantum/Runtime/QuantumUnityRuntime.cs' contains partial class of Unity.Object, exactly 1 of the partial classes needs to be in a file with the same filename. This is to know the one that can be referenced from ie. GameObjects
'Assets/Photon/Quantum/Runtime/QuantumUnityRuntime.cs' contains partial class of Unity.Object, exactly 1 of the partial classes needs to be in a file with the same filename. This is to know the one that can be referenced from ie. GameObjects
'Assets/Photon/Quantum/Runtime/QuantumUnityRuntime.cs' contains partial class of Unity.Object, exactly 1 of the partial classes needs to be in a file with the same filename. This is to know the one that can be referenced from ie. GameObjects
'Assets/Photon/Quantum/Runtime/QuantumUnityRuntime.cs' contains partial class of Unity.Object, exactly 1 of the partial classes needs to be in a file with the same filename. This is to know the one that can be referenced from ie. GameObjects
'Assets/Photon/Quantum/Runtime/QuantumUnityRuntime.cs' contains partial class of Unity.Object, exactly 1 of the partial classes needs to be in a file with the same filename. This is to know the one that can be referenced from ie. GameObjects
'Assets/Photon/Quantum/Runtime/QuantumUnityRuntime.cs' contains partial class of Unity.Object, exactly 1 of the partial classes needs to be in a file with the same filename. This is to know the one that can be referenced from ie. GameObjects
'Assets/Photon/Quantum/Runtime/QuantumUnityRuntime.cs' contains partial class of Unity.Object, exactly 1 of the partial classes needs to be in a file with the same filename. This is to know the one that can be referenced from ie. GameObjects
'Assets/Photon/Quantum/Runtime/QuantumUnityRuntime.cs' contains partial class of Unity.Object, exactly 1 of the partial classes needs to be in a file with the same filename. This is to know the one that can be referenced from ie. GameObjects
'Assets/Photon/Quantum/Runtime/QuantumUnityRuntime.cs' contains partial class of Unity.Object, exactly 1 of the partial classes needs to be in a file with the same filename. This is to know the one that can be referenced from ie. GameObjects
'Assets/Photon/Quantum/Runtime/QuantumUnityRuntime.cs' contains partial class of Unity.Object, exactly 1 of the partial classes needs to be in a file with the same filename. This is to know the one that can be referenced from ie. GameObjects
'Assets/Photon/Quantum/Runtime/QuantumUnityRuntime.cs' contains partial class of Unity.Object, exactly 1 of the partial classes needs to be in a file with the same filename. This is to know the one that can be referenced from ie. GameObjects
Native extension for Android target not found
Native extension for OSXStandalone target not found
[Package Manager] Failed to launch server process. Reason: Unity was launched with the -noUpm command-line argument
[Package Manager] Unable to send message (not connected to server process).
[Package Manager] Cannot connect to Unity Package Manager local server
ScheduleIndexationOnStartup MainProcess:False IndexOnStartup:True
Mono: successfully reloaded assembly
- Finished resetting the current domain, in  0.489 seconds
Domain Reload Profiling: 842ms
	BeginReloadAssembly (81ms)
		DisableScriptedObjects (3ms)
		CreateAndSetChildDomain (22ms)
	RebuildCommonClasses (22ms)
	RebuildNativeTypeToScriptingClass (10ms)
	initialDomainReloadingComplete (36ms)
	LoadAllAssembliesAndSetupDomain (203ms)
		LoadAssemblies (121ms)
		AnalyzeDomain (106ms)
			TypeCache.Refresh (6ms)
			BuildScriptInfoCaches (94ms)
			ResolveRequiredComponents (4ms)
	FinalizeReload (490ms)
		SetupLoadedEditorAssemblies (0ms)
			InitializePlatformSupportModulesInManaged (4ms)
			BeforeProcessingInitializeOnLoad (79ms)
			ProcessInitializeOnLoadAttributes (275ms)
			ProcessInitializeOnLoadMethodAttributes (35ms)
Unloading 5 Unused Serialized files (Serialized files now loaded: 0)
Unloading 3683 unused Assets / (1.1 MB). Loaded Objects now: 4289.
Memory consumption went from 103.5 MB to 102.4 MB.
Total: 5.212625 ms (FindLiveObjects: 0.178625 ms CreateObjectMapping: 0.084708 ms MarkObjects: 4.438542 ms  DeleteObjects: 0.510209 ms)

Prepare: number of updated asset objects reloaded= 0
========================================================================
Received Prepare
Begin MonoManager ReloadAssembly
Thread 0x16b0c7000 may have been prematurely finalized
Assembly Assembly-CSharp-Editor-firstpass.dll at Library/ScriptAssemblies/Assembly-CSharp-Editor-firstpass.dll not valid. Loading of assembly skipped.
Assembly Assembly-CSharp-Editor.dll at Library/ScriptAssemblies/Assembly-CSharp-Editor.dll not valid. Loading of assembly skipped.
Assembly Assembly-CSharp-firstpass.dll at Library/ScriptAssemblies/Assembly-CSharp-firstpass.dll not valid. Loading of assembly skipped.
Assembly PhotonWebSocket.dll at Library/ScriptAssemblies/PhotonWebSocket.dll not valid. Loading of assembly skipped.
Assembly TestNewCustomAssembly.dll at Library/ScriptAssemblies/TestNewCustomAssembly.dll not valid. Loading of assembly skipped.
Assembly Unity.AI.Navigation.Editor.Tests.dll at Library/ScriptAssemblies/Unity.AI.Navigation.Editor.Tests.dll not valid. Loading of assembly skipped.
Assembly Unity.AI.Navigation.LegacyOffMeshLink.Tests.dll at Library/ScriptAssemblies/Unity.AI.Navigation.LegacyOffMeshLink.Tests.dll not valid. Loading of assembly skipped.
Assembly Unity.AI.Navigation.Tests.dll at Library/ScriptAssemblies/Unity.AI.Navigation.Tests.dll not valid. Loading of assembly skipped.
Assembly Unity.AI.Navigation.Tests.EditorInPlaymode.dll at Library/ScriptAssemblies/Unity.AI.Navigation.Tests.EditorInPlaymode.dll not valid. Loading of assembly skipped.
Assembly Unity.InputSystem.IntegrationTests.dll at Library/ScriptAssemblies/Unity.InputSystem.IntegrationTests.dll not valid. Loading of assembly skipped.
Assembly Unity.Performance.Profile-Analyzer.EditorTests.dll at Library/ScriptAssemblies/Unity.Performance.Profile-Analyzer.EditorTests.dll not valid. Loading of assembly skipped.
Assembly Unity.Settings.Tests.dll at Library/ScriptAssemblies/Unity.Settings.Tests.dll not valid. Loading of assembly skipped.
Assembly Unity.TestTools.CodeCoverage.Editor.Compatibility.dll at Library/ScriptAssemblies/Unity.TestTools.CodeCoverage.Editor.Compatibility.dll not valid. Loading of assembly skipped.
Assembly Unity.TextMeshPro.Editor.Tests.dll at Library/ScriptAssemblies/Unity.TextMeshPro.Editor.Tests.dll not valid. Loading of assembly skipped.
Assembly Unity.TextMeshPro.Tests.dll at Library/ScriptAssemblies/Unity.TextMeshPro.Tests.dll not valid. Loading of assembly skipped.
Assembly UnityEditor.UI.Common.Tests.dll at Library/ScriptAssemblies/UnityEditor.UI.Common.Tests.dll not valid. Loading of assembly skipped.
Assembly UnityEditor.UI.EditorTests.dll at Library/ScriptAssemblies/UnityEditor.UI.EditorTests.dll not valid. Loading of assembly skipped.
Assembly UnityEngine.UI.Tests.dll at Library/ScriptAssemblies/UnityEngine.UI.Tests.dll not valid. Loading of assembly skipped.
'Assets/Photon/Quantum/Runtime/QuantumUnityRuntime.cs' contains partial class of Unity.Object, exactly 1 of the partial classes needs to be in a file with the same filename. This is to know the one that can be referenced from ie. GameObjects
'Assets/Photon/Quantum/Runtime/QuantumUnityRuntime.cs' contains partial class of Unity.Object, exactly 1 of the partial classes needs to be in a file with the same filename. This is to know the one that can be referenced from ie. GameObjects
'Assets/Photon/Quantum/Runtime/QuantumUnityRuntime.cs' contains partial class of Unity.Object, exactly 1 of the partial classes needs to be in a file with the same filename. This is to know the one that can be referenced from ie. GameObjects
'Assets/Photon/Quantum/Runtime/QuantumUnityRuntime.cs' contains partial class of Unity.Object, exactly 1 of the partial classes needs to be in a file with the same filename. This is to know the one that can be referenced from ie. GameObjects
'Assets/Photon/Quantum/Runtime/QuantumUnityRuntime.cs' contains partial class of Unity.Object, exactly 1 of the partial classes needs to be in a file with the same filename. This is to know the one that can be referenced from ie. GameObjects
'Assets/Photon/Quantum/Runtime/QuantumUnityRuntime.cs' contains partial class of Unity.Object, exactly 1 of the partial classes needs to be in a file with the same filename. This is to know the one that can be referenced from ie. GameObjects
'Assets/Photon/Quantum/Runtime/QuantumUnityRuntime.cs' contains partial class of Unity.Object, exactly 1 of the partial classes needs to be in a file with the same filename. This is to know the one that can be referenced from ie. GameObjects
'Assets/Photon/Quantum/Runtime/QuantumUnityRuntime.cs' contains partial class of Unity.Object, exactly 1 of the partial classes needs to be in a file with the same filename. This is to know the one that can be referenced from ie. GameObjects
'Assets/Photon/Quantum/Runtime/QuantumUnityRuntime.cs' contains partial class of Unity.Object, exactly 1 of the partial classes needs to be in a file with the same filename. This is to know the one that can be referenced from ie. GameObjects
'Assets/Photon/Quantum/Runtime/QuantumUnityRuntime.cs' contains partial class of Unity.Object, exactly 1 of the partial classes needs to be in a file with the same filename. This is to know the one that can be referenced from ie. GameObjects
'Assets/Photon/Quantum/Runtime/QuantumUnityRuntime.cs' contains partial class of Unity.Object, exactly 1 of the partial classes needs to be in a file with the same filename. This is to know the one that can be referenced from ie. GameObjects
Native extension for Android target not found
Native extension for OSXStandalone target not found
[Package Manager] Failed to launch server process. Reason: Unity was launched with the -noUpm command-line argument
[Package Manager] Unable to send message (not connected to server process).
[Package Manager] Cannot connect to Unity Package Manager local server
ScheduleIndexationOnStartup MainProcess:False IndexOnStartup:True
Mono: successfully reloaded assembly
- Finished resetting the current domain, in  0.496 seconds
Domain Reload Profiling: 874ms
	BeginReloadAssembly (93ms)
		DisableScriptedObjects (3ms)
		CreateAndSetChildDomain (26ms)
	RebuildCommonClasses (26ms)
	RebuildNativeTypeToScriptingClass (10ms)
	initialDomainReloadingComplete (39ms)
	LoadAllAssembliesAndSetupDomain (210ms)
		LoadAssemblies (134ms)
		AnalyzeDomain (105ms)
			TypeCache.Refresh (5ms)
			BuildScriptInfoCaches (95ms)
			ResolveRequiredComponents (5ms)
	FinalizeReload (497ms)
		SetupLoadedEditorAssemblies (0ms)
			InitializePlatformSupportModulesInManaged (4ms)
			BeforeProcessingInitializeOnLoad (81ms)
			ProcessInitializeOnLoadAttributes (266ms)
			ProcessInitializeOnLoadMethodAttributes (42ms)
Unloading 5 Unused Serialized files (Serialized files now loaded: 0)
Unloading 3683 unused Assets / (0.7 MB). Loaded Objects now: 4289.
Memory consumption went from 103.5 MB to 102.8 MB.
Total: 5.979916 ms (FindLiveObjects: 0.258375 ms CreateObjectMapping: 0.084083 ms MarkObjects: 4.984833 ms  DeleteObjects: 0.652375 ms)

Prepare: number of updated asset objects reloaded= 0
========================================================================
Received Prepare
'Assets/Photon/Quantum/Runtime/QuantumUnityRuntime.cs' contains partial class of Unity.Object, exactly 1 of the partial classes needs to be in a file with the same filename. This is to know the one that can be referenced from ie. GameObjects
'Assets/Photon/Quantum/Runtime/QuantumUnityRuntime.cs' contains partial class of Unity.Object, exactly 1 of the partial classes needs to be in a file with the same filename. This is to know the one that can be referenced from ie. GameObjects
'Assets/Photon/Quantum/Runtime/QuantumUnityRuntime.cs' contains partial class of Unity.Object, exactly 1 of the partial classes needs to be in a file with the same filename. This is to know the one that can be referenced from ie. GameObjects
'Assets/Photon/Quantum/Runtime/QuantumUnityRuntime.cs' contains partial class of Unity.Object, exactly 1 of the partial classes needs to be in a file with the same filename. This is to know the one that can be referenced from ie. GameObjects
'Assets/Photon/Quantum/Runtime/QuantumUnityRuntime.cs' contains partial class of Unity.Object, exactly 1 of the partial classes needs to be in a file with the same filename. This is to know the one that can be referenced from ie. GameObjects
'Assets/Photon/Quantum/Runtime/QuantumUnityRuntime.cs' contains partial class of Unity.Object, exactly 1 of the partial classes needs to be in a file with the same filename. This is to know the one that can be referenced from ie. GameObjects
'Assets/Photon/Quantum/Runtime/QuantumUnityRuntime.cs' contains partial class of Unity.Object, exactly 1 of the partial classes needs to be in a file with the same filename. This is to know the one that can be referenced from ie. GameObjects
'Assets/Photon/Quantum/Runtime/QuantumUnityRuntime.cs' contains partial class of Unity.Object, exactly 1 of the partial classes needs to be in a file with the same filename. This is to know the one that can be referenced from ie. GameObjects
'Assets/Photon/Quantum/Runtime/QuantumUnityRuntime.cs' contains partial class of Unity.Object, exactly 1 of the partial classes needs to be in a file with the same filename. This is to know the one that can be referenced from ie. GameObjects
'Assets/Photon/Quantum/Runtime/QuantumUnityRuntime.cs' contains partial class of Unity.Object, exactly 1 of the partial classes needs to be in a file with the same filename. This is to know the one that can be referenced from ie. GameObjects
'Assets/Photon/Quantum/Runtime/QuantumUnityRuntime.cs' contains partial class of Unity.Object, exactly 1 of the partial classes needs to be in a file with the same filename. This is to know the one that can be referenced from ie. GameObjects
Unloading 5 Unused Serialized files (Serialized files now loaded: 0)
Unloading 3675 unused Assets / (1.1 MB). Loaded Objects now: 4289.
Memory consumption went from 91.8 MB to 90.8 MB.
Total: 5.330500 ms (FindLiveObjects: 0.199208 ms CreateObjectMapping: 0.071875 ms MarkObjects: 4.434750 ms  DeleteObjects: 0.624250 ms)

Prepare: number of updated asset objects reloaded= 0
========================================================================
Received Prepare
Begin MonoManager ReloadAssembly
[Licensing::Client] Successfully resolved entitlement details
Thread 0x16b0c7000 may have been prematurely finalized
Assembly Assembly-CSharp-Editor-firstpass.dll at Library/ScriptAssemblies/Assembly-CSharp-Editor-firstpass.dll not valid. Loading of assembly skipped.
Assembly Assembly-CSharp-Editor.dll at Library/ScriptAssemblies/Assembly-CSharp-Editor.dll not valid. Loading of assembly skipped.
Assembly Assembly-CSharp-firstpass.dll at Library/ScriptAssemblies/Assembly-CSharp-firstpass.dll not valid. Loading of assembly skipped.
Assembly PhotonWebSocket.dll at Library/ScriptAssemblies/PhotonWebSocket.dll not valid. Loading of assembly skipped.
Assembly TestNewCustomAssembly.dll at Library/ScriptAssemblies/TestNewCustomAssembly.dll not valid. Loading of assembly skipped.
Assembly Unity.AI.Navigation.Editor.Tests.dll at Library/ScriptAssemblies/Unity.AI.Navigation.Editor.Tests.dll not valid. Loading of assembly skipped.
Assembly Unity.AI.Navigation.LegacyOffMeshLink.Tests.dll at Library/ScriptAssemblies/Unity.AI.Navigation.LegacyOffMeshLink.Tests.dll not valid. Loading of assembly skipped.
Assembly Unity.AI.Navigation.Tests.dll at Library/ScriptAssemblies/Unity.AI.Navigation.Tests.dll not valid. Loading of assembly skipped.
Assembly Unity.AI.Navigation.Tests.EditorInPlaymode.dll at Library/ScriptAssemblies/Unity.AI.Navigation.Tests.EditorInPlaymode.dll not valid. Loading of assembly skipped.
Assembly Unity.InputSystem.IntegrationTests.dll at Library/ScriptAssemblies/Unity.InputSystem.IntegrationTests.dll not valid. Loading of assembly skipped.
Assembly Unity.Performance.Profile-Analyzer.EditorTests.dll at Library/ScriptAssemblies/Unity.Performance.Profile-Analyzer.EditorTests.dll not valid. Loading of assembly skipped.
Assembly Unity.Settings.Tests.dll at Library/ScriptAssemblies/Unity.Settings.Tests.dll not valid. Loading of assembly skipped.
Assembly Unity.TestTools.CodeCoverage.Editor.Compatibility.dll at Library/ScriptAssemblies/Unity.TestTools.CodeCoverage.Editor.Compatibility.dll not valid. Loading of assembly skipped.
Assembly Unity.TextMeshPro.Editor.Tests.dll at Library/ScriptAssemblies/Unity.TextMeshPro.Editor.Tests.dll not valid. Loading of assembly skipped.
Assembly Unity.TextMeshPro.Tests.dll at Library/ScriptAssemblies/Unity.TextMeshPro.Tests.dll not valid. Loading of assembly skipped.
Assembly UnityEditor.UI.Common.Tests.dll at Library/ScriptAssemblies/UnityEditor.UI.Common.Tests.dll not valid. Loading of assembly skipped.
Assembly UnityEditor.UI.EditorTests.dll at Library/ScriptAssemblies/UnityEditor.UI.EditorTests.dll not valid. Loading of assembly skipped.
Assembly UnityEngine.UI.Tests.dll at Library/ScriptAssemblies/UnityEngine.UI.Tests.dll not valid. Loading of assembly skipped.
'Assets/Photon/Quantum/Runtime/QuantumUnityRuntime.cs' contains partial class of Unity.Object, exactly 1 of the partial classes needs to be in a file with the same filename. This is to know the one that can be referenced from ie. GameObjects
'Assets/Photon/Quantum/Runtime/QuantumUnityRuntime.cs' contains partial class of Unity.Object, exactly 1 of the partial classes needs to be in a file with the same filename. This is to know the one that can be referenced from ie. GameObjects
'Assets/Photon/Quantum/Runtime/QuantumUnityRuntime.cs' contains partial class of Unity.Object, exactly 1 of the partial classes needs to be in a file with the same filename. This is to know the one that can be referenced from ie. GameObjects
'Assets/Photon/Quantum/Runtime/QuantumUnityRuntime.cs' contains partial class of Unity.Object, exactly 1 of the partial classes needs to be in a file with the same filename. This is to know the one that can be referenced from ie. GameObjects
'Assets/Photon/Quantum/Runtime/QuantumUnityRuntime.cs' contains partial class of Unity.Object, exactly 1 of the partial classes needs to be in a file with the same filename. This is to know the one that can be referenced from ie. GameObjects
'Assets/Photon/Quantum/Runtime/QuantumUnityRuntime.cs' contains partial class of Unity.Object, exactly 1 of the partial classes needs to be in a file with the same filename. This is to know the one that can be referenced from ie. GameObjects
'Assets/Photon/Quantum/Runtime/QuantumUnityRuntime.cs' contains partial class of Unity.Object, exactly 1 of the partial classes needs to be in a file with the same filename. This is to know the one that can be referenced from ie. GameObjects
'Assets/Photon/Quantum/Runtime/QuantumUnityRuntime.cs' contains partial class of Unity.Object, exactly 1 of the partial classes needs to be in a file with the same filename. This is to know the one that can be referenced from ie. GameObjects
'Assets/Photon/Quantum/Runtime/QuantumUnityRuntime.cs' contains partial class of Unity.Object, exactly 1 of the partial classes needs to be in a file with the same filename. This is to know the one that can be referenced from ie. GameObjects
'Assets/Photon/Quantum/Runtime/QuantumUnityRuntime.cs' contains partial class of Unity.Object, exactly 1 of the partial classes needs to be in a file with the same filename. This is to know the one that can be referenced from ie. GameObjects
'Assets/Photon/Quantum/Runtime/QuantumUnityRuntime.cs' contains partial class of Unity.Object, exactly 1 of the partial classes needs to be in a file with the same filename. This is to know the one that can be referenced from ie. GameObjects
Native extension for Android target not found
Native extension for OSXStandalone target not found
[Package Manager] Failed to launch server process. Reason: Unity was launched with the -noUpm command-line argument
[Package Manager] Unable to send message (not connected to server process).
[Package Manager] Cannot connect to Unity Package Manager local server
ScheduleIndexationOnStartup MainProcess:False IndexOnStartup:True
Mono: successfully reloaded assembly
- Finished resetting the current domain, in  0.500 seconds
Domain Reload Profiling: 870ms
	BeginReloadAssembly (90ms)
		DisableScriptedObjects (3ms)
		CreateAndSetChildDomain (25ms)
	RebuildCommonClasses (25ms)
	RebuildNativeTypeToScriptingClass (10ms)
	initialDomainReloadingComplete (38ms)
	LoadAllAssembliesAndSetupDomain (208ms)
		LoadAssemblies (129ms)
		AnalyzeDomain (107ms)
			TypeCache.Refresh (7ms)
			BuildScriptInfoCaches (95ms)
			ResolveRequiredComponents (5ms)
	FinalizeReload (500ms)
		SetupLoadedEditorAssemblies (0ms)
			InitializePlatformSupportModulesInManaged (5ms)
			BeforeProcessingInitializeOnLoad (85ms)
			ProcessInitializeOnLoadAttributes (269ms)
			ProcessInitializeOnLoadMethodAttributes (34ms)
Unloading 5 Unused Serialized files (Serialized files now loaded: 0)
Unloading 3683 unused Assets / (1.2 MB). Loaded Objects now: 4289.
Memory consumption went from 103.5 MB to 102.3 MB.
Total: 5.355167 ms (FindLiveObjects: 0.188791 ms CreateObjectMapping: 0.085375 ms MarkObjects: 4.539834 ms  DeleteObjects: 0.540625 ms)

Prepare: number of updated asset objects reloaded= 0
========================================================================
Received Prepare
Begin MonoManager ReloadAssembly
Thread 0x16b0c7000 may have been prematurely finalized
Assembly Assembly-CSharp-Editor-firstpass.dll at Library/ScriptAssemblies/Assembly-CSharp-Editor-firstpass.dll not valid. Loading of assembly skipped.
Assembly Assembly-CSharp-Editor.dll at Library/ScriptAssemblies/Assembly-CSharp-Editor.dll not valid. Loading of assembly skipped.
Assembly Assembly-CSharp-firstpass.dll at Library/ScriptAssemblies/Assembly-CSharp-firstpass.dll not valid. Loading of assembly skipped.
Assembly PhotonWebSocket.dll at Library/ScriptAssemblies/PhotonWebSocket.dll not valid. Loading of assembly skipped.
Assembly TestNewCustomAssembly.dll at Library/ScriptAssemblies/TestNewCustomAssembly.dll not valid. Loading of assembly skipped.
Assembly Unity.AI.Navigation.Editor.Tests.dll at Library/ScriptAssemblies/Unity.AI.Navigation.Editor.Tests.dll not valid. Loading of assembly skipped.
Assembly Unity.AI.Navigation.LegacyOffMeshLink.Tests.dll at Library/ScriptAssemblies/Unity.AI.Navigation.LegacyOffMeshLink.Tests.dll not valid. Loading of assembly skipped.
Assembly Unity.AI.Navigation.Tests.dll at Library/ScriptAssemblies/Unity.AI.Navigation.Tests.dll not valid. Loading of assembly skipped.
Assembly Unity.AI.Navigation.Tests.EditorInPlaymode.dll at Library/ScriptAssemblies/Unity.AI.Navigation.Tests.EditorInPlaymode.dll not valid. Loading of assembly skipped.
Assembly Unity.InputSystem.IntegrationTests.dll at Library/ScriptAssemblies/Unity.InputSystem.IntegrationTests.dll not valid. Loading of assembly skipped.
Assembly Unity.Performance.Profile-Analyzer.EditorTests.dll at Library/ScriptAssemblies/Unity.Performance.Profile-Analyzer.EditorTests.dll not valid. Loading of assembly skipped.
Assembly Unity.Settings.Tests.dll at Library/ScriptAssemblies/Unity.Settings.Tests.dll not valid. Loading of assembly skipped.
Assembly Unity.TestTools.CodeCoverage.Editor.Compatibility.dll at Library/ScriptAssemblies/Unity.TestTools.CodeCoverage.Editor.Compatibility.dll not valid. Loading of assembly skipped.
Assembly Unity.TextMeshPro.Editor.Tests.dll at Library/ScriptAssemblies/Unity.TextMeshPro.Editor.Tests.dll not valid. Loading of assembly skipped.
Assembly Unity.TextMeshPro.Tests.dll at Library/ScriptAssemblies/Unity.TextMeshPro.Tests.dll not valid. Loading of assembly skipped.
Assembly UnityEditor.UI.Common.Tests.dll at Library/ScriptAssemblies/UnityEditor.UI.Common.Tests.dll not valid. Loading of assembly skipped.
Assembly UnityEditor.UI.EditorTests.dll at Library/ScriptAssemblies/UnityEditor.UI.EditorTests.dll not valid. Loading of assembly skipped.
Assembly UnityEngine.UI.Tests.dll at Library/ScriptAssemblies/UnityEngine.UI.Tests.dll not valid. Loading of assembly skipped.
'Assets/Photon/Quantum/Runtime/QuantumUnityRuntime.cs' contains partial class of Unity.Object, exactly 1 of the partial classes needs to be in a file with the same filename. This is to know the one that can be referenced from ie. GameObjects
'Assets/Photon/Quantum/Runtime/QuantumUnityRuntime.cs' contains partial class of Unity.Object, exactly 1 of the partial classes needs to be in a file with the same filename. This is to know the one that can be referenced from ie. GameObjects
'Assets/Photon/Quantum/Runtime/QuantumUnityRuntime.cs' contains partial class of Unity.Object, exactly 1 of the partial classes needs to be in a file with the same filename. This is to know the one that can be referenced from ie. GameObjects
'Assets/Photon/Quantum/Runtime/QuantumUnityRuntime.cs' contains partial class of Unity.Object, exactly 1 of the partial classes needs to be in a file with the same filename. This is to know the one that can be referenced from ie. GameObjects
'Assets/Photon/Quantum/Runtime/QuantumUnityRuntime.cs' contains partial class of Unity.Object, exactly 1 of the partial classes needs to be in a file with the same filename. This is to know the one that can be referenced from ie. GameObjects
'Assets/Photon/Quantum/Runtime/QuantumUnityRuntime.cs' contains partial class of Unity.Object, exactly 1 of the partial classes needs to be in a file with the same filename. This is to know the one that can be referenced from ie. GameObjects
'Assets/Photon/Quantum/Runtime/QuantumUnityRuntime.cs' contains partial class of Unity.Object, exactly 1 of the partial classes needs to be in a file with the same filename. This is to know the one that can be referenced from ie. GameObjects
'Assets/Photon/Quantum/Runtime/QuantumUnityRuntime.cs' contains partial class of Unity.Object, exactly 1 of the partial classes needs to be in a file with the same filename. This is to know the one that can be referenced from ie. GameObjects
'Assets/Photon/Quantum/Runtime/QuantumUnityRuntime.cs' contains partial class of Unity.Object, exactly 1 of the partial classes needs to be in a file with the same filename. This is to know the one that can be referenced from ie. GameObjects
'Assets/Photon/Quantum/Runtime/QuantumUnityRuntime.cs' contains partial class of Unity.Object, exactly 1 of the partial classes needs to be in a file with the same filename. This is to know the one that can be referenced from ie. GameObjects
'Assets/Photon/Quantum/Runtime/QuantumUnityRuntime.cs' contains partial class of Unity.Object, exactly 1 of the partial classes needs to be in a file with the same filename. This is to know the one that can be referenced from ie. GameObjects
Native extension for Android target not found
Native extension for OSXStandalone target not found
[Package Manager] Failed to launch server process. Reason: Unity was launched with the -noUpm command-line argument
[Package Manager] Unable to send message (not connected to server process).
[Package Manager] Cannot connect to Unity Package Manager local server
ScheduleIndexationOnStartup MainProcess:False IndexOnStartup:True
Mono: successfully reloaded assembly
- Finished resetting the current domain, in  0.465 seconds
Domain Reload Profiling: 851ms
	BeginReloadAssembly (98ms)
		DisableScriptedObjects (3ms)
		CreateAndSetChildDomain (34ms)
	RebuildCommonClasses (25ms)
	RebuildNativeTypeToScriptingClass (10ms)
	initialDomainReloadingComplete (40ms)
	LoadAllAssembliesAndSetupDomain (212ms)
		LoadAssemblies (130ms)
		AnalyzeDomain (108ms)
			TypeCache.Refresh (5ms)
			BuildScriptInfoCaches (97ms)
			ResolveRequiredComponents (5ms)
	FinalizeReload (465ms)
		SetupLoadedEditorAssemblies (0ms)
			InitializePlatformSupportModulesInManaged (4ms)
			BeforeProcessingInitializeOnLoad (74ms)
			ProcessInitializeOnLoadAttributes (251ms)
			ProcessInitializeOnLoadMethodAttributes (39ms)
Unloading 5 Unused Serialized files (Serialized files now loaded: 0)
Unloading 3683 unused Assets / (0.9 MB). Loaded Objects now: 4289.
Memory consumption went from 103.5 MB to 102.6 MB.
Total: 5.599917 ms (FindLiveObjects: 0.197417 ms CreateObjectMapping: 0.071292 ms MarkObjects: 4.656250 ms  DeleteObjects: 0.674625 ms)

Prepare: number of updated asset objects reloaded= 0
========================================================================
Received Prepare
Begin MonoManager ReloadAssembly
[Licensing::Client] Successfully resolved entitlement details
Thread 0x16b0c7000 may have been prematurely finalized
Assembly Assembly-CSharp-Editor-firstpass.dll at Library/ScriptAssemblies/Assembly-CSharp-Editor-firstpass.dll not valid. Loading of assembly skipped.
Assembly Assembly-CSharp-Editor.dll at Library/ScriptAssemblies/Assembly-CSharp-Editor.dll not valid. Loading of assembly skipped.
Assembly Assembly-CSharp-firstpass.dll at Library/ScriptAssemblies/Assembly-CSharp-firstpass.dll not valid. Loading of assembly skipped.
Assembly PhotonWebSocket.dll at Library/ScriptAssemblies/PhotonWebSocket.dll not valid. Loading of assembly skipped.
Assembly TestNewCustomAssembly.dll at Library/ScriptAssemblies/TestNewCustomAssembly.dll not valid. Loading of assembly skipped.
Assembly Unity.AI.Navigation.Editor.Tests.dll at Library/ScriptAssemblies/Unity.AI.Navigation.Editor.Tests.dll not valid. Loading of assembly skipped.
Assembly Unity.AI.Navigation.LegacyOffMeshLink.Tests.dll at Library/ScriptAssemblies/Unity.AI.Navigation.LegacyOffMeshLink.Tests.dll not valid. Loading of assembly skipped.
Assembly Unity.AI.Navigation.Tests.dll at Library/ScriptAssemblies/Unity.AI.Navigation.Tests.dll not valid. Loading of assembly skipped.
Assembly Unity.AI.Navigation.Tests.EditorInPlaymode.dll at Library/ScriptAssemblies/Unity.AI.Navigation.Tests.EditorInPlaymode.dll not valid. Loading of assembly skipped.
Assembly Unity.InputSystem.IntegrationTests.dll at Library/ScriptAssemblies/Unity.InputSystem.IntegrationTests.dll not valid. Loading of assembly skipped.
Assembly Unity.Performance.Profile-Analyzer.EditorTests.dll at Library/ScriptAssemblies/Unity.Performance.Profile-Analyzer.EditorTests.dll not valid. Loading of assembly skipped.
Assembly Unity.Settings.Tests.dll at Library/ScriptAssemblies/Unity.Settings.Tests.dll not valid. Loading of assembly skipped.
Assembly Unity.TestTools.CodeCoverage.Editor.Compatibility.dll at Library/ScriptAssemblies/Unity.TestTools.CodeCoverage.Editor.Compatibility.dll not valid. Loading of assembly skipped.
Assembly Unity.TextMeshPro.Editor.Tests.dll at Library/ScriptAssemblies/Unity.TextMeshPro.Editor.Tests.dll not valid. Loading of assembly skipped.
Assembly Unity.TextMeshPro.Tests.dll at Library/ScriptAssemblies/Unity.TextMeshPro.Tests.dll not valid. Loading of assembly skipped.
Assembly UnityEditor.UI.Common.Tests.dll at Library/ScriptAssemblies/UnityEditor.UI.Common.Tests.dll not valid. Loading of assembly skipped.
Assembly UnityEditor.UI.EditorTests.dll at Library/ScriptAssemblies/UnityEditor.UI.EditorTests.dll not valid. Loading of assembly skipped.
Assembly UnityEngine.UI.Tests.dll at Library/ScriptAssemblies/UnityEngine.UI.Tests.dll not valid. Loading of assembly skipped.
'Assets/Photon/Quantum/Runtime/QuantumUnityRuntime.cs' contains partial class of Unity.Object, exactly 1 of the partial classes needs to be in a file with the same filename. This is to know the one that can be referenced from ie. GameObjects
'Assets/Photon/Quantum/Runtime/QuantumUnityRuntime.cs' contains partial class of Unity.Object, exactly 1 of the partial classes needs to be in a file with the same filename. This is to know the one that can be referenced from ie. GameObjects
'Assets/Photon/Quantum/Runtime/QuantumUnityRuntime.cs' contains partial class of Unity.Object, exactly 1 of the partial classes needs to be in a file with the same filename. This is to know the one that can be referenced from ie. GameObjects
'Assets/Photon/Quantum/Runtime/QuantumUnityRuntime.cs' contains partial class of Unity.Object, exactly 1 of the partial classes needs to be in a file with the same filename. This is to know the one that can be referenced from ie. GameObjects
'Assets/Photon/Quantum/Runtime/QuantumUnityRuntime.cs' contains partial class of Unity.Object, exactly 1 of the partial classes needs to be in a file with the same filename. This is to know the one that can be referenced from ie. GameObjects
'Assets/Photon/Quantum/Runtime/QuantumUnityRuntime.cs' contains partial class of Unity.Object, exactly 1 of the partial classes needs to be in a file with the same filename. This is to know the one that can be referenced from ie. GameObjects
'Assets/Photon/Quantum/Runtime/QuantumUnityRuntime.cs' contains partial class of Unity.Object, exactly 1 of the partial classes needs to be in a file with the same filename. This is to know the one that can be referenced from ie. GameObjects
'Assets/Photon/Quantum/Runtime/QuantumUnityRuntime.cs' contains partial class of Unity.Object, exactly 1 of the partial classes needs to be in a file with the same filename. This is to know the one that can be referenced from ie. GameObjects
'Assets/Photon/Quantum/Runtime/QuantumUnityRuntime.cs' contains partial class of Unity.Object, exactly 1 of the partial classes needs to be in a file with the same filename. This is to know the one that can be referenced from ie. GameObjects
'Assets/Photon/Quantum/Runtime/QuantumUnityRuntime.cs' contains partial class of Unity.Object, exactly 1 of the partial classes needs to be in a file with the same filename. This is to know the one that can be referenced from ie. GameObjects
'Assets/Photon/Quantum/Runtime/QuantumUnityRuntime.cs' contains partial class of Unity.Object, exactly 1 of the partial classes needs to be in a file with the same filename. This is to know the one that can be referenced from ie. GameObjects
Native extension for Android target not found
Native extension for OSXStandalone target not found
[Package Manager] Failed to launch server process. Reason: Unity was launched with the -noUpm command-line argument
[Package Manager] Unable to send message (not connected to server process).
[Package Manager] Cannot connect to Unity Package Manager local server
ScheduleIndexationOnStartup MainProcess:False IndexOnStartup:True
Mono: successfully reloaded assembly
- Finished resetting the current domain, in  0.525 seconds
Domain Reload Profiling: 904ms
	BeginReloadAssembly (88ms)
		DisableScriptedObjects (3ms)
		CreateAndSetChildDomain (24ms)
	RebuildCommonClasses (23ms)
	RebuildNativeTypeToScriptingClass (10ms)
	initialDomainReloadingComplete (38ms)
	LoadAllAssembliesAndSetupDomain (220ms)
		LoadAssemblies (133ms)
		AnalyzeDomain (114ms)
			TypeCache.Refresh (14ms)
				TypeCache.ScanAssembly (8ms)
			BuildScriptInfoCaches (94ms)
			ResolveRequiredComponents (4ms)
	FinalizeReload (525ms)
		SetupLoadedEditorAssemblies (0ms)
			InitializePlatformSupportModulesInManaged (5ms)
			BeforeProcessingInitializeOnLoad (87ms)
			ProcessInitializeOnLoadAttributes (284ms)
			ProcessInitializeOnLoadMethodAttributes (39ms)
Unloading 5 Unused Serialized files (Serialized files now loaded: 0)
Unloading 3684 unused Assets / (1.1 MB). Loaded Objects now: 4290.
Memory consumption went from 103.5 MB to 102.4 MB.
Total: 5.542084 ms (FindLiveObjects: 0.193542 ms CreateObjectMapping: 0.072167 ms MarkObjects: 4.744708 ms  DeleteObjects: 0.531292 ms)

Prepare: number of updated asset objects reloaded= 0
========================================================================
Received Prepare
Begin MonoManager ReloadAssembly
Thread 0x16b0c7000 may have been prematurely finalized
Assembly Assembly-CSharp-Editor-firstpass.dll at Library/ScriptAssemblies/Assembly-CSharp-Editor-firstpass.dll not valid. Loading of assembly skipped.
Assembly Assembly-CSharp-Editor.dll at Library/ScriptAssemblies/Assembly-CSharp-Editor.dll not valid. Loading of assembly skipped.
Assembly Assembly-CSharp-firstpass.dll at Library/ScriptAssemblies/Assembly-CSharp-firstpass.dll not valid. Loading of assembly skipped.
Assembly PhotonWebSocket.dll at Library/ScriptAssemblies/PhotonWebSocket.dll not valid. Loading of assembly skipped.
Assembly TestNewCustomAssembly.dll at Library/ScriptAssemblies/TestNewCustomAssembly.dll not valid. Loading of assembly skipped.
Assembly Unity.AI.Navigation.Editor.Tests.dll at Library/ScriptAssemblies/Unity.AI.Navigation.Editor.Tests.dll not valid. Loading of assembly skipped.
Assembly Unity.AI.Navigation.LegacyOffMeshLink.Tests.dll at Library/ScriptAssemblies/Unity.AI.Navigation.LegacyOffMeshLink.Tests.dll not valid. Loading of assembly skipped.
Assembly Unity.AI.Navigation.Tests.dll at Library/ScriptAssemblies/Unity.AI.Navigation.Tests.dll not valid. Loading of assembly skipped.
Assembly Unity.AI.Navigation.Tests.EditorInPlaymode.dll at Library/ScriptAssemblies/Unity.AI.Navigation.Tests.EditorInPlaymode.dll not valid. Loading of assembly skipped.
Assembly Unity.InputSystem.IntegrationTests.dll at Library/ScriptAssemblies/Unity.InputSystem.IntegrationTests.dll not valid. Loading of assembly skipped.
Assembly Unity.Performance.Profile-Analyzer.EditorTests.dll at Library/ScriptAssemblies/Unity.Performance.Profile-Analyzer.EditorTests.dll not valid. Loading of assembly skipped.
Assembly Unity.Settings.Tests.dll at Library/ScriptAssemblies/Unity.Settings.Tests.dll not valid. Loading of assembly skipped.
Assembly Unity.TestTools.CodeCoverage.Editor.Compatibility.dll at Library/ScriptAssemblies/Unity.TestTools.CodeCoverage.Editor.Compatibility.dll not valid. Loading of assembly skipped.
Assembly Unity.TextMeshPro.Editor.Tests.dll at Library/ScriptAssemblies/Unity.TextMeshPro.Editor.Tests.dll not valid. Loading of assembly skipped.
Assembly Unity.TextMeshPro.Tests.dll at Library/ScriptAssemblies/Unity.TextMeshPro.Tests.dll not valid. Loading of assembly skipped.
Assembly UnityEditor.UI.Common.Tests.dll at Library/ScriptAssemblies/UnityEditor.UI.Common.Tests.dll not valid. Loading of assembly skipped.
Assembly UnityEditor.UI.EditorTests.dll at Library/ScriptAssemblies/UnityEditor.UI.EditorTests.dll not valid. Loading of assembly skipped.
Assembly UnityEngine.UI.Tests.dll at Library/ScriptAssemblies/UnityEngine.UI.Tests.dll not valid. Loading of assembly skipped.
'Assets/Photon/Quantum/Runtime/QuantumUnityRuntime.cs' contains partial class of Unity.Object, exactly 1 of the partial classes needs to be in a file with the same filename. This is to know the one that can be referenced from ie. GameObjects
'Assets/Photon/Quantum/Runtime/QuantumUnityRuntime.cs' contains partial class of Unity.Object, exactly 1 of the partial classes needs to be in a file with the same filename. This is to know the one that can be referenced from ie. GameObjects
'Assets/Photon/Quantum/Runtime/QuantumUnityRuntime.cs' contains partial class of Unity.Object, exactly 1 of the partial classes needs to be in a file with the same filename. This is to know the one that can be referenced from ie. GameObjects
'Assets/Photon/Quantum/Runtime/QuantumUnityRuntime.cs' contains partial class of Unity.Object, exactly 1 of the partial classes needs to be in a file with the same filename. This is to know the one that can be referenced from ie. GameObjects
'Assets/Photon/Quantum/Runtime/QuantumUnityRuntime.cs' contains partial class of Unity.Object, exactly 1 of the partial classes needs to be in a file with the same filename. This is to know the one that can be referenced from ie. GameObjects
'Assets/Photon/Quantum/Runtime/QuantumUnityRuntime.cs' contains partial class of Unity.Object, exactly 1 of the partial classes needs to be in a file with the same filename. This is to know the one that can be referenced from ie. GameObjects
'Assets/Photon/Quantum/Runtime/QuantumUnityRuntime.cs' contains partial class of Unity.Object, exactly 1 of the partial classes needs to be in a file with the same filename. This is to know the one that can be referenced from ie. GameObjects
'Assets/Photon/Quantum/Runtime/QuantumUnityRuntime.cs' contains partial class of Unity.Object, exactly 1 of the partial classes needs to be in a file with the same filename. This is to know the one that can be referenced from ie. GameObjects
'Assets/Photon/Quantum/Runtime/QuantumUnityRuntime.cs' contains partial class of Unity.Object, exactly 1 of the partial classes needs to be in a file with the same filename. This is to know the one that can be referenced from ie. GameObjects
'Assets/Photon/Quantum/Runtime/QuantumUnityRuntime.cs' contains partial class of Unity.Object, exactly 1 of the partial classes needs to be in a file with the same filename. This is to know the one that can be referenced from ie. GameObjects
'Assets/Photon/Quantum/Runtime/QuantumUnityRuntime.cs' contains partial class of Unity.Object, exactly 1 of the partial classes needs to be in a file with the same filename. This is to know the one that can be referenced from ie. GameObjects
Native extension for Android target not found
Native extension for OSXStandalone target not found
[Package Manager] Failed to launch server process. Reason: Unity was launched with the -noUpm command-line argument
[Package Manager] Unable to send message (not connected to server process).
[Package Manager] Cannot connect to Unity Package Manager local server
ScheduleIndexationOnStartup MainProcess:False IndexOnStartup:True
Mono: successfully reloaded assembly
- Finished resetting the current domain, in  0.513 seconds
Domain Reload Profiling: 874ms
	BeginReloadAssembly (81ms)
		DisableScriptedObjects (3ms)
		CreateAndSetChildDomain (22ms)
	RebuildCommonClasses (23ms)
	RebuildNativeTypeToScriptingClass (10ms)
	initialDomainReloadingComplete (36ms)
	LoadAllAssembliesAndSetupDomain (211ms)
		LoadAssemblies (127ms)
		AnalyzeDomain (106ms)
			TypeCache.Refresh (5ms)
			BuildScriptInfoCaches (96ms)
			ResolveRequiredComponents (4ms)
	FinalizeReload (513ms)
		SetupLoadedEditorAssemblies (0ms)
			InitializePlatformSupportModulesInManaged (4ms)
			BeforeProcessingInitializeOnLoad (80ms)
			ProcessInitializeOnLoadAttributes (284ms)
			ProcessInitializeOnLoadMethodAttributes (40ms)
Unloading 5 Unused Serialized files (Serialized files now loaded: 0)
Unloading 3684 unused Assets / (0.9 MB). Loaded Objects now: 4290.
Memory consumption went from 103.5 MB to 102.6 MB.
Total: 5.939875 ms (FindLiveObjects: 0.211667 ms CreateObjectMapping: 0.080875 ms MarkObjects: 4.971541 ms  DeleteObjects: 0.675333 ms)

Prepare: number of updated asset objects reloaded= 0
========================================================================
Received Prepare
Begin MonoManager ReloadAssembly
[Licensing::Client] Successfully resolved entitlement details
Thread 0x16b0c7000 may have been prematurely finalized
Assembly Assembly-CSharp-Editor-firstpass.dll at Library/ScriptAssemblies/Assembly-CSharp-Editor-firstpass.dll not valid. Loading of assembly skipped.
Assembly Assembly-CSharp-Editor.dll at Library/ScriptAssemblies/Assembly-CSharp-Editor.dll not valid. Loading of assembly skipped.
Assembly Assembly-CSharp-firstpass.dll at Library/ScriptAssemblies/Assembly-CSharp-firstpass.dll not valid. Loading of assembly skipped.
Assembly PhotonWebSocket.dll at Library/ScriptAssemblies/PhotonWebSocket.dll not valid. Loading of assembly skipped.
Assembly TestNewCustomAssembly.dll at Library/ScriptAssemblies/TestNewCustomAssembly.dll not valid. Loading of assembly skipped.
Assembly Unity.AI.Navigation.Editor.Tests.dll at Library/ScriptAssemblies/Unity.AI.Navigation.Editor.Tests.dll not valid. Loading of assembly skipped.
Assembly Unity.AI.Navigation.LegacyOffMeshLink.Tests.dll at Library/ScriptAssemblies/Unity.AI.Navigation.LegacyOffMeshLink.Tests.dll not valid. Loading of assembly skipped.
Assembly Unity.AI.Navigation.Tests.dll at Library/ScriptAssemblies/Unity.AI.Navigation.Tests.dll not valid. Loading of assembly skipped.
Assembly Unity.AI.Navigation.Tests.EditorInPlaymode.dll at Library/ScriptAssemblies/Unity.AI.Navigation.Tests.EditorInPlaymode.dll not valid. Loading of assembly skipped.
Assembly Unity.InputSystem.IntegrationTests.dll at Library/ScriptAssemblies/Unity.InputSystem.IntegrationTests.dll not valid. Loading of assembly skipped.
Assembly Unity.Performance.Profile-Analyzer.EditorTests.dll at Library/ScriptAssemblies/Unity.Performance.Profile-Analyzer.EditorTests.dll not valid. Loading of assembly skipped.
Assembly Unity.Settings.Tests.dll at Library/ScriptAssemblies/Unity.Settings.Tests.dll not valid. Loading of assembly skipped.
Assembly Unity.TestTools.CodeCoverage.Editor.Compatibility.dll at Library/ScriptAssemblies/Unity.TestTools.CodeCoverage.Editor.Compatibility.dll not valid. Loading of assembly skipped.
Assembly Unity.TextMeshPro.Editor.Tests.dll at Library/ScriptAssemblies/Unity.TextMeshPro.Editor.Tests.dll not valid. Loading of assembly skipped.
Assembly Unity.TextMeshPro.Tests.dll at Library/ScriptAssemblies/Unity.TextMeshPro.Tests.dll not valid. Loading of assembly skipped.
Assembly UnityEditor.UI.Common.Tests.dll at Library/ScriptAssemblies/UnityEditor.UI.Common.Tests.dll not valid. Loading of assembly skipped.
Assembly UnityEditor.UI.EditorTests.dll at Library/ScriptAssemblies/UnityEditor.UI.EditorTests.dll not valid. Loading of assembly skipped.
Assembly UnityEngine.UI.Tests.dll at Library/ScriptAssemblies/UnityEngine.UI.Tests.dll not valid. Loading of assembly skipped.
'Assets/Photon/Quantum/Runtime/QuantumUnityRuntime.cs' contains partial class of Unity.Object, exactly 1 of the partial classes needs to be in a file with the same filename. This is to know the one that can be referenced from ie. GameObjects
'Assets/Photon/Quantum/Runtime/QuantumUnityRuntime.cs' contains partial class of Unity.Object, exactly 1 of the partial classes needs to be in a file with the same filename. This is to know the one that can be referenced from ie. GameObjects
'Assets/Photon/Quantum/Runtime/QuantumUnityRuntime.cs' contains partial class of Unity.Object, exactly 1 of the partial classes needs to be in a file with the same filename. This is to know the one that can be referenced from ie. GameObjects
'Assets/Photon/Quantum/Runtime/QuantumUnityRuntime.cs' contains partial class of Unity.Object, exactly 1 of the partial classes needs to be in a file with the same filename. This is to know the one that can be referenced from ie. GameObjects
'Assets/Photon/Quantum/Runtime/QuantumUnityRuntime.cs' contains partial class of Unity.Object, exactly 1 of the partial classes needs to be in a file with the same filename. This is to know the one that can be referenced from ie. GameObjects
'Assets/Photon/Quantum/Runtime/QuantumUnityRuntime.cs' contains partial class of Unity.Object, exactly 1 of the partial classes needs to be in a file with the same filename. This is to know the one that can be referenced from ie. GameObjects
'Assets/Photon/Quantum/Runtime/QuantumUnityRuntime.cs' contains partial class of Unity.Object, exactly 1 of the partial classes needs to be in a file with the same filename. This is to know the one that can be referenced from ie. GameObjects
'Assets/Photon/Quantum/Runtime/QuantumUnityRuntime.cs' contains partial class of Unity.Object, exactly 1 of the partial classes needs to be in a file with the same filename. This is to know the one that can be referenced from ie. GameObjects
'Assets/Photon/Quantum/Runtime/QuantumUnityRuntime.cs' contains partial class of Unity.Object, exactly 1 of the partial classes needs to be in a file with the same filename. This is to know the one that can be referenced from ie. GameObjects
'Assets/Photon/Quantum/Runtime/QuantumUnityRuntime.cs' contains partial class of Unity.Object, exactly 1 of the partial classes needs to be in a file with the same filename. This is to know the one that can be referenced from ie. GameObjects
'Assets/Photon/Quantum/Runtime/QuantumUnityRuntime.cs' contains partial class of Unity.Object, exactly 1 of the partial classes needs to be in a file with the same filename. This is to know the one that can be referenced from ie. GameObjects
Native extension for Android target not found
Native extension for OSXStandalone target not found
[Package Manager] Failed to launch server process. Reason: Unity was launched with the -noUpm command-line argument
[Package Manager] Unable to send message (not connected to server process).
[Package Manager] Cannot connect to Unity Package Manager local server
ScheduleIndexationOnStartup MainProcess:False IndexOnStartup:True
Mono: successfully reloaded assembly
- Finished resetting the current domain, in  0.492 seconds
Domain Reload Profiling: 854ms
	BeginReloadAssembly (84ms)
		DisableScriptedObjects (3ms)
		CreateAndSetChildDomain (23ms)
	RebuildCommonClasses (24ms)
	RebuildNativeTypeToScriptingClass (10ms)
	initialDomainReloadingComplete (40ms)
	LoadAllAssembliesAndSetupDomain (205ms)
		LoadAssemblies (126ms)
		AnalyzeDomain (102ms)
			TypeCache.Refresh (6ms)
			BuildScriptInfoCaches (91ms)
			ResolveRequiredComponents (4ms)
	FinalizeReload (492ms)
		SetupLoadedEditorAssemblies (0ms)
			InitializePlatformSupportModulesInManaged (4ms)
			BeforeProcessingInitializeOnLoad (84ms)
			ProcessInitializeOnLoadAttributes (270ms)
			ProcessInitializeOnLoadMethodAttributes (34ms)
Unloading 5 Unused Serialized files (Serialized files now loaded: 0)
Unloading 3684 unused Assets / (1.1 MB). Loaded Objects now: 4290.
Memory consumption went from 103.5 MB to 102.4 MB.
Total: 5.052375 ms (FindLiveObjects: 0.179250 ms CreateObjectMapping: 0.081375 ms MarkObjects: 4.264334 ms  DeleteObjects: 0.526875 ms)

Prepare: number of updated asset objects reloaded= 0
========================================================================
Received Prepare
Begin MonoManager ReloadAssembly
Thread 0x16b0c7000 may have been prematurely finalized
Assembly Assembly-CSharp-Editor-firstpass.dll at Library/ScriptAssemblies/Assembly-CSharp-Editor-firstpass.dll not valid. Loading of assembly skipped.
Assembly Assembly-CSharp-Editor.dll at Library/ScriptAssemblies/Assembly-CSharp-Editor.dll not valid. Loading of assembly skipped.
Assembly Assembly-CSharp-firstpass.dll at Library/ScriptAssemblies/Assembly-CSharp-firstpass.dll not valid. Loading of assembly skipped.
Assembly PhotonWebSocket.dll at Library/ScriptAssemblies/PhotonWebSocket.dll not valid. Loading of assembly skipped.
Assembly TestNewCustomAssembly.dll at Library/ScriptAssemblies/TestNewCustomAssembly.dll not valid. Loading of assembly skipped.
Assembly Unity.AI.Navigation.Editor.Tests.dll at Library/ScriptAssemblies/Unity.AI.Navigation.Editor.Tests.dll not valid. Loading of assembly skipped.
Assembly Unity.AI.Navigation.LegacyOffMeshLink.Tests.dll at Library/ScriptAssemblies/Unity.AI.Navigation.LegacyOffMeshLink.Tests.dll not valid. Loading of assembly skipped.
Assembly Unity.AI.Navigation.Tests.dll at Library/ScriptAssemblies/Unity.AI.Navigation.Tests.dll not valid. Loading of assembly skipped.
Assembly Unity.AI.Navigation.Tests.EditorInPlaymode.dll at Library/ScriptAssemblies/Unity.AI.Navigation.Tests.EditorInPlaymode.dll not valid. Loading of assembly skipped.
Assembly Unity.InputSystem.IntegrationTests.dll at Library/ScriptAssemblies/Unity.InputSystem.IntegrationTests.dll not valid. Loading of assembly skipped.
Assembly Unity.Performance.Profile-Analyzer.EditorTests.dll at Library/ScriptAssemblies/Unity.Performance.Profile-Analyzer.EditorTests.dll not valid. Loading of assembly skipped.
Assembly Unity.Settings.Tests.dll at Library/ScriptAssemblies/Unity.Settings.Tests.dll not valid. Loading of assembly skipped.
Assembly Unity.TestTools.CodeCoverage.Editor.Compatibility.dll at Library/ScriptAssemblies/Unity.TestTools.CodeCoverage.Editor.Compatibility.dll not valid. Loading of assembly skipped.
Assembly Unity.TextMeshPro.Editor.Tests.dll at Library/ScriptAssemblies/Unity.TextMeshPro.Editor.Tests.dll not valid. Loading of assembly skipped.
Assembly Unity.TextMeshPro.Tests.dll at Library/ScriptAssemblies/Unity.TextMeshPro.Tests.dll not valid. Loading of assembly skipped.
Assembly UnityEditor.UI.Common.Tests.dll at Library/ScriptAssemblies/UnityEditor.UI.Common.Tests.dll not valid. Loading of assembly skipped.
Assembly UnityEditor.UI.EditorTests.dll at Library/ScriptAssemblies/UnityEditor.UI.EditorTests.dll not valid. Loading of assembly skipped.
Assembly UnityEngine.UI.Tests.dll at Library/ScriptAssemblies/UnityEngine.UI.Tests.dll not valid. Loading of assembly skipped.
'Assets/Photon/Quantum/Runtime/QuantumUnityRuntime.cs' contains partial class of Unity.Object, exactly 1 of the partial classes needs to be in a file with the same filename. This is to know the one that can be referenced from ie. GameObjects
'Assets/Photon/Quantum/Runtime/QuantumUnityRuntime.cs' contains partial class of Unity.Object, exactly 1 of the partial classes needs to be in a file with the same filename. This is to know the one that can be referenced from ie. GameObjects
'Assets/Photon/Quantum/Runtime/QuantumUnityRuntime.cs' contains partial class of Unity.Object, exactly 1 of the partial classes needs to be in a file with the same filename. This is to know the one that can be referenced from ie. GameObjects
'Assets/Photon/Quantum/Runtime/QuantumUnityRuntime.cs' contains partial class of Unity.Object, exactly 1 of the partial classes needs to be in a file with the same filename. This is to know the one that can be referenced from ie. GameObjects
'Assets/Photon/Quantum/Runtime/QuantumUnityRuntime.cs' contains partial class of Unity.Object, exactly 1 of the partial classes needs to be in a file with the same filename. This is to know the one that can be referenced from ie. GameObjects
'Assets/Photon/Quantum/Runtime/QuantumUnityRuntime.cs' contains partial class of Unity.Object, exactly 1 of the partial classes needs to be in a file with the same filename. This is to know the one that can be referenced from ie. GameObjects
'Assets/Photon/Quantum/Runtime/QuantumUnityRuntime.cs' contains partial class of Unity.Object, exactly 1 of the partial classes needs to be in a file with the same filename. This is to know the one that can be referenced from ie. GameObjects
'Assets/Photon/Quantum/Runtime/QuantumUnityRuntime.cs' contains partial class of Unity.Object, exactly 1 of the partial classes needs to be in a file with the same filename. This is to know the one that can be referenced from ie. GameObjects
'Assets/Photon/Quantum/Runtime/QuantumUnityRuntime.cs' contains partial class of Unity.Object, exactly 1 of the partial classes needs to be in a file with the same filename. This is to know the one that can be referenced from ie. GameObjects
'Assets/Photon/Quantum/Runtime/QuantumUnityRuntime.cs' contains partial class of Unity.Object, exactly 1 of the partial classes needs to be in a file with the same filename. This is to know the one that can be referenced from ie. GameObjects
'Assets/Photon/Quantum/Runtime/QuantumUnityRuntime.cs' contains partial class of Unity.Object, exactly 1 of the partial classes needs to be in a file with the same filename. This is to know the one that can be referenced from ie. GameObjects
Native extension for Android target not found
Native extension for OSXStandalone target not found
[Package Manager] Failed to launch server process. Reason: Unity was launched with the -noUpm command-line argument
[Package Manager] Unable to send message (not connected to server process).
[Package Manager] Cannot connect to Unity Package Manager local server
ScheduleIndexationOnStartup MainProcess:False IndexOnStartup:True
Mono: successfully reloaded assembly
- Finished resetting the current domain, in  0.478 seconds
Domain Reload Profiling: 873ms
	BeginReloadAssembly (94ms)
		DisableScriptedObjects (3ms)
		CreateAndSetChildDomain (28ms)
	RebuildCommonClasses (26ms)
	RebuildNativeTypeToScriptingClass (11ms)
	initialDomainReloadingComplete (42ms)
	LoadAllAssembliesAndSetupDomain (222ms)
		LoadAssemblies (141ms)
		AnalyzeDomain (109ms)
			TypeCache.Refresh (5ms)
			BuildScriptInfoCaches (99ms)
			ResolveRequiredComponents (5ms)
	FinalizeReload (478ms)
		SetupLoadedEditorAssemblies (0ms)
			InitializePlatformSupportModulesInManaged (4ms)
			BeforeProcessingInitializeOnLoad (75ms)
			ProcessInitializeOnLoadAttributes (263ms)
			ProcessInitializeOnLoadMethodAttributes (40ms)
Unloading 5 Unused Serialized files (Serialized files now loaded: 0)
Unloading 3684 unused Assets / (0.6 MB). Loaded Objects now: 4290.
Memory consumption went from 103.5 MB to 102.9 MB.
Total: 6.060917 ms (FindLiveObjects: 0.228958 ms CreateObjectMapping: 0.084333 ms MarkObjects: 5.055000 ms  DeleteObjects: 0.692208 ms)

Prepare: number of updated asset objects reloaded= 0
========================================================================
Received Prepare
Begin MonoManager ReloadAssembly
[Licensing::Client] Successfully resolved entitlement details
Thread 0x16b0c7000 may have been prematurely finalized
Assembly Assembly-CSharp-Editor-firstpass.dll at Library/ScriptAssemblies/Assembly-CSharp-Editor-firstpass.dll not valid. Loading of assembly skipped.
Assembly Assembly-CSharp-Editor.dll at Library/ScriptAssemblies/Assembly-CSharp-Editor.dll not valid. Loading of assembly skipped.
Assembly Assembly-CSharp-firstpass.dll at Library/ScriptAssemblies/Assembly-CSharp-firstpass.dll not valid. Loading of assembly skipped.
Assembly PhotonWebSocket.dll at Library/ScriptAssemblies/PhotonWebSocket.dll not valid. Loading of assembly skipped.
Assembly TestNewCustomAssembly.dll at Library/ScriptAssemblies/TestNewCustomAssembly.dll not valid. Loading of assembly skipped.
Assembly Unity.AI.Navigation.Editor.Tests.dll at Library/ScriptAssemblies/Unity.AI.Navigation.Editor.Tests.dll not valid. Loading of assembly skipped.
Assembly Unity.AI.Navigation.LegacyOffMeshLink.Tests.dll at Library/ScriptAssemblies/Unity.AI.Navigation.LegacyOffMeshLink.Tests.dll not valid. Loading of assembly skipped.
Assembly Unity.AI.Navigation.Tests.dll at Library/ScriptAssemblies/Unity.AI.Navigation.Tests.dll not valid. Loading of assembly skipped.
Assembly Unity.AI.Navigation.Tests.EditorInPlaymode.dll at Library/ScriptAssemblies/Unity.AI.Navigation.Tests.EditorInPlaymode.dll not valid. Loading of assembly skipped.
Assembly Unity.InputSystem.IntegrationTests.dll at Library/ScriptAssemblies/Unity.InputSystem.IntegrationTests.dll not valid. Loading of assembly skipped.
Assembly Unity.Performance.Profile-Analyzer.EditorTests.dll at Library/ScriptAssemblies/Unity.Performance.Profile-Analyzer.EditorTests.dll not valid. Loading of assembly skipped.
Assembly Unity.Settings.Tests.dll at Library/ScriptAssemblies/Unity.Settings.Tests.dll not valid. Loading of assembly skipped.
Assembly Unity.TestTools.CodeCoverage.Editor.Compatibility.dll at Library/ScriptAssemblies/Unity.TestTools.CodeCoverage.Editor.Compatibility.dll not valid. Loading of assembly skipped.
Assembly Unity.TextMeshPro.Editor.Tests.dll at Library/ScriptAssemblies/Unity.TextMeshPro.Editor.Tests.dll not valid. Loading of assembly skipped.
Assembly Unity.TextMeshPro.Tests.dll at Library/ScriptAssemblies/Unity.TextMeshPro.Tests.dll not valid. Loading of assembly skipped.
Assembly UnityEditor.UI.Common.Tests.dll at Library/ScriptAssemblies/UnityEditor.UI.Common.Tests.dll not valid. Loading of assembly skipped.
Assembly UnityEditor.UI.EditorTests.dll at Library/ScriptAssemblies/UnityEditor.UI.EditorTests.dll not valid. Loading of assembly skipped.
Assembly UnityEngine.UI.Tests.dll at Library/ScriptAssemblies/UnityEngine.UI.Tests.dll not valid. Loading of assembly skipped.
'Assets/Photon/Quantum/Runtime/QuantumUnityRuntime.cs' contains partial class of Unity.Object, exactly 1 of the partial classes needs to be in a file with the same filename. This is to know the one that can be referenced from ie. GameObjects
'Assets/Photon/Quantum/Runtime/QuantumUnityRuntime.cs' contains partial class of Unity.Object, exactly 1 of the partial classes needs to be in a file with the same filename. This is to know the one that can be referenced from ie. GameObjects
'Assets/Photon/Quantum/Runtime/QuantumUnityRuntime.cs' contains partial class of Unity.Object, exactly 1 of the partial classes needs to be in a file with the same filename. This is to know the one that can be referenced from ie. GameObjects
'Assets/Photon/Quantum/Runtime/QuantumUnityRuntime.cs' contains partial class of Unity.Object, exactly 1 of the partial classes needs to be in a file with the same filename. This is to know the one that can be referenced from ie. GameObjects
'Assets/Photon/Quantum/Runtime/QuantumUnityRuntime.cs' contains partial class of Unity.Object, exactly 1 of the partial classes needs to be in a file with the same filename. This is to know the one that can be referenced from ie. GameObjects
'Assets/Photon/Quantum/Runtime/QuantumUnityRuntime.cs' contains partial class of Unity.Object, exactly 1 of the partial classes needs to be in a file with the same filename. This is to know the one that can be referenced from ie. GameObjects
'Assets/Photon/Quantum/Runtime/QuantumUnityRuntime.cs' contains partial class of Unity.Object, exactly 1 of the partial classes needs to be in a file with the same filename. This is to know the one that can be referenced from ie. GameObjects
'Assets/Photon/Quantum/Runtime/QuantumUnityRuntime.cs' contains partial class of Unity.Object, exactly 1 of the partial classes needs to be in a file with the same filename. This is to know the one that can be referenced from ie. GameObjects
'Assets/Photon/Quantum/Runtime/QuantumUnityRuntime.cs' contains partial class of Unity.Object, exactly 1 of the partial classes needs to be in a file with the same filename. This is to know the one that can be referenced from ie. GameObjects
'Assets/Photon/Quantum/Runtime/QuantumUnityRuntime.cs' contains partial class of Unity.Object, exactly 1 of the partial classes needs to be in a file with the same filename. This is to know the one that can be referenced from ie. GameObjects
'Assets/Photon/Quantum/Runtime/QuantumUnityRuntime.cs' contains partial class of Unity.Object, exactly 1 of the partial classes needs to be in a file with the same filename. This is to know the one that can be referenced from ie. GameObjects
Native extension for Android target not found
Native extension for OSXStandalone target not found
[Package Manager] Failed to launch server process. Reason: Unity was launched with the -noUpm command-line argument
[Package Manager] Unable to send message (not connected to server process).
[Package Manager] Cannot connect to Unity Package Manager local server
ScheduleIndexationOnStartup MainProcess:False IndexOnStartup:True
Mono: successfully reloaded assembly
- Finished resetting the current domain, in  0.471 seconds
Domain Reload Profiling: 833ms
	BeginReloadAssembly (91ms)
		DisableScriptedObjects (3ms)
		CreateAndSetChildDomain (28ms)
	RebuildCommonClasses (25ms)
	RebuildNativeTypeToScriptingClass (10ms)
	initialDomainReloadingComplete (37ms)
	LoadAllAssembliesAndSetupDomain (199ms)
		LoadAssemblies (119ms)
		AnalyzeDomain (105ms)
			TypeCache.Refresh (6ms)
			BuildScriptInfoCaches (93ms)
			ResolveRequiredComponents (4ms)
	FinalizeReload (471ms)
		SetupLoadedEditorAssemblies (0ms)
			InitializePlatformSupportModulesInManaged (4ms)
			BeforeProcessingInitializeOnLoad (81ms)
			ProcessInitializeOnLoadAttributes (254ms)
			ProcessInitializeOnLoadMethodAttributes (32ms)
Unloading 5 Unused Serialized files (Serialized files now loaded: 0)
Unloading 3684 unused Assets / (1.2 MB). Loaded Objects now: 4290.
Memory consumption went from 103.5 MB to 102.3 MB.
Total: 4.786916 ms (FindLiveObjects: 0.180208 ms CreateObjectMapping: 0.070333 ms MarkObjects: 4.035667 ms  DeleteObjects: 0.500375 ms)

Prepare: number of updated asset objects reloaded= 0
========================================================================
Received Prepare
Begin MonoManager ReloadAssembly
Thread 0x16b0c7000 may have been prematurely finalized
Assembly Assembly-CSharp-Editor-firstpass.dll at Library/ScriptAssemblies/Assembly-CSharp-Editor-firstpass.dll not valid. Loading of assembly skipped.
Assembly Assembly-CSharp-Editor.dll at Library/ScriptAssemblies/Assembly-CSharp-Editor.dll not valid. Loading of assembly skipped.
Assembly Assembly-CSharp-firstpass.dll at Library/ScriptAssemblies/Assembly-CSharp-firstpass.dll not valid. Loading of assembly skipped.
Assembly PhotonWebSocket.dll at Library/ScriptAssemblies/PhotonWebSocket.dll not valid. Loading of assembly skipped.
Assembly TestNewCustomAssembly.dll at Library/ScriptAssemblies/TestNewCustomAssembly.dll not valid. Loading of assembly skipped.
Assembly Unity.AI.Navigation.Editor.Tests.dll at Library/ScriptAssemblies/Unity.AI.Navigation.Editor.Tests.dll not valid. Loading of assembly skipped.
Assembly Unity.AI.Navigation.LegacyOffMeshLink.Tests.dll at Library/ScriptAssemblies/Unity.AI.Navigation.LegacyOffMeshLink.Tests.dll not valid. Loading of assembly skipped.
Assembly Unity.AI.Navigation.Tests.dll at Library/ScriptAssemblies/Unity.AI.Navigation.Tests.dll not valid. Loading of assembly skipped.
Assembly Unity.AI.Navigation.Tests.EditorInPlaymode.dll at Library/ScriptAssemblies/Unity.AI.Navigation.Tests.EditorInPlaymode.dll not valid. Loading of assembly skipped.
Assembly Unity.InputSystem.IntegrationTests.dll at Library/ScriptAssemblies/Unity.InputSystem.IntegrationTests.dll not valid. Loading of assembly skipped.
Assembly Unity.Performance.Profile-Analyzer.EditorTests.dll at Library/ScriptAssemblies/Unity.Performance.Profile-Analyzer.EditorTests.dll not valid. Loading of assembly skipped.
Assembly Unity.Settings.Tests.dll at Library/ScriptAssemblies/Unity.Settings.Tests.dll not valid. Loading of assembly skipped.
Assembly Unity.TestTools.CodeCoverage.Editor.Compatibility.dll at Library/ScriptAssemblies/Unity.TestTools.CodeCoverage.Editor.Compatibility.dll not valid. Loading of assembly skipped.
Assembly Unity.TextMeshPro.Editor.Tests.dll at Library/ScriptAssemblies/Unity.TextMeshPro.Editor.Tests.dll not valid. Loading of assembly skipped.
Assembly Unity.TextMeshPro.Tests.dll at Library/ScriptAssemblies/Unity.TextMeshPro.Tests.dll not valid. Loading of assembly skipped.
Assembly UnityEditor.UI.Common.Tests.dll at Library/ScriptAssemblies/UnityEditor.UI.Common.Tests.dll not valid. Loading of assembly skipped.
Assembly UnityEditor.UI.EditorTests.dll at Library/ScriptAssemblies/UnityEditor.UI.EditorTests.dll not valid. Loading of assembly skipped.
Assembly UnityEngine.UI.Tests.dll at Library/ScriptAssemblies/UnityEngine.UI.Tests.dll not valid. Loading of assembly skipped.
'Assets/Photon/Quantum/Runtime/QuantumUnityRuntime.cs' contains partial class of Unity.Object, exactly 1 of the partial classes needs to be in a file with the same filename. This is to know the one that can be referenced from ie. GameObjects
'Assets/Photon/Quantum/Runtime/QuantumUnityRuntime.cs' contains partial class of Unity.Object, exactly 1 of the partial classes needs to be in a file with the same filename. This is to know the one that can be referenced from ie. GameObjects
'Assets/Photon/Quantum/Runtime/QuantumUnityRuntime.cs' contains partial class of Unity.Object, exactly 1 of the partial classes needs to be in a file with the same filename. This is to know the one that can be referenced from ie. GameObjects
'Assets/Photon/Quantum/Runtime/QuantumUnityRuntime.cs' contains partial class of Unity.Object, exactly 1 of the partial classes needs to be in a file with the same filename. This is to know the one that can be referenced from ie. GameObjects
'Assets/Photon/Quantum/Runtime/QuantumUnityRuntime.cs' contains partial class of Unity.Object, exactly 1 of the partial classes needs to be in a file with the same filename. This is to know the one that can be referenced from ie. GameObjects
'Assets/Photon/Quantum/Runtime/QuantumUnityRuntime.cs' contains partial class of Unity.Object, exactly 1 of the partial classes needs to be in a file with the same filename. This is to know the one that can be referenced from ie. GameObjects
'Assets/Photon/Quantum/Runtime/QuantumUnityRuntime.cs' contains partial class of Unity.Object, exactly 1 of the partial classes needs to be in a file with the same filename. This is to know the one that can be referenced from ie. GameObjects
'Assets/Photon/Quantum/Runtime/QuantumUnityRuntime.cs' contains partial class of Unity.Object, exactly 1 of the partial classes needs to be in a file with the same filename. This is to know the one that can be referenced from ie. GameObjects
'Assets/Photon/Quantum/Runtime/QuantumUnityRuntime.cs' contains partial class of Unity.Object, exactly 1 of the partial classes needs to be in a file with the same filename. This is to know the one that can be referenced from ie. GameObjects
'Assets/Photon/Quantum/Runtime/QuantumUnityRuntime.cs' contains partial class of Unity.Object, exactly 1 of the partial classes needs to be in a file with the same filename. This is to know the one that can be referenced from ie. GameObjects
'Assets/Photon/Quantum/Runtime/QuantumUnityRuntime.cs' contains partial class of Unity.Object, exactly 1 of the partial classes needs to be in a file with the same filename. This is to know the one that can be referenced from ie. GameObjects
Native extension for Android target not found
Native extension for OSXStandalone target not found
[Package Manager] Failed to launch server process. Reason: Unity was launched with the -noUpm command-line argument
[Package Manager] Unable to send message (not connected to server process).
[Package Manager] Cannot connect to Unity Package Manager local server
ScheduleIndexationOnStartup MainProcess:False IndexOnStartup:True
Mono: successfully reloaded assembly
- Finished resetting the current domain, in  0.513 seconds
Domain Reload Profiling: 904ms
	BeginReloadAssembly (94ms)
		DisableScriptedObjects (3ms)
		CreateAndSetChildDomain (32ms)
	RebuildCommonClasses (25ms)
	RebuildNativeTypeToScriptingClass (10ms)
	initialDomainReloadingComplete (40ms)
	LoadAllAssembliesAndSetupDomain (221ms)
		LoadAssemblies (137ms)
		AnalyzeDomain (109ms)
			TypeCache.Refresh (5ms)
			BuildScriptInfoCaches (98ms)
			ResolveRequiredComponents (5ms)
	FinalizeReload (514ms)
		SetupLoadedEditorAssemblies (0ms)
			InitializePlatformSupportModulesInManaged (4ms)
			BeforeProcessingInitializeOnLoad (82ms)
			ProcessInitializeOnLoadAttributes (278ms)
			ProcessInitializeOnLoadMethodAttributes (41ms)
Unloading 5 Unused Serialized files (Serialized files now loaded: 0)
Unloading 3684 unused Assets / (1.0 MB). Loaded Objects now: 4290.
Memory consumption went from 103.5 MB to 102.5 MB.
Total: 5.948792 ms (FindLiveObjects: 0.191542 ms CreateObjectMapping: 0.073375 ms MarkObjects: 5.019000 ms  DeleteObjects: 0.664583 ms)

Prepare: number of updated asset objects reloaded= 0
========================================================================
Received Prepare
Begin MonoManager ReloadAssembly
[Licensing::Client] Successfully resolved entitlement details
Thread 0x16b0c7000 may have been prematurely finalized
Assembly Assembly-CSharp-Editor-firstpass.dll at Library/ScriptAssemblies/Assembly-CSharp-Editor-firstpass.dll not valid. Loading of assembly skipped.
Assembly Assembly-CSharp-Editor.dll at Library/ScriptAssemblies/Assembly-CSharp-Editor.dll not valid. Loading of assembly skipped.
Assembly Assembly-CSharp-firstpass.dll at Library/ScriptAssemblies/Assembly-CSharp-firstpass.dll not valid. Loading of assembly skipped.
Assembly PhotonWebSocket.dll at Library/ScriptAssemblies/PhotonWebSocket.dll not valid. Loading of assembly skipped.
Assembly TestNewCustomAssembly.dll at Library/ScriptAssemblies/TestNewCustomAssembly.dll not valid. Loading of assembly skipped.
Assembly Unity.AI.Navigation.Editor.Tests.dll at Library/ScriptAssemblies/Unity.AI.Navigation.Editor.Tests.dll not valid. Loading of assembly skipped.
Assembly Unity.AI.Navigation.LegacyOffMeshLink.Tests.dll at Library/ScriptAssemblies/Unity.AI.Navigation.LegacyOffMeshLink.Tests.dll not valid. Loading of assembly skipped.
Assembly Unity.AI.Navigation.Tests.dll at Library/ScriptAssemblies/Unity.AI.Navigation.Tests.dll not valid. Loading of assembly skipped.
Assembly Unity.AI.Navigation.Tests.EditorInPlaymode.dll at Library/ScriptAssemblies/Unity.AI.Navigation.Tests.EditorInPlaymode.dll not valid. Loading of assembly skipped.
Assembly Unity.InputSystem.IntegrationTests.dll at Library/ScriptAssemblies/Unity.InputSystem.IntegrationTests.dll not valid. Loading of assembly skipped.
Assembly Unity.Performance.Profile-Analyzer.EditorTests.dll at Library/ScriptAssemblies/Unity.Performance.Profile-Analyzer.EditorTests.dll not valid. Loading of assembly skipped.
Assembly Unity.Settings.Tests.dll at Library/ScriptAssemblies/Unity.Settings.Tests.dll not valid. Loading of assembly skipped.
Assembly Unity.TestTools.CodeCoverage.Editor.Compatibility.dll at Library/ScriptAssemblies/Unity.TestTools.CodeCoverage.Editor.Compatibility.dll not valid. Loading of assembly skipped.
Assembly Unity.TextMeshPro.Editor.Tests.dll at Library/ScriptAssemblies/Unity.TextMeshPro.Editor.Tests.dll not valid. Loading of assembly skipped.
Assembly Unity.TextMeshPro.Tests.dll at Library/ScriptAssemblies/Unity.TextMeshPro.Tests.dll not valid. Loading of assembly skipped.
Assembly UnityEditor.UI.Common.Tests.dll at Library/ScriptAssemblies/UnityEditor.UI.Common.Tests.dll not valid. Loading of assembly skipped.
Assembly UnityEditor.UI.EditorTests.dll at Library/ScriptAssemblies/UnityEditor.UI.EditorTests.dll not valid. Loading of assembly skipped.
Assembly UnityEngine.UI.Tests.dll at Library/ScriptAssemblies/UnityEngine.UI.Tests.dll not valid. Loading of assembly skipped.
'Assets/Photon/Quantum/Runtime/QuantumUnityRuntime.cs' contains partial class of Unity.Object, exactly 1 of the partial classes needs to be in a file with the same filename. This is to know the one that can be referenced from ie. GameObjects
'Assets/Photon/Quantum/Runtime/QuantumUnityRuntime.cs' contains partial class of Unity.Object, exactly 1 of the partial classes needs to be in a file with the same filename. This is to know the one that can be referenced from ie. GameObjects
'Assets/Photon/Quantum/Runtime/QuantumUnityRuntime.cs' contains partial class of Unity.Object, exactly 1 of the partial classes needs to be in a file with the same filename. This is to know the one that can be referenced from ie. GameObjects
'Assets/Photon/Quantum/Runtime/QuantumUnityRuntime.cs' contains partial class of Unity.Object, exactly 1 of the partial classes needs to be in a file with the same filename. This is to know the one that can be referenced from ie. GameObjects
'Assets/Photon/Quantum/Runtime/QuantumUnityRuntime.cs' contains partial class of Unity.Object, exactly 1 of the partial classes needs to be in a file with the same filename. This is to know the one that can be referenced from ie. GameObjects
'Assets/Photon/Quantum/Runtime/QuantumUnityRuntime.cs' contains partial class of Unity.Object, exactly 1 of the partial classes needs to be in a file with the same filename. This is to know the one that can be referenced from ie. GameObjects
'Assets/Photon/Quantum/Runtime/QuantumUnityRuntime.cs' contains partial class of Unity.Object, exactly 1 of the partial classes needs to be in a file with the same filename. This is to know the one that can be referenced from ie. GameObjects
'Assets/Photon/Quantum/Runtime/QuantumUnityRuntime.cs' contains partial class of Unity.Object, exactly 1 of the partial classes needs to be in a file with the same filename. This is to know the one that can be referenced from ie. GameObjects
'Assets/Photon/Quantum/Runtime/QuantumUnityRuntime.cs' contains partial class of Unity.Object, exactly 1 of the partial classes needs to be in a file with the same filename. This is to know the one that can be referenced from ie. GameObjects
'Assets/Photon/Quantum/Runtime/QuantumUnityRuntime.cs' contains partial class of Unity.Object, exactly 1 of the partial classes needs to be in a file with the same filename. This is to know the one that can be referenced from ie. GameObjects
'Assets/Photon/Quantum/Runtime/QuantumUnityRuntime.cs' contains partial class of Unity.Object, exactly 1 of the partial classes needs to be in a file with the same filename. This is to know the one that can be referenced from ie. GameObjects
Native extension for Android target not found
Native extension for OSXStandalone target not found
[Package Manager] Failed to launch server process. Reason: Unity was launched with the -noUpm command-line argument
[Package Manager] Unable to send message (not connected to server process).
[Package Manager] Cannot connect to Unity Package Manager local server
ScheduleIndexationOnStartup MainProcess:False IndexOnStartup:True
Mono: successfully reloaded assembly
- Finished resetting the current domain, in  0.442 seconds
Domain Reload Profiling: 825ms
	BeginReloadAssembly (90ms)
		DisableScriptedObjects (3ms)
		CreateAndSetChildDomain (27ms)
	RebuildCommonClasses (24ms)
	RebuildNativeTypeToScriptingClass (10ms)
	initialDomainReloadingComplete (37ms)
	LoadAllAssembliesAndSetupDomain (222ms)
		LoadAssemblies (136ms)
		AnalyzeDomain (112ms)
			TypeCache.Refresh (13ms)
				TypeCache.ScanAssembly (7ms)
			BuildScriptInfoCaches (93ms)
			ResolveRequiredComponents (4ms)
	FinalizeReload (442ms)
		SetupLoadedEditorAssemblies (0ms)
			InitializePlatformSupportModulesInManaged (4ms)
			BeforeProcessingInitializeOnLoad (76ms)
			ProcessInitializeOnLoadAttributes (241ms)
			ProcessInitializeOnLoadMethodAttributes (32ms)
Unloading 5 Unused Serialized files (Serialized files now loaded: 0)
Unloading 3684 unused Assets / (1.1 MB). Loaded Objects now: 4290.
Memory consumption went from 103.5 MB to 102.4 MB.
Total: 4.958916 ms (FindLiveObjects: 0.196083 ms CreateObjectMapping: 0.071333 ms MarkObjects: 4.118917 ms  DeleteObjects: 0.572167 ms)

Prepare: number of updated asset objects reloaded= 0
========================================================================
Received Prepare
Begin MonoManager ReloadAssembly
Thread 0x16b0c7000 may have been prematurely finalized
Assembly Assembly-CSharp-Editor-firstpass.dll at Library/ScriptAssemblies/Assembly-CSharp-Editor-firstpass.dll not valid. Loading of assembly skipped.
Assembly Assembly-CSharp-Editor.dll at Library/ScriptAssemblies/Assembly-CSharp-Editor.dll not valid. Loading of assembly skipped.
Assembly Assembly-CSharp-firstpass.dll at Library/ScriptAssemblies/Assembly-CSharp-firstpass.dll not valid. Loading of assembly skipped.
Assembly PhotonWebSocket.dll at Library/ScriptAssemblies/PhotonWebSocket.dll not valid. Loading of assembly skipped.
Assembly TestNewCustomAssembly.dll at Library/ScriptAssemblies/TestNewCustomAssembly.dll not valid. Loading of assembly skipped.
Assembly Unity.AI.Navigation.Editor.Tests.dll at Library/ScriptAssemblies/Unity.AI.Navigation.Editor.Tests.dll not valid. Loading of assembly skipped.
Assembly Unity.AI.Navigation.LegacyOffMeshLink.Tests.dll at Library/ScriptAssemblies/Unity.AI.Navigation.LegacyOffMeshLink.Tests.dll not valid. Loading of assembly skipped.
Assembly Unity.AI.Navigation.Tests.dll at Library/ScriptAssemblies/Unity.AI.Navigation.Tests.dll not valid. Loading of assembly skipped.
Assembly Unity.AI.Navigation.Tests.EditorInPlaymode.dll at Library/ScriptAssemblies/Unity.AI.Navigation.Tests.EditorInPlaymode.dll not valid. Loading of assembly skipped.
Assembly Unity.InputSystem.IntegrationTests.dll at Library/ScriptAssemblies/Unity.InputSystem.IntegrationTests.dll not valid. Loading of assembly skipped.
Assembly Unity.Performance.Profile-Analyzer.EditorTests.dll at Library/ScriptAssemblies/Unity.Performance.Profile-Analyzer.EditorTests.dll not valid. Loading of assembly skipped.
Assembly Unity.Settings.Tests.dll at Library/ScriptAssemblies/Unity.Settings.Tests.dll not valid. Loading of assembly skipped.
Assembly Unity.TestTools.CodeCoverage.Editor.Compatibility.dll at Library/ScriptAssemblies/Unity.TestTools.CodeCoverage.Editor.Compatibility.dll not valid. Loading of assembly skipped.
Assembly Unity.TextMeshPro.Editor.Tests.dll at Library/ScriptAssemblies/Unity.TextMeshPro.Editor.Tests.dll not valid. Loading of assembly skipped.
Assembly Unity.TextMeshPro.Tests.dll at Library/ScriptAssemblies/Unity.TextMeshPro.Tests.dll not valid. Loading of assembly skipped.
Assembly UnityEditor.UI.Common.Tests.dll at Library/ScriptAssemblies/UnityEditor.UI.Common.Tests.dll not valid. Loading of assembly skipped.
Assembly UnityEditor.UI.EditorTests.dll at Library/ScriptAssemblies/UnityEditor.UI.EditorTests.dll not valid. Loading of assembly skipped.
Assembly UnityEngine.UI.Tests.dll at Library/ScriptAssemblies/UnityEngine.UI.Tests.dll not valid. Loading of assembly skipped.
'Assets/Photon/Quantum/Runtime/QuantumUnityRuntime.cs' contains partial class of Unity.Object, exactly 1 of the partial classes needs to be in a file with the same filename. This is to know the one that can be referenced from ie. GameObjects
'Assets/Photon/Quantum/Runtime/QuantumUnityRuntime.cs' contains partial class of Unity.Object, exactly 1 of the partial classes needs to be in a file with the same filename. This is to know the one that can be referenced from ie. GameObjects
'Assets/Photon/Quantum/Runtime/QuantumUnityRuntime.cs' contains partial class of Unity.Object, exactly 1 of the partial classes needs to be in a file with the same filename. This is to know the one that can be referenced from ie. GameObjects
'Assets/Photon/Quantum/Runtime/QuantumUnityRuntime.cs' contains partial class of Unity.Object, exactly 1 of the partial classes needs to be in a file with the same filename. This is to know the one that can be referenced from ie. GameObjects
'Assets/Photon/Quantum/Runtime/QuantumUnityRuntime.cs' contains partial class of Unity.Object, exactly 1 of the partial classes needs to be in a file with the same filename. This is to know the one that can be referenced from ie. GameObjects
'Assets/Photon/Quantum/Runtime/QuantumUnityRuntime.cs' contains partial class of Unity.Object, exactly 1 of the partial classes needs to be in a file with the same filename. This is to know the one that can be referenced from ie. GameObjects
'Assets/Photon/Quantum/Runtime/QuantumUnityRuntime.cs' contains partial class of Unity.Object, exactly 1 of the partial classes needs to be in a file with the same filename. This is to know the one that can be referenced from ie. GameObjects
'Assets/Photon/Quantum/Runtime/QuantumUnityRuntime.cs' contains partial class of Unity.Object, exactly 1 of the partial classes needs to be in a file with the same filename. This is to know the one that can be referenced from ie. GameObjects
'Assets/Photon/Quantum/Runtime/QuantumUnityRuntime.cs' contains partial class of Unity.Object, exactly 1 of the partial classes needs to be in a file with the same filename. This is to know the one that can be referenced from ie. GameObjects
'Assets/Photon/Quantum/Runtime/QuantumUnityRuntime.cs' contains partial class of Unity.Object, exactly 1 of the partial classes needs to be in a file with the same filename. This is to know the one that can be referenced from ie. GameObjects
'Assets/Photon/Quantum/Runtime/QuantumUnityRuntime.cs' contains partial class of Unity.Object, exactly 1 of the partial classes needs to be in a file with the same filename. This is to know the one that can be referenced from ie. GameObjects
Native extension for Android target not found
Native extension for OSXStandalone target not found
[Package Manager] Failed to launch server process. Reason: Unity was launched with the -noUpm command-line argument
[Package Manager] Unable to send message (not connected to server process).
[Package Manager] Cannot connect to Unity Package Manager local server
ScheduleIndexationOnStartup MainProcess:False IndexOnStartup:True
Mono: successfully reloaded assembly
- Finished resetting the current domain, in  0.462 seconds
Domain Reload Profiling: 811ms
	BeginReloadAssembly (83ms)
		DisableScriptedObjects (3ms)
		CreateAndSetChildDomain (23ms)
	RebuildCommonClasses (23ms)
	RebuildNativeTypeToScriptingClass (9ms)
	initialDomainReloadingComplete (35ms)
	LoadAllAssembliesAndSetupDomain (198ms)
		LoadAssemblies (120ms)
		AnalyzeDomain (101ms)
			TypeCache.Refresh (5ms)
			BuildScriptInfoCaches (91ms)
			ResolveRequiredComponents (4ms)
	FinalizeReload (462ms)
		SetupLoadedEditorAssemblies (0ms)
			InitializePlatformSupportModulesInManaged (4ms)
			BeforeProcessingInitializeOnLoad (77ms)
			ProcessInitializeOnLoadAttributes (257ms)
			ProcessInitializeOnLoadMethodAttributes (32ms)
Unloading 5 Unused Serialized files (Serialized files now loaded: 0)
Unloading 3684 unused Assets / (1.1 MB). Loaded Objects now: 4290.
Memory consumption went from 103.5 MB to 102.4 MB.
Total: 4.884583 ms (FindLiveObjects: 0.189250 ms CreateObjectMapping: 0.069375 ms MarkObjects: 4.048875 ms  DeleteObjects: 0.576375 ms)

Prepare: number of updated asset objects reloaded= 0
========================================================================
Received Prepare
Begin MonoManager ReloadAssembly
Thread 0x16b0c7000 may have been prematurely finalized
Assembly Assembly-CSharp-Editor-firstpass.dll at Library/ScriptAssemblies/Assembly-CSharp-Editor-firstpass.dll not valid. Loading of assembly skipped.
Assembly Assembly-CSharp-Editor.dll at Library/ScriptAssemblies/Assembly-CSharp-Editor.dll not valid. Loading of assembly skipped.
Assembly Assembly-CSharp-firstpass.dll at Library/ScriptAssemblies/Assembly-CSharp-firstpass.dll not valid. Loading of assembly skipped.
Assembly PhotonWebSocket.dll at Library/ScriptAssemblies/PhotonWebSocket.dll not valid. Loading of assembly skipped.
Assembly TestNewCustomAssembly.dll at Library/ScriptAssemblies/TestNewCustomAssembly.dll not valid. Loading of assembly skipped.
Assembly Unity.AI.Navigation.Editor.Tests.dll at Library/ScriptAssemblies/Unity.AI.Navigation.Editor.Tests.dll not valid. Loading of assembly skipped.
Assembly Unity.AI.Navigation.LegacyOffMeshLink.Tests.dll at Library/ScriptAssemblies/Unity.AI.Navigation.LegacyOffMeshLink.Tests.dll not valid. Loading of assembly skipped.
Assembly Unity.AI.Navigation.Tests.dll at Library/ScriptAssemblies/Unity.AI.Navigation.Tests.dll not valid. Loading of assembly skipped.
Assembly Unity.AI.Navigation.Tests.EditorInPlaymode.dll at Library/ScriptAssemblies/Unity.AI.Navigation.Tests.EditorInPlaymode.dll not valid. Loading of assembly skipped.
Assembly Unity.InputSystem.IntegrationTests.dll at Library/ScriptAssemblies/Unity.InputSystem.IntegrationTests.dll not valid. Loading of assembly skipped.
Assembly Unity.Performance.Profile-Analyzer.EditorTests.dll at Library/ScriptAssemblies/Unity.Performance.Profile-Analyzer.EditorTests.dll not valid. Loading of assembly skipped.
Assembly Unity.Settings.Tests.dll at Library/ScriptAssemblies/Unity.Settings.Tests.dll not valid. Loading of assembly skipped.
Assembly Unity.TestTools.CodeCoverage.Editor.Compatibility.dll at Library/ScriptAssemblies/Unity.TestTools.CodeCoverage.Editor.Compatibility.dll not valid. Loading of assembly skipped.
Assembly Unity.TextMeshPro.Editor.Tests.dll at Library/ScriptAssemblies/Unity.TextMeshPro.Editor.Tests.dll not valid. Loading of assembly skipped.
Assembly Unity.TextMeshPro.Tests.dll at Library/ScriptAssemblies/Unity.TextMeshPro.Tests.dll not valid. Loading of assembly skipped.
Assembly UnityEditor.UI.Common.Tests.dll at Library/ScriptAssemblies/UnityEditor.UI.Common.Tests.dll not valid. Loading of assembly skipped.
Assembly UnityEditor.UI.EditorTests.dll at Library/ScriptAssemblies/UnityEditor.UI.EditorTests.dll not valid. Loading of assembly skipped.
Assembly UnityEngine.UI.Tests.dll at Library/ScriptAssemblies/UnityEngine.UI.Tests.dll not valid. Loading of assembly skipped.
'Assets/Photon/Quantum/Runtime/QuantumUnityRuntime.cs' contains partial class of Unity.Object, exactly 1 of the partial classes needs to be in a file with the same filename. This is to know the one that can be referenced from ie. GameObjects
'Assets/Photon/Quantum/Runtime/QuantumUnityRuntime.cs' contains partial class of Unity.Object, exactly 1 of the partial classes needs to be in a file with the same filename. This is to know the one that can be referenced from ie. GameObjects
'Assets/Photon/Quantum/Runtime/QuantumUnityRuntime.cs' contains partial class of Unity.Object, exactly 1 of the partial classes needs to be in a file with the same filename. This is to know the one that can be referenced from ie. GameObjects
'Assets/Photon/Quantum/Runtime/QuantumUnityRuntime.cs' contains partial class of Unity.Object, exactly 1 of the partial classes needs to be in a file with the same filename. This is to know the one that can be referenced from ie. GameObjects
'Assets/Photon/Quantum/Runtime/QuantumUnityRuntime.cs' contains partial class of Unity.Object, exactly 1 of the partial classes needs to be in a file with the same filename. This is to know the one that can be referenced from ie. GameObjects
'Assets/Photon/Quantum/Runtime/QuantumUnityRuntime.cs' contains partial class of Unity.Object, exactly 1 of the partial classes needs to be in a file with the same filename. This is to know the one that can be referenced from ie. GameObjects
'Assets/Photon/Quantum/Runtime/QuantumUnityRuntime.cs' contains partial class of Unity.Object, exactly 1 of the partial classes needs to be in a file with the same filename. This is to know the one that can be referenced from ie. GameObjects
'Assets/Photon/Quantum/Runtime/QuantumUnityRuntime.cs' contains partial class of Unity.Object, exactly 1 of the partial classes needs to be in a file with the same filename. This is to know the one that can be referenced from ie. GameObjects
'Assets/Photon/Quantum/Runtime/QuantumUnityRuntime.cs' contains partial class of Unity.Object, exactly 1 of the partial classes needs to be in a file with the same filename. This is to know the one that can be referenced from ie. GameObjects
'Assets/Photon/Quantum/Runtime/QuantumUnityRuntime.cs' contains partial class of Unity.Object, exactly 1 of the partial classes needs to be in a file with the same filename. This is to know the one that can be referenced from ie. GameObjects
'Assets/Photon/Quantum/Runtime/QuantumUnityRuntime.cs' contains partial class of Unity.Object, exactly 1 of the partial classes needs to be in a file with the same filename. This is to know the one that can be referenced from ie. GameObjects
Native extension for Android target not found
Native extension for OSXStandalone target not found
[Package Manager] Failed to launch server process. Reason: Unity was launched with the -noUpm command-line argument
[Package Manager] Unable to send message (not connected to server process).
[Package Manager] Cannot connect to Unity Package Manager local server
ScheduleIndexationOnStartup MainProcess:False IndexOnStartup:True
Mono: successfully reloaded assembly
- Finished resetting the current domain, in  0.461 seconds
Domain Reload Profiling: 799ms
	BeginReloadAssembly (82ms)
		DisableScriptedObjects (3ms)
		CreateAndSetChildDomain (23ms)
	RebuildCommonClasses (23ms)
	RebuildNativeTypeToScriptingClass (11ms)
	initialDomainReloadingComplete (35ms)
	LoadAllAssembliesAndSetupDomain (188ms)
		LoadAssemblies (115ms)
		AnalyzeDomain (97ms)
			TypeCache.Refresh (5ms)
			BuildScriptInfoCaches (87ms)
			ResolveRequiredComponents (4ms)
	FinalizeReload (461ms)
		SetupLoadedEditorAssemblies (0ms)
			InitializePlatformSupportModulesInManaged (3ms)
			BeforeProcessingInitializeOnLoad (74ms)
			ProcessInitializeOnLoadAttributes (251ms)
			ProcessInitializeOnLoadMethodAttributes (37ms)
Unloading 5 Unused Serialized files (Serialized files now loaded: 0)
Unloading 3684 unused Assets / (0.5 MB). Loaded Objects now: 4290.
Memory consumption went from 103.5 MB to 103.0 MB.
Total: 5.713583 ms (FindLiveObjects: 0.194375 ms CreateObjectMapping: 0.070166 ms MarkObjects: 4.834750 ms  DeleteObjects: 0.614084 ms)

Prepare: number of updated asset objects reloaded= 0
========================================================================
Received Prepare
Begin MonoManager ReloadAssembly
[Licensing::Client] Successfully resolved entitlement details
Thread 0x16b0c7000 may have been prematurely finalized
Assembly Assembly-CSharp-Editor-firstpass.dll at Library/ScriptAssemblies/Assembly-CSharp-Editor-firstpass.dll not valid. Loading of assembly skipped.
Assembly Assembly-CSharp-Editor.dll at Library/ScriptAssemblies/Assembly-CSharp-Editor.dll not valid. Loading of assembly skipped.
Assembly Assembly-CSharp-firstpass.dll at Library/ScriptAssemblies/Assembly-CSharp-firstpass.dll not valid. Loading of assembly skipped.
Assembly PhotonWebSocket.dll at Library/ScriptAssemblies/PhotonWebSocket.dll not valid. Loading of assembly skipped.
Assembly TestNewCustomAssembly.dll at Library/ScriptAssemblies/TestNewCustomAssembly.dll not valid. Loading of assembly skipped.
Assembly Unity.AI.Navigation.Editor.Tests.dll at Library/ScriptAssemblies/Unity.AI.Navigation.Editor.Tests.dll not valid. Loading of assembly skipped.
Assembly Unity.AI.Navigation.LegacyOffMeshLink.Tests.dll at Library/ScriptAssemblies/Unity.AI.Navigation.LegacyOffMeshLink.Tests.dll not valid. Loading of assembly skipped.
Assembly Unity.AI.Navigation.Tests.dll at Library/ScriptAssemblies/Unity.AI.Navigation.Tests.dll not valid. Loading of assembly skipped.
Assembly Unity.AI.Navigation.Tests.EditorInPlaymode.dll at Library/ScriptAssemblies/Unity.AI.Navigation.Tests.EditorInPlaymode.dll not valid. Loading of assembly skipped.
Assembly Unity.InputSystem.IntegrationTests.dll at Library/ScriptAssemblies/Unity.InputSystem.IntegrationTests.dll not valid. Loading of assembly skipped.
Assembly Unity.Performance.Profile-Analyzer.EditorTests.dll at Library/ScriptAssemblies/Unity.Performance.Profile-Analyzer.EditorTests.dll not valid. Loading of assembly skipped.
Assembly Unity.Settings.Tests.dll at Library/ScriptAssemblies/Unity.Settings.Tests.dll not valid. Loading of assembly skipped.
Assembly Unity.TestTools.CodeCoverage.Editor.Compatibility.dll at Library/ScriptAssemblies/Unity.TestTools.CodeCoverage.Editor.Compatibility.dll not valid. Loading of assembly skipped.
Assembly Unity.TextMeshPro.Editor.Tests.dll at Library/ScriptAssemblies/Unity.TextMeshPro.Editor.Tests.dll not valid. Loading of assembly skipped.
Assembly Unity.TextMeshPro.Tests.dll at Library/ScriptAssemblies/Unity.TextMeshPro.Tests.dll not valid. Loading of assembly skipped.
Assembly UnityEditor.UI.Common.Tests.dll at Library/ScriptAssemblies/UnityEditor.UI.Common.Tests.dll not valid. Loading of assembly skipped.
Assembly UnityEditor.UI.EditorTests.dll at Library/ScriptAssemblies/UnityEditor.UI.EditorTests.dll not valid. Loading of assembly skipped.
Assembly UnityEngine.UI.Tests.dll at Library/ScriptAssemblies/UnityEngine.UI.Tests.dll not valid. Loading of assembly skipped.
'Assets/Photon/Quantum/Runtime/QuantumUnityRuntime.cs' contains partial class of Unity.Object, exactly 1 of the partial classes needs to be in a file with the same filename. This is to know the one that can be referenced from ie. GameObjects
'Assets/Photon/Quantum/Runtime/QuantumUnityRuntime.cs' contains partial class of Unity.Object, exactly 1 of the partial classes needs to be in a file with the same filename. This is to know the one that can be referenced from ie. GameObjects
'Assets/Photon/Quantum/Runtime/QuantumUnityRuntime.cs' contains partial class of Unity.Object, exactly 1 of the partial classes needs to be in a file with the same filename. This is to know the one that can be referenced from ie. GameObjects
'Assets/Photon/Quantum/Runtime/QuantumUnityRuntime.cs' contains partial class of Unity.Object, exactly 1 of the partial classes needs to be in a file with the same filename. This is to know the one that can be referenced from ie. GameObjects
'Assets/Photon/Quantum/Runtime/QuantumUnityRuntime.cs' contains partial class of Unity.Object, exactly 1 of the partial classes needs to be in a file with the same filename. This is to know the one that can be referenced from ie. GameObjects
'Assets/Photon/Quantum/Runtime/QuantumUnityRuntime.cs' contains partial class of Unity.Object, exactly 1 of the partial classes needs to be in a file with the same filename. This is to know the one that can be referenced from ie. GameObjects
'Assets/Photon/Quantum/Runtime/QuantumUnityRuntime.cs' contains partial class of Unity.Object, exactly 1 of the partial classes needs to be in a file with the same filename. This is to know the one that can be referenced from ie. GameObjects
'Assets/Photon/Quantum/Runtime/QuantumUnityRuntime.cs' contains partial class of Unity.Object, exactly 1 of the partial classes needs to be in a file with the same filename. This is to know the one that can be referenced from ie. GameObjects
'Assets/Photon/Quantum/Runtime/QuantumUnityRuntime.cs' contains partial class of Unity.Object, exactly 1 of the partial classes needs to be in a file with the same filename. This is to know the one that can be referenced from ie. GameObjects
'Assets/Photon/Quantum/Runtime/QuantumUnityRuntime.cs' contains partial class of Unity.Object, exactly 1 of the partial classes needs to be in a file with the same filename. This is to know the one that can be referenced from ie. GameObjects
'Assets/Photon/Quantum/Runtime/QuantumUnityRuntime.cs' contains partial class of Unity.Object, exactly 1 of the partial classes needs to be in a file with the same filename. This is to know the one that can be referenced from ie. GameObjects
Native extension for Android target not found
Native extension for OSXStandalone target not found
[Package Manager] Failed to launch server process. Reason: Unity was launched with the -noUpm command-line argument
[Package Manager] Unable to send message (not connected to server process).
[Package Manager] Cannot connect to Unity Package Manager local server
ScheduleIndexationOnStartup MainProcess:False IndexOnStartup:True
Mono: successfully reloaded assembly
- Finished resetting the current domain, in  0.498 seconds
Domain Reload Profiling: 841ms
	BeginReloadAssembly (80ms)
		DisableScriptedObjects (3ms)
		CreateAndSetChildDomain (22ms)
	RebuildCommonClasses (23ms)
	RebuildNativeTypeToScriptingClass (10ms)
	initialDomainReloadingComplete (36ms)
	LoadAllAssembliesAndSetupDomain (195ms)
		LoadAssemblies (121ms)
		AnalyzeDomain (97ms)
			TypeCache.Refresh (5ms)
			BuildScriptInfoCaches (87ms)
			ResolveRequiredComponents (4ms)
	FinalizeReload (498ms)
		SetupLoadedEditorAssemblies (0ms)
			InitializePlatformSupportModulesInManaged (4ms)
			BeforeProcessingInitializeOnLoad (75ms)
			ProcessInitializeOnLoadAttributes (279ms)
			ProcessInitializeOnLoadMethodAttributes (40ms)
Unloading 5 Unused Serialized files (Serialized files now loaded: 0)
Unloading 3684 unused Assets / (1.2 MB). Loaded Objects now: 4290.
Memory consumption went from 103.5 MB to 102.4 MB.
Total: 6.045750 ms (FindLiveObjects: 0.240042 ms CreateObjectMapping: 0.082542 ms MarkObjects: 5.019667 ms  DeleteObjects: 0.703000 ms)

Prepare: number of updated asset objects reloaded= 0
========================================================================
Received Prepare
Begin MonoManager ReloadAssembly
[Licensing::Client] Successfully resolved entitlement details
Thread 0x16b0c7000 may have been prematurely finalized
Assembly Assembly-CSharp-Editor-firstpass.dll at Library/ScriptAssemblies/Assembly-CSharp-Editor-firstpass.dll not valid. Loading of assembly skipped.
Assembly Assembly-CSharp-Editor.dll at Library/ScriptAssemblies/Assembly-CSharp-Editor.dll not valid. Loading of assembly skipped.
Assembly Assembly-CSharp-firstpass.dll at Library/ScriptAssemblies/Assembly-CSharp-firstpass.dll not valid. Loading of assembly skipped.
Assembly PhotonWebSocket.dll at Library/ScriptAssemblies/PhotonWebSocket.dll not valid. Loading of assembly skipped.
Assembly TestNewCustomAssembly.dll at Library/ScriptAssemblies/TestNewCustomAssembly.dll not valid. Loading of assembly skipped.
Assembly Unity.AI.Navigation.Editor.Tests.dll at Library/ScriptAssemblies/Unity.AI.Navigation.Editor.Tests.dll not valid. Loading of assembly skipped.
Assembly Unity.AI.Navigation.LegacyOffMeshLink.Tests.dll at Library/ScriptAssemblies/Unity.AI.Navigation.LegacyOffMeshLink.Tests.dll not valid. Loading of assembly skipped.
Assembly Unity.AI.Navigation.Tests.dll at Library/ScriptAssemblies/Unity.AI.Navigation.Tests.dll not valid. Loading of assembly skipped.
Assembly Unity.AI.Navigation.Tests.EditorInPlaymode.dll at Library/ScriptAssemblies/Unity.AI.Navigation.Tests.EditorInPlaymode.dll not valid. Loading of assembly skipped.
Assembly Unity.InputSystem.IntegrationTests.dll at Library/ScriptAssemblies/Unity.InputSystem.IntegrationTests.dll not valid. Loading of assembly skipped.
Assembly Unity.Performance.Profile-Analyzer.EditorTests.dll at Library/ScriptAssemblies/Unity.Performance.Profile-Analyzer.EditorTests.dll not valid. Loading of assembly skipped.
Assembly Unity.Settings.Tests.dll at Library/ScriptAssemblies/Unity.Settings.Tests.dll not valid. Loading of assembly skipped.
Assembly Unity.TestTools.CodeCoverage.Editor.Compatibility.dll at Library/ScriptAssemblies/Unity.TestTools.CodeCoverage.Editor.Compatibility.dll not valid. Loading of assembly skipped.
Assembly Unity.TextMeshPro.Editor.Tests.dll at Library/ScriptAssemblies/Unity.TextMeshPro.Editor.Tests.dll not valid. Loading of assembly skipped.
Assembly Unity.TextMeshPro.Tests.dll at Library/ScriptAssemblies/Unity.TextMeshPro.Tests.dll not valid. Loading of assembly skipped.
Assembly UnityEditor.UI.Common.Tests.dll at Library/ScriptAssemblies/UnityEditor.UI.Common.Tests.dll not valid. Loading of assembly skipped.
Assembly UnityEditor.UI.EditorTests.dll at Library/ScriptAssemblies/UnityEditor.UI.EditorTests.dll not valid. Loading of assembly skipped.
Assembly UnityEngine.UI.Tests.dll at Library/ScriptAssemblies/UnityEngine.UI.Tests.dll not valid. Loading of assembly skipped.
'Assets/Photon/Quantum/Runtime/QuantumUnityRuntime.cs' contains partial class of Unity.Object, exactly 1 of the partial classes needs to be in a file with the same filename. This is to know the one that can be referenced from ie. GameObjects
'Assets/Photon/Quantum/Runtime/QuantumUnityRuntime.cs' contains partial class of Unity.Object, exactly 1 of the partial classes needs to be in a file with the same filename. This is to know the one that can be referenced from ie. GameObjects
'Assets/Photon/Quantum/Runtime/QuantumUnityRuntime.cs' contains partial class of Unity.Object, exactly 1 of the partial classes needs to be in a file with the same filename. This is to know the one that can be referenced from ie. GameObjects
'Assets/Photon/Quantum/Runtime/QuantumUnityRuntime.cs' contains partial class of Unity.Object, exactly 1 of the partial classes needs to be in a file with the same filename. This is to know the one that can be referenced from ie. GameObjects
'Assets/Photon/Quantum/Runtime/QuantumUnityRuntime.cs' contains partial class of Unity.Object, exactly 1 of the partial classes needs to be in a file with the same filename. This is to know the one that can be referenced from ie. GameObjects
'Assets/Photon/Quantum/Runtime/QuantumUnityRuntime.cs' contains partial class of Unity.Object, exactly 1 of the partial classes needs to be in a file with the same filename. This is to know the one that can be referenced from ie. GameObjects
'Assets/Photon/Quantum/Runtime/QuantumUnityRuntime.cs' contains partial class of Unity.Object, exactly 1 of the partial classes needs to be in a file with the same filename. This is to know the one that can be referenced from ie. GameObjects
'Assets/Photon/Quantum/Runtime/QuantumUnityRuntime.cs' contains partial class of Unity.Object, exactly 1 of the partial classes needs to be in a file with the same filename. This is to know the one that can be referenced from ie. GameObjects
'Assets/Photon/Quantum/Runtime/QuantumUnityRuntime.cs' contains partial class of Unity.Object, exactly 1 of the partial classes needs to be in a file with the same filename. This is to know the one that can be referenced from ie. GameObjects
'Assets/Photon/Quantum/Runtime/QuantumUnityRuntime.cs' contains partial class of Unity.Object, exactly 1 of the partial classes needs to be in a file with the same filename. This is to know the one that can be referenced from ie. GameObjects
'Assets/Photon/Quantum/Runtime/QuantumUnityRuntime.cs' contains partial class of Unity.Object, exactly 1 of the partial classes needs to be in a file with the same filename. This is to know the one that can be referenced from ie. GameObjects
Native extension for Android target not found
Native extension for OSXStandalone target not found
[Package Manager] Failed to launch server process. Reason: Unity was launched with the -noUpm command-line argument
[Package Manager] Unable to send message (not connected to server process).
[Package Manager] Cannot connect to Unity Package Manager local server
ScheduleIndexationOnStartup MainProcess:False IndexOnStartup:True
Mono: successfully reloaded assembly
- Finished resetting the current domain, in  0.497 seconds
Domain Reload Profiling: 869ms
	BeginReloadAssembly (84ms)
		DisableScriptedObjects (3ms)
		CreateAndSetChildDomain (25ms)
	RebuildCommonClasses (24ms)
	RebuildNativeTypeToScriptingClass (10ms)
	initialDomainReloadingComplete (38ms)
	LoadAllAssembliesAndSetupDomain (217ms)
		LoadAssemblies (129ms)
		AnalyzeDomain (110ms)
			TypeCache.Refresh (13ms)
				TypeCache.ScanAssembly (7ms)
			BuildScriptInfoCaches (91ms)
			ResolveRequiredComponents (5ms)
	FinalizeReload (497ms)
		SetupLoadedEditorAssemblies (0ms)
			InitializePlatformSupportModulesInManaged (4ms)
			BeforeProcessingInitializeOnLoad (86ms)
			ProcessInitializeOnLoadAttributes (270ms)
			ProcessInitializeOnLoadMethodAttributes (36ms)
Unloading 5 Unused Serialized files (Serialized files now loaded: 0)
Unloading 3685 unused Assets / (1.1 MB). Loaded Objects now: 4291.
Memory consumption went from 103.5 MB to 102.4 MB.
Total: 5.332958 ms (FindLiveObjects: 0.191542 ms CreateObjectMapping: 0.081750 ms MarkObjects: 4.504666 ms  DeleteObjects: 0.554416 ms)

Prepare: number of updated asset objects reloaded= 0
========================================================================
Received Prepare
Begin MonoManager ReloadAssembly
Thread 0x16b0c7000 may have been prematurely finalized
Assembly Assembly-CSharp-Editor-firstpass.dll at Library/ScriptAssemblies/Assembly-CSharp-Editor-firstpass.dll not valid. Loading of assembly skipped.
Assembly Assembly-CSharp-Editor.dll at Library/ScriptAssemblies/Assembly-CSharp-Editor.dll not valid. Loading of assembly skipped.
Assembly Assembly-CSharp-firstpass.dll at Library/ScriptAssemblies/Assembly-CSharp-firstpass.dll not valid. Loading of assembly skipped.
Assembly PhotonWebSocket.dll at Library/ScriptAssemblies/PhotonWebSocket.dll not valid. Loading of assembly skipped.
Assembly TestNewCustomAssembly.dll at Library/ScriptAssemblies/TestNewCustomAssembly.dll not valid. Loading of assembly skipped.
Assembly Unity.AI.Navigation.Editor.Tests.dll at Library/ScriptAssemblies/Unity.AI.Navigation.Editor.Tests.dll not valid. Loading of assembly skipped.
Assembly Unity.AI.Navigation.LegacyOffMeshLink.Tests.dll at Library/ScriptAssemblies/Unity.AI.Navigation.LegacyOffMeshLink.Tests.dll not valid. Loading of assembly skipped.
Assembly Unity.AI.Navigation.Tests.dll at Library/ScriptAssemblies/Unity.AI.Navigation.Tests.dll not valid. Loading of assembly skipped.
Assembly Unity.AI.Navigation.Tests.EditorInPlaymode.dll at Library/ScriptAssemblies/Unity.AI.Navigation.Tests.EditorInPlaymode.dll not valid. Loading of assembly skipped.
Assembly Unity.InputSystem.IntegrationTests.dll at Library/ScriptAssemblies/Unity.InputSystem.IntegrationTests.dll not valid. Loading of assembly skipped.
Assembly Unity.Performance.Profile-Analyzer.EditorTests.dll at Library/ScriptAssemblies/Unity.Performance.Profile-Analyzer.EditorTests.dll not valid. Loading of assembly skipped.
Assembly Unity.Settings.Tests.dll at Library/ScriptAssemblies/Unity.Settings.Tests.dll not valid. Loading of assembly skipped.
Assembly Unity.TestTools.CodeCoverage.Editor.Compatibility.dll at Library/ScriptAssemblies/Unity.TestTools.CodeCoverage.Editor.Compatibility.dll not valid. Loading of assembly skipped.
Assembly Unity.TextMeshPro.Editor.Tests.dll at Library/ScriptAssemblies/Unity.TextMeshPro.Editor.Tests.dll not valid. Loading of assembly skipped.
Assembly Unity.TextMeshPro.Tests.dll at Library/ScriptAssemblies/Unity.TextMeshPro.Tests.dll not valid. Loading of assembly skipped.
Assembly UnityEditor.UI.Common.Tests.dll at Library/ScriptAssemblies/UnityEditor.UI.Common.Tests.dll not valid. Loading of assembly skipped.
Assembly UnityEditor.UI.EditorTests.dll at Library/ScriptAssemblies/UnityEditor.UI.EditorTests.dll not valid. Loading of assembly skipped.
Assembly UnityEngine.UI.Tests.dll at Library/ScriptAssemblies/UnityEngine.UI.Tests.dll not valid. Loading of assembly skipped.
'Assets/Photon/Quantum/Runtime/QuantumUnityRuntime.cs' contains partial class of Unity.Object, exactly 1 of the partial classes needs to be in a file with the same filename. This is to know the one that can be referenced from ie. GameObjects
'Assets/Photon/Quantum/Runtime/QuantumUnityRuntime.cs' contains partial class of Unity.Object, exactly 1 of the partial classes needs to be in a file with the same filename. This is to know the one that can be referenced from ie. GameObjects
'Assets/Photon/Quantum/Runtime/QuantumUnityRuntime.cs' contains partial class of Unity.Object, exactly 1 of the partial classes needs to be in a file with the same filename. This is to know the one that can be referenced from ie. GameObjects
'Assets/Photon/Quantum/Runtime/QuantumUnityRuntime.cs' contains partial class of Unity.Object, exactly 1 of the partial classes needs to be in a file with the same filename. This is to know the one that can be referenced from ie. GameObjects
'Assets/Photon/Quantum/Runtime/QuantumUnityRuntime.cs' contains partial class of Unity.Object, exactly 1 of the partial classes needs to be in a file with the same filename. This is to know the one that can be referenced from ie. GameObjects
'Assets/Photon/Quantum/Runtime/QuantumUnityRuntime.cs' contains partial class of Unity.Object, exactly 1 of the partial classes needs to be in a file with the same filename. This is to know the one that can be referenced from ie. GameObjects
'Assets/Photon/Quantum/Runtime/QuantumUnityRuntime.cs' contains partial class of Unity.Object, exactly 1 of the partial classes needs to be in a file with the same filename. This is to know the one that can be referenced from ie. GameObjects
'Assets/Photon/Quantum/Runtime/QuantumUnityRuntime.cs' contains partial class of Unity.Object, exactly 1 of the partial classes needs to be in a file with the same filename. This is to know the one that can be referenced from ie. GameObjects
'Assets/Photon/Quantum/Runtime/QuantumUnityRuntime.cs' contains partial class of Unity.Object, exactly 1 of the partial classes needs to be in a file with the same filename. This is to know the one that can be referenced from ie. GameObjects
'Assets/Photon/Quantum/Runtime/QuantumUnityRuntime.cs' contains partial class of Unity.Object, exactly 1 of the partial classes needs to be in a file with the same filename. This is to know the one that can be referenced from ie. GameObjects
'Assets/Photon/Quantum/Runtime/QuantumUnityRuntime.cs' contains partial class of Unity.Object, exactly 1 of the partial classes needs to be in a file with the same filename. This is to know the one that can be referenced from ie. GameObjects
Native extension for Android target not found
Native extension for OSXStandalone target not found
[Package Manager] Failed to launch server process. Reason: Unity was launched with the -noUpm command-line argument
[Package Manager] Unable to send message (not connected to server process).
[Package Manager] Cannot connect to Unity Package Manager local server
ScheduleIndexationOnStartup MainProcess:False IndexOnStartup:True
Mono: successfully reloaded assembly
- Finished resetting the current domain, in  0.493 seconds
Domain Reload Profiling: 872ms
	BeginReloadAssembly (88ms)
		DisableScriptedObjects (3ms)
		CreateAndSetChildDomain (25ms)
	RebuildCommonClasses (24ms)
	RebuildNativeTypeToScriptingClass (10ms)
	initialDomainReloadingComplete (38ms)
	LoadAllAssembliesAndSetupDomain (218ms)
		LoadAssemblies (135ms)
		AnalyzeDomain (109ms)
			TypeCache.Refresh (5ms)
			BuildScriptInfoCaches (98ms)
			ResolveRequiredComponents (5ms)
	FinalizeReload (493ms)
		SetupLoadedEditorAssemblies (0ms)
			InitializePlatformSupportModulesInManaged (4ms)
			BeforeProcessingInitializeOnLoad (79ms)
			ProcessInitializeOnLoadAttributes (270ms)
			ProcessInitializeOnLoadMethodAttributes (41ms)
Unloading 5 Unused Serialized files (Serialized files now loaded: 0)
Unloading 3685 unused Assets / (1.0 MB). Loaded Objects now: 4291.
Memory consumption went from 103.5 MB to 102.5 MB.
Total: 5.762084 ms (FindLiveObjects: 0.248000 ms CreateObjectMapping: 0.074000 ms MarkObjects: 4.790208 ms  DeleteObjects: 0.649542 ms)

Prepare: number of updated asset objects reloaded= 0
========================================================================
Received Prepare
'Assets/Photon/Quantum/Runtime/QuantumUnityRuntime.cs' contains partial class of Unity.Object, exactly 1 of the partial classes needs to be in a file with the same filename. This is to know the one that can be referenced from ie. GameObjects
'Assets/Photon/Quantum/Runtime/QuantumUnityRuntime.cs' contains partial class of Unity.Object, exactly 1 of the partial classes needs to be in a file with the same filename. This is to know the one that can be referenced from ie. GameObjects
'Assets/Photon/Quantum/Runtime/QuantumUnityRuntime.cs' contains partial class of Unity.Object, exactly 1 of the partial classes needs to be in a file with the same filename. This is to know the one that can be referenced from ie. GameObjects
'Assets/Photon/Quantum/Runtime/QuantumUnityRuntime.cs' contains partial class of Unity.Object, exactly 1 of the partial classes needs to be in a file with the same filename. This is to know the one that can be referenced from ie. GameObjects
'Assets/Photon/Quantum/Runtime/QuantumUnityRuntime.cs' contains partial class of Unity.Object, exactly 1 of the partial classes needs to be in a file with the same filename. This is to know the one that can be referenced from ie. GameObjects
'Assets/Photon/Quantum/Runtime/QuantumUnityRuntime.cs' contains partial class of Unity.Object, exactly 1 of the partial classes needs to be in a file with the same filename. This is to know the one that can be referenced from ie. GameObjects
'Assets/Photon/Quantum/Runtime/QuantumUnityRuntime.cs' contains partial class of Unity.Object, exactly 1 of the partial classes needs to be in a file with the same filename. This is to know the one that can be referenced from ie. GameObjects
'Assets/Photon/Quantum/Runtime/QuantumUnityRuntime.cs' contains partial class of Unity.Object, exactly 1 of the partial classes needs to be in a file with the same filename. This is to know the one that can be referenced from ie. GameObjects
'Assets/Photon/Quantum/Runtime/QuantumUnityRuntime.cs' contains partial class of Unity.Object, exactly 1 of the partial classes needs to be in a file with the same filename. This is to know the one that can be referenced from ie. GameObjects
'Assets/Photon/Quantum/Runtime/QuantumUnityRuntime.cs' contains partial class of Unity.Object, exactly 1 of the partial classes needs to be in a file with the same filename. This is to know the one that can be referenced from ie. GameObjects
'Assets/Photon/Quantum/Runtime/QuantumUnityRuntime.cs' contains partial class of Unity.Object, exactly 1 of the partial classes needs to be in a file with the same filename. This is to know the one that can be referenced from ie. GameObjects
Unloading 5 Unused Serialized files (Serialized files now loaded: 0)
Unloading 3677 unused Assets / (1.0 MB). Loaded Objects now: 4291.
Memory consumption went from 91.9 MB to 90.9 MB.
Total: 5.987791 ms (FindLiveObjects: 0.192542 ms CreateObjectMapping: 0.070583 ms MarkObjects: 5.126458 ms  DeleteObjects: 0.597750 ms)

Prepare: number of updated asset objects reloaded= 0
========================================================================
Received Prepare
Begin MonoManager ReloadAssembly
[Licensing::Client] Successfully resolved entitlement details
Thread 0x16b0c7000 may have been prematurely finalized
Assembly Assembly-CSharp-Editor-firstpass.dll at Library/ScriptAssemblies/Assembly-CSharp-Editor-firstpass.dll not valid. Loading of assembly skipped.
Assembly Assembly-CSharp-Editor.dll at Library/ScriptAssemblies/Assembly-CSharp-Editor.dll not valid. Loading of assembly skipped.
Assembly Assembly-CSharp-firstpass.dll at Library/ScriptAssemblies/Assembly-CSharp-firstpass.dll not valid. Loading of assembly skipped.
Assembly PhotonWebSocket.dll at Library/ScriptAssemblies/PhotonWebSocket.dll not valid. Loading of assembly skipped.
Assembly TestNewCustomAssembly.dll at Library/ScriptAssemblies/TestNewCustomAssembly.dll not valid. Loading of assembly skipped.
Assembly Unity.AI.Navigation.Editor.Tests.dll at Library/ScriptAssemblies/Unity.AI.Navigation.Editor.Tests.dll not valid. Loading of assembly skipped.
Assembly Unity.AI.Navigation.LegacyOffMeshLink.Tests.dll at Library/ScriptAssemblies/Unity.AI.Navigation.LegacyOffMeshLink.Tests.dll not valid. Loading of assembly skipped.
Assembly Unity.AI.Navigation.Tests.dll at Library/ScriptAssemblies/Unity.AI.Navigation.Tests.dll not valid. Loading of assembly skipped.
Assembly Unity.AI.Navigation.Tests.EditorInPlaymode.dll at Library/ScriptAssemblies/Unity.AI.Navigation.Tests.EditorInPlaymode.dll not valid. Loading of assembly skipped.
Assembly Unity.InputSystem.IntegrationTests.dll at Library/ScriptAssemblies/Unity.InputSystem.IntegrationTests.dll not valid. Loading of assembly skipped.
Assembly Unity.Performance.Profile-Analyzer.EditorTests.dll at Library/ScriptAssemblies/Unity.Performance.Profile-Analyzer.EditorTests.dll not valid. Loading of assembly skipped.
Assembly Unity.Settings.Tests.dll at Library/ScriptAssemblies/Unity.Settings.Tests.dll not valid. Loading of assembly skipped.
Assembly Unity.TestTools.CodeCoverage.Editor.Compatibility.dll at Library/ScriptAssemblies/Unity.TestTools.CodeCoverage.Editor.Compatibility.dll not valid. Loading of assembly skipped.
Assembly Unity.TextMeshPro.Editor.Tests.dll at Library/ScriptAssemblies/Unity.TextMeshPro.Editor.Tests.dll not valid. Loading of assembly skipped.
Assembly Unity.TextMeshPro.Tests.dll at Library/ScriptAssemblies/Unity.TextMeshPro.Tests.dll not valid. Loading of assembly skipped.
Assembly UnityEditor.UI.Common.Tests.dll at Library/ScriptAssemblies/UnityEditor.UI.Common.Tests.dll not valid. Loading of assembly skipped.
Assembly UnityEditor.UI.EditorTests.dll at Library/ScriptAssemblies/UnityEditor.UI.EditorTests.dll not valid. Loading of assembly skipped.
Assembly UnityEngine.UI.Tests.dll at Library/ScriptAssemblies/UnityEngine.UI.Tests.dll not valid. Loading of assembly skipped.
'Assets/Photon/Quantum/Runtime/QuantumUnityRuntime.cs' contains partial class of Unity.Object, exactly 1 of the partial classes needs to be in a file with the same filename. This is to know the one that can be referenced from ie. GameObjects
'Assets/Photon/Quantum/Runtime/QuantumUnityRuntime.cs' contains partial class of Unity.Object, exactly 1 of the partial classes needs to be in a file with the same filename. This is to know the one that can be referenced from ie. GameObjects
'Assets/Photon/Quantum/Runtime/QuantumUnityRuntime.cs' contains partial class of Unity.Object, exactly 1 of the partial classes needs to be in a file with the same filename. This is to know the one that can be referenced from ie. GameObjects
'Assets/Photon/Quantum/Runtime/QuantumUnityRuntime.cs' contains partial class of Unity.Object, exactly 1 of the partial classes needs to be in a file with the same filename. This is to know the one that can be referenced from ie. GameObjects
'Assets/Photon/Quantum/Runtime/QuantumUnityRuntime.cs' contains partial class of Unity.Object, exactly 1 of the partial classes needs to be in a file with the same filename. This is to know the one that can be referenced from ie. GameObjects
'Assets/Photon/Quantum/Runtime/QuantumUnityRuntime.cs' contains partial class of Unity.Object, exactly 1 of the partial classes needs to be in a file with the same filename. This is to know the one that can be referenced from ie. GameObjects
'Assets/Photon/Quantum/Runtime/QuantumUnityRuntime.cs' contains partial class of Unity.Object, exactly 1 of the partial classes needs to be in a file with the same filename. This is to know the one that can be referenced from ie. GameObjects
'Assets/Photon/Quantum/Runtime/QuantumUnityRuntime.cs' contains partial class of Unity.Object, exactly 1 of the partial classes needs to be in a file with the same filename. This is to know the one that can be referenced from ie. GameObjects
'Assets/Photon/Quantum/Runtime/QuantumUnityRuntime.cs' contains partial class of Unity.Object, exactly 1 of the partial classes needs to be in a file with the same filename. This is to know the one that can be referenced from ie. GameObjects
'Assets/Photon/Quantum/Runtime/QuantumUnityRuntime.cs' contains partial class of Unity.Object, exactly 1 of the partial classes needs to be in a file with the same filename. This is to know the one that can be referenced from ie. GameObjects
'Assets/Photon/Quantum/Runtime/QuantumUnityRuntime.cs' contains partial class of Unity.Object, exactly 1 of the partial classes needs to be in a file with the same filename. This is to know the one that can be referenced from ie. GameObjects
Native extension for Android target not found
Native extension for OSXStandalone target not found
[Package Manager] Failed to launch server process. Reason: Unity was launched with the -noUpm command-line argument
[Package Manager] Unable to send message (not connected to server process).
[Package Manager] Cannot connect to Unity Package Manager local server
ScheduleIndexationOnStartup MainProcess:False IndexOnStartup:True
Mono: successfully reloaded assembly
- Finished resetting the current domain, in  0.488 seconds
Domain Reload Profiling: 880ms
	BeginReloadAssembly (94ms)
		DisableScriptedObjects (3ms)
		CreateAndSetChildDomain (28ms)
	RebuildCommonClasses (24ms)
	RebuildNativeTypeToScriptingClass (11ms)
	initialDomainReloadingComplete (45ms)
	LoadAllAssembliesAndSetupDomain (218ms)
		LoadAssemblies (135ms)
		AnalyzeDomain (111ms)
			TypeCache.Refresh (14ms)
				TypeCache.ScanAssembly (8ms)
			BuildScriptInfoCaches (91ms)
			ResolveRequiredComponents (5ms)
	FinalizeReload (488ms)
		SetupLoadedEditorAssemblies (0ms)
			InitializePlatformSupportModulesInManaged (4ms)
			BeforeProcessingInitializeOnLoad (85ms)
			ProcessInitializeOnLoadAttributes (262ms)
			ProcessInitializeOnLoadMethodAttributes (32ms)
Unloading 5 Unused Serialized files (Serialized files now loaded: 0)
Unloading 3685 unused Assets / (0.8 MB). Loaded Objects now: 4291.
Memory consumption went from 103.5 MB to 102.8 MB.
Total: 4.942167 ms (FindLiveObjects: 0.187125 ms CreateObjectMapping: 0.073042 ms MarkObjects: 4.134458 ms  DeleteObjects: 0.547250 ms)

Prepare: number of updated asset objects reloaded= 0
========================================================================
Received Prepare
Begin MonoManager ReloadAssembly
Thread 0x16b0c7000 may have been prematurely finalized
Assembly Assembly-CSharp-Editor-firstpass.dll at Library/ScriptAssemblies/Assembly-CSharp-Editor-firstpass.dll not valid. Loading of assembly skipped.
Assembly Assembly-CSharp-Editor.dll at Library/ScriptAssemblies/Assembly-CSharp-Editor.dll not valid. Loading of assembly skipped.
Assembly Assembly-CSharp-firstpass.dll at Library/ScriptAssemblies/Assembly-CSharp-firstpass.dll not valid. Loading of assembly skipped.
Assembly PhotonWebSocket.dll at Library/ScriptAssemblies/PhotonWebSocket.dll not valid. Loading of assembly skipped.
Assembly TestNewCustomAssembly.dll at Library/ScriptAssemblies/TestNewCustomAssembly.dll not valid. Loading of assembly skipped.
Assembly Unity.AI.Navigation.Editor.Tests.dll at Library/ScriptAssemblies/Unity.AI.Navigation.Editor.Tests.dll not valid. Loading of assembly skipped.
Assembly Unity.AI.Navigation.LegacyOffMeshLink.Tests.dll at Library/ScriptAssemblies/Unity.AI.Navigation.LegacyOffMeshLink.Tests.dll not valid. Loading of assembly skipped.
Assembly Unity.AI.Navigation.Tests.dll at Library/ScriptAssemblies/Unity.AI.Navigation.Tests.dll not valid. Loading of assembly skipped.
Assembly Unity.AI.Navigation.Tests.EditorInPlaymode.dll at Library/ScriptAssemblies/Unity.AI.Navigation.Tests.EditorInPlaymode.dll not valid. Loading of assembly skipped.
Assembly Unity.InputSystem.IntegrationTests.dll at Library/ScriptAssemblies/Unity.InputSystem.IntegrationTests.dll not valid. Loading of assembly skipped.
Assembly Unity.Performance.Profile-Analyzer.EditorTests.dll at Library/ScriptAssemblies/Unity.Performance.Profile-Analyzer.EditorTests.dll not valid. Loading of assembly skipped.
Assembly Unity.Settings.Tests.dll at Library/ScriptAssemblies/Unity.Settings.Tests.dll not valid. Loading of assembly skipped.
Assembly Unity.TestTools.CodeCoverage.Editor.Compatibility.dll at Library/ScriptAssemblies/Unity.TestTools.CodeCoverage.Editor.Compatibility.dll not valid. Loading of assembly skipped.
Assembly Unity.TextMeshPro.Editor.Tests.dll at Library/ScriptAssemblies/Unity.TextMeshPro.Editor.Tests.dll not valid. Loading of assembly skipped.
Assembly Unity.TextMeshPro.Tests.dll at Library/ScriptAssemblies/Unity.TextMeshPro.Tests.dll not valid. Loading of assembly skipped.
Assembly UnityEditor.UI.Common.Tests.dll at Library/ScriptAssemblies/UnityEditor.UI.Common.Tests.dll not valid. Loading of assembly skipped.
Assembly UnityEditor.UI.EditorTests.dll at Library/ScriptAssemblies/UnityEditor.UI.EditorTests.dll not valid. Loading of assembly skipped.
Assembly UnityEngine.UI.Tests.dll at Library/ScriptAssemblies/UnityEngine.UI.Tests.dll not valid. Loading of assembly skipped.
'Assets/Photon/Quantum/Runtime/QuantumUnityRuntime.cs' contains partial class of Unity.Object, exactly 1 of the partial classes needs to be in a file with the same filename. This is to know the one that can be referenced from ie. GameObjects
'Assets/Photon/Quantum/Runtime/QuantumUnityRuntime.cs' contains partial class of Unity.Object, exactly 1 of the partial classes needs to be in a file with the same filename. This is to know the one that can be referenced from ie. GameObjects
'Assets/Photon/Quantum/Runtime/QuantumUnityRuntime.cs' contains partial class of Unity.Object, exactly 1 of the partial classes needs to be in a file with the same filename. This is to know the one that can be referenced from ie. GameObjects
'Assets/Photon/Quantum/Runtime/QuantumUnityRuntime.cs' contains partial class of Unity.Object, exactly 1 of the partial classes needs to be in a file with the same filename. This is to know the one that can be referenced from ie. GameObjects
'Assets/Photon/Quantum/Runtime/QuantumUnityRuntime.cs' contains partial class of Unity.Object, exactly 1 of the partial classes needs to be in a file with the same filename. This is to know the one that can be referenced from ie. GameObjects
'Assets/Photon/Quantum/Runtime/QuantumUnityRuntime.cs' contains partial class of Unity.Object, exactly 1 of the partial classes needs to be in a file with the same filename. This is to know the one that can be referenced from ie. GameObjects
'Assets/Photon/Quantum/Runtime/QuantumUnityRuntime.cs' contains partial class of Unity.Object, exactly 1 of the partial classes needs to be in a file with the same filename. This is to know the one that can be referenced from ie. GameObjects
'Assets/Photon/Quantum/Runtime/QuantumUnityRuntime.cs' contains partial class of Unity.Object, exactly 1 of the partial classes needs to be in a file with the same filename. This is to know the one that can be referenced from ie. GameObjects
'Assets/Photon/Quantum/Runtime/QuantumUnityRuntime.cs' contains partial class of Unity.Object, exactly 1 of the partial classes needs to be in a file with the same filename. This is to know the one that can be referenced from ie. GameObjects
'Assets/Photon/Quantum/Runtime/QuantumUnityRuntime.cs' contains partial class of Unity.Object, exactly 1 of the partial classes needs to be in a file with the same filename. This is to know the one that can be referenced from ie. GameObjects
'Assets/Photon/Quantum/Runtime/QuantumUnityRuntime.cs' contains partial class of Unity.Object, exactly 1 of the partial classes needs to be in a file with the same filename. This is to know the one that can be referenced from ie. GameObjects
Native extension for Android target not found
Native extension for OSXStandalone target not found
[Package Manager] Failed to launch server process. Reason: Unity was launched with the -noUpm command-line argument
[Package Manager] Unable to send message (not connected to server process).
[Package Manager] Cannot connect to Unity Package Manager local server
ScheduleIndexationOnStartup MainProcess:False IndexOnStartup:True
Mono: successfully reloaded assembly
- Finished resetting the current domain, in  0.477 seconds
Domain Reload Profiling: 840ms
	BeginReloadAssembly (85ms)
		DisableScriptedObjects (3ms)
		CreateAndSetChildDomain (23ms)
	RebuildCommonClasses (23ms)
	RebuildNativeTypeToScriptingClass (10ms)
	initialDomainReloadingComplete (37ms)
	LoadAllAssembliesAndSetupDomain (209ms)
		LoadAssemblies (133ms)
		AnalyzeDomain (102ms)
			TypeCache.Refresh (5ms)
			BuildScriptInfoCaches (92ms)
			ResolveRequiredComponents (4ms)
	FinalizeReload (477ms)
		SetupLoadedEditorAssemblies (0ms)
			InitializePlatformSupportModulesInManaged (4ms)
			BeforeProcessingInitializeOnLoad (75ms)
			ProcessInitializeOnLoadAttributes (262ms)
			ProcessInitializeOnLoadMethodAttributes (39ms)
Unloading 5 Unused Serialized files (Serialized files now loaded: 0)
Unloading 3685 unused Assets / (1.2 MB). Loaded Objects now: 4291.
Memory consumption went from 103.5 MB to 102.4 MB.
Total: 5.443709 ms (FindLiveObjects: 0.182042 ms CreateObjectMapping: 0.077708 ms MarkObjects: 4.586500 ms  DeleteObjects: 0.596625 ms)

Prepare: number of updated asset objects reloaded= 0
========================================================================
Received Prepare
Begin MonoManager ReloadAssembly
[Licensing::Client] Successfully resolved entitlement details
Thread 0x16b0c7000 may have been prematurely finalized
Assembly Assembly-CSharp-Editor-firstpass.dll at Library/ScriptAssemblies/Assembly-CSharp-Editor-firstpass.dll not valid. Loading of assembly skipped.
Assembly Assembly-CSharp-Editor.dll at Library/ScriptAssemblies/Assembly-CSharp-Editor.dll not valid. Loading of assembly skipped.
Assembly Assembly-CSharp-firstpass.dll at Library/ScriptAssemblies/Assembly-CSharp-firstpass.dll not valid. Loading of assembly skipped.
Assembly PhotonWebSocket.dll at Library/ScriptAssemblies/PhotonWebSocket.dll not valid. Loading of assembly skipped.
Assembly TestNewCustomAssembly.dll at Library/ScriptAssemblies/TestNewCustomAssembly.dll not valid. Loading of assembly skipped.
Assembly Unity.AI.Navigation.Editor.Tests.dll at Library/ScriptAssemblies/Unity.AI.Navigation.Editor.Tests.dll not valid. Loading of assembly skipped.
Assembly Unity.AI.Navigation.LegacyOffMeshLink.Tests.dll at Library/ScriptAssemblies/Unity.AI.Navigation.LegacyOffMeshLink.Tests.dll not valid. Loading of assembly skipped.
Assembly Unity.AI.Navigation.Tests.dll at Library/ScriptAssemblies/Unity.AI.Navigation.Tests.dll not valid. Loading of assembly skipped.
Assembly Unity.AI.Navigation.Tests.EditorInPlaymode.dll at Library/ScriptAssemblies/Unity.AI.Navigation.Tests.EditorInPlaymode.dll not valid. Loading of assembly skipped.
Assembly Unity.InputSystem.IntegrationTests.dll at Library/ScriptAssemblies/Unity.InputSystem.IntegrationTests.dll not valid. Loading of assembly skipped.
Assembly Unity.Performance.Profile-Analyzer.EditorTests.dll at Library/ScriptAssemblies/Unity.Performance.Profile-Analyzer.EditorTests.dll not valid. Loading of assembly skipped.
Assembly Unity.Settings.Tests.dll at Library/ScriptAssemblies/Unity.Settings.Tests.dll not valid. Loading of assembly skipped.
Assembly Unity.TestTools.CodeCoverage.Editor.Compatibility.dll at Library/ScriptAssemblies/Unity.TestTools.CodeCoverage.Editor.Compatibility.dll not valid. Loading of assembly skipped.
Assembly Unity.TextMeshPro.Editor.Tests.dll at Library/ScriptAssemblies/Unity.TextMeshPro.Editor.Tests.dll not valid. Loading of assembly skipped.
Assembly Unity.TextMeshPro.Tests.dll at Library/ScriptAssemblies/Unity.TextMeshPro.Tests.dll not valid. Loading of assembly skipped.
Assembly UnityEditor.UI.Common.Tests.dll at Library/ScriptAssemblies/UnityEditor.UI.Common.Tests.dll not valid. Loading of assembly skipped.
Assembly UnityEditor.UI.EditorTests.dll at Library/ScriptAssemblies/UnityEditor.UI.EditorTests.dll not valid. Loading of assembly skipped.
Assembly UnityEngine.UI.Tests.dll at Library/ScriptAssemblies/UnityEngine.UI.Tests.dll not valid. Loading of assembly skipped.
'Assets/Photon/Quantum/Runtime/QuantumUnityRuntime.cs' contains partial class of Unity.Object, exactly 1 of the partial classes needs to be in a file with the same filename. This is to know the one that can be referenced from ie. GameObjects
'Assets/Photon/Quantum/Runtime/QuantumUnityRuntime.cs' contains partial class of Unity.Object, exactly 1 of the partial classes needs to be in a file with the same filename. This is to know the one that can be referenced from ie. GameObjects
'Assets/Photon/Quantum/Runtime/QuantumUnityRuntime.cs' contains partial class of Unity.Object, exactly 1 of the partial classes needs to be in a file with the same filename. This is to know the one that can be referenced from ie. GameObjects
'Assets/Photon/Quantum/Runtime/QuantumUnityRuntime.cs' contains partial class of Unity.Object, exactly 1 of the partial classes needs to be in a file with the same filename. This is to know the one that can be referenced from ie. GameObjects
'Assets/Photon/Quantum/Runtime/QuantumUnityRuntime.cs' contains partial class of Unity.Object, exactly 1 of the partial classes needs to be in a file with the same filename. This is to know the one that can be referenced from ie. GameObjects
'Assets/Photon/Quantum/Runtime/QuantumUnityRuntime.cs' contains partial class of Unity.Object, exactly 1 of the partial classes needs to be in a file with the same filename. This is to know the one that can be referenced from ie. GameObjects
'Assets/Photon/Quantum/Runtime/QuantumUnityRuntime.cs' contains partial class of Unity.Object, exactly 1 of the partial classes needs to be in a file with the same filename. This is to know the one that can be referenced from ie. GameObjects
'Assets/Photon/Quantum/Runtime/QuantumUnityRuntime.cs' contains partial class of Unity.Object, exactly 1 of the partial classes needs to be in a file with the same filename. This is to know the one that can be referenced from ie. GameObjects
'Assets/Photon/Quantum/Runtime/QuantumUnityRuntime.cs' contains partial class of Unity.Object, exactly 1 of the partial classes needs to be in a file with the same filename. This is to know the one that can be referenced from ie. GameObjects
'Assets/Photon/Quantum/Runtime/QuantumUnityRuntime.cs' contains partial class of Unity.Object, exactly 1 of the partial classes needs to be in a file with the same filename. This is to know the one that can be referenced from ie. GameObjects
'Assets/Photon/Quantum/Runtime/QuantumUnityRuntime.cs' contains partial class of Unity.Object, exactly 1 of the partial classes needs to be in a file with the same filename. This is to know the one that can be referenced from ie. GameObjects
Native extension for Android target not found
Native extension for OSXStandalone target not found
[Package Manager] Failed to launch server process. Reason: Unity was launched with the -noUpm command-line argument
[Package Manager] Unable to send message (not connected to server process).
[Package Manager] Cannot connect to Unity Package Manager local server
ScheduleIndexationOnStartup MainProcess:False IndexOnStartup:True
Mono: successfully reloaded assembly
- Finished resetting the current domain, in  0.537 seconds
Domain Reload Profiling: 930ms
	BeginReloadAssembly (94ms)
		DisableScriptedObjects (3ms)
		CreateAndSetChildDomain (29ms)
	RebuildCommonClasses (25ms)
	RebuildNativeTypeToScriptingClass (10ms)
	initialDomainReloadingComplete (41ms)
	LoadAllAssembliesAndSetupDomain (223ms)
		LoadAssemblies (135ms)
		AnalyzeDomain (114ms)
			TypeCache.Refresh (14ms)
				TypeCache.ScanAssembly (7ms)
			BuildScriptInfoCaches (94ms)
			ResolveRequiredComponents (5ms)
	FinalizeReload (537ms)
		SetupLoadedEditorAssemblies (0ms)
			InitializePlatformSupportModulesInManaged (4ms)
			BeforeProcessingInitializeOnLoad (92ms)
			ProcessInitializeOnLoadAttributes (288ms)
			ProcessInitializeOnLoadMethodAttributes (34ms)
Unloading 5 Unused Serialized files (Serialized files now loaded: 0)
Unloading 3685 unused Assets / (1.1 MB). Loaded Objects now: 4291.
Memory consumption went from 103.5 MB to 102.4 MB.
Total: 5.185084 ms (FindLiveObjects: 0.171834 ms CreateObjectMapping: 0.079041 ms MarkObjects: 4.392959 ms  DeleteObjects: 0.540792 ms)

Prepare: number of updated asset objects reloaded= 0
========================================================================
Received Prepare
Begin MonoManager ReloadAssembly
Thread 0x16b0c7000 may have been prematurely finalized
Assembly Assembly-CSharp-Editor-firstpass.dll at Library/ScriptAssemblies/Assembly-CSharp-Editor-firstpass.dll not valid. Loading of assembly skipped.
Assembly Assembly-CSharp-Editor.dll at Library/ScriptAssemblies/Assembly-CSharp-Editor.dll not valid. Loading of assembly skipped.
Assembly Assembly-CSharp-firstpass.dll at Library/ScriptAssemblies/Assembly-CSharp-firstpass.dll not valid. Loading of assembly skipped.
Assembly PhotonWebSocket.dll at Library/ScriptAssemblies/PhotonWebSocket.dll not valid. Loading of assembly skipped.
Assembly TestNewCustomAssembly.dll at Library/ScriptAssemblies/TestNewCustomAssembly.dll not valid. Loading of assembly skipped.
Assembly Unity.AI.Navigation.Editor.Tests.dll at Library/ScriptAssemblies/Unity.AI.Navigation.Editor.Tests.dll not valid. Loading of assembly skipped.
Assembly Unity.AI.Navigation.LegacyOffMeshLink.Tests.dll at Library/ScriptAssemblies/Unity.AI.Navigation.LegacyOffMeshLink.Tests.dll not valid. Loading of assembly skipped.
Assembly Unity.AI.Navigation.Tests.dll at Library/ScriptAssemblies/Unity.AI.Navigation.Tests.dll not valid. Loading of assembly skipped.
Assembly Unity.AI.Navigation.Tests.EditorInPlaymode.dll at Library/ScriptAssemblies/Unity.AI.Navigation.Tests.EditorInPlaymode.dll not valid. Loading of assembly skipped.
Assembly Unity.InputSystem.IntegrationTests.dll at Library/ScriptAssemblies/Unity.InputSystem.IntegrationTests.dll not valid. Loading of assembly skipped.
Assembly Unity.Performance.Profile-Analyzer.EditorTests.dll at Library/ScriptAssemblies/Unity.Performance.Profile-Analyzer.EditorTests.dll not valid. Loading of assembly skipped.
Assembly Unity.Settings.Tests.dll at Library/ScriptAssemblies/Unity.Settings.Tests.dll not valid. Loading of assembly skipped.
Assembly Unity.TestTools.CodeCoverage.Editor.Compatibility.dll at Library/ScriptAssemblies/Unity.TestTools.CodeCoverage.Editor.Compatibility.dll not valid. Loading of assembly skipped.
Assembly Unity.TextMeshPro.Editor.Tests.dll at Library/ScriptAssemblies/Unity.TextMeshPro.Editor.Tests.dll not valid. Loading of assembly skipped.
Assembly Unity.TextMeshPro.Tests.dll at Library/ScriptAssemblies/Unity.TextMeshPro.Tests.dll not valid. Loading of assembly skipped.
Assembly UnityEditor.UI.Common.Tests.dll at Library/ScriptAssemblies/UnityEditor.UI.Common.Tests.dll not valid. Loading of assembly skipped.
Assembly UnityEditor.UI.EditorTests.dll at Library/ScriptAssemblies/UnityEditor.UI.EditorTests.dll not valid. Loading of assembly skipped.
Assembly UnityEngine.UI.Tests.dll at Library/ScriptAssemblies/UnityEngine.UI.Tests.dll not valid. Loading of assembly skipped.
'Assets/Photon/Quantum/Runtime/QuantumUnityRuntime.cs' contains partial class of Unity.Object, exactly 1 of the partial classes needs to be in a file with the same filename. This is to know the one that can be referenced from ie. GameObjects
'Assets/Photon/Quantum/Runtime/QuantumUnityRuntime.cs' contains partial class of Unity.Object, exactly 1 of the partial classes needs to be in a file with the same filename. This is to know the one that can be referenced from ie. GameObjects
'Assets/Photon/Quantum/Runtime/QuantumUnityRuntime.cs' contains partial class of Unity.Object, exactly 1 of the partial classes needs to be in a file with the same filename. This is to know the one that can be referenced from ie. GameObjects
'Assets/Photon/Quantum/Runtime/QuantumUnityRuntime.cs' contains partial class of Unity.Object, exactly 1 of the partial classes needs to be in a file with the same filename. This is to know the one that can be referenced from ie. GameObjects
'Assets/Photon/Quantum/Runtime/QuantumUnityRuntime.cs' contains partial class of Unity.Object, exactly 1 of the partial classes needs to be in a file with the same filename. This is to know the one that can be referenced from ie. GameObjects
'Assets/Photon/Quantum/Runtime/QuantumUnityRuntime.cs' contains partial class of Unity.Object, exactly 1 of the partial classes needs to be in a file with the same filename. This is to know the one that can be referenced from ie. GameObjects
'Assets/Photon/Quantum/Runtime/QuantumUnityRuntime.cs' contains partial class of Unity.Object, exactly 1 of the partial classes needs to be in a file with the same filename. This is to know the one that can be referenced from ie. GameObjects
'Assets/Photon/Quantum/Runtime/QuantumUnityRuntime.cs' contains partial class of Unity.Object, exactly 1 of the partial classes needs to be in a file with the same filename. This is to know the one that can be referenced from ie. GameObjects
'Assets/Photon/Quantum/Runtime/QuantumUnityRuntime.cs' contains partial class of Unity.Object, exactly 1 of the partial classes needs to be in a file with the same filename. This is to know the one that can be referenced from ie. GameObjects
'Assets/Photon/Quantum/Runtime/QuantumUnityRuntime.cs' contains partial class of Unity.Object, exactly 1 of the partial classes needs to be in a file with the same filename. This is to know the one that can be referenced from ie. GameObjects
'Assets/Photon/Quantum/Runtime/QuantumUnityRuntime.cs' contains partial class of Unity.Object, exactly 1 of the partial classes needs to be in a file with the same filename. This is to know the one that can be referenced from ie. GameObjects
Native extension for Android target not found
Native extension for OSXStandalone target not found
[Package Manager] Failed to launch server process. Reason: Unity was launched with the -noUpm command-line argument
[Package Manager] Unable to send message (not connected to server process).
[Package Manager] Cannot connect to Unity Package Manager local server
ScheduleIndexationOnStartup MainProcess:False IndexOnStartup:True
Mono: successfully reloaded assembly
- Finished resetting the current domain, in  0.500 seconds
Domain Reload Profiling: 843ms
	BeginReloadAssembly (82ms)
		DisableScriptedObjects (3ms)
		CreateAndSetChildDomain (23ms)
	RebuildCommonClasses (23ms)
	RebuildNativeTypeToScriptingClass (10ms)
	initialDomainReloadingComplete (37ms)
	LoadAllAssembliesAndSetupDomain (191ms)
		LoadAssemblies (117ms)
		AnalyzeDomain (97ms)
			TypeCache.Refresh (5ms)
			BuildScriptInfoCaches (87ms)
			ResolveRequiredComponents (4ms)
	FinalizeReload (501ms)
		SetupLoadedEditorAssemblies (0ms)
			InitializePlatformSupportModulesInManaged (4ms)
			BeforeProcessingInitializeOnLoad (77ms)
			ProcessInitializeOnLoadAttributes (277ms)
			ProcessInitializeOnLoadMethodAttributes (40ms)
Unloading 5 Unused Serialized files (Serialized files now loaded: 0)
Unloading 3685 unused Assets / (0.8 MB). Loaded Objects now: 4291.
Memory consumption went from 103.5 MB to 102.7 MB.
Total: 5.647125 ms (FindLiveObjects: 0.196958 ms CreateObjectMapping: 0.080083 ms MarkObjects: 4.724125 ms  DeleteObjects: 0.645625 ms)

Prepare: number of updated asset objects reloaded= 0
========================================================================
Received Prepare
Begin MonoManager ReloadAssembly
[Licensing::Client] Successfully resolved entitlement details
Thread 0x16b0c7000 may have been prematurely finalized
Assembly Assembly-CSharp-Editor-firstpass.dll at Library/ScriptAssemblies/Assembly-CSharp-Editor-firstpass.dll not valid. Loading of assembly skipped.
Assembly Assembly-CSharp-Editor.dll at Library/ScriptAssemblies/Assembly-CSharp-Editor.dll not valid. Loading of assembly skipped.
Assembly Assembly-CSharp-firstpass.dll at Library/ScriptAssemblies/Assembly-CSharp-firstpass.dll not valid. Loading of assembly skipped.
Assembly PhotonWebSocket.dll at Library/ScriptAssemblies/PhotonWebSocket.dll not valid. Loading of assembly skipped.
Assembly TestNewCustomAssembly.dll at Library/ScriptAssemblies/TestNewCustomAssembly.dll not valid. Loading of assembly skipped.
Assembly Unity.AI.Navigation.Editor.Tests.dll at Library/ScriptAssemblies/Unity.AI.Navigation.Editor.Tests.dll not valid. Loading of assembly skipped.
Assembly Unity.AI.Navigation.LegacyOffMeshLink.Tests.dll at Library/ScriptAssemblies/Unity.AI.Navigation.LegacyOffMeshLink.Tests.dll not valid. Loading of assembly skipped.
Assembly Unity.AI.Navigation.Tests.dll at Library/ScriptAssemblies/Unity.AI.Navigation.Tests.dll not valid. Loading of assembly skipped.
Assembly Unity.AI.Navigation.Tests.EditorInPlaymode.dll at Library/ScriptAssemblies/Unity.AI.Navigation.Tests.EditorInPlaymode.dll not valid. Loading of assembly skipped.
Assembly Unity.InputSystem.IntegrationTests.dll at Library/ScriptAssemblies/Unity.InputSystem.IntegrationTests.dll not valid. Loading of assembly skipped.
Assembly Unity.Performance.Profile-Analyzer.EditorTests.dll at Library/ScriptAssemblies/Unity.Performance.Profile-Analyzer.EditorTests.dll not valid. Loading of assembly skipped.
Assembly Unity.Settings.Tests.dll at Library/ScriptAssemblies/Unity.Settings.Tests.dll not valid. Loading of assembly skipped.
Assembly Unity.TestTools.CodeCoverage.Editor.Compatibility.dll at Library/ScriptAssemblies/Unity.TestTools.CodeCoverage.Editor.Compatibility.dll not valid. Loading of assembly skipped.
Assembly Unity.TextMeshPro.Editor.Tests.dll at Library/ScriptAssemblies/Unity.TextMeshPro.Editor.Tests.dll not valid. Loading of assembly skipped.
Assembly Unity.TextMeshPro.Tests.dll at Library/ScriptAssemblies/Unity.TextMeshPro.Tests.dll not valid. Loading of assembly skipped.
Assembly UnityEditor.UI.Common.Tests.dll at Library/ScriptAssemblies/UnityEditor.UI.Common.Tests.dll not valid. Loading of assembly skipped.
Assembly UnityEditor.UI.EditorTests.dll at Library/ScriptAssemblies/UnityEditor.UI.EditorTests.dll not valid. Loading of assembly skipped.
Assembly UnityEngine.UI.Tests.dll at Library/ScriptAssemblies/UnityEngine.UI.Tests.dll not valid. Loading of assembly skipped.
'Assets/Photon/Quantum/Runtime/QuantumUnityRuntime.cs' contains partial class of Unity.Object, exactly 1 of the partial classes needs to be in a file with the same filename. This is to know the one that can be referenced from ie. GameObjects
'Assets/Photon/Quantum/Runtime/QuantumUnityRuntime.cs' contains partial class of Unity.Object, exactly 1 of the partial classes needs to be in a file with the same filename. This is to know the one that can be referenced from ie. GameObjects
'Assets/Photon/Quantum/Runtime/QuantumUnityRuntime.cs' contains partial class of Unity.Object, exactly 1 of the partial classes needs to be in a file with the same filename. This is to know the one that can be referenced from ie. GameObjects
'Assets/Photon/Quantum/Runtime/QuantumUnityRuntime.cs' contains partial class of Unity.Object, exactly 1 of the partial classes needs to be in a file with the same filename. This is to know the one that can be referenced from ie. GameObjects
'Assets/Photon/Quantum/Runtime/QuantumUnityRuntime.cs' contains partial class of Unity.Object, exactly 1 of the partial classes needs to be in a file with the same filename. This is to know the one that can be referenced from ie. GameObjects
'Assets/Photon/Quantum/Runtime/QuantumUnityRuntime.cs' contains partial class of Unity.Object, exactly 1 of the partial classes needs to be in a file with the same filename. This is to know the one that can be referenced from ie. GameObjects
'Assets/Photon/Quantum/Runtime/QuantumUnityRuntime.cs' contains partial class of Unity.Object, exactly 1 of the partial classes needs to be in a file with the same filename. This is to know the one that can be referenced from ie. GameObjects
'Assets/Photon/Quantum/Runtime/QuantumUnityRuntime.cs' contains partial class of Unity.Object, exactly 1 of the partial classes needs to be in a file with the same filename. This is to know the one that can be referenced from ie. GameObjects
'Assets/Photon/Quantum/Runtime/QuantumUnityRuntime.cs' contains partial class of Unity.Object, exactly 1 of the partial classes needs to be in a file with the same filename. This is to know the one that can be referenced from ie. GameObjects
'Assets/Photon/Quantum/Runtime/QuantumUnityRuntime.cs' contains partial class of Unity.Object, exactly 1 of the partial classes needs to be in a file with the same filename. This is to know the one that can be referenced from ie. GameObjects
'Assets/Photon/Quantum/Runtime/QuantumUnityRuntime.cs' contains partial class of Unity.Object, exactly 1 of the partial classes needs to be in a file with the same filename. This is to know the one that can be referenced from ie. GameObjects
Native extension for Android target not found
Native extension for OSXStandalone target not found
[Package Manager] Failed to launch server process. Reason: Unity was launched with the -noUpm command-line argument
[Package Manager] Unable to send message (not connected to server process).
[Package Manager] Cannot connect to Unity Package Manager local server
ScheduleIndexationOnStartup MainProcess:False IndexOnStartup:True
Mono: successfully reloaded assembly
- Finished resetting the current domain, in  0.513 seconds
Domain Reload Profiling: 866ms
	BeginReloadAssembly (84ms)
		DisableScriptedObjects (3ms)
		CreateAndSetChildDomain (24ms)
	RebuildCommonClasses (23ms)
	RebuildNativeTypeToScriptingClass (10ms)
	initialDomainReloadingComplete (36ms)
	LoadAllAssembliesAndSetupDomain (200ms)
		LoadAssemblies (120ms)
		AnalyzeDomain (103ms)
			TypeCache.Refresh (5ms)
			BuildScriptInfoCaches (93ms)
			ResolveRequiredComponents (5ms)
	FinalizeReload (513ms)
		SetupLoadedEditorAssemblies (0ms)
			InitializePlatformSupportModulesInManaged (4ms)
			BeforeProcessingInitializeOnLoad (79ms)
			ProcessInitializeOnLoadAttributes (290ms)
			ProcessInitializeOnLoadMethodAttributes (39ms)
Unloading 5 Unused Serialized files (Serialized files now loaded: 0)
Unloading 3685 unused Assets / (1.1 MB). Loaded Objects now: 4291.
Memory consumption went from 103.5 MB to 102.4 MB.
Total: 5.665292 ms (FindLiveObjects: 0.204083 ms CreateObjectMapping: 0.085584 ms MarkObjects: 4.698875 ms  DeleteObjects: 0.676042 ms)

Prepare: number of updated asset objects reloaded= 0
========================================================================
Received Prepare
Begin MonoManager ReloadAssembly
[Licensing::Client] Successfully resolved entitlement details
Thread 0x16b0c7000 may have been prematurely finalized
Assembly Assembly-CSharp-Editor-firstpass.dll at Library/ScriptAssemblies/Assembly-CSharp-Editor-firstpass.dll not valid. Loading of assembly skipped.
Assembly Assembly-CSharp-Editor.dll at Library/ScriptAssemblies/Assembly-CSharp-Editor.dll not valid. Loading of assembly skipped.
Assembly Assembly-CSharp-firstpass.dll at Library/ScriptAssemblies/Assembly-CSharp-firstpass.dll not valid. Loading of assembly skipped.
Assembly PhotonWebSocket.dll at Library/ScriptAssemblies/PhotonWebSocket.dll not valid. Loading of assembly skipped.
Assembly TestNewCustomAssembly.dll at Library/ScriptAssemblies/TestNewCustomAssembly.dll not valid. Loading of assembly skipped.
Assembly Unity.AI.Navigation.Editor.Tests.dll at Library/ScriptAssemblies/Unity.AI.Navigation.Editor.Tests.dll not valid. Loading of assembly skipped.
Assembly Unity.AI.Navigation.LegacyOffMeshLink.Tests.dll at Library/ScriptAssemblies/Unity.AI.Navigation.LegacyOffMeshLink.Tests.dll not valid. Loading of assembly skipped.
Assembly Unity.AI.Navigation.Tests.dll at Library/ScriptAssemblies/Unity.AI.Navigation.Tests.dll not valid. Loading of assembly skipped.
Assembly Unity.AI.Navigation.Tests.EditorInPlaymode.dll at Library/ScriptAssemblies/Unity.AI.Navigation.Tests.EditorInPlaymode.dll not valid. Loading of assembly skipped.
Assembly Unity.InputSystem.IntegrationTests.dll at Library/ScriptAssemblies/Unity.InputSystem.IntegrationTests.dll not valid. Loading of assembly skipped.
Assembly Unity.Performance.Profile-Analyzer.EditorTests.dll at Library/ScriptAssemblies/Unity.Performance.Profile-Analyzer.EditorTests.dll not valid. Loading of assembly skipped.
Assembly Unity.Settings.Tests.dll at Library/ScriptAssemblies/Unity.Settings.Tests.dll not valid. Loading of assembly skipped.
Assembly Unity.TestTools.CodeCoverage.Editor.Compatibility.dll at Library/ScriptAssemblies/Unity.TestTools.CodeCoverage.Editor.Compatibility.dll not valid. Loading of assembly skipped.
Assembly Unity.TextMeshPro.Editor.Tests.dll at Library/ScriptAssemblies/Unity.TextMeshPro.Editor.Tests.dll not valid. Loading of assembly skipped.
Assembly Unity.TextMeshPro.Tests.dll at Library/ScriptAssemblies/Unity.TextMeshPro.Tests.dll not valid. Loading of assembly skipped.
Assembly UnityEditor.UI.Common.Tests.dll at Library/ScriptAssemblies/UnityEditor.UI.Common.Tests.dll not valid. Loading of assembly skipped.
Assembly UnityEditor.UI.EditorTests.dll at Library/ScriptAssemblies/UnityEditor.UI.EditorTests.dll not valid. Loading of assembly skipped.
Assembly UnityEngine.UI.Tests.dll at Library/ScriptAssemblies/UnityEngine.UI.Tests.dll not valid. Loading of assembly skipped.
'Assets/Photon/Quantum/Runtime/QuantumUnityRuntime.cs' contains partial class of Unity.Object, exactly 1 of the partial classes needs to be in a file with the same filename. This is to know the one that can be referenced from ie. GameObjects
'Assets/Photon/Quantum/Runtime/QuantumUnityRuntime.cs' contains partial class of Unity.Object, exactly 1 of the partial classes needs to be in a file with the same filename. This is to know the one that can be referenced from ie. GameObjects
'Assets/Photon/Quantum/Runtime/QuantumUnityRuntime.cs' contains partial class of Unity.Object, exactly 1 of the partial classes needs to be in a file with the same filename. This is to know the one that can be referenced from ie. GameObjects
'Assets/Photon/Quantum/Runtime/QuantumUnityRuntime.cs' contains partial class of Unity.Object, exactly 1 of the partial classes needs to be in a file with the same filename. This is to know the one that can be referenced from ie. GameObjects
'Assets/Photon/Quantum/Runtime/QuantumUnityRuntime.cs' contains partial class of Unity.Object, exactly 1 of the partial classes needs to be in a file with the same filename. This is to know the one that can be referenced from ie. GameObjects
'Assets/Photon/Quantum/Runtime/QuantumUnityRuntime.cs' contains partial class of Unity.Object, exactly 1 of the partial classes needs to be in a file with the same filename. This is to know the one that can be referenced from ie. GameObjects
'Assets/Photon/Quantum/Runtime/QuantumUnityRuntime.cs' contains partial class of Unity.Object, exactly 1 of the partial classes needs to be in a file with the same filename. This is to know the one that can be referenced from ie. GameObjects
'Assets/Photon/Quantum/Runtime/QuantumUnityRuntime.cs' contains partial class of Unity.Object, exactly 1 of the partial classes needs to be in a file with the same filename. This is to know the one that can be referenced from ie. GameObjects
'Assets/Photon/Quantum/Runtime/QuantumUnityRuntime.cs' contains partial class of Unity.Object, exactly 1 of the partial classes needs to be in a file with the same filename. This is to know the one that can be referenced from ie. GameObjects
'Assets/Photon/Quantum/Runtime/QuantumUnityRuntime.cs' contains partial class of Unity.Object, exactly 1 of the partial classes needs to be in a file with the same filename. This is to know the one that can be referenced from ie. GameObjects
'Assets/Photon/Quantum/Runtime/QuantumUnityRuntime.cs' contains partial class of Unity.Object, exactly 1 of the partial classes needs to be in a file with the same filename. This is to know the one that can be referenced from ie. GameObjects
Native extension for Android target not found
Native extension for OSXStandalone target not found
[Package Manager] Failed to launch server process. Reason: Unity was launched with the -noUpm command-line argument
[Package Manager] Unable to send message (not connected to server process).
[Package Manager] Cannot connect to Unity Package Manager local server
ScheduleIndexationOnStartup MainProcess:False IndexOnStartup:True
Mono: successfully reloaded assembly
- Finished resetting the current domain, in  0.529 seconds
Domain Reload Profiling: 902ms
	BeginReloadAssembly (93ms)
		DisableScriptedObjects (3ms)
		CreateAndSetChildDomain (26ms)
	RebuildCommonClasses (24ms)
	RebuildNativeTypeToScriptingClass (10ms)
	initialDomainReloadingComplete (46ms)
	LoadAllAssembliesAndSetupDomain (201ms)
		LoadAssemblies (125ms)
		AnalyzeDomain (105ms)
			TypeCache.Refresh (13ms)
				TypeCache.ScanAssembly (7ms)
			BuildScriptInfoCaches (86ms)
			ResolveRequiredComponents (4ms)
	FinalizeReload (529ms)
		SetupLoadedEditorAssemblies (0ms)
			InitializePlatformSupportModulesInManaged (4ms)
			BeforeProcessingInitializeOnLoad (87ms)
			ProcessInitializeOnLoadAttributes (295ms)
			ProcessInitializeOnLoadMethodAttributes (36ms)
Unloading 5 Unused Serialized files (Serialized files now loaded: 0)
Unloading 3685 unused Assets / (0.8 MB). Loaded Objects now: 4291.
Memory consumption went from 103.5 MB to 102.7 MB.
Total: 6.249208 ms (FindLiveObjects: 0.228584 ms CreateObjectMapping: 0.081500 ms MarkObjects: 5.230875 ms  DeleteObjects: 0.707583 ms)

Prepare: number of updated asset objects reloaded= 0
========================================================================
Received Prepare
Unloading 5 Unused Serialized files (Serialized files now loaded: 0)
Unloading 5 unused Assets / (130.0 KB). Loaded Objects now: 4291.
Memory consumption went from 89.8 MB to 89.7 MB.
Total: 4.811000 ms (FindLiveObjects: 0.110375 ms CreateObjectMapping: 0.035959 ms MarkObjects: 4.560750 ms  DeleteObjects: 0.103458 ms)

Prepare: number of updated asset objects reloaded= 0
========================================================================
Received Prepare
Begin MonoManager ReloadAssembly
Thread 0x16b0c7000 may have been prematurely finalized
Assembly Assembly-CSharp-Editor-firstpass.dll at Library/ScriptAssemblies/Assembly-CSharp-Editor-firstpass.dll not valid. Loading of assembly skipped.
Assembly Assembly-CSharp-Editor.dll at Library/ScriptAssemblies/Assembly-CSharp-Editor.dll not valid. Loading of assembly skipped.
Assembly Assembly-CSharp-firstpass.dll at Library/ScriptAssemblies/Assembly-CSharp-firstpass.dll not valid. Loading of assembly skipped.
Assembly PhotonWebSocket.dll at Library/ScriptAssemblies/PhotonWebSocket.dll not valid. Loading of assembly skipped.
Assembly TestNewCustomAssembly.dll at Library/ScriptAssemblies/TestNewCustomAssembly.dll not valid. Loading of assembly skipped.
Assembly Unity.AI.Navigation.Editor.Tests.dll at Library/ScriptAssemblies/Unity.AI.Navigation.Editor.Tests.dll not valid. Loading of assembly skipped.
Assembly Unity.AI.Navigation.LegacyOffMeshLink.Tests.dll at Library/ScriptAssemblies/Unity.AI.Navigation.LegacyOffMeshLink.Tests.dll not valid. Loading of assembly skipped.
Assembly Unity.AI.Navigation.Tests.dll at Library/ScriptAssemblies/Unity.AI.Navigation.Tests.dll not valid. Loading of assembly skipped.
Assembly Unity.AI.Navigation.Tests.EditorInPlaymode.dll at Library/ScriptAssemblies/Unity.AI.Navigation.Tests.EditorInPlaymode.dll not valid. Loading of assembly skipped.
Assembly Unity.InputSystem.IntegrationTests.dll at Library/ScriptAssemblies/Unity.InputSystem.IntegrationTests.dll not valid. Loading of assembly skipped.
Assembly Unity.Performance.Profile-Analyzer.EditorTests.dll at Library/ScriptAssemblies/Unity.Performance.Profile-Analyzer.EditorTests.dll not valid. Loading of assembly skipped.
Assembly Unity.Settings.Tests.dll at Library/ScriptAssemblies/Unity.Settings.Tests.dll not valid. Loading of assembly skipped.
Assembly Unity.TestTools.CodeCoverage.Editor.Compatibility.dll at Library/ScriptAssemblies/Unity.TestTools.CodeCoverage.Editor.Compatibility.dll not valid. Loading of assembly skipped.
Assembly Unity.TextMeshPro.Editor.Tests.dll at Library/ScriptAssemblies/Unity.TextMeshPro.Editor.Tests.dll not valid. Loading of assembly skipped.
Assembly Unity.TextMeshPro.Tests.dll at Library/ScriptAssemblies/Unity.TextMeshPro.Tests.dll not valid. Loading of assembly skipped.
Assembly UnityEditor.UI.Common.Tests.dll at Library/ScriptAssemblies/UnityEditor.UI.Common.Tests.dll not valid. Loading of assembly skipped.
Assembly UnityEditor.UI.EditorTests.dll at Library/ScriptAssemblies/UnityEditor.UI.EditorTests.dll not valid. Loading of assembly skipped.
Assembly UnityEngine.UI.Tests.dll at Library/ScriptAssemblies/UnityEngine.UI.Tests.dll not valid. Loading of assembly skipped.
'Assets/Photon/Quantum/Runtime/QuantumUnityRuntime.cs' contains partial class of Unity.Object, exactly 1 of the partial classes needs to be in a file with the same filename. This is to know the one that can be referenced from ie. GameObjects
'Assets/Photon/Quantum/Runtime/QuantumUnityRuntime.cs' contains partial class of Unity.Object, exactly 1 of the partial classes needs to be in a file with the same filename. This is to know the one that can be referenced from ie. GameObjects
'Assets/Photon/Quantum/Runtime/QuantumUnityRuntime.cs' contains partial class of Unity.Object, exactly 1 of the partial classes needs to be in a file with the same filename. This is to know the one that can be referenced from ie. GameObjects
'Assets/Photon/Quantum/Runtime/QuantumUnityRuntime.cs' contains partial class of Unity.Object, exactly 1 of the partial classes needs to be in a file with the same filename. This is to know the one that can be referenced from ie. GameObjects
'Assets/Photon/Quantum/Runtime/QuantumUnityRuntime.cs' contains partial class of Unity.Object, exactly 1 of the partial classes needs to be in a file with the same filename. This is to know the one that can be referenced from ie. GameObjects
'Assets/Photon/Quantum/Runtime/QuantumUnityRuntime.cs' contains partial class of Unity.Object, exactly 1 of the partial classes needs to be in a file with the same filename. This is to know the one that can be referenced from ie. GameObjects
'Assets/Photon/Quantum/Runtime/QuantumUnityRuntime.cs' contains partial class of Unity.Object, exactly 1 of the partial classes needs to be in a file with the same filename. This is to know the one that can be referenced from ie. GameObjects
'Assets/Photon/Quantum/Runtime/QuantumUnityRuntime.cs' contains partial class of Unity.Object, exactly 1 of the partial classes needs to be in a file with the same filename. This is to know the one that can be referenced from ie. GameObjects
'Assets/Photon/Quantum/Runtime/QuantumUnityRuntime.cs' contains partial class of Unity.Object, exactly 1 of the partial classes needs to be in a file with the same filename. This is to know the one that can be referenced from ie. GameObjects
'Assets/Photon/Quantum/Runtime/QuantumUnityRuntime.cs' contains partial class of Unity.Object, exactly 1 of the partial classes needs to be in a file with the same filename. This is to know the one that can be referenced from ie. GameObjects
'Assets/Photon/Quantum/Runtime/QuantumUnityRuntime.cs' contains partial class of Unity.Object, exactly 1 of the partial classes needs to be in a file with the same filename. This is to know the one that can be referenced from ie. GameObjects
Native extension for Android target not found
Native extension for OSXStandalone target not found
[Package Manager] Failed to launch server process. Reason: Unity was launched with the -noUpm command-line argument
[Package Manager] Unable to send message (not connected to server process).
[Package Manager] Cannot connect to Unity Package Manager local server
ScheduleIndexationOnStartup MainProcess:False IndexOnStartup:True
Mono: successfully reloaded assembly
- Finished resetting the current domain, in  0.490 seconds
Domain Reload Profiling: 870ms
	BeginReloadAssembly (92ms)
		DisableScriptedObjects (3ms)
		CreateAndSetChildDomain (26ms)
	RebuildCommonClasses (26ms)
	RebuildNativeTypeToScriptingClass (10ms)
	initialDomainReloadingComplete (42ms)
	LoadAllAssembliesAndSetupDomain (211ms)
		LoadAssemblies (137ms)
		AnalyzeDomain (103ms)
			TypeCache.Refresh (5ms)
			BuildScriptInfoCaches (92ms)
			ResolveRequiredComponents (5ms)
	FinalizeReload (490ms)
		SetupLoadedEditorAssemblies (0ms)
			InitializePlatformSupportModulesInManaged (4ms)
			BeforeProcessingInitializeOnLoad (83ms)
			ProcessInitializeOnLoadAttributes (261ms)
			ProcessInitializeOnLoadMethodAttributes (37ms)
Unloading 5 Unused Serialized files (Serialized files now loaded: 0)
Unloading 3685 unused Assets / (1.0 MB). Loaded Objects now: 4291.
Memory consumption went from 103.5 MB to 102.5 MB.
Total: 5.530500 ms (FindLiveObjects: 0.191041 ms CreateObjectMapping: 0.070334 ms MarkObjects: 4.656875 ms  DeleteObjects: 0.612125 ms)

Prepare: number of updated asset objects reloaded= 0
========================================================================
Received Prepare
Begin MonoManager ReloadAssembly
[Licensing::Client] Successfully resolved entitlement details
Thread 0x16b0c7000 may have been prematurely finalized
Assembly Assembly-CSharp-Editor-firstpass.dll at Library/ScriptAssemblies/Assembly-CSharp-Editor-firstpass.dll not valid. Loading of assembly skipped.
Assembly Assembly-CSharp-Editor.dll at Library/ScriptAssemblies/Assembly-CSharp-Editor.dll not valid. Loading of assembly skipped.
Assembly Assembly-CSharp-firstpass.dll at Library/ScriptAssemblies/Assembly-CSharp-firstpass.dll not valid. Loading of assembly skipped.
Assembly PhotonWebSocket.dll at Library/ScriptAssemblies/PhotonWebSocket.dll not valid. Loading of assembly skipped.
Assembly TestNewCustomAssembly.dll at Library/ScriptAssemblies/TestNewCustomAssembly.dll not valid. Loading of assembly skipped.
Assembly Unity.AI.Navigation.Editor.Tests.dll at Library/ScriptAssemblies/Unity.AI.Navigation.Editor.Tests.dll not valid. Loading of assembly skipped.
Assembly Unity.AI.Navigation.LegacyOffMeshLink.Tests.dll at Library/ScriptAssemblies/Unity.AI.Navigation.LegacyOffMeshLink.Tests.dll not valid. Loading of assembly skipped.
Assembly Unity.AI.Navigation.Tests.dll at Library/ScriptAssemblies/Unity.AI.Navigation.Tests.dll not valid. Loading of assembly skipped.
Assembly Unity.AI.Navigation.Tests.EditorInPlaymode.dll at Library/ScriptAssemblies/Unity.AI.Navigation.Tests.EditorInPlaymode.dll not valid. Loading of assembly skipped.
Assembly Unity.InputSystem.IntegrationTests.dll at Library/ScriptAssemblies/Unity.InputSystem.IntegrationTests.dll not valid. Loading of assembly skipped.
Assembly Unity.Performance.Profile-Analyzer.EditorTests.dll at Library/ScriptAssemblies/Unity.Performance.Profile-Analyzer.EditorTests.dll not valid. Loading of assembly skipped.
Assembly Unity.Settings.Tests.dll at Library/ScriptAssemblies/Unity.Settings.Tests.dll not valid. Loading of assembly skipped.
Assembly Unity.TestTools.CodeCoverage.Editor.Compatibility.dll at Library/ScriptAssemblies/Unity.TestTools.CodeCoverage.Editor.Compatibility.dll not valid. Loading of assembly skipped.
Assembly Unity.TextMeshPro.Editor.Tests.dll at Library/ScriptAssemblies/Unity.TextMeshPro.Editor.Tests.dll not valid. Loading of assembly skipped.
Assembly Unity.TextMeshPro.Tests.dll at Library/ScriptAssemblies/Unity.TextMeshPro.Tests.dll not valid. Loading of assembly skipped.
Assembly UnityEditor.UI.Common.Tests.dll at Library/ScriptAssemblies/UnityEditor.UI.Common.Tests.dll not valid. Loading of assembly skipped.
Assembly UnityEditor.UI.EditorTests.dll at Library/ScriptAssemblies/UnityEditor.UI.EditorTests.dll not valid. Loading of assembly skipped.
Assembly UnityEngine.UI.Tests.dll at Library/ScriptAssemblies/UnityEngine.UI.Tests.dll not valid. Loading of assembly skipped.
'Assets/Photon/Quantum/Runtime/QuantumUnityRuntime.cs' contains partial class of Unity.Object, exactly 1 of the partial classes needs to be in a file with the same filename. This is to know the one that can be referenced from ie. GameObjects
'Assets/Photon/Quantum/Runtime/QuantumUnityRuntime.cs' contains partial class of Unity.Object, exactly 1 of the partial classes needs to be in a file with the same filename. This is to know the one that can be referenced from ie. GameObjects
'Assets/Photon/Quantum/Runtime/QuantumUnityRuntime.cs' contains partial class of Unity.Object, exactly 1 of the partial classes needs to be in a file with the same filename. This is to know the one that can be referenced from ie. GameObjects
'Assets/Photon/Quantum/Runtime/QuantumUnityRuntime.cs' contains partial class of Unity.Object, exactly 1 of the partial classes needs to be in a file with the same filename. This is to know the one that can be referenced from ie. GameObjects
'Assets/Photon/Quantum/Runtime/QuantumUnityRuntime.cs' contains partial class of Unity.Object, exactly 1 of the partial classes needs to be in a file with the same filename. This is to know the one that can be referenced from ie. GameObjects
'Assets/Photon/Quantum/Runtime/QuantumUnityRuntime.cs' contains partial class of Unity.Object, exactly 1 of the partial classes needs to be in a file with the same filename. This is to know the one that can be referenced from ie. GameObjects
'Assets/Photon/Quantum/Runtime/QuantumUnityRuntime.cs' contains partial class of Unity.Object, exactly 1 of the partial classes needs to be in a file with the same filename. This is to know the one that can be referenced from ie. GameObjects
'Assets/Photon/Quantum/Runtime/QuantumUnityRuntime.cs' contains partial class of Unity.Object, exactly 1 of the partial classes needs to be in a file with the same filename. This is to know the one that can be referenced from ie. GameObjects
'Assets/Photon/Quantum/Runtime/QuantumUnityRuntime.cs' contains partial class of Unity.Object, exactly 1 of the partial classes needs to be in a file with the same filename. This is to know the one that can be referenced from ie. GameObjects
'Assets/Photon/Quantum/Runtime/QuantumUnityRuntime.cs' contains partial class of Unity.Object, exactly 1 of the partial classes needs to be in a file with the same filename. This is to know the one that can be referenced from ie. GameObjects
'Assets/Photon/Quantum/Runtime/QuantumUnityRuntime.cs' contains partial class of Unity.Object, exactly 1 of the partial classes needs to be in a file with the same filename. This is to know the one that can be referenced from ie. GameObjects
Native extension for Android target not found
Native extension for OSXStandalone target not found
[Package Manager] Failed to launch server process. Reason: Unity was launched with the -noUpm command-line argument
[Package Manager] Unable to send message (not connected to server process).
[Package Manager] Cannot connect to Unity Package Manager local server
ScheduleIndexationOnStartup MainProcess:False IndexOnStartup:True
Mono: successfully reloaded assembly
- Finished resetting the current domain, in  0.536 seconds
Domain Reload Profiling: 904ms
	BeginReloadAssembly (86ms)
		DisableScriptedObjects (3ms)
		CreateAndSetChildDomain (24ms)
	RebuildCommonClasses (23ms)
	RebuildNativeTypeToScriptingClass (10ms)
	initialDomainReloadingComplete (41ms)
	LoadAllAssembliesAndSetupDomain (209ms)
		LoadAssemblies (128ms)
		AnalyzeDomain (106ms)
			TypeCache.Refresh (13ms)
				TypeCache.ScanAssembly (7ms)
			BuildScriptInfoCaches (88ms)
			ResolveRequiredComponents (4ms)
	FinalizeReload (536ms)
		SetupLoadedEditorAssemblies (0ms)
			InitializePlatformSupportModulesInManaged (5ms)
			BeforeProcessingInitializeOnLoad (91ms)
			ProcessInitializeOnLoadAttributes (292ms)
			ProcessInitializeOnLoadMethodAttributes (38ms)
Unloading 5 Unused Serialized files (Serialized files now loaded: 0)
Unloading 3685 unused Assets / (1.1 MB). Loaded Objects now: 4291.
Memory consumption went from 103.5 MB to 102.4 MB.
Total: 5.327541 ms (FindLiveObjects: 0.192542 ms CreateObjectMapping: 0.083750 ms MarkObjects: 4.538125 ms  DeleteObjects: 0.512666 ms)

Prepare: number of updated asset objects reloaded= 0
========================================================================
Received Prepare
Begin MonoManager ReloadAssembly
Thread 0x16b0c7000 may have been prematurely finalized
Assembly Assembly-CSharp-Editor-firstpass.dll at Library/ScriptAssemblies/Assembly-CSharp-Editor-firstpass.dll not valid. Loading of assembly skipped.
Assembly Assembly-CSharp-Editor.dll at Library/ScriptAssemblies/Assembly-CSharp-Editor.dll not valid. Loading of assembly skipped.
Assembly Assembly-CSharp-firstpass.dll at Library/ScriptAssemblies/Assembly-CSharp-firstpass.dll not valid. Loading of assembly skipped.
Assembly PhotonWebSocket.dll at Library/ScriptAssemblies/PhotonWebSocket.dll not valid. Loading of assembly skipped.
Assembly TestNewCustomAssembly.dll at Library/ScriptAssemblies/TestNewCustomAssembly.dll not valid. Loading of assembly skipped.
Assembly Unity.AI.Navigation.Editor.Tests.dll at Library/ScriptAssemblies/Unity.AI.Navigation.Editor.Tests.dll not valid. Loading of assembly skipped.
Assembly Unity.AI.Navigation.LegacyOffMeshLink.Tests.dll at Library/ScriptAssemblies/Unity.AI.Navigation.LegacyOffMeshLink.Tests.dll not valid. Loading of assembly skipped.
Assembly Unity.AI.Navigation.Tests.dll at Library/ScriptAssemblies/Unity.AI.Navigation.Tests.dll not valid. Loading of assembly skipped.
Assembly Unity.AI.Navigation.Tests.EditorInPlaymode.dll at Library/ScriptAssemblies/Unity.AI.Navigation.Tests.EditorInPlaymode.dll not valid. Loading of assembly skipped.
Assembly Unity.InputSystem.IntegrationTests.dll at Library/ScriptAssemblies/Unity.InputSystem.IntegrationTests.dll not valid. Loading of assembly skipped.
Assembly Unity.Performance.Profile-Analyzer.EditorTests.dll at Library/ScriptAssemblies/Unity.Performance.Profile-Analyzer.EditorTests.dll not valid. Loading of assembly skipped.
Assembly Unity.Settings.Tests.dll at Library/ScriptAssemblies/Unity.Settings.Tests.dll not valid. Loading of assembly skipped.
Assembly Unity.TestTools.CodeCoverage.Editor.Compatibility.dll at Library/ScriptAssemblies/Unity.TestTools.CodeCoverage.Editor.Compatibility.dll not valid. Loading of assembly skipped.
Assembly Unity.TextMeshPro.Editor.Tests.dll at Library/ScriptAssemblies/Unity.TextMeshPro.Editor.Tests.dll not valid. Loading of assembly skipped.
Assembly Unity.TextMeshPro.Tests.dll at Library/ScriptAssemblies/Unity.TextMeshPro.Tests.dll not valid. Loading of assembly skipped.
Assembly UnityEditor.UI.Common.Tests.dll at Library/ScriptAssemblies/UnityEditor.UI.Common.Tests.dll not valid. Loading of assembly skipped.
Assembly UnityEditor.UI.EditorTests.dll at Library/ScriptAssemblies/UnityEditor.UI.EditorTests.dll not valid. Loading of assembly skipped.
Assembly UnityEngine.UI.Tests.dll at Library/ScriptAssemblies/UnityEngine.UI.Tests.dll not valid. Loading of assembly skipped.
'Assets/Photon/Quantum/Runtime/QuantumUnityRuntime.cs' contains partial class of Unity.Object, exactly 1 of the partial classes needs to be in a file with the same filename. This is to know the one that can be referenced from ie. GameObjects
'Assets/Photon/Quantum/Runtime/QuantumUnityRuntime.cs' contains partial class of Unity.Object, exactly 1 of the partial classes needs to be in a file with the same filename. This is to know the one that can be referenced from ie. GameObjects
'Assets/Photon/Quantum/Runtime/QuantumUnityRuntime.cs' contains partial class of Unity.Object, exactly 1 of the partial classes needs to be in a file with the same filename. This is to know the one that can be referenced from ie. GameObjects
'Assets/Photon/Quantum/Runtime/QuantumUnityRuntime.cs' contains partial class of Unity.Object, exactly 1 of the partial classes needs to be in a file with the same filename. This is to know the one that can be referenced from ie. GameObjects
'Assets/Photon/Quantum/Runtime/QuantumUnityRuntime.cs' contains partial class of Unity.Object, exactly 1 of the partial classes needs to be in a file with the same filename. This is to know the one that can be referenced from ie. GameObjects
'Assets/Photon/Quantum/Runtime/QuantumUnityRuntime.cs' contains partial class of Unity.Object, exactly 1 of the partial classes needs to be in a file with the same filename. This is to know the one that can be referenced from ie. GameObjects
'Assets/Photon/Quantum/Runtime/QuantumUnityRuntime.cs' contains partial class of Unity.Object, exactly 1 of the partial classes needs to be in a file with the same filename. This is to know the one that can be referenced from ie. GameObjects
'Assets/Photon/Quantum/Runtime/QuantumUnityRuntime.cs' contains partial class of Unity.Object, exactly 1 of the partial classes needs to be in a file with the same filename. This is to know the one that can be referenced from ie. GameObjects
'Assets/Photon/Quantum/Runtime/QuantumUnityRuntime.cs' contains partial class of Unity.Object, exactly 1 of the partial classes needs to be in a file with the same filename. This is to know the one that can be referenced from ie. GameObjects
'Assets/Photon/Quantum/Runtime/QuantumUnityRuntime.cs' contains partial class of Unity.Object, exactly 1 of the partial classes needs to be in a file with the same filename. This is to know the one that can be referenced from ie. GameObjects
'Assets/Photon/Quantum/Runtime/QuantumUnityRuntime.cs' contains partial class of Unity.Object, exactly 1 of the partial classes needs to be in a file with the same filename. This is to know the one that can be referenced from ie. GameObjects
Native extension for Android target not found
Native extension for OSXStandalone target not found
[Package Manager] Failed to launch server process. Reason: Unity was launched with the -noUpm command-line argument
[Package Manager] Unable to send message (not connected to server process).
[Package Manager] Cannot connect to Unity Package Manager local server
ScheduleIndexationOnStartup MainProcess:False IndexOnStartup:True
Mono: successfully reloaded assembly
- Finished resetting the current domain, in  0.519 seconds
Domain Reload Profiling: 884ms
	BeginReloadAssembly (86ms)
		DisableScriptedObjects (3ms)
		CreateAndSetChildDomain (24ms)
	RebuildCommonClasses (24ms)
	RebuildNativeTypeToScriptingClass (10ms)
	initialDomainReloadingComplete (40ms)
	LoadAllAssembliesAndSetupDomain (206ms)
		LoadAssemblies (123ms)
		AnalyzeDomain (108ms)
			TypeCache.Refresh (5ms)
			BuildScriptInfoCaches (97ms)
			ResolveRequiredComponents (5ms)
	FinalizeReload (519ms)
		SetupLoadedEditorAssemblies (0ms)
			InitializePlatformSupportModulesInManaged (4ms)
			BeforeProcessingInitializeOnLoad (85ms)
			ProcessInitializeOnLoadAttributes (281ms)
			ProcessInitializeOnLoadMethodAttributes (38ms)
Unloading 5 Unused Serialized files (Serialized files now loaded: 0)
Unloading 3685 unused Assets / (0.6 MB). Loaded Objects now: 4291.
Memory consumption went from 103.5 MB to 102.9 MB.
Total: 5.761500 ms (FindLiveObjects: 0.244000 ms CreateObjectMapping: 0.075000 ms MarkObjects: 4.734833 ms  DeleteObjects: 0.707375 ms)

Prepare: number of updated asset objects reloaded= 0
========================================================================
Received Prepare
Begin MonoManager ReloadAssembly
[Licensing::Client] Successfully resolved entitlement details
Thread 0x16b0c7000 may have been prematurely finalized
Assembly Assembly-CSharp-Editor-firstpass.dll at Library/ScriptAssemblies/Assembly-CSharp-Editor-firstpass.dll not valid. Loading of assembly skipped.
Assembly Assembly-CSharp-Editor.dll at Library/ScriptAssemblies/Assembly-CSharp-Editor.dll not valid. Loading of assembly skipped.
Assembly Assembly-CSharp-firstpass.dll at Library/ScriptAssemblies/Assembly-CSharp-firstpass.dll not valid. Loading of assembly skipped.
Assembly PhotonWebSocket.dll at Library/ScriptAssemblies/PhotonWebSocket.dll not valid. Loading of assembly skipped.
Assembly TestNewCustomAssembly.dll at Library/ScriptAssemblies/TestNewCustomAssembly.dll not valid. Loading of assembly skipped.
Assembly Unity.AI.Navigation.Editor.Tests.dll at Library/ScriptAssemblies/Unity.AI.Navigation.Editor.Tests.dll not valid. Loading of assembly skipped.
Assembly Unity.AI.Navigation.LegacyOffMeshLink.Tests.dll at Library/ScriptAssemblies/Unity.AI.Navigation.LegacyOffMeshLink.Tests.dll not valid. Loading of assembly skipped.
Assembly Unity.AI.Navigation.Tests.dll at Library/ScriptAssemblies/Unity.AI.Navigation.Tests.dll not valid. Loading of assembly skipped.
Assembly Unity.AI.Navigation.Tests.EditorInPlaymode.dll at Library/ScriptAssemblies/Unity.AI.Navigation.Tests.EditorInPlaymode.dll not valid. Loading of assembly skipped.
Assembly Unity.InputSystem.IntegrationTests.dll at Library/ScriptAssemblies/Unity.InputSystem.IntegrationTests.dll not valid. Loading of assembly skipped.
Assembly Unity.Performance.Profile-Analyzer.EditorTests.dll at Library/ScriptAssemblies/Unity.Performance.Profile-Analyzer.EditorTests.dll not valid. Loading of assembly skipped.
Assembly Unity.Settings.Tests.dll at Library/ScriptAssemblies/Unity.Settings.Tests.dll not valid. Loading of assembly skipped.
Assembly Unity.TestTools.CodeCoverage.Editor.Compatibility.dll at Library/ScriptAssemblies/Unity.TestTools.CodeCoverage.Editor.Compatibility.dll not valid. Loading of assembly skipped.
Assembly Unity.TextMeshPro.Editor.Tests.dll at Library/ScriptAssemblies/Unity.TextMeshPro.Editor.Tests.dll not valid. Loading of assembly skipped.
Assembly Unity.TextMeshPro.Tests.dll at Library/ScriptAssemblies/Unity.TextMeshPro.Tests.dll not valid. Loading of assembly skipped.
Assembly UnityEditor.UI.Common.Tests.dll at Library/ScriptAssemblies/UnityEditor.UI.Common.Tests.dll not valid. Loading of assembly skipped.
Assembly UnityEditor.UI.EditorTests.dll at Library/ScriptAssemblies/UnityEditor.UI.EditorTests.dll not valid. Loading of assembly skipped.
Assembly UnityEngine.UI.Tests.dll at Library/ScriptAssemblies/UnityEngine.UI.Tests.dll not valid. Loading of assembly skipped.
'Assets/Photon/Quantum/Runtime/QuantumUnityRuntime.cs' contains partial class of Unity.Object, exactly 1 of the partial classes needs to be in a file with the same filename. This is to know the one that can be referenced from ie. GameObjects
'Assets/Photon/Quantum/Runtime/QuantumUnityRuntime.cs' contains partial class of Unity.Object, exactly 1 of the partial classes needs to be in a file with the same filename. This is to know the one that can be referenced from ie. GameObjects
'Assets/Photon/Quantum/Runtime/QuantumUnityRuntime.cs' contains partial class of Unity.Object, exactly 1 of the partial classes needs to be in a file with the same filename. This is to know the one that can be referenced from ie. GameObjects
'Assets/Photon/Quantum/Runtime/QuantumUnityRuntime.cs' contains partial class of Unity.Object, exactly 1 of the partial classes needs to be in a file with the same filename. This is to know the one that can be referenced from ie. GameObjects
'Assets/Photon/Quantum/Runtime/QuantumUnityRuntime.cs' contains partial class of Unity.Object, exactly 1 of the partial classes needs to be in a file with the same filename. This is to know the one that can be referenced from ie. GameObjects
'Assets/Photon/Quantum/Runtime/QuantumUnityRuntime.cs' contains partial class of Unity.Object, exactly 1 of the partial classes needs to be in a file with the same filename. This is to know the one that can be referenced from ie. GameObjects
'Assets/Photon/Quantum/Runtime/QuantumUnityRuntime.cs' contains partial class of Unity.Object, exactly 1 of the partial classes needs to be in a file with the same filename. This is to know the one that can be referenced from ie. GameObjects
'Assets/Photon/Quantum/Runtime/QuantumUnityRuntime.cs' contains partial class of Unity.Object, exactly 1 of the partial classes needs to be in a file with the same filename. This is to know the one that can be referenced from ie. GameObjects
'Assets/Photon/Quantum/Runtime/QuantumUnityRuntime.cs' contains partial class of Unity.Object, exactly 1 of the partial classes needs to be in a file with the same filename. This is to know the one that can be referenced from ie. GameObjects
'Assets/Photon/Quantum/Runtime/QuantumUnityRuntime.cs' contains partial class of Unity.Object, exactly 1 of the partial classes needs to be in a file with the same filename. This is to know the one that can be referenced from ie. GameObjects
'Assets/Photon/Quantum/Runtime/QuantumUnityRuntime.cs' contains partial class of Unity.Object, exactly 1 of the partial classes needs to be in a file with the same filename. This is to know the one that can be referenced from ie. GameObjects
Native extension for Android target not found
Native extension for OSXStandalone target not found
[Package Manager] Failed to launch server process. Reason: Unity was launched with the -noUpm command-line argument
[Package Manager] Unable to send message (not connected to server process).
[Package Manager] Cannot connect to Unity Package Manager local server
ScheduleIndexationOnStartup MainProcess:False IndexOnStartup:True
Mono: successfully reloaded assembly
- Finished resetting the current domain, in  0.475 seconds
Domain Reload Profiling: 824ms
	BeginReloadAssembly (85ms)
		DisableScriptedObjects (3ms)
		CreateAndSetChildDomain (24ms)
	RebuildCommonClasses (23ms)
	RebuildNativeTypeToScriptingClass (10ms)
	initialDomainReloadingComplete (38ms)
	LoadAllAssembliesAndSetupDomain (193ms)
		LoadAssemblies (121ms)
		AnalyzeDomain (97ms)
			TypeCache.Refresh (5ms)
			BuildScriptInfoCaches (88ms)
			ResolveRequiredComponents (4ms)
	FinalizeReload (475ms)
		SetupLoadedEditorAssemblies (0ms)
			InitializePlatformSupportModulesInManaged (3ms)
			BeforeProcessingInitializeOnLoad (78ms)
			ProcessInitializeOnLoadAttributes (259ms)
			ProcessInitializeOnLoadMethodAttributes (37ms)
Unloading 5 Unused Serialized files (Serialized files now loaded: 0)
Unloading 3685 unused Assets / (1.0 MB). Loaded Objects now: 4291.
Memory consumption went from 103.5 MB to 102.5 MB.
Total: 5.562083 ms (FindLiveObjects: 0.201666 ms CreateObjectMapping: 0.075500 ms MarkObjects: 4.649375 ms  DeleteObjects: 0.635292 ms)

Prepare: number of updated asset objects reloaded= 0
========================================================================
Received Prepare
'Assets/Photon/Quantum/Runtime/QuantumUnityRuntime.cs' contains partial class of Unity.Object, exactly 1 of the partial classes needs to be in a file with the same filename. This is to know the one that can be referenced from ie. GameObjects
'Assets/Photon/Quantum/Runtime/QuantumUnityRuntime.cs' contains partial class of Unity.Object, exactly 1 of the partial classes needs to be in a file with the same filename. This is to know the one that can be referenced from ie. GameObjects
'Assets/Photon/Quantum/Runtime/QuantumUnityRuntime.cs' contains partial class of Unity.Object, exactly 1 of the partial classes needs to be in a file with the same filename. This is to know the one that can be referenced from ie. GameObjects
'Assets/Photon/Quantum/Runtime/QuantumUnityRuntime.cs' contains partial class of Unity.Object, exactly 1 of the partial classes needs to be in a file with the same filename. This is to know the one that can be referenced from ie. GameObjects
'Assets/Photon/Quantum/Runtime/QuantumUnityRuntime.cs' contains partial class of Unity.Object, exactly 1 of the partial classes needs to be in a file with the same filename. This is to know the one that can be referenced from ie. GameObjects
'Assets/Photon/Quantum/Runtime/QuantumUnityRuntime.cs' contains partial class of Unity.Object, exactly 1 of the partial classes needs to be in a file with the same filename. This is to know the one that can be referenced from ie. GameObjects
'Assets/Photon/Quantum/Runtime/QuantumUnityRuntime.cs' contains partial class of Unity.Object, exactly 1 of the partial classes needs to be in a file with the same filename. This is to know the one that can be referenced from ie. GameObjects
'Assets/Photon/Quantum/Runtime/QuantumUnityRuntime.cs' contains partial class of Unity.Object, exactly 1 of the partial classes needs to be in a file with the same filename. This is to know the one that can be referenced from ie. GameObjects
'Assets/Photon/Quantum/Runtime/QuantumUnityRuntime.cs' contains partial class of Unity.Object, exactly 1 of the partial classes needs to be in a file with the same filename. This is to know the one that can be referenced from ie. GameObjects
'Assets/Photon/Quantum/Runtime/QuantumUnityRuntime.cs' contains partial class of Unity.Object, exactly 1 of the partial classes needs to be in a file with the same filename. This is to know the one that can be referenced from ie. GameObjects
'Assets/Photon/Quantum/Runtime/QuantumUnityRuntime.cs' contains partial class of Unity.Object, exactly 1 of the partial classes needs to be in a file with the same filename. This is to know the one that can be referenced from ie. GameObjects
Unloading 5 Unused Serialized files (Serialized files now loaded: 0)
Unloading 3677 unused Assets / (1.3 MB). Loaded Objects now: 4291.
Memory consumption went from 91.9 MB to 90.6 MB.
Total: 5.572584 ms (FindLiveObjects: 0.184375 ms CreateObjectMapping: 0.069750 ms MarkObjects: 4.763125 ms  DeleteObjects: 0.554917 ms)

Prepare: number of updated asset objects reloaded= 0
========================================================================
Received Prepare
Begin MonoManager ReloadAssembly
[Licensing::Client] Successfully resolved entitlement details
Thread 0x16b0c7000 may have been prematurely finalized
Assembly Assembly-CSharp-Editor-firstpass.dll at Library/ScriptAssemblies/Assembly-CSharp-Editor-firstpass.dll not valid. Loading of assembly skipped.
Assembly Assembly-CSharp-Editor.dll at Library/ScriptAssemblies/Assembly-CSharp-Editor.dll not valid. Loading of assembly skipped.
Assembly Assembly-CSharp-firstpass.dll at Library/ScriptAssemblies/Assembly-CSharp-firstpass.dll not valid. Loading of assembly skipped.
Assembly PhotonWebSocket.dll at Library/ScriptAssemblies/PhotonWebSocket.dll not valid. Loading of assembly skipped.
Assembly TestNewCustomAssembly.dll at Library/ScriptAssemblies/TestNewCustomAssembly.dll not valid. Loading of assembly skipped.
Assembly Unity.AI.Navigation.Editor.Tests.dll at Library/ScriptAssemblies/Unity.AI.Navigation.Editor.Tests.dll not valid. Loading of assembly skipped.
Assembly Unity.AI.Navigation.LegacyOffMeshLink.Tests.dll at Library/ScriptAssemblies/Unity.AI.Navigation.LegacyOffMeshLink.Tests.dll not valid. Loading of assembly skipped.
Assembly Unity.AI.Navigation.Tests.dll at Library/ScriptAssemblies/Unity.AI.Navigation.Tests.dll not valid. Loading of assembly skipped.
Assembly Unity.AI.Navigation.Tests.EditorInPlaymode.dll at Library/ScriptAssemblies/Unity.AI.Navigation.Tests.EditorInPlaymode.dll not valid. Loading of assembly skipped.
Assembly Unity.InputSystem.IntegrationTests.dll at Library/ScriptAssemblies/Unity.InputSystem.IntegrationTests.dll not valid. Loading of assembly skipped.
Assembly Unity.Performance.Profile-Analyzer.EditorTests.dll at Library/ScriptAssemblies/Unity.Performance.Profile-Analyzer.EditorTests.dll not valid. Loading of assembly skipped.
Assembly Unity.Settings.Tests.dll at Library/ScriptAssemblies/Unity.Settings.Tests.dll not valid. Loading of assembly skipped.
Assembly Unity.TestTools.CodeCoverage.Editor.Compatibility.dll at Library/ScriptAssemblies/Unity.TestTools.CodeCoverage.Editor.Compatibility.dll not valid. Loading of assembly skipped.
Assembly Unity.TextMeshPro.Editor.Tests.dll at Library/ScriptAssemblies/Unity.TextMeshPro.Editor.Tests.dll not valid. Loading of assembly skipped.
Assembly Unity.TextMeshPro.Tests.dll at Library/ScriptAssemblies/Unity.TextMeshPro.Tests.dll not valid. Loading of assembly skipped.
Assembly UnityEditor.UI.Common.Tests.dll at Library/ScriptAssemblies/UnityEditor.UI.Common.Tests.dll not valid. Loading of assembly skipped.
Assembly UnityEditor.UI.EditorTests.dll at Library/ScriptAssemblies/UnityEditor.UI.EditorTests.dll not valid. Loading of assembly skipped.
Assembly UnityEngine.UI.Tests.dll at Library/ScriptAssemblies/UnityEngine.UI.Tests.dll not valid. Loading of assembly skipped.
'Assets/Photon/Quantum/Runtime/QuantumUnityRuntime.cs' contains partial class of Unity.Object, exactly 1 of the partial classes needs to be in a file with the same filename. This is to know the one that can be referenced from ie. GameObjects
'Assets/Photon/Quantum/Runtime/QuantumUnityRuntime.cs' contains partial class of Unity.Object, exactly 1 of the partial classes needs to be in a file with the same filename. This is to know the one that can be referenced from ie. GameObjects
'Assets/Photon/Quantum/Runtime/QuantumUnityRuntime.cs' contains partial class of Unity.Object, exactly 1 of the partial classes needs to be in a file with the same filename. This is to know the one that can be referenced from ie. GameObjects
'Assets/Photon/Quantum/Runtime/QuantumUnityRuntime.cs' contains partial class of Unity.Object, exactly 1 of the partial classes needs to be in a file with the same filename. This is to know the one that can be referenced from ie. GameObjects
'Assets/Photon/Quantum/Runtime/QuantumUnityRuntime.cs' contains partial class of Unity.Object, exactly 1 of the partial classes needs to be in a file with the same filename. This is to know the one that can be referenced from ie. GameObjects
'Assets/Photon/Quantum/Runtime/QuantumUnityRuntime.cs' contains partial class of Unity.Object, exactly 1 of the partial classes needs to be in a file with the same filename. This is to know the one that can be referenced from ie. GameObjects
'Assets/Photon/Quantum/Runtime/QuantumUnityRuntime.cs' contains partial class of Unity.Object, exactly 1 of the partial classes needs to be in a file with the same filename. This is to know the one that can be referenced from ie. GameObjects
'Assets/Photon/Quantum/Runtime/QuantumUnityRuntime.cs' contains partial class of Unity.Object, exactly 1 of the partial classes needs to be in a file with the same filename. This is to know the one that can be referenced from ie. GameObjects
'Assets/Photon/Quantum/Runtime/QuantumUnityRuntime.cs' contains partial class of Unity.Object, exactly 1 of the partial classes needs to be in a file with the same filename. This is to know the one that can be referenced from ie. GameObjects
'Assets/Photon/Quantum/Runtime/QuantumUnityRuntime.cs' contains partial class of Unity.Object, exactly 1 of the partial classes needs to be in a file with the same filename. This is to know the one that can be referenced from ie. GameObjects
'Assets/Photon/Quantum/Runtime/QuantumUnityRuntime.cs' contains partial class of Unity.Object, exactly 1 of the partial classes needs to be in a file with the same filename. This is to know the one that can be referenced from ie. GameObjects
Native extension for Android target not found
Native extension for OSXStandalone target not found
[Package Manager] Failed to launch server process. Reason: Unity was launched with the -noUpm command-line argument
[Package Manager] Unable to send message (not connected to server process).
[Package Manager] Cannot connect to Unity Package Manager local server
ScheduleIndexationOnStartup MainProcess:False IndexOnStartup:True
Mono: successfully reloaded assembly
- Finished resetting the current domain, in  0.537 seconds
Domain Reload Profiling: 905ms
	BeginReloadAssembly (89ms)
		DisableScriptedObjects (3ms)
		CreateAndSetChildDomain (25ms)
	RebuildCommonClasses (23ms)
	RebuildNativeTypeToScriptingClass (10ms)
	initialDomainReloadingComplete (39ms)
	LoadAllAssembliesAndSetupDomain (208ms)
		LoadAssemblies (129ms)
		AnalyzeDomain (105ms)
			TypeCache.Refresh (6ms)
			BuildScriptInfoCaches (93ms)
			ResolveRequiredComponents (4ms)
	FinalizeReload (537ms)
		SetupLoadedEditorAssemblies (0ms)
			InitializePlatformSupportModulesInManaged (4ms)
			BeforeProcessingInitializeOnLoad (89ms)
			ProcessInitializeOnLoadAttributes (295ms)
			ProcessInitializeOnLoadMethodAttributes (36ms)
Unloading 5 Unused Serialized files (Serialized files now loaded: 0)
Unloading 3685 unused Assets / (1.3 MB). Loaded Objects now: 4291.
Memory consumption went from 103.5 MB to 102.3 MB.
Total: 5.440667 ms (FindLiveObjects: 0.192500 ms CreateObjectMapping: 0.086042 ms MarkObjects: 4.593250 ms  DeleteObjects: 0.568542 ms)

Prepare: number of updated asset objects reloaded= 0
========================================================================
Received Prepare
Begin MonoManager ReloadAssembly
Thread 0x16b0c7000 may have been prematurely finalized
Assembly Assembly-CSharp-Editor-firstpass.dll at Library/ScriptAssemblies/Assembly-CSharp-Editor-firstpass.dll not valid. Loading of assembly skipped.
Assembly Assembly-CSharp-Editor.dll at Library/ScriptAssemblies/Assembly-CSharp-Editor.dll not valid. Loading of assembly skipped.
Assembly Assembly-CSharp-firstpass.dll at Library/ScriptAssemblies/Assembly-CSharp-firstpass.dll not valid. Loading of assembly skipped.
Assembly PhotonWebSocket.dll at Library/ScriptAssemblies/PhotonWebSocket.dll not valid. Loading of assembly skipped.
Assembly TestNewCustomAssembly.dll at Library/ScriptAssemblies/TestNewCustomAssembly.dll not valid. Loading of assembly skipped.
Assembly Unity.AI.Navigation.Editor.Tests.dll at Library/ScriptAssemblies/Unity.AI.Navigation.Editor.Tests.dll not valid. Loading of assembly skipped.
Assembly Unity.AI.Navigation.LegacyOffMeshLink.Tests.dll at Library/ScriptAssemblies/Unity.AI.Navigation.LegacyOffMeshLink.Tests.dll not valid. Loading of assembly skipped.
Assembly Unity.AI.Navigation.Tests.dll at Library/ScriptAssemblies/Unity.AI.Navigation.Tests.dll not valid. Loading of assembly skipped.
Assembly Unity.AI.Navigation.Tests.EditorInPlaymode.dll at Library/ScriptAssemblies/Unity.AI.Navigation.Tests.EditorInPlaymode.dll not valid. Loading of assembly skipped.
Assembly Unity.InputSystem.IntegrationTests.dll at Library/ScriptAssemblies/Unity.InputSystem.IntegrationTests.dll not valid. Loading of assembly skipped.
Assembly Unity.Performance.Profile-Analyzer.EditorTests.dll at Library/ScriptAssemblies/Unity.Performance.Profile-Analyzer.EditorTests.dll not valid. Loading of assembly skipped.
Assembly Unity.Settings.Tests.dll at Library/ScriptAssemblies/Unity.Settings.Tests.dll not valid. Loading of assembly skipped.
Assembly Unity.TestTools.CodeCoverage.Editor.Compatibility.dll at Library/ScriptAssemblies/Unity.TestTools.CodeCoverage.Editor.Compatibility.dll not valid. Loading of assembly skipped.
Assembly Unity.TextMeshPro.Editor.Tests.dll at Library/ScriptAssemblies/Unity.TextMeshPro.Editor.Tests.dll not valid. Loading of assembly skipped.
Assembly Unity.TextMeshPro.Tests.dll at Library/ScriptAssemblies/Unity.TextMeshPro.Tests.dll not valid. Loading of assembly skipped.
Assembly UnityEditor.UI.Common.Tests.dll at Library/ScriptAssemblies/UnityEditor.UI.Common.Tests.dll not valid. Loading of assembly skipped.
Assembly UnityEditor.UI.EditorTests.dll at Library/ScriptAssemblies/UnityEditor.UI.EditorTests.dll not valid. Loading of assembly skipped.
Assembly UnityEngine.UI.Tests.dll at Library/ScriptAssemblies/UnityEngine.UI.Tests.dll not valid. Loading of assembly skipped.
'Assets/Photon/Quantum/Runtime/QuantumUnityRuntime.cs' contains partial class of Unity.Object, exactly 1 of the partial classes needs to be in a file with the same filename. This is to know the one that can be referenced from ie. GameObjects
'Assets/Photon/Quantum/Runtime/QuantumUnityRuntime.cs' contains partial class of Unity.Object, exactly 1 of the partial classes needs to be in a file with the same filename. This is to know the one that can be referenced from ie. GameObjects
'Assets/Photon/Quantum/Runtime/QuantumUnityRuntime.cs' contains partial class of Unity.Object, exactly 1 of the partial classes needs to be in a file with the same filename. This is to know the one that can be referenced from ie. GameObjects
'Assets/Photon/Quantum/Runtime/QuantumUnityRuntime.cs' contains partial class of Unity.Object, exactly 1 of the partial classes needs to be in a file with the same filename. This is to know the one that can be referenced from ie. GameObjects
'Assets/Photon/Quantum/Runtime/QuantumUnityRuntime.cs' contains partial class of Unity.Object, exactly 1 of the partial classes needs to be in a file with the same filename. This is to know the one that can be referenced from ie. GameObjects
'Assets/Photon/Quantum/Runtime/QuantumUnityRuntime.cs' contains partial class of Unity.Object, exactly 1 of the partial classes needs to be in a file with the same filename. This is to know the one that can be referenced from ie. GameObjects
'Assets/Photon/Quantum/Runtime/QuantumUnityRuntime.cs' contains partial class of Unity.Object, exactly 1 of the partial classes needs to be in a file with the same filename. This is to know the one that can be referenced from ie. GameObjects
'Assets/Photon/Quantum/Runtime/QuantumUnityRuntime.cs' contains partial class of Unity.Object, exactly 1 of the partial classes needs to be in a file with the same filename. This is to know the one that can be referenced from ie. GameObjects
'Assets/Photon/Quantum/Runtime/QuantumUnityRuntime.cs' contains partial class of Unity.Object, exactly 1 of the partial classes needs to be in a file with the same filename. This is to know the one that can be referenced from ie. GameObjects
'Assets/Photon/Quantum/Runtime/QuantumUnityRuntime.cs' contains partial class of Unity.Object, exactly 1 of the partial classes needs to be in a file with the same filename. This is to know the one that can be referenced from ie. GameObjects
'Assets/Photon/Quantum/Runtime/QuantumUnityRuntime.cs' contains partial class of Unity.Object, exactly 1 of the partial classes needs to be in a file with the same filename. This is to know the one that can be referenced from ie. GameObjects
Native extension for Android target not found
Native extension for OSXStandalone target not found
[Package Manager] Failed to launch server process. Reason: Unity was launched with the -noUpm command-line argument
[Package Manager] Unable to send message (not connected to server process).
[Package Manager] Cannot connect to Unity Package Manager local server
ScheduleIndexationOnStartup MainProcess:False IndexOnStartup:True
Mono: successfully reloaded assembly
- Finished resetting the current domain, in  0.507 seconds
Domain Reload Profiling: 860ms
	BeginReloadAssembly (81ms)
		DisableScriptedObjects (3ms)
		CreateAndSetChildDomain (23ms)
	RebuildCommonClasses (23ms)
	RebuildNativeTypeToScriptingClass (10ms)
	initialDomainReloadingComplete (38ms)
	LoadAllAssembliesAndSetupDomain (201ms)
		LoadAssemblies (123ms)
		AnalyzeDomain (102ms)
			TypeCache.Refresh (5ms)
			BuildScriptInfoCaches (91ms)
			ResolveRequiredComponents (4ms)
	FinalizeReload (507ms)
		SetupLoadedEditorAssemblies (0ms)
			InitializePlatformSupportModulesInManaged (4ms)
			BeforeProcessingInitializeOnLoad (82ms)
			ProcessInitializeOnLoadAttributes (283ms)
			ProcessInitializeOnLoadMethodAttributes (39ms)
Unloading 5 Unused Serialized files (Serialized files now loaded: 0)
Unloading 3685 unused Assets / (1.1 MB). Loaded Objects now: 4291.
Memory consumption went from 103.5 MB to 102.4 MB.
Total: 5.594875 ms (FindLiveObjects: 0.189875 ms CreateObjectMapping: 0.076000 ms MarkObjects: 4.640250 ms  DeleteObjects: 0.688459 ms)

Prepare: number of updated asset objects reloaded= 0
========================================================================
Received Prepare
Begin MonoManager ReloadAssembly
[Licensing::Client] Successfully resolved entitlement details
Thread 0x16b0c7000 may have been prematurely finalized
Assembly Assembly-CSharp-Editor-firstpass.dll at Library/ScriptAssemblies/Assembly-CSharp-Editor-firstpass.dll not valid. Loading of assembly skipped.
Assembly Assembly-CSharp-Editor.dll at Library/ScriptAssemblies/Assembly-CSharp-Editor.dll not valid. Loading of assembly skipped.
Assembly Assembly-CSharp-firstpass.dll at Library/ScriptAssemblies/Assembly-CSharp-firstpass.dll not valid. Loading of assembly skipped.
Assembly PhotonWebSocket.dll at Library/ScriptAssemblies/PhotonWebSocket.dll not valid. Loading of assembly skipped.
Assembly TestNewCustomAssembly.dll at Library/ScriptAssemblies/TestNewCustomAssembly.dll not valid. Loading of assembly skipped.
Assembly Unity.AI.Navigation.Editor.Tests.dll at Library/ScriptAssemblies/Unity.AI.Navigation.Editor.Tests.dll not valid. Loading of assembly skipped.
Assembly Unity.AI.Navigation.LegacyOffMeshLink.Tests.dll at Library/ScriptAssemblies/Unity.AI.Navigation.LegacyOffMeshLink.Tests.dll not valid. Loading of assembly skipped.
Assembly Unity.AI.Navigation.Tests.dll at Library/ScriptAssemblies/Unity.AI.Navigation.Tests.dll not valid. Loading of assembly skipped.
Assembly Unity.AI.Navigation.Tests.EditorInPlaymode.dll at Library/ScriptAssemblies/Unity.AI.Navigation.Tests.EditorInPlaymode.dll not valid. Loading of assembly skipped.
Assembly Unity.InputSystem.IntegrationTests.dll at Library/ScriptAssemblies/Unity.InputSystem.IntegrationTests.dll not valid. Loading of assembly skipped.
Assembly Unity.Performance.Profile-Analyzer.EditorTests.dll at Library/ScriptAssemblies/Unity.Performance.Profile-Analyzer.EditorTests.dll not valid. Loading of assembly skipped.
Assembly Unity.Settings.Tests.dll at Library/ScriptAssemblies/Unity.Settings.Tests.dll not valid. Loading of assembly skipped.
Assembly Unity.TestTools.CodeCoverage.Editor.Compatibility.dll at Library/ScriptAssemblies/Unity.TestTools.CodeCoverage.Editor.Compatibility.dll not valid. Loading of assembly skipped.
Assembly Unity.TextMeshPro.Editor.Tests.dll at Library/ScriptAssemblies/Unity.TextMeshPro.Editor.Tests.dll not valid. Loading of assembly skipped.
Assembly Unity.TextMeshPro.Tests.dll at Library/ScriptAssemblies/Unity.TextMeshPro.Tests.dll not valid. Loading of assembly skipped.
Assembly UnityEditor.UI.Common.Tests.dll at Library/ScriptAssemblies/UnityEditor.UI.Common.Tests.dll not valid. Loading of assembly skipped.
Assembly UnityEditor.UI.EditorTests.dll at Library/ScriptAssemblies/UnityEditor.UI.EditorTests.dll not valid. Loading of assembly skipped.
Assembly UnityEngine.UI.Tests.dll at Library/ScriptAssemblies/UnityEngine.UI.Tests.dll not valid. Loading of assembly skipped.
'Assets/Photon/Quantum/Runtime/QuantumUnityRuntime.cs' contains partial class of Unity.Object, exactly 1 of the partial classes needs to be in a file with the same filename. This is to know the one that can be referenced from ie. GameObjects
'Assets/Photon/Quantum/Runtime/QuantumUnityRuntime.cs' contains partial class of Unity.Object, exactly 1 of the partial classes needs to be in a file with the same filename. This is to know the one that can be referenced from ie. GameObjects
'Assets/Photon/Quantum/Runtime/QuantumUnityRuntime.cs' contains partial class of Unity.Object, exactly 1 of the partial classes needs to be in a file with the same filename. This is to know the one that can be referenced from ie. GameObjects
'Assets/Photon/Quantum/Runtime/QuantumUnityRuntime.cs' contains partial class of Unity.Object, exactly 1 of the partial classes needs to be in a file with the same filename. This is to know the one that can be referenced from ie. GameObjects
'Assets/Photon/Quantum/Runtime/QuantumUnityRuntime.cs' contains partial class of Unity.Object, exactly 1 of the partial classes needs to be in a file with the same filename. This is to know the one that can be referenced from ie. GameObjects
'Assets/Photon/Quantum/Runtime/QuantumUnityRuntime.cs' contains partial class of Unity.Object, exactly 1 of the partial classes needs to be in a file with the same filename. This is to know the one that can be referenced from ie. GameObjects
'Assets/Photon/Quantum/Runtime/QuantumUnityRuntime.cs' contains partial class of Unity.Object, exactly 1 of the partial classes needs to be in a file with the same filename. This is to know the one that can be referenced from ie. GameObjects
'Assets/Photon/Quantum/Runtime/QuantumUnityRuntime.cs' contains partial class of Unity.Object, exactly 1 of the partial classes needs to be in a file with the same filename. This is to know the one that can be referenced from ie. GameObjects
'Assets/Photon/Quantum/Runtime/QuantumUnityRuntime.cs' contains partial class of Unity.Object, exactly 1 of the partial classes needs to be in a file with the same filename. This is to know the one that can be referenced from ie. GameObjects
'Assets/Photon/Quantum/Runtime/QuantumUnityRuntime.cs' contains partial class of Unity.Object, exactly 1 of the partial classes needs to be in a file with the same filename. This is to know the one that can be referenced from ie. GameObjects
'Assets/Photon/Quantum/Runtime/QuantumUnityRuntime.cs' contains partial class of Unity.Object, exactly 1 of the partial classes needs to be in a file with the same filename. This is to know the one that can be referenced from ie. GameObjects
Native extension for Android target not found
Native extension for OSXStandalone target not found
[Package Manager] Failed to launch server process. Reason: Unity was launched with the -noUpm command-line argument
[Package Manager] Unable to send message (not connected to server process).
[Package Manager] Cannot connect to Unity Package Manager local server
ScheduleIndexationOnStartup MainProcess:False IndexOnStartup:True
Mono: successfully reloaded assembly
- Finished resetting the current domain, in  0.503 seconds
Domain Reload Profiling: 863ms
	BeginReloadAssembly (82ms)
		DisableScriptedObjects (3ms)
		CreateAndSetChildDomain (24ms)
	RebuildCommonClasses (24ms)
	RebuildNativeTypeToScriptingClass (10ms)
	initialDomainReloadingComplete (39ms)
	LoadAllAssembliesAndSetupDomain (204ms)
		LoadAssemblies (120ms)
		AnalyzeDomain (108ms)
			TypeCache.Refresh (14ms)
				TypeCache.ScanAssembly (7ms)
			BuildScriptInfoCaches (89ms)
			ResolveRequiredComponents (4ms)
	FinalizeReload (503ms)
		SetupLoadedEditorAssemblies (0ms)
			InitializePlatformSupportModulesInManaged (4ms)
			BeforeProcessingInitializeOnLoad (87ms)
			ProcessInitializeOnLoadAttributes (267ms)
			ProcessInitializeOnLoadMethodAttributes (35ms)
Unloading 5 Unused Serialized files (Serialized files now loaded: 0)
Unloading 3685 unused Assets / (1.2 MB). Loaded Objects now: 4291.
Memory consumption went from 103.6 MB to 102.4 MB.
Total: 5.033250 ms (FindLiveObjects: 0.170958 ms CreateObjectMapping: 0.094125 ms MarkObjects: 4.263583 ms  DeleteObjects: 0.504125 ms)

Prepare: number of updated asset objects reloaded= 0
========================================================================
Received Prepare
Begin MonoManager ReloadAssembly
Thread 0x16b0c7000 may have been prematurely finalized
Assembly Assembly-CSharp-Editor-firstpass.dll at Library/ScriptAssemblies/Assembly-CSharp-Editor-firstpass.dll not valid. Loading of assembly skipped.
Assembly Assembly-CSharp-Editor.dll at Library/ScriptAssemblies/Assembly-CSharp-Editor.dll not valid. Loading of assembly skipped.
Assembly Assembly-CSharp-firstpass.dll at Library/ScriptAssemblies/Assembly-CSharp-firstpass.dll not valid. Loading of assembly skipped.
Assembly PhotonWebSocket.dll at Library/ScriptAssemblies/PhotonWebSocket.dll not valid. Loading of assembly skipped.
Assembly TestNewCustomAssembly.dll at Library/ScriptAssemblies/TestNewCustomAssembly.dll not valid. Loading of assembly skipped.
Assembly Unity.AI.Navigation.Editor.Tests.dll at Library/ScriptAssemblies/Unity.AI.Navigation.Editor.Tests.dll not valid. Loading of assembly skipped.
Assembly Unity.AI.Navigation.LegacyOffMeshLink.Tests.dll at Library/ScriptAssemblies/Unity.AI.Navigation.LegacyOffMeshLink.Tests.dll not valid. Loading of assembly skipped.
Assembly Unity.AI.Navigation.Tests.dll at Library/ScriptAssemblies/Unity.AI.Navigation.Tests.dll not valid. Loading of assembly skipped.
Assembly Unity.AI.Navigation.Tests.EditorInPlaymode.dll at Library/ScriptAssemblies/Unity.AI.Navigation.Tests.EditorInPlaymode.dll not valid. Loading of assembly skipped.
Assembly Unity.InputSystem.IntegrationTests.dll at Library/ScriptAssemblies/Unity.InputSystem.IntegrationTests.dll not valid. Loading of assembly skipped.
Assembly Unity.Performance.Profile-Analyzer.EditorTests.dll at Library/ScriptAssemblies/Unity.Performance.Profile-Analyzer.EditorTests.dll not valid. Loading of assembly skipped.
Assembly Unity.Settings.Tests.dll at Library/ScriptAssemblies/Unity.Settings.Tests.dll not valid. Loading of assembly skipped.
Assembly Unity.TestTools.CodeCoverage.Editor.Compatibility.dll at Library/ScriptAssemblies/Unity.TestTools.CodeCoverage.Editor.Compatibility.dll not valid. Loading of assembly skipped.
Assembly Unity.TextMeshPro.Editor.Tests.dll at Library/ScriptAssemblies/Unity.TextMeshPro.Editor.Tests.dll not valid. Loading of assembly skipped.
Assembly Unity.TextMeshPro.Tests.dll at Library/ScriptAssemblies/Unity.TextMeshPro.Tests.dll not valid. Loading of assembly skipped.
Assembly UnityEditor.UI.Common.Tests.dll at Library/ScriptAssemblies/UnityEditor.UI.Common.Tests.dll not valid. Loading of assembly skipped.
Assembly UnityEditor.UI.EditorTests.dll at Library/ScriptAssemblies/UnityEditor.UI.EditorTests.dll not valid. Loading of assembly skipped.
Assembly UnityEngine.UI.Tests.dll at Library/ScriptAssemblies/UnityEngine.UI.Tests.dll not valid. Loading of assembly skipped.
'Assets/Photon/Quantum/Runtime/QuantumUnityRuntime.cs' contains partial class of Unity.Object, exactly 1 of the partial classes needs to be in a file with the same filename. This is to know the one that can be referenced from ie. GameObjects
'Assets/Photon/Quantum/Runtime/QuantumUnityRuntime.cs' contains partial class of Unity.Object, exactly 1 of the partial classes needs to be in a file with the same filename. This is to know the one that can be referenced from ie. GameObjects
'Assets/Photon/Quantum/Runtime/QuantumUnityRuntime.cs' contains partial class of Unity.Object, exactly 1 of the partial classes needs to be in a file with the same filename. This is to know the one that can be referenced from ie. GameObjects
'Assets/Photon/Quantum/Runtime/QuantumUnityRuntime.cs' contains partial class of Unity.Object, exactly 1 of the partial classes needs to be in a file with the same filename. This is to know the one that can be referenced from ie. GameObjects
'Assets/Photon/Quantum/Runtime/QuantumUnityRuntime.cs' contains partial class of Unity.Object, exactly 1 of the partial classes needs to be in a file with the same filename. This is to know the one that can be referenced from ie. GameObjects
'Assets/Photon/Quantum/Runtime/QuantumUnityRuntime.cs' contains partial class of Unity.Object, exactly 1 of the partial classes needs to be in a file with the same filename. This is to know the one that can be referenced from ie. GameObjects
'Assets/Photon/Quantum/Runtime/QuantumUnityRuntime.cs' contains partial class of Unity.Object, exactly 1 of the partial classes needs to be in a file with the same filename. This is to know the one that can be referenced from ie. GameObjects
'Assets/Photon/Quantum/Runtime/QuantumUnityRuntime.cs' contains partial class of Unity.Object, exactly 1 of the partial classes needs to be in a file with the same filename. This is to know the one that can be referenced from ie. GameObjects
'Assets/Photon/Quantum/Runtime/QuantumUnityRuntime.cs' contains partial class of Unity.Object, exactly 1 of the partial classes needs to be in a file with the same filename. This is to know the one that can be referenced from ie. GameObjects
'Assets/Photon/Quantum/Runtime/QuantumUnityRuntime.cs' contains partial class of Unity.Object, exactly 1 of the partial classes needs to be in a file with the same filename. This is to know the one that can be referenced from ie. GameObjects
'Assets/Photon/Quantum/Runtime/QuantumUnityRuntime.cs' contains partial class of Unity.Object, exactly 1 of the partial classes needs to be in a file with the same filename. This is to know the one that can be referenced from ie. GameObjects
Native extension for Android target not found
Native extension for OSXStandalone target not found
[Package Manager] Failed to launch server process. Reason: Unity was launched with the -noUpm command-line argument
[Package Manager] Unable to send message (not connected to server process).
[Package Manager] Cannot connect to Unity Package Manager local server
ScheduleIndexationOnStartup MainProcess:False IndexOnStartup:True
Mono: successfully reloaded assembly
- Finished resetting the current domain, in  0.498 seconds
Domain Reload Profiling: 854ms
	BeginReloadAssembly (82ms)
		DisableScriptedObjects (3ms)
		CreateAndSetChildDomain (22ms)
	RebuildCommonClasses (24ms)
	RebuildNativeTypeToScriptingClass (11ms)
	initialDomainReloadingComplete (38ms)
	LoadAllAssembliesAndSetupDomain (201ms)
		LoadAssemblies (124ms)
		AnalyzeDomain (102ms)
			TypeCache.Refresh (5ms)
			BuildScriptInfoCaches (92ms)
			ResolveRequiredComponents (4ms)
	FinalizeReload (498ms)
		SetupLoadedEditorAssemblies (0ms)
			InitializePlatformSupportModulesInManaged (4ms)
			BeforeProcessingInitializeOnLoad (79ms)
			ProcessInitializeOnLoadAttributes (271ms)
			ProcessInitializeOnLoadMethodAttributes (40ms)
Unloading 5 Unused Serialized files (Serialized files now loaded: 0)
Unloading 3685 unused Assets / (0.9 MB). Loaded Objects now: 4291.
Memory consumption went from 103.6 MB to 102.6 MB.
Total: 5.464250 ms (FindLiveObjects: 0.176125 ms CreateObjectMapping: 0.070500 ms MarkObjects: 4.617125 ms  DeleteObjects: 0.599834 ms)

Prepare: number of updated asset objects reloaded= 0
========================================================================
Received Prepare
'Assets/Photon/Quantum/Runtime/QuantumUnityRuntime.cs' contains partial class of Unity.Object, exactly 1 of the partial classes needs to be in a file with the same filename. This is to know the one that can be referenced from ie. GameObjects
'Assets/Photon/Quantum/Runtime/QuantumUnityRuntime.cs' contains partial class of Unity.Object, exactly 1 of the partial classes needs to be in a file with the same filename. This is to know the one that can be referenced from ie. GameObjects
'Assets/Photon/Quantum/Runtime/QuantumUnityRuntime.cs' contains partial class of Unity.Object, exactly 1 of the partial classes needs to be in a file with the same filename. This is to know the one that can be referenced from ie. GameObjects
'Assets/Photon/Quantum/Runtime/QuantumUnityRuntime.cs' contains partial class of Unity.Object, exactly 1 of the partial classes needs to be in a file with the same filename. This is to know the one that can be referenced from ie. GameObjects
'Assets/Photon/Quantum/Runtime/QuantumUnityRuntime.cs' contains partial class of Unity.Object, exactly 1 of the partial classes needs to be in a file with the same filename. This is to know the one that can be referenced from ie. GameObjects
'Assets/Photon/Quantum/Runtime/QuantumUnityRuntime.cs' contains partial class of Unity.Object, exactly 1 of the partial classes needs to be in a file with the same filename. This is to know the one that can be referenced from ie. GameObjects
'Assets/Photon/Quantum/Runtime/QuantumUnityRuntime.cs' contains partial class of Unity.Object, exactly 1 of the partial classes needs to be in a file with the same filename. This is to know the one that can be referenced from ie. GameObjects
'Assets/Photon/Quantum/Runtime/QuantumUnityRuntime.cs' contains partial class of Unity.Object, exactly 1 of the partial classes needs to be in a file with the same filename. This is to know the one that can be referenced from ie. GameObjects
'Assets/Photon/Quantum/Runtime/QuantumUnityRuntime.cs' contains partial class of Unity.Object, exactly 1 of the partial classes needs to be in a file with the same filename. This is to know the one that can be referenced from ie. GameObjects
'Assets/Photon/Quantum/Runtime/QuantumUnityRuntime.cs' contains partial class of Unity.Object, exactly 1 of the partial classes needs to be in a file with the same filename. This is to know the one that can be referenced from ie. GameObjects
'Assets/Photon/Quantum/Runtime/QuantumUnityRuntime.cs' contains partial class of Unity.Object, exactly 1 of the partial classes needs to be in a file with the same filename. This is to know the one that can be referenced from ie. GameObjects
Unloading 5 Unused Serialized files (Serialized files now loaded: 0)
Unloading 3677 unused Assets / (1.1 MB). Loaded Objects now: 4291.
Memory consumption went from 91.9 MB to 90.8 MB.
Total: 5.280250 ms (FindLiveObjects: 0.193792 ms CreateObjectMapping: 0.070708 ms MarkObjects: 4.431625 ms  DeleteObjects: 0.583250 ms)

Prepare: number of updated asset objects reloaded= 0
========================================================================
Received Prepare
Begin MonoManager ReloadAssembly
[Licensing::Client] Successfully resolved entitlement details
Thread 0x16b0c7000 may have been prematurely finalized
Assembly Assembly-CSharp-Editor-firstpass.dll at Library/ScriptAssemblies/Assembly-CSharp-Editor-firstpass.dll not valid. Loading of assembly skipped.
Assembly Assembly-CSharp-Editor.dll at Library/ScriptAssemblies/Assembly-CSharp-Editor.dll not valid. Loading of assembly skipped.
Assembly Assembly-CSharp-firstpass.dll at Library/ScriptAssemblies/Assembly-CSharp-firstpass.dll not valid. Loading of assembly skipped.
Assembly PhotonWebSocket.dll at Library/ScriptAssemblies/PhotonWebSocket.dll not valid. Loading of assembly skipped.
Assembly TestNewCustomAssembly.dll at Library/ScriptAssemblies/TestNewCustomAssembly.dll not valid. Loading of assembly skipped.
Assembly Unity.AI.Navigation.Editor.Tests.dll at Library/ScriptAssemblies/Unity.AI.Navigation.Editor.Tests.dll not valid. Loading of assembly skipped.
Assembly Unity.AI.Navigation.LegacyOffMeshLink.Tests.dll at Library/ScriptAssemblies/Unity.AI.Navigation.LegacyOffMeshLink.Tests.dll not valid. Loading of assembly skipped.
Assembly Unity.AI.Navigation.Tests.dll at Library/ScriptAssemblies/Unity.AI.Navigation.Tests.dll not valid. Loading of assembly skipped.
Assembly Unity.AI.Navigation.Tests.EditorInPlaymode.dll at Library/ScriptAssemblies/Unity.AI.Navigation.Tests.EditorInPlaymode.dll not valid. Loading of assembly skipped.
Assembly Unity.InputSystem.IntegrationTests.dll at Library/ScriptAssemblies/Unity.InputSystem.IntegrationTests.dll not valid. Loading of assembly skipped.
Assembly Unity.Performance.Profile-Analyzer.EditorTests.dll at Library/ScriptAssemblies/Unity.Performance.Profile-Analyzer.EditorTests.dll not valid. Loading of assembly skipped.
Assembly Unity.Settings.Tests.dll at Library/ScriptAssemblies/Unity.Settings.Tests.dll not valid. Loading of assembly skipped.
Assembly Unity.TestTools.CodeCoverage.Editor.Compatibility.dll at Library/ScriptAssemblies/Unity.TestTools.CodeCoverage.Editor.Compatibility.dll not valid. Loading of assembly skipped.
Assembly Unity.TextMeshPro.Editor.Tests.dll at Library/ScriptAssemblies/Unity.TextMeshPro.Editor.Tests.dll not valid. Loading of assembly skipped.
Assembly Unity.TextMeshPro.Tests.dll at Library/ScriptAssemblies/Unity.TextMeshPro.Tests.dll not valid. Loading of assembly skipped.
Assembly UnityEditor.UI.Common.Tests.dll at Library/ScriptAssemblies/UnityEditor.UI.Common.Tests.dll not valid. Loading of assembly skipped.
Assembly UnityEditor.UI.EditorTests.dll at Library/ScriptAssemblies/UnityEditor.UI.EditorTests.dll not valid. Loading of assembly skipped.
Assembly UnityEngine.UI.Tests.dll at Library/ScriptAssemblies/UnityEngine.UI.Tests.dll not valid. Loading of assembly skipped.
'Assets/Photon/Quantum/Runtime/QuantumUnityRuntime.cs' contains partial class of Unity.Object, exactly 1 of the partial classes needs to be in a file with the same filename. This is to know the one that can be referenced from ie. GameObjects
'Assets/Photon/Quantum/Runtime/QuantumUnityRuntime.cs' contains partial class of Unity.Object, exactly 1 of the partial classes needs to be in a file with the same filename. This is to know the one that can be referenced from ie. GameObjects
'Assets/Photon/Quantum/Runtime/QuantumUnityRuntime.cs' contains partial class of Unity.Object, exactly 1 of the partial classes needs to be in a file with the same filename. This is to know the one that can be referenced from ie. GameObjects
'Assets/Photon/Quantum/Runtime/QuantumUnityRuntime.cs' contains partial class of Unity.Object, exactly 1 of the partial classes needs to be in a file with the same filename. This is to know the one that can be referenced from ie. GameObjects
'Assets/Photon/Quantum/Runtime/QuantumUnityRuntime.cs' contains partial class of Unity.Object, exactly 1 of the partial classes needs to be in a file with the same filename. This is to know the one that can be referenced from ie. GameObjects
'Assets/Photon/Quantum/Runtime/QuantumUnityRuntime.cs' contains partial class of Unity.Object, exactly 1 of the partial classes needs to be in a file with the same filename. This is to know the one that can be referenced from ie. GameObjects
'Assets/Photon/Quantum/Runtime/QuantumUnityRuntime.cs' contains partial class of Unity.Object, exactly 1 of the partial classes needs to be in a file with the same filename. This is to know the one that can be referenced from ie. GameObjects
'Assets/Photon/Quantum/Runtime/QuantumUnityRuntime.cs' contains partial class of Unity.Object, exactly 1 of the partial classes needs to be in a file with the same filename. This is to know the one that can be referenced from ie. GameObjects
'Assets/Photon/Quantum/Runtime/QuantumUnityRuntime.cs' contains partial class of Unity.Object, exactly 1 of the partial classes needs to be in a file with the same filename. This is to know the one that can be referenced from ie. GameObjects
'Assets/Photon/Quantum/Runtime/QuantumUnityRuntime.cs' contains partial class of Unity.Object, exactly 1 of the partial classes needs to be in a file with the same filename. This is to know the one that can be referenced from ie. GameObjects
'Assets/Photon/Quantum/Runtime/QuantumUnityRuntime.cs' contains partial class of Unity.Object, exactly 1 of the partial classes needs to be in a file with the same filename. This is to know the one that can be referenced from ie. GameObjects
Native extension for Android target not found
Native extension for OSXStandalone target not found
[Package Manager] Failed to launch server process. Reason: Unity was launched with the -noUpm command-line argument
[Package Manager] Unable to send message (not connected to server process).
[Package Manager] Cannot connect to Unity Package Manager local server
ScheduleIndexationOnStartup MainProcess:False IndexOnStartup:True
Mono: successfully reloaded assembly
- Finished resetting the current domain, in  0.543 seconds
Domain Reload Profiling: 906ms
	BeginReloadAssembly (91ms)
		DisableScriptedObjects (3ms)
		CreateAndSetChildDomain (25ms)
	RebuildCommonClasses (24ms)
	RebuildNativeTypeToScriptingClass (10ms)
	initialDomainReloadingComplete (41ms)
	LoadAllAssembliesAndSetupDomain (197ms)
		LoadAssemblies (122ms)
		AnalyzeDomain (101ms)
			TypeCache.Refresh (6ms)
			BuildScriptInfoCaches (89ms)
			ResolveRequiredComponents (4ms)
	FinalizeReload (543ms)
		SetupLoadedEditorAssemblies (0ms)
			InitializePlatformSupportModulesInManaged (4ms)
			BeforeProcessingInitializeOnLoad (89ms)
			ProcessInitializeOnLoadAttributes (305ms)
			ProcessInitializeOnLoadMethodAttributes (34ms)
Unloading 5 Unused Serialized files (Serialized files now loaded: 0)
Unloading 3685 unused Assets / (1.1 MB). Loaded Objects now: 4291.
Memory consumption went from 103.6 MB to 102.4 MB.
Total: 5.123292 ms (FindLiveObjects: 0.189583 ms CreateObjectMapping: 0.073084 ms MarkObjects: 4.362083 ms  DeleteObjects: 0.498000 ms)

Prepare: number of updated asset objects reloaded= 0
========================================================================
Received Prepare
Begin MonoManager ReloadAssembly
[Licensing::Client] Successfully resolved entitlement details
Thread 0x16b0c7000 may have been prematurely finalized
Assembly Assembly-CSharp-Editor-firstpass.dll at Library/ScriptAssemblies/Assembly-CSharp-Editor-firstpass.dll not valid. Loading of assembly skipped.
Assembly Assembly-CSharp-Editor.dll at Library/ScriptAssemblies/Assembly-CSharp-Editor.dll not valid. Loading of assembly skipped.
Assembly Assembly-CSharp-firstpass.dll at Library/ScriptAssemblies/Assembly-CSharp-firstpass.dll not valid. Loading of assembly skipped.
Assembly PhotonWebSocket.dll at Library/ScriptAssemblies/PhotonWebSocket.dll not valid. Loading of assembly skipped.
Assembly TestNewCustomAssembly.dll at Library/ScriptAssemblies/TestNewCustomAssembly.dll not valid. Loading of assembly skipped.
Assembly Unity.AI.Navigation.Editor.Tests.dll at Library/ScriptAssemblies/Unity.AI.Navigation.Editor.Tests.dll not valid. Loading of assembly skipped.
Assembly Unity.AI.Navigation.LegacyOffMeshLink.Tests.dll at Library/ScriptAssemblies/Unity.AI.Navigation.LegacyOffMeshLink.Tests.dll not valid. Loading of assembly skipped.
Assembly Unity.AI.Navigation.Tests.dll at Library/ScriptAssemblies/Unity.AI.Navigation.Tests.dll not valid. Loading of assembly skipped.
Assembly Unity.AI.Navigation.Tests.EditorInPlaymode.dll at Library/ScriptAssemblies/Unity.AI.Navigation.Tests.EditorInPlaymode.dll not valid. Loading of assembly skipped.
Assembly Unity.InputSystem.IntegrationTests.dll at Library/ScriptAssemblies/Unity.InputSystem.IntegrationTests.dll not valid. Loading of assembly skipped.
Assembly Unity.Performance.Profile-Analyzer.EditorTests.dll at Library/ScriptAssemblies/Unity.Performance.Profile-Analyzer.EditorTests.dll not valid. Loading of assembly skipped.
Assembly Unity.Settings.Tests.dll at Library/ScriptAssemblies/Unity.Settings.Tests.dll not valid. Loading of assembly skipped.
Assembly Unity.TestTools.CodeCoverage.Editor.Compatibility.dll at Library/ScriptAssemblies/Unity.TestTools.CodeCoverage.Editor.Compatibility.dll not valid. Loading of assembly skipped.
Assembly Unity.TextMeshPro.Editor.Tests.dll at Library/ScriptAssemblies/Unity.TextMeshPro.Editor.Tests.dll not valid. Loading of assembly skipped.
Assembly Unity.TextMeshPro.Tests.dll at Library/ScriptAssemblies/Unity.TextMeshPro.Tests.dll not valid. Loading of assembly skipped.
Assembly UnityEditor.UI.Common.Tests.dll at Library/ScriptAssemblies/UnityEditor.UI.Common.Tests.dll not valid. Loading of assembly skipped.
Assembly UnityEditor.UI.EditorTests.dll at Library/ScriptAssemblies/UnityEditor.UI.EditorTests.dll not valid. Loading of assembly skipped.
Assembly UnityEngine.UI.Tests.dll at Library/ScriptAssemblies/UnityEngine.UI.Tests.dll not valid. Loading of assembly skipped.
'Assets/Photon/Quantum/Runtime/QuantumUnityRuntime.cs' contains partial class of Unity.Object, exactly 1 of the partial classes needs to be in a file with the same filename. This is to know the one that can be referenced from ie. GameObjects
'Assets/Photon/Quantum/Runtime/QuantumUnityRuntime.cs' contains partial class of Unity.Object, exactly 1 of the partial classes needs to be in a file with the same filename. This is to know the one that can be referenced from ie. GameObjects
'Assets/Photon/Quantum/Runtime/QuantumUnityRuntime.cs' contains partial class of Unity.Object, exactly 1 of the partial classes needs to be in a file with the same filename. This is to know the one that can be referenced from ie. GameObjects
'Assets/Photon/Quantum/Runtime/QuantumUnityRuntime.cs' contains partial class of Unity.Object, exactly 1 of the partial classes needs to be in a file with the same filename. This is to know the one that can be referenced from ie. GameObjects
'Assets/Photon/Quantum/Runtime/QuantumUnityRuntime.cs' contains partial class of Unity.Object, exactly 1 of the partial classes needs to be in a file with the same filename. This is to know the one that can be referenced from ie. GameObjects
'Assets/Photon/Quantum/Runtime/QuantumUnityRuntime.cs' contains partial class of Unity.Object, exactly 1 of the partial classes needs to be in a file with the same filename. This is to know the one that can be referenced from ie. GameObjects
'Assets/Photon/Quantum/Runtime/QuantumUnityRuntime.cs' contains partial class of Unity.Object, exactly 1 of the partial classes needs to be in a file with the same filename. This is to know the one that can be referenced from ie. GameObjects
'Assets/Photon/Quantum/Runtime/QuantumUnityRuntime.cs' contains partial class of Unity.Object, exactly 1 of the partial classes needs to be in a file with the same filename. This is to know the one that can be referenced from ie. GameObjects
'Assets/Photon/Quantum/Runtime/QuantumUnityRuntime.cs' contains partial class of Unity.Object, exactly 1 of the partial classes needs to be in a file with the same filename. This is to know the one that can be referenced from ie. GameObjects
'Assets/Photon/Quantum/Runtime/QuantumUnityRuntime.cs' contains partial class of Unity.Object, exactly 1 of the partial classes needs to be in a file with the same filename. This is to know the one that can be referenced from ie. GameObjects
'Assets/Photon/Quantum/Runtime/QuantumUnityRuntime.cs' contains partial class of Unity.Object, exactly 1 of the partial classes needs to be in a file with the same filename. This is to know the one that can be referenced from ie. GameObjects
Native extension for Android target not found
Native extension for OSXStandalone target not found
[Package Manager] Failed to launch server process. Reason: Unity was launched with the -noUpm command-line argument
[Package Manager] Unable to send message (not connected to server process).
[Package Manager] Cannot connect to Unity Package Manager local server
ScheduleIndexationOnStartup MainProcess:False IndexOnStartup:True
Mono: successfully reloaded assembly
- Finished resetting the current domain, in  0.516 seconds
Domain Reload Profiling: 865ms
	BeginReloadAssembly (82ms)
		DisableScriptedObjects (3ms)
		CreateAndSetChildDomain (22ms)
	RebuildCommonClasses (23ms)
	RebuildNativeTypeToScriptingClass (9ms)
	initialDomainReloadingComplete (39ms)
	LoadAllAssembliesAndSetupDomain (197ms)
		LoadAssemblies (122ms)
		AnalyzeDomain (99ms)
			TypeCache.Refresh (5ms)
			BuildScriptInfoCaches (89ms)
			ResolveRequiredComponents (4ms)
	FinalizeReload (516ms)
		SetupLoadedEditorAssemblies (0ms)
			InitializePlatformSupportModulesInManaged (4ms)
			BeforeProcessingInitializeOnLoad (84ms)
			ProcessInitializeOnLoadAttributes (283ms)
			ProcessInitializeOnLoadMethodAttributes (38ms)
Unloading 5 Unused Serialized files (Serialized files now loaded: 0)
Unloading 3685 unused Assets / (1.0 MB). Loaded Objects now: 4291.
Memory consumption went from 103.6 MB to 102.6 MB.
Total: 5.381084 ms (FindLiveObjects: 0.210666 ms CreateObjectMapping: 0.070542 ms MarkObjects: 4.473542 ms  DeleteObjects: 0.625750 ms)

Prepare: number of updated asset objects reloaded= 0
========================================================================
Received Prepare
Begin MonoManager ReloadAssembly
Thread 0x16b0c7000 may have been prematurely finalized
Assembly Assembly-CSharp-Editor-firstpass.dll at Library/ScriptAssemblies/Assembly-CSharp-Editor-firstpass.dll not valid. Loading of assembly skipped.
Assembly Assembly-CSharp-Editor.dll at Library/ScriptAssemblies/Assembly-CSharp-Editor.dll not valid. Loading of assembly skipped.
Assembly Assembly-CSharp-firstpass.dll at Library/ScriptAssemblies/Assembly-CSharp-firstpass.dll not valid. Loading of assembly skipped.
Assembly PhotonWebSocket.dll at Library/ScriptAssemblies/PhotonWebSocket.dll not valid. Loading of assembly skipped.
Assembly TestNewCustomAssembly.dll at Library/ScriptAssemblies/TestNewCustomAssembly.dll not valid. Loading of assembly skipped.
Assembly Unity.AI.Navigation.Editor.Tests.dll at Library/ScriptAssemblies/Unity.AI.Navigation.Editor.Tests.dll not valid. Loading of assembly skipped.
Assembly Unity.AI.Navigation.LegacyOffMeshLink.Tests.dll at Library/ScriptAssemblies/Unity.AI.Navigation.LegacyOffMeshLink.Tests.dll not valid. Loading of assembly skipped.
Assembly Unity.AI.Navigation.Tests.dll at Library/ScriptAssemblies/Unity.AI.Navigation.Tests.dll not valid. Loading of assembly skipped.
Assembly Unity.AI.Navigation.Tests.EditorInPlaymode.dll at Library/ScriptAssemblies/Unity.AI.Navigation.Tests.EditorInPlaymode.dll not valid. Loading of assembly skipped.
Assembly Unity.InputSystem.IntegrationTests.dll at Library/ScriptAssemblies/Unity.InputSystem.IntegrationTests.dll not valid. Loading of assembly skipped.
Assembly Unity.Performance.Profile-Analyzer.EditorTests.dll at Library/ScriptAssemblies/Unity.Performance.Profile-Analyzer.EditorTests.dll not valid. Loading of assembly skipped.
Assembly Unity.Settings.Tests.dll at Library/ScriptAssemblies/Unity.Settings.Tests.dll not valid. Loading of assembly skipped.
Assembly Unity.TestTools.CodeCoverage.Editor.Compatibility.dll at Library/ScriptAssemblies/Unity.TestTools.CodeCoverage.Editor.Compatibility.dll not valid. Loading of assembly skipped.
Assembly Unity.TextMeshPro.Editor.Tests.dll at Library/ScriptAssemblies/Unity.TextMeshPro.Editor.Tests.dll not valid. Loading of assembly skipped.
Assembly Unity.TextMeshPro.Tests.dll at Library/ScriptAssemblies/Unity.TextMeshPro.Tests.dll not valid. Loading of assembly skipped.
Assembly UnityEditor.UI.Common.Tests.dll at Library/ScriptAssemblies/UnityEditor.UI.Common.Tests.dll not valid. Loading of assembly skipped.
Assembly UnityEditor.UI.EditorTests.dll at Library/ScriptAssemblies/UnityEditor.UI.EditorTests.dll not valid. Loading of assembly skipped.
Assembly UnityEngine.UI.Tests.dll at Library/ScriptAssemblies/UnityEngine.UI.Tests.dll not valid. Loading of assembly skipped.
'Assets/Photon/Quantum/Runtime/QuantumUnityRuntime.cs' contains partial class of Unity.Object, exactly 1 of the partial classes needs to be in a file with the same filename. This is to know the one that can be referenced from ie. GameObjects
'Assets/Photon/Quantum/Runtime/QuantumUnityRuntime.cs' contains partial class of Unity.Object, exactly 1 of the partial classes needs to be in a file with the same filename. This is to know the one that can be referenced from ie. GameObjects
'Assets/Photon/Quantum/Runtime/QuantumUnityRuntime.cs' contains partial class of Unity.Object, exactly 1 of the partial classes needs to be in a file with the same filename. This is to know the one that can be referenced from ie. GameObjects
'Assets/Photon/Quantum/Runtime/QuantumUnityRuntime.cs' contains partial class of Unity.Object, exactly 1 of the partial classes needs to be in a file with the same filename. This is to know the one that can be referenced from ie. GameObjects
'Assets/Photon/Quantum/Runtime/QuantumUnityRuntime.cs' contains partial class of Unity.Object, exactly 1 of the partial classes needs to be in a file with the same filename. This is to know the one that can be referenced from ie. GameObjects
'Assets/Photon/Quantum/Runtime/QuantumUnityRuntime.cs' contains partial class of Unity.Object, exactly 1 of the partial classes needs to be in a file with the same filename. This is to know the one that can be referenced from ie. GameObjects
'Assets/Photon/Quantum/Runtime/QuantumUnityRuntime.cs' contains partial class of Unity.Object, exactly 1 of the partial classes needs to be in a file with the same filename. This is to know the one that can be referenced from ie. GameObjects
'Assets/Photon/Quantum/Runtime/QuantumUnityRuntime.cs' contains partial class of Unity.Object, exactly 1 of the partial classes needs to be in a file with the same filename. This is to know the one that can be referenced from ie. GameObjects
'Assets/Photon/Quantum/Runtime/QuantumUnityRuntime.cs' contains partial class of Unity.Object, exactly 1 of the partial classes needs to be in a file with the same filename. This is to know the one that can be referenced from ie. GameObjects
'Assets/Photon/Quantum/Runtime/QuantumUnityRuntime.cs' contains partial class of Unity.Object, exactly 1 of the partial classes needs to be in a file with the same filename. This is to know the one that can be referenced from ie. GameObjects
'Assets/Photon/Quantum/Runtime/QuantumUnityRuntime.cs' contains partial class of Unity.Object, exactly 1 of the partial classes needs to be in a file with the same filename. This is to know the one that can be referenced from ie. GameObjects
Native extension for Android target not found
Native extension for OSXStandalone target not found
[Package Manager] Failed to launch server process. Reason: Unity was launched with the -noUpm command-line argument
[Package Manager] Unable to send message (not connected to server process).
[Package Manager] Cannot connect to Unity Package Manager local server
ScheduleIndexationOnStartup MainProcess:False IndexOnStartup:True
Mono: successfully reloaded assembly
- Finished resetting the current domain, in  0.516 seconds
Domain Reload Profiling: 867ms
	BeginReloadAssembly (82ms)
		DisableScriptedObjects (3ms)
		CreateAndSetChildDomain (22ms)
	RebuildCommonClasses (23ms)
	RebuildNativeTypeToScriptingClass (10ms)
	initialDomainReloadingComplete (39ms)
	LoadAllAssembliesAndSetupDomain (198ms)
		LoadAssemblies (124ms)
		AnalyzeDomain (99ms)
			TypeCache.Refresh (5ms)
			BuildScriptInfoCaches (89ms)
			ResolveRequiredComponents (4ms)
	FinalizeReload (516ms)
		SetupLoadedEditorAssemblies (0ms)
			InitializePlatformSupportModulesInManaged (4ms)
			BeforeProcessingInitializeOnLoad (86ms)
			ProcessInitializeOnLoadAttributes (282ms)
			ProcessInitializeOnLoadMethodAttributes (39ms)
Unloading 5 Unused Serialized files (Serialized files now loaded: 0)
Unloading 3685 unused Assets / (1.0 MB). Loaded Objects now: 4291.
Memory consumption went from 103.6 MB to 102.6 MB.
Total: 5.505917 ms (FindLiveObjects: 0.205584 ms CreateObjectMapping: 0.086541 ms MarkObjects: 4.657500 ms  DeleteObjects: 0.555917 ms)

Prepare: number of updated asset objects reloaded= 0
========================================================================
Received Prepare
Begin MonoManager ReloadAssembly
Thread 0x16b0c7000 may have been prematurely finalized
Assembly Assembly-CSharp-Editor-firstpass.dll at Library/ScriptAssemblies/Assembly-CSharp-Editor-firstpass.dll not valid. Loading of assembly skipped.
Assembly Assembly-CSharp-Editor.dll at Library/ScriptAssemblies/Assembly-CSharp-Editor.dll not valid. Loading of assembly skipped.
Assembly Assembly-CSharp-firstpass.dll at Library/ScriptAssemblies/Assembly-CSharp-firstpass.dll not valid. Loading of assembly skipped.
Assembly PhotonWebSocket.dll at Library/ScriptAssemblies/PhotonWebSocket.dll not valid. Loading of assembly skipped.
Assembly TestNewCustomAssembly.dll at Library/ScriptAssemblies/TestNewCustomAssembly.dll not valid. Loading of assembly skipped.
Assembly Unity.AI.Navigation.Editor.Tests.dll at Library/ScriptAssemblies/Unity.AI.Navigation.Editor.Tests.dll not valid. Loading of assembly skipped.
Assembly Unity.AI.Navigation.LegacyOffMeshLink.Tests.dll at Library/ScriptAssemblies/Unity.AI.Navigation.LegacyOffMeshLink.Tests.dll not valid. Loading of assembly skipped.
Assembly Unity.AI.Navigation.Tests.dll at Library/ScriptAssemblies/Unity.AI.Navigation.Tests.dll not valid. Loading of assembly skipped.
Assembly Unity.AI.Navigation.Tests.EditorInPlaymode.dll at Library/ScriptAssemblies/Unity.AI.Navigation.Tests.EditorInPlaymode.dll not valid. Loading of assembly skipped.
Assembly Unity.InputSystem.IntegrationTests.dll at Library/ScriptAssemblies/Unity.InputSystem.IntegrationTests.dll not valid. Loading of assembly skipped.
Assembly Unity.Performance.Profile-Analyzer.EditorTests.dll at Library/ScriptAssemblies/Unity.Performance.Profile-Analyzer.EditorTests.dll not valid. Loading of assembly skipped.
Assembly Unity.Settings.Tests.dll at Library/ScriptAssemblies/Unity.Settings.Tests.dll not valid. Loading of assembly skipped.
Assembly Unity.TestTools.CodeCoverage.Editor.Compatibility.dll at Library/ScriptAssemblies/Unity.TestTools.CodeCoverage.Editor.Compatibility.dll not valid. Loading of assembly skipped.
Assembly Unity.TextMeshPro.Editor.Tests.dll at Library/ScriptAssemblies/Unity.TextMeshPro.Editor.Tests.dll not valid. Loading of assembly skipped.
Assembly Unity.TextMeshPro.Tests.dll at Library/ScriptAssemblies/Unity.TextMeshPro.Tests.dll not valid. Loading of assembly skipped.
Assembly UnityEditor.UI.Common.Tests.dll at Library/ScriptAssemblies/UnityEditor.UI.Common.Tests.dll not valid. Loading of assembly skipped.
Assembly UnityEditor.UI.EditorTests.dll at Library/ScriptAssemblies/UnityEditor.UI.EditorTests.dll not valid. Loading of assembly skipped.
Assembly UnityEngine.UI.Tests.dll at Library/ScriptAssemblies/UnityEngine.UI.Tests.dll not valid. Loading of assembly skipped.
'Assets/Photon/Quantum/Runtime/QuantumUnityRuntime.cs' contains partial class of Unity.Object, exactly 1 of the partial classes needs to be in a file with the same filename. This is to know the one that can be referenced from ie. GameObjects
'Assets/Photon/Quantum/Runtime/QuantumUnityRuntime.cs' contains partial class of Unity.Object, exactly 1 of the partial classes needs to be in a file with the same filename. This is to know the one that can be referenced from ie. GameObjects
'Assets/Photon/Quantum/Runtime/QuantumUnityRuntime.cs' contains partial class of Unity.Object, exactly 1 of the partial classes needs to be in a file with the same filename. This is to know the one that can be referenced from ie. GameObjects
'Assets/Photon/Quantum/Runtime/QuantumUnityRuntime.cs' contains partial class of Unity.Object, exactly 1 of the partial classes needs to be in a file with the same filename. This is to know the one that can be referenced from ie. GameObjects
'Assets/Photon/Quantum/Runtime/QuantumUnityRuntime.cs' contains partial class of Unity.Object, exactly 1 of the partial classes needs to be in a file with the same filename. This is to know the one that can be referenced from ie. GameObjects
'Assets/Photon/Quantum/Runtime/QuantumUnityRuntime.cs' contains partial class of Unity.Object, exactly 1 of the partial classes needs to be in a file with the same filename. This is to know the one that can be referenced from ie. GameObjects
'Assets/Photon/Quantum/Runtime/QuantumUnityRuntime.cs' contains partial class of Unity.Object, exactly 1 of the partial classes needs to be in a file with the same filename. This is to know the one that can be referenced from ie. GameObjects
'Assets/Photon/Quantum/Runtime/QuantumUnityRuntime.cs' contains partial class of Unity.Object, exactly 1 of the partial classes needs to be in a file with the same filename. This is to know the one that can be referenced from ie. GameObjects
'Assets/Photon/Quantum/Runtime/QuantumUnityRuntime.cs' contains partial class of Unity.Object, exactly 1 of the partial classes needs to be in a file with the same filename. This is to know the one that can be referenced from ie. GameObjects
'Assets/Photon/Quantum/Runtime/QuantumUnityRuntime.cs' contains partial class of Unity.Object, exactly 1 of the partial classes needs to be in a file with the same filename. This is to know the one that can be referenced from ie. GameObjects
'Assets/Photon/Quantum/Runtime/QuantumUnityRuntime.cs' contains partial class of Unity.Object, exactly 1 of the partial classes needs to be in a file with the same filename. This is to know the one that can be referenced from ie. GameObjects
Native extension for Android target not found
Native extension for OSXStandalone target not found
[Package Manager] Failed to launch server process. Reason: Unity was launched with the -noUpm command-line argument
[Package Manager] Unable to send message (not connected to server process).
[Package Manager] Cannot connect to Unity Package Manager local server
ScheduleIndexationOnStartup MainProcess:False IndexOnStartup:True
Mono: successfully reloaded assembly
- Finished resetting the current domain, in  0.495 seconds
Domain Reload Profiling: 841ms
	BeginReloadAssembly (83ms)
		DisableScriptedObjects (3ms)
		CreateAndSetChildDomain (23ms)
	RebuildCommonClasses (24ms)
	RebuildNativeTypeToScriptingClass (10ms)
	initialDomainReloadingComplete (38ms)
	LoadAllAssembliesAndSetupDomain (192ms)
		LoadAssemblies (118ms)
		AnalyzeDomain (98ms)
			TypeCache.Refresh (5ms)
			BuildScriptInfoCaches (88ms)
			ResolveRequiredComponents (4ms)
	FinalizeReload (495ms)
		SetupLoadedEditorAssemblies (0ms)
			InitializePlatformSupportModulesInManaged (4ms)
			BeforeProcessingInitializeOnLoad (81ms)
			ProcessInitializeOnLoadAttributes (270ms)
			ProcessInitializeOnLoadMethodAttributes (39ms)
Unloading 5 Unused Serialized files (Serialized files now loaded: 0)
Unloading 3685 unused Assets / (0.7 MB). Loaded Objects now: 4291.
Memory consumption went from 103.6 MB to 102.9 MB.
Total: 5.675708 ms (FindLiveObjects: 0.216292 ms CreateObjectMapping: 0.074750 ms MarkObjects: 4.776584 ms  DeleteObjects: 0.607708 ms)

Prepare: number of updated asset objects reloaded= 0
