Unity Editor version:    6000.4.1f1 (8535861f39e1)
Branch:                  6000.4/staging
Build type:              Release
Batch mode:              YES
macOS version:           Version 26.5.2 (Build 25F84)
Darwin version:          25.5.0
Architecture:            arm64
Running under Rosetta:   NO
Available memory:        36864 MB
Date:                    2026-08-12T02:29:02Z
[Licensing::Module] Trying to connect to existing licensing client channel...
[Licensing::IpcConnector] Successfully connected to: "LicenseClient-douglasgordy" at "2026-08-12T02:29:02.215247Z"

COMMAND LINE ARGUMENTS:
/Applications/Unity/Hub/Editor/6000.4.1f1/Unity.app/Contents/MacOS/Unity
-adb2
-batchMode
-noUpm
-name
AssetImportWorker1
-projectPath
/Users/douglasgordy/Documents/Anachron
-logFile
Logs/AssetImportWorker1.log
-srvPort
52368
-licensingIpc
LicenseClient-douglasgordy
-force-metal
-job-worker-count
5
-background-job-worker-count
8
-gc-helper-count
1
-name AssetImport
Successfully changed project path to: /Users/douglasgordy/Documents/Anachron
/Users/douglasgordy/Documents/Anachron
[UnityMemory] Configuration Parameters - Can be set up in boot.config
    "memorysetup-temp-allocator-size-gi-baking-worker=262144"
    "memorysetup-temp-allocator-size-gi-baking-worker=262144"
    "memorysetup-temp-allocator-size-gi-baking-worker=262144"
    "memorysetup-temp-allocator-size-gi-baking-worker=262144"
    "memorysetup-temp-allocator-size-gi-baking-worker=262144"
    "memorysetup-temp-allocator-size-nav-mesh-worker=65536"
    "memorysetup-temp-allocator-size-audio-worker=65536"
    "memorysetup-temp-allocator-size-cloud-worker=32768"
    "memorysetup-allocator-temp-initial-block-size-main=262144"
    "memorysetup-allocator-temp-initial-block-size-worker=262144"
    "memorysetup-temp-allocator-size-background-worker=32768"
    "memorysetup-temp-allocator-size-job-worker=262144"
    "memorysetup-temp-allocator-size-preload-manager=33554432"
    "memorysetup-temp-allocator-size-gfx=262144"
    "memorysetup-bucket-allocator-granularity=16"
    "memorysetup-bucket-allocator-bucket-count=8"
    "memorysetup-bucket-allocator-block-size=33554432"
    "memorysetup-bucket-allocator-block-count=8"
    "memorysetup-main-allocator-block-size=16777216"
    "memorysetup-thread-allocator-block-size=16777216"
    "memorysetup-gfx-main-allocator-block-size=16777216"
    "memorysetup-gfx-thread-allocator-block-size=16777216"
    "memorysetup-cache-allocator-block-size=4194304"
    "memorysetup-typetree-allocator-block-size=2097152"
    "memorysetup-profiler-bucket-allocator-granularity=16"
    "memorysetup-profiler-bucket-allocator-bucket-count=8"
    "memorysetup-profiler-bucket-allocator-block-size=33554432"
    "memorysetup-profiler-bucket-allocator-block-count=8"
    "memorysetup-profiler-allocator-block-size=16777216"
    "memorysetup-profiler-editor-allocator-block-size=1048576"
    "memorysetup-temp-allocator-size-main=16777216"
    "memorysetup-job-temp-allocator-block-size=2097152"
    "memorysetup-job-temp-allocator-block-size-background=1048576"
    "memorysetup-job-temp-allocator-reduction-small-platforms=262144"
Player connection [8284085632]  Target information:

Player connection [8284085632]  * "[IP] 192.168.50.179 [Port] 0 [Flags] 2 [Guid] 4127308458 [EditorId] 4127308458 [Version] 1048832 [Id] OSXEditor(0,Mac.DigitslADHD) [Debug] 1 [PackageName] OSXEditor [ProjectName] Editor" 

Player connection [8284085632] Host joined multi-casting on [225.0.0.222:54997]...
Player connection [8284085632] Host joined alternative multi-casting on [225.0.0.222:34997]...
JobSystem: Creating JobQueue using job-worker-count value 5
Input System module state changed to: Initialized.
[Physics::Module] Initialized fallback backend.
[Physics::Module] Id: 0xdecafbad
Library Redirect Path: Library/
[Physics::Module] Selected backend.
[Physics::Module] Name: PhysX
[Physics::Module] Id: 0xf2b8ea05
[Physics::Module] SDK Version: 4.1.2
[Physics::Module] Integration Version: 1.0.0
[Physics::Module] Threading Mode: Multi-Threaded
Refreshing native plugins compatible for Editor in 2.13 ms, found 1 plugins.
Initialize engine version: 6000.4.1f1 (8535861f39e1)
[Subsystems] Discovering subsystems at path /Applications/Unity/Hub/Editor/6000.4.1f1/Unity.app/Contents/Resources/UnitySubsystems
[Subsystems] Discovering subsystems at path /Users/douglasgordy/Documents/Anachron/Assets
Forcing GfxDevice: Metal
GfxDevice: creating device client; kGfxThreadingModeNonThreaded
 preferred device: Apple M3 Pro (high power)
Metal devices available: 1
0: Apple M3 Pro (high power)
Using device Apple M3 Pro (high power)
Initializing Metal device caps: Apple M3 Pro
Mac GPU Family: 2
Apple GPU Family: 9
MSL Version: 3.0
Has Float MSAA: 1
Has Float Filtering: 1
ReadWrite Texture Tier: 2
Initialize mono
Mono path[0] = '/Applications/Unity/Hub/Editor/6000.4.1f1/Unity.app/Contents/Resources/Scripting/Managed'
Mono path[1] = '/Applications/Unity/Hub/Editor/6000.4.1f1/Unity.app/Contents/Resources/Scripting/MonoBleedingEdge/lib/mono/unityjit-macos'
Mono config path = '/Applications/Unity/Hub/Editor/6000.4.1f1/Unity.app/Contents/Resources/Scripting/MonoBleedingEdge/etc'
Using monoOptions --debugger-agent=transport=dt_socket,embedding=1,server=y,suspend=n,address=127.0.0.1:56598
CodeReloadManager initialized
Begin MonoManager ReloadAssembly
Registering precompiled unity dll's ...
Register platform support module: /Applications/Unity/Hub/Editor/6000.4.1f1/Unity.app/Contents/PlaybackEngines/MacStandaloneSupport/UnityEditor.OSXStandalone.Extensions.dll
[Licensing::Module] Licensing is not yet initialized.
[Licensing::Client] Error: HandshakeResponse reported an error:
	ResponseCode: 505
	ResponseStatus: Unsupported protocol version '1.18.1'.
[Licensing::Module] Error: Failed to handshake to channel: "LicenseClient-douglasgordy"
[Licensing::IpcConnector] LicenseClient-douglasgordy channel disconnected successfully.
[Licensing::IpcConnector] Successfully connected to: "LicenseClient-douglasgordy-6000.4.1" at "2026-08-12T02:29:02.856118Z"
[Licensing::Client] Handshaking with LicensingClient:
  Version:                 1.18.1+9fbee8e
  Session Id:              ffae1a0159e142929b27f739306dd854
  Correlation Id:          dfb128b00dddd08f15ed44bb29f84c30
  External correlation Id: 4441629499049576219
  Machine Id:              DhQucniMTNkDsExfEgZyXoXt+x8=
[Licensing::Module] Successfully connected to LicensingClient on channel: "LicenseClient-douglasgordy-6000.4.1" (connect: 0.00s, validation: 0.00s, handshake: 0.56s)
[Licensing::IpcConnector] Successfully connected to: "LicenseClient-douglasgordy-6000.4.1-notifications" at "2026-08-12T02:29:03.418478Z"
[Licensing::Module] Licensing Background thread has ended after 1.20s
[Licensing::Module] Licensing is initialized (took 0.70s).
[Licensing::Client] Successfully resolved entitlement details
[Licensing::Module] License group:
  Id: 20067581430876-UnityPersXXXX
  Product: Unity Personal
  Type: Assigned
  Expiration: Unlimited
Register platform support module: /Applications/Unity/Hub/Editor/6000.4.1f1/PlaybackEngines/AndroidPlayer/UnityEditor.Android.Extensions.dll
Registered in 0.702123 seconds.
Native extension for Android target not found
Native extension for OSXStandalone target not found
Package Manager log level set to [2]
[Package Manager] Failed to launch server process. Reason: Unity was launched with the -noUpm command-line argument
[Package Manager] Unable to send message (not connected to server process).
[Package Manager] Cannot connect to Unity Package Manager local server
ScheduleIndexationOnStartup MainProcess:False IndexOnStartup:True
Mono: successfully reloaded assembly
- Finished resetting the current domain, in  0.223 seconds
Domain Reload Profiling: 1164ms
	BeginReloadAssembly (49ms)
	RebuildCommonClasses (24ms)
	RebuildNativeTypeToScriptingClass (10ms)
	initialDomainReloadingComplete (733ms)
	LoadAllAssembliesAndSetupDomain (126ms)
		LoadAssemblies (48ms)
		AnalyzeDomain (120ms)
			TypeCache.Refresh (119ms)
				TypeCache.ScanAssembly (109ms)
	FinalizeReload (223ms)
		SetupLoadedEditorAssemblies (0ms)
			InitializePlatformSupportModulesInManaged (27ms)
			BeforeProcessingInitializeOnLoad (49ms)
			ProcessInitializeOnLoadAttributes (59ms)
			ProcessInitializeOnLoadMethodAttributes (47ms)
[CoreBusinessMetrics] Unexpected thread when updating session info.
========================================================================
Worker process is ready to serve import requests
Import Worker Mode flag is 0x00
Begin MonoManager ReloadAssembly
[Licensing::Client] Successfully resolved entitlement details
Assembly Assembly-CSharp-Editor-firstpass.dll at Library/ScriptAssemblies/Assembly-CSharp-Editor-firstpass.dll not valid. Loading of assembly skipped.
Assembly Assembly-CSharp-Editor.dll at Library/ScriptAssemblies/Assembly-CSharp-Editor.dll not valid. Loading of assembly skipped.
Assembly Assembly-CSharp-firstpass.dll at Library/ScriptAssemblies/Assembly-CSharp-firstpass.dll not valid. Loading of assembly skipped.
Assembly PhotonWebSocket.dll at Library/ScriptAssemblies/PhotonWebSocket.dll not valid. Loading of assembly skipped.
Assembly TestNewCustomAssembly.dll at Library/ScriptAssemblies/TestNewCustomAssembly.dll not valid. Loading of assembly skipped.
Assembly Unity.AI.Navigation.Editor.Tests.dll at Library/ScriptAssemblies/Unity.AI.Navigation.Editor.Tests.dll not valid. Loading of assembly skipped.
Assembly Unity.AI.Navigation.LegacyOffMeshLink.Tests.dll at Library/ScriptAssemblies/Unity.AI.Navigation.LegacyOffMeshLink.Tests.dll not valid. Loading of assembly skipped.
Assembly Unity.AI.Navigation.Tests.dll at Library/ScriptAssemblies/Unity.AI.Navigation.Tests.dll not valid. Loading of assembly skipped.
Assembly Unity.AI.Navigation.Tests.EditorInPlaymode.dll at Library/ScriptAssemblies/Unity.AI.Navigation.Tests.EditorInPlaymode.dll not valid. Loading of assembly skipped.
Assembly Unity.InputSystem.IntegrationTests.dll at Library/ScriptAssemblies/Unity.InputSystem.IntegrationTests.dll not valid. Loading of assembly skipped.
Assembly Unity.Performance.Profile-Analyzer.EditorTests.dll at Library/ScriptAssemblies/Unity.Performance.Profile-Analyzer.EditorTests.dll not valid. Loading of assembly skipped.
Assembly Unity.Settings.Tests.dll at Library/ScriptAssemblies/Unity.Settings.Tests.dll not valid. Loading of assembly skipped.
Assembly Unity.TestTools.CodeCoverage.Editor.Compatibility.dll at Library/ScriptAssemblies/Unity.TestTools.CodeCoverage.Editor.Compatibility.dll not valid. Loading of assembly skipped.
Assembly Unity.TextMeshPro.Editor.Tests.dll at Library/ScriptAssemblies/Unity.TextMeshPro.Editor.Tests.dll not valid. Loading of assembly skipped.
Assembly Unity.TextMeshPro.Tests.dll at Library/ScriptAssemblies/Unity.TextMeshPro.Tests.dll not valid. Loading of assembly skipped.
Assembly UnityEditor.UI.Common.Tests.dll at Library/ScriptAssemblies/UnityEditor.UI.Common.Tests.dll not valid. Loading of assembly skipped.
Assembly UnityEditor.UI.EditorTests.dll at Library/ScriptAssemblies/UnityEditor.UI.EditorTests.dll not valid. Loading of assembly skipped.
Assembly UnityEngine.UI.Tests.dll at Library/ScriptAssemblies/UnityEngine.UI.Tests.dll not valid. Loading of assembly skipped.
'Assets/Photon/Quantum/Runtime/QuantumUnityRuntime.cs' contains partial class of Unity.Object, exactly 1 of the partial classes needs to be in a file with the same filename. This is to know the one that can be referenced from ie. GameObjects
'Assets/Photon/Quantum/Runtime/QuantumUnityRuntime.cs' contains partial class of Unity.Object, exactly 1 of the partial classes needs to be in a file with the same filename. This is to know the one that can be referenced from ie. GameObjects
'Assets/Photon/Quantum/Runtime/QuantumUnityRuntime.cs' contains partial class of Unity.Object, exactly 1 of the partial classes needs to be in a file with the same filename. This is to know the one that can be referenced from ie. GameObjects
'Assets/Photon/Quantum/Runtime/QuantumUnityRuntime.cs' contains partial class of Unity.Object, exactly 1 of the partial classes needs to be in a file with the same filename. This is to know the one that can be referenced from ie. GameObjects
'Assets/Photon/Quantum/Runtime/QuantumUnityRuntime.cs' contains partial class of Unity.Object, exactly 1 of the partial classes needs to be in a file with the same filename. This is to know the one that can be referenced from ie. GameObjects
'Assets/Photon/Quantum/Runtime/QuantumUnityRuntime.cs' contains partial class of Unity.Object, exactly 1 of the partial classes needs to be in a file with the same filename. This is to know the one that can be referenced from ie. GameObjects
'Assets/Photon/Quantum/Runtime/QuantumUnityRuntime.cs' contains partial class of Unity.Object, exactly 1 of the partial classes needs to be in a file with the same filename. This is to know the one that can be referenced from ie. GameObjects
'Assets/Photon/Quantum/Runtime/QuantumUnityRuntime.cs' contains partial class of Unity.Object, exactly 1 of the partial classes needs to be in a file with the same filename. This is to know the one that can be referenced from ie. GameObjects
'Assets/Photon/Quantum/Runtime/QuantumUnityRuntime.cs' contains partial class of Unity.Object, exactly 1 of the partial classes needs to be in a file with the same filename. This is to know the one that can be referenced from ie. GameObjects
'Assets/Photon/Quantum/Runtime/QuantumUnityRuntime.cs' contains partial class of Unity.Object, exactly 1 of the partial classes needs to be in a file with the same filename. This is to know the one that can be referenced from ie. GameObjects
'Assets/Photon/Quantum/Runtime/QuantumUnityRuntime.cs' contains partial class of Unity.Object, exactly 1 of the partial classes needs to be in a file with the same filename. This is to know the one that can be referenced from ie. GameObjects
Native extension for Android target not found
Native extension for OSXStandalone target not found
[Package Manager] Failed to launch server process. Reason: Unity was launched with the -noUpm command-line argument
[Package Manager] Unable to send message (not connected to server process).
[Package Manager] Cannot connect to Unity Package Manager local server
ScheduleIndexationOnStartup MainProcess:False IndexOnStartup:True
Mono: successfully reloaded assembly
- Finished resetting the current domain, in  0.418 seconds
Domain Reload Profiling: 804ms
	BeginReloadAssembly (71ms)
		DisableScriptedObjects (3ms)
		CreateAndSetChildDomain (13ms)
	RebuildCommonClasses (22ms)
	RebuildNativeTypeToScriptingClass (9ms)
	initialDomainReloadingComplete (40ms)
	LoadAllAssembliesAndSetupDomain (243ms)
		LoadAssemblies (137ms)
		AnalyzeDomain (135ms)
			TypeCache.Refresh (117ms)
				TypeCache.ScanAssembly (104ms)
			BuildScriptInfoCaches (13ms)
			ResolveRequiredComponents (4ms)
	FinalizeReload (418ms)
		SetupLoadedEditorAssemblies (0ms)
			InitializePlatformSupportModulesInManaged (4ms)
			BeforeProcessingInitializeOnLoad (67ms)
			ProcessInitializeOnLoadAttributes (238ms)
			ProcessInitializeOnLoadMethodAttributes (30ms)
Launching external process: /Applications/Unity/Hub/Editor/6000.4.1f1/Unity.app/Contents/Helpers/UnityShaderCompiler
Launched and connected shader compiler UnityShaderCompiler after 0.03 seconds
Unloading 5 Unused Serialized files (Serialized files now loaded: 0)
Unloading 3656 unused Assets / (1.2 MB). Loaded Objects now: 4258.
Memory consumption went from 93.7 MB to 92.5 MB.
Total: 5.281750 ms (FindLiveObjects: 0.237709 ms CreateObjectMapping: 0.081125 ms MarkObjects: 4.371084 ms  DeleteObjects: 0.591542 ms)

========================================================================
Received Import Request.
  Time since last request: 15378.893374 seconds.
  path: Assets/QuantumUser/View/Generated/QPrototypePlayerEconomyState.cs
  importAddress: Guid(8e98c696671b94d5990fde6a1e5d36a4) Importer(2089858483,b0f066a214c2f5e87bad3c948f4d605d)
Start importing Assets/QuantumUser/View/Generated/QPrototypePlayerEconomyState.cs using Guid(8e98c696671b94d5990fde6a1e5d36a4) Importer(2089858483,b0f066a214c2f5e87bad3c948f4d605d) (ScriptedImporter) -> (Import Result ID: 'cacd0c85f1095d75200e6089528325e3') in 0.028249792 seconds [static and dynamic dependencies]. Details - ImportResultOutputID=3995fc02bea67bc3259706a6663adc9d DependenciesID=4b99d0e2beca542bd5abbf1d226368c6 StaticDependenciesID=360c5771981bb1163219f1ad26906e3f 
Number of updated asset objects reloaded before import = 0Number of asset objects unloaded after import = 0

========================================================================
Received Import Request.
  Time since last request: 0.000090 seconds.
  path: Assets/QuantumUser/Resources/QuantumMap_AnachronQuantumNavMesh.asset
  importAddress: Guid(b83c7d7f547ff4b9ea96916dce679d79) Importer(2089858483,b0f066a214c2f5e87bad3c948f4d605d)
Start importing Assets/QuantumUser/Resources/QuantumMap_AnachronQuantumNavMesh.asset using Guid(b83c7d7f547ff4b9ea96916dce679d79) Importer(2089858483,b0f066a214c2f5e87bad3c948f4d605d) (ScriptedImporter) -> (Import Result ID: '057e1f818b11cbcc57c11889d16f7470') in 0.015263833 seconds [static and dynamic dependencies]. Details - ImportResultOutputID=fb4aec4efa1c4be621b8b75c674707c7 DependenciesID=312ba0f268f0e0bdd0c7ff6c7905dae6 StaticDependenciesID=20e729722bd17ce054b033f204b7e389 
Number of updated asset objects reloaded before import = 0Number of asset objects unloaded after import = 1

========================================================================
Received Import Request.
  Time since last request: 0.000056 seconds.
  path: Assets/QuantumUser/View/Generated/QPrototypeResourceNode.cs
  importAddress: Guid(4b559ac15c1f64d28b74ad20428c1f74) Importer(2089858483,b0f066a214c2f5e87bad3c948f4d605d)
Start importing Assets/QuantumUser/View/Generated/QPrototypeResourceNode.cs using Guid(4b559ac15c1f64d28b74ad20428c1f74) Importer(2089858483,b0f066a214c2f5e87bad3c948f4d605d) (ScriptedImporter) -> (Import Result ID: 'cf8c3f1430ad37293b1c4e22f75a2112') in 0.001097083 seconds [static and dynamic dependencies]. Details - ImportResultOutputID=9862a343e6cd77b644125ed892c7c90a DependenciesID=c8ac88ae7c7e054f78f235e19279c333 StaticDependenciesID=5be7f20c72836d920be209997beff744 
Number of updated asset objects reloaded before import = 0Number of asset objects unloaded after import = 0

========================================================================
Received Import Request.
  Time since last request: 0.000080 seconds.
  path: Assets/QuantumUser/Simulation/NavMeshMovementRequestSystem.cs
  importAddress: Guid(48a4ddde2ff14489f971a11cde78d621) Importer(2089858483,b0f066a214c2f5e87bad3c948f4d605d)
Start importing Assets/QuantumUser/Simulation/NavMeshMovementRequestSystem.cs using Guid(48a4ddde2ff14489f971a11cde78d621) Importer(2089858483,b0f066a214c2f5e87bad3c948f4d605d) (ScriptedImporter) -> (Import Result ID: 'cec3a75ba319f3673b6e220564ff23cf') in 0.000919041 seconds [static and dynamic dependencies]. Details - ImportResultOutputID=27d39209b73a96910da2bceedf451daa DependenciesID=8cfd7026f8ad652b2a341d56758947e3 StaticDependenciesID=fc699279053acbac8774a70f9802d35e 
Number of updated asset objects reloaded before import = 0Number of asset objects unloaded after import = 0

========================================================================
Received Import Request.
  Time since last request: 0.000062 seconds.
  path: Assets/QuantumUser/Simulation/ResourceKind.cs
  importAddress: Guid(5d5c6f9fbe02846babd7a08e2125528f) Importer(2089858483,b0f066a214c2f5e87bad3c948f4d605d)
Start importing Assets/QuantumUser/Simulation/ResourceKind.cs using Guid(5d5c6f9fbe02846babd7a08e2125528f) Importer(2089858483,b0f066a214c2f5e87bad3c948f4d605d) (ScriptedImporter) -> (Import Result ID: '6ac4dba3e749b620983fc63e6ce6ab55') in 0.000873375 seconds [static and dynamic dependencies]. Details - ImportResultOutputID=d49c76e3520a3870567685b77ac6d9ea DependenciesID=61ef2d0bde7d2e44be3f0da7eabfe507 StaticDependenciesID=b1473dfa0a609de17dfbe81bb37d5d94 
Number of updated asset objects reloaded before import = 0Number of asset objects unloaded after import = 0

========================================================================
Received Import Request.
  Time since last request: 0.000057 seconds.
  path: Assets/QuantumUser/View/Generated/QPrototypeMainBuilding.cs
  importAddress: Guid(bb6e6b5fa20ae47a3b80a23c4d1952a9) Importer(2089858483,b0f066a214c2f5e87bad3c948f4d605d)
Start importing Assets/QuantumUser/View/Generated/QPrototypeMainBuilding.cs using Guid(bb6e6b5fa20ae47a3b80a23c4d1952a9) Importer(2089858483,b0f066a214c2f5e87bad3c948f4d605d) (ScriptedImporter) -> (Import Result ID: '7d286d087cf4e4d5145b3b8df4924c31') in 0.000843083 seconds [static and dynamic dependencies]. Details - ImportResultOutputID=be49e0c61577704297555102ba77e265 DependenciesID=feb2ad04cdaf6af4f45530688a0eea79 StaticDependenciesID=a50b0f68f82cc56134c3581d470f1628 
Number of updated asset objects reloaded before import = 0Number of asset objects unloaded after import = 0

========================================================================
Received Import Request.
  Time since last request: 0.000059 seconds.
  path: Assets/QuantumUser/Simulation/ResourceMask.cs
  importAddress: Guid(1eaf9dba850864a769fbc3deac19c6d6) Importer(2089858483,b0f066a214c2f5e87bad3c948f4d605d)
Start importing Assets/QuantumUser/Simulation/ResourceMask.cs using Guid(1eaf9dba850864a769fbc3deac19c6d6) Importer(2089858483,b0f066a214c2f5e87bad3c948f4d605d) (ScriptedImporter) -> (Import Result ID: '5f57b8c55e18eb06dbbddfebaf41e080') in 0.001007292 seconds [static and dynamic dependencies]. Details - ImportResultOutputID=cab9b8bc9c2a556c4d89332d86cd2a0f DependenciesID=ee842b0d4f9b3bb0f3f25d26f049aa2c StaticDependenciesID=e4b11943a3aa13fd896787e3bea0cfa7 
Number of updated asset objects reloaded before import = 0Number of asset objects unloaded after import = 0

========================================================================
Received Import Request.
  Time since last request: 0.000088 seconds.
  path: Assets/QuantumUser/View/AnachronPrototypeHud.cs
  importAddress: Guid(9c28c0df6f6744c09c136635769aa55e) Importer(2089858483,b0f066a214c2f5e87bad3c948f4d605d)
Start importing Assets/QuantumUser/View/AnachronPrototypeHud.cs using Guid(9c28c0df6f6744c09c136635769aa55e) Importer(2089858483,b0f066a214c2f5e87bad3c948f4d605d) (ScriptedImporter) -> (Import Result ID: '3c1f25c4822763b7d63551897aa39c4e') in 0.0009815 seconds [static and dynamic dependencies]. Details - ImportResultOutputID=326cdb30eef2b68856f468ea0e83f0ea DependenciesID=47edb8a920e0211438e5890122098653 StaticDependenciesID=f999585c64590526cd4ac8b0cbd0ee36 
Number of updated asset objects reloaded before import = 0Number of asset objects unloaded after import = 0

========================================================================
Received Import Request.
  Time since last request: 0.000115 seconds.
  path: Assets/QuantumUser/Simulation/MoveCommandIntentSystem.cs
  importAddress: Guid(05be5b2e7afe842819b9c738db4acda6) Importer(2089858483,b0f066a214c2f5e87bad3c948f4d605d)
Start importing Assets/QuantumUser/Simulation/MoveCommandIntentSystem.cs using Guid(05be5b2e7afe842819b9c738db4acda6) Importer(2089858483,b0f066a214c2f5e87bad3c948f4d605d) (ScriptedImporter) -> (Import Result ID: '6257e1fe8b7b86721cfd77dbf765df0f') in 0.000939958 seconds [static and dynamic dependencies]. Details - ImportResultOutputID=cffe1b688b14d1171e5b61b5ea38c24c DependenciesID=9af436fd673dce43dd9533dafb664dd3 StaticDependenciesID=c846b1b0f28e6c2e58b32bf200d7164e 
Number of updated asset objects reloaded before import = 0Number of asset objects unloaded after import = 0

========================================================================
Received Import Request.
  Time since last request: 0.000070 seconds.
  path: Assets/QuantumUser/Simulation/Generated/Quantum.CodeGen.Prototypes.cs
  importAddress: Guid(28bebf48c9cde4cfeb9ad40d8590a06c) Importer(2089858483,b0f066a214c2f5e87bad3c948f4d605d)
Start importing Assets/QuantumUser/Simulation/Generated/Quantum.CodeGen.Prototypes.cs using Guid(28bebf48c9cde4cfeb9ad40d8590a06c) Importer(2089858483,b0f066a214c2f5e87bad3c948f4d605d) (ScriptedImporter) -> (Import Result ID: 'ab75b21be19f3e6a348bedb24a57038c') in 0.000852042 seconds [static and dynamic dependencies]. Details - ImportResultOutputID=7d7c1b589b79ab072a6f30af0d7ae8db DependenciesID=b743e276c46b8096cf765c263fa28efb StaticDependenciesID=09d49a068260b48927bf0c943a7553ad 
Number of updated asset objects reloaded before import = 0Number of asset objects unloaded after import = 0

========================================================================
Received Import Request.
  Time since last request: 0.000073 seconds.
  path: Assets/QuantumUser/Scenes/QuantumGameScene.unity
  importAddress: Guid(c7e4c0596b54948019c8d835a9b655fb) Importer(2089858483,b0f066a214c2f5e87bad3c948f4d605d)
Start importing Assets/QuantumUser/Scenes/QuantumGameScene.unity using Guid(c7e4c0596b54948019c8d835a9b655fb) Importer(2089858483,b0f066a214c2f5e87bad3c948f4d605d) (ScriptedImporter) -> (Import Result ID: '8294391e100b70501315e2fa53b6535c') in 0.001542125 seconds [static and dynamic dependencies]. Details - ImportResultOutputID=45ec309d077b61ef140b7f96040d7ea6 DependenciesID=a085a717c87b9e7cd00c29a103b9d865 StaticDependenciesID=07c56e59b3b2a696bad5e82827d78c51 
Number of updated asset objects reloaded before import = 0Number of asset objects unloaded after import = 1

========================================================================
Received Import Request.
  Time since last request: 0.000062 seconds.
  path: Assets/QuantumUser/Editor/AnachronPhase1NavMeshSetup.cs
  importAddress: Guid(3588d975f6814f56aeb21f40dff7e48f) Importer(2089858483,b0f066a214c2f5e87bad3c948f4d605d)
Start importing Assets/QuantumUser/Editor/AnachronPhase1NavMeshSetup.cs using Guid(3588d975f6814f56aeb21f40dff7e48f) Importer(2089858483,b0f066a214c2f5e87bad3c948f4d605d) (ScriptedImporter) -> (Import Result ID: '4a9f046df8a8835feac53e9b7a189143') in 0.000885875 seconds [static and dynamic dependencies]. Details - ImportResultOutputID=7e97fa6120986d4815acdca736fea833 DependenciesID=24fd45b396387ba299192f813ed6add0 StaticDependenciesID=11b398943ebaae50ed68c3621cc79f5b 
Number of updated asset objects reloaded before import = 0Number of asset objects unloaded after import = 0

========================================================================
Received Import Request.
  Time since last request: 0.000085 seconds.
  path: Assets/QuantumUser/Simulation/TestSelectableBootstrapSystem.cs
  importAddress: Guid(3303ded40acf340d59d1f2b55cf88303) Importer(2089858483,b0f066a214c2f5e87bad3c948f4d605d)
Start importing Assets/QuantumUser/Simulation/TestSelectableBootstrapSystem.cs using Guid(3303ded40acf340d59d1f2b55cf88303) Importer(2089858483,b0f066a214c2f5e87bad3c948f4d605d) (ScriptedImporter) -> (Import Result ID: 'f26dc73881a91840dfc59c4283670895') in 0.000828917 seconds [static and dynamic dependencies]. Details - ImportResultOutputID=2877975c26605c133f9b924217f8d0f7 DependenciesID=f7abae9a8b70dc6aa1551d35b6548fa0 StaticDependenciesID=6c211a58ee9e490abf259f61e967217d 
Number of updated asset objects reloaded before import = 0Number of asset objects unloaded after import = 0

========================================================================
Received Import Request.
  Time since last request: 0.000099 seconds.
  path: Assets/QuantumUser/Simulation/SystemSetup.User.cs
  importAddress: Guid(a1080442b5d513f4da30c121b4a9e360) Importer(2089858483,b0f066a214c2f5e87bad3c948f4d605d)
Start importing Assets/QuantumUser/Simulation/SystemSetup.User.cs using Guid(a1080442b5d513f4da30c121b4a9e360) Importer(2089858483,b0f066a214c2f5e87bad3c948f4d605d) (ScriptedImporter) -> (Import Result ID: '693c672525f4a0ae19b101d6248218f5') in 0.000808084 seconds [static and dynamic dependencies]. Details - ImportResultOutputID=285127934a80e05c675a09d4dc957227 DependenciesID=a71e1e8c35bb094b31440e49a947e585 StaticDependenciesID=d87651c01f1af1e3b049cda4043e8316 
Number of updated asset objects reloaded before import = 0Number of asset objects unloaded after import = 0

========================================================================
Received Import Request.
  Time since last request: 0.000067 seconds.
  path: Assets/QuantumUser/Simulation/SelectionSystem.cs
  importAddress: Guid(4c63de50d5c61433592e55449274c0d1) Importer(2089858483,b0f066a214c2f5e87bad3c948f4d605d)
Start importing Assets/QuantumUser/Simulation/SelectionSystem.cs using Guid(4c63de50d5c61433592e55449274c0d1) Importer(2089858483,b0f066a214c2f5e87bad3c948f4d605d) (ScriptedImporter) -> (Import Result ID: '7e28c61095692523d4c1f46edee3ac71') in 0.000838167 seconds [static and dynamic dependencies]. Details - ImportResultOutputID=2821b302100f9e01c9b989ac3187f3ae DependenciesID=8af188521d1094ecd50fc2a28fca10b8 StaticDependenciesID=95a28b7e7c22ee773bd61abc39fc565e 
Number of updated asset objects reloaded before import = 0Number of asset objects unloaded after import = 0

========================================================================
Received Prepare
'Assets/Photon/Quantum/Runtime/QuantumUnityRuntime.cs' contains partial class of Unity.Object, exactly 1 of the partial classes needs to be in a file with the same filename. This is to know the one that can be referenced from ie. GameObjects
'Assets/Photon/Quantum/Runtime/QuantumUnityRuntime.cs' contains partial class of Unity.Object, exactly 1 of the partial classes needs to be in a file with the same filename. This is to know the one that can be referenced from ie. GameObjects
'Assets/Photon/Quantum/Runtime/QuantumUnityRuntime.cs' contains partial class of Unity.Object, exactly 1 of the partial classes needs to be in a file with the same filename. This is to know the one that can be referenced from ie. GameObjects
'Assets/Photon/Quantum/Runtime/QuantumUnityRuntime.cs' contains partial class of Unity.Object, exactly 1 of the partial classes needs to be in a file with the same filename. This is to know the one that can be referenced from ie. GameObjects
'Assets/Photon/Quantum/Runtime/QuantumUnityRuntime.cs' contains partial class of Unity.Object, exactly 1 of the partial classes needs to be in a file with the same filename. This is to know the one that can be referenced from ie. GameObjects
'Assets/Photon/Quantum/Runtime/QuantumUnityRuntime.cs' contains partial class of Unity.Object, exactly 1 of the partial classes needs to be in a file with the same filename. This is to know the one that can be referenced from ie. GameObjects
'Assets/Photon/Quantum/Runtime/QuantumUnityRuntime.cs' contains partial class of Unity.Object, exactly 1 of the partial classes needs to be in a file with the same filename. This is to know the one that can be referenced from ie. GameObjects
'Assets/Photon/Quantum/Runtime/QuantumUnityRuntime.cs' contains partial class of Unity.Object, exactly 1 of the partial classes needs to be in a file with the same filename. This is to know the one that can be referenced from ie. GameObjects
'Assets/Photon/Quantum/Runtime/QuantumUnityRuntime.cs' contains partial class of Unity.Object, exactly 1 of the partial classes needs to be in a file with the same filename. This is to know the one that can be referenced from ie. GameObjects
'Assets/Photon/Quantum/Runtime/QuantumUnityRuntime.cs' contains partial class of Unity.Object, exactly 1 of the partial classes needs to be in a file with the same filename. This is to know the one that can be referenced from ie. GameObjects
'Assets/Photon/Quantum/Runtime/QuantumUnityRuntime.cs' contains partial class of Unity.Object, exactly 1 of the partial classes needs to be in a file with the same filename. This is to know the one that can be referenced from ie. GameObjects
Unloading 5 Unused Serialized files (Serialized files now loaded: 0)
Unloading 3648 unused Assets / (1.2 MB). Loaded Objects now: 4262.
Memory consumption went from 93.3 MB to 92.2 MB.
Total: 4.998000 ms (FindLiveObjects: 0.192667 ms CreateObjectMapping: 0.071958 ms MarkObjects: 4.153417 ms  DeleteObjects: 0.579791 ms)

Prepare: number of updated asset objects reloaded= 0
========================================================================
Received Prepare
'Assets/Photon/Quantum/Runtime/QuantumUnityRuntime.cs' contains partial class of Unity.Object, exactly 1 of the partial classes needs to be in a file with the same filename. This is to know the one that can be referenced from ie. GameObjects
'Assets/Photon/Quantum/Runtime/QuantumUnityRuntime.cs' contains partial class of Unity.Object, exactly 1 of the partial classes needs to be in a file with the same filename. This is to know the one that can be referenced from ie. GameObjects
'Assets/Photon/Quantum/Runtime/QuantumUnityRuntime.cs' contains partial class of Unity.Object, exactly 1 of the partial classes needs to be in a file with the same filename. This is to know the one that can be referenced from ie. GameObjects
'Assets/Photon/Quantum/Runtime/QuantumUnityRuntime.cs' contains partial class of Unity.Object, exactly 1 of the partial classes needs to be in a file with the same filename. This is to know the one that can be referenced from ie. GameObjects
'Assets/Photon/Quantum/Runtime/QuantumUnityRuntime.cs' contains partial class of Unity.Object, exactly 1 of the partial classes needs to be in a file with the same filename. This is to know the one that can be referenced from ie. GameObjects
'Assets/Photon/Quantum/Runtime/QuantumUnityRuntime.cs' contains partial class of Unity.Object, exactly 1 of the partial classes needs to be in a file with the same filename. This is to know the one that can be referenced from ie. GameObjects
'Assets/Photon/Quantum/Runtime/QuantumUnityRuntime.cs' contains partial class of Unity.Object, exactly 1 of the partial classes needs to be in a file with the same filename. This is to know the one that can be referenced from ie. GameObjects
'Assets/Photon/Quantum/Runtime/QuantumUnityRuntime.cs' contains partial class of Unity.Object, exactly 1 of the partial classes needs to be in a file with the same filename. This is to know the one that can be referenced from ie. GameObjects
'Assets/Photon/Quantum/Runtime/QuantumUnityRuntime.cs' contains partial class of Unity.Object, exactly 1 of the partial classes needs to be in a file with the same filename. This is to know the one that can be referenced from ie. GameObjects
'Assets/Photon/Quantum/Runtime/QuantumUnityRuntime.cs' contains partial class of Unity.Object, exactly 1 of the partial classes needs to be in a file with the same filename. This is to know the one that can be referenced from ie. GameObjects
'Assets/Photon/Quantum/Runtime/QuantumUnityRuntime.cs' contains partial class of Unity.Object, exactly 1 of the partial classes needs to be in a file with the same filename. This is to know the one that can be referenced from ie. GameObjects
Unloading 5 Unused Serialized files (Serialized files now loaded: 0)
Unloading 3649 unused Assets / (1.2 MB). Loaded Objects now: 4263.
Memory consumption went from 93.0 MB to 91.8 MB.
Total: 5.089792 ms (FindLiveObjects: 0.191292 ms CreateObjectMapping: 0.070750 ms MarkObjects: 4.206041 ms  DeleteObjects: 0.621542 ms)

Prepare: number of updated asset objects reloaded= 0
========================================================================
Received Import Request.
  Time since last request: 323.288311 seconds.
  path: Assets/QuantumUser/Simulation/SystemSetup.User.cs
  importAddress: Guid(a1080442b5d513f4da30c121b4a9e360) Importer(2089858483,b0f066a214c2f5e87bad3c948f4d605d)
Start importing Assets/QuantumUser/Simulation/SystemSetup.User.cs using Guid(a1080442b5d513f4da30c121b4a9e360) Importer(2089858483,b0f066a214c2f5e87bad3c948f4d605d) (ScriptedImporter) -> (Import Result ID: 'edbe21075afa9177bcd93497c89c7c7f') in 0.00152475 seconds [static and dynamic dependencies]. Details - ImportResultOutputID=5702076fb95e0a09f2b0557e05d2322a DependenciesID=debe77867a6e36e93d8dc3239d9278f4 StaticDependenciesID=bed64f17ecc4cd3e1882ad54c797eac8 
Number of updated asset objects reloaded before import = 0Number of asset objects unloaded after import = 0

========================================================================
Received Import Request.
  Time since last request: 0.000056 seconds.
  path: Assets/QuantumUser/View/Generated/QPrototypePlayerTechState.cs
  importAddress: Guid(e433c130624324e12be4ab2509649afd) Importer(2089858483,b0f066a214c2f5e87bad3c948f4d605d)
Start importing Assets/QuantumUser/View/Generated/QPrototypePlayerTechState.cs using Guid(e433c130624324e12be4ab2509649afd) Importer(2089858483,b0f066a214c2f5e87bad3c948f4d605d) (ScriptedImporter) -> (Import Result ID: 'd20c7e6c981f780d7e11646aea48e5b2') in 0.0012345 seconds [static and dynamic dependencies]. Details - ImportResultOutputID=71d099ab07859c87cc529cc87781b4f5 DependenciesID=ef807c96f0425a556c42f9785ebc1af6 StaticDependenciesID=59b0f65c2ff7f42455f46873fcb4e35e 
Number of updated asset objects reloaded before import = 0Number of asset objects unloaded after import = 0

========================================================================
Received Import Request.
  Time since last request: 0.000069 seconds.
  path: Assets/QuantumUser/Simulation/AnachronInput.qtn
  importAddress: Guid(5701c0bc422a943e9958b7973a55d49b) Importer(2089858483,b0f066a214c2f5e87bad3c948f4d605d)
Start importing Assets/QuantumUser/Simulation/AnachronInput.qtn using Guid(5701c0bc422a943e9958b7973a55d49b) Importer(2089858483,b0f066a214c2f5e87bad3c948f4d605d) (ScriptedImporter) -> (Import Result ID: 'ad6dc4cec3cf053f169011873f7adb67') in 0.001726125 seconds [static and dynamic dependencies]. Details - ImportResultOutputID=a3a75d5b63f0e138202d5b163f3476cb DependenciesID=2aa5eb7dd20a36416e6c1becd09a6450 StaticDependenciesID=e2f030ec79c24d434dae4de0695160f5 
Number of updated asset objects reloaded before import = 0Number of asset objects unloaded after import = 1

========================================================================
Received Import Request.
  Time since last request: 0.000093 seconds.
  path: Assets/QuantumUser/Simulation/SelectionIntentSystem.cs
  importAddress: Guid(2eb7a7df57c244d47858eb6ef2e35ffe) Importer(2089858483,b0f066a214c2f5e87bad3c948f4d605d)
Start importing Assets/QuantumUser/Simulation/SelectionIntentSystem.cs using Guid(2eb7a7df57c244d47858eb6ef2e35ffe) Importer(2089858483,b0f066a214c2f5e87bad3c948f4d605d) (ScriptedImporter) -> (Import Result ID: '2db89dc3fa804a478b8f0de7ea996aaa') in 0.001544375 seconds [static and dynamic dependencies]. Details - ImportResultOutputID=a3c82076544e485b5fa6d8e4525499c6 DependenciesID=c0e5d9cc0c0945df0c7f45b8d2e8f18d StaticDependenciesID=ac4cedcca134f0c1a88a6ec86132d519 
Number of updated asset objects reloaded before import = 0Number of asset objects unloaded after import = 0

========================================================================
Received Import Request.
  Time since last request: 0.000036 seconds.
  path: Assets/QuantumUser/Simulation/TechUpgradeResult.cs
  importAddress: Guid(ab04f6a07df894ee899b00f74e2f2ca6) Importer(2089858483,b0f066a214c2f5e87bad3c948f4d605d)
Start importing Assets/QuantumUser/Simulation/TechUpgradeResult.cs using Guid(ab04f6a07df894ee899b00f74e2f2ca6) Importer(2089858483,b0f066a214c2f5e87bad3c948f4d605d) (ScriptedImporter) -> (Import Result ID: '9a7a8a431ce168a38836d3f2ec7fc263') in 0.001098375 seconds [static and dynamic dependencies]. Details - ImportResultOutputID=e6e0d31593957823ac7f0b308ee1f950 DependenciesID=7d7ed644df35dfe1867c137ecea39aa4 StaticDependenciesID=f116e64259dff7df0c5e3aa3f19e0135 
Number of updated asset objects reloaded before import = 0Number of asset objects unloaded after import = 0

========================================================================
Received Import Request.
  Time since last request: 0.000045 seconds.
  path: Assets/QuantumUser/Simulation/Generated/Quantum.CodeGen.Prototypes.cs
  importAddress: Guid(28bebf48c9cde4cfeb9ad40d8590a06c) Importer(2089858483,b0f066a214c2f5e87bad3c948f4d605d)
Start importing Assets/QuantumUser/Simulation/Generated/Quantum.CodeGen.Prototypes.cs using Guid(28bebf48c9cde4cfeb9ad40d8590a06c) Importer(2089858483,b0f066a214c2f5e87bad3c948f4d605d) (ScriptedImporter) -> (Import Result ID: '093223faf37dcf199004c4e4830c871a') in 0.001378458 seconds [static and dynamic dependencies]. Details - ImportResultOutputID=234910aee0e388ee4fb53e44c32ee449 DependenciesID=add908a3b2c28d643d75e7721ee26250 StaticDependenciesID=6989d808fcc6ece7291403e5f3b0367c 
Number of updated asset objects reloaded before import = 0Number of asset objects unloaded after import = 0

========================================================================
Received Import Request.
  Time since last request: 0.000073 seconds.
  path: Assets/QuantumUser/Simulation/TestSelectableBootstrapSystem.cs
  importAddress: Guid(3303ded40acf340d59d1f2b55cf88303) Importer(2089858483,b0f066a214c2f5e87bad3c948f4d605d)
Start importing Assets/QuantumUser/Simulation/TestSelectableBootstrapSystem.cs using Guid(3303ded40acf340d59d1f2b55cf88303) Importer(2089858483,b0f066a214c2f5e87bad3c948f4d605d) (ScriptedImporter) -> (Import Result ID: '1abe0fa4a139d0090ccf20cba431ba96') in 0.001215292 seconds [static and dynamic dependencies]. Details - ImportResultOutputID=f589f2a955fde9a2f6fd7328366c042d DependenciesID=ac9b444c6275cf768010c04420ce52c2 StaticDependenciesID=e742a1f7d5d941dc3f1447a2656e5e1e 
Number of updated asset objects reloaded before import = 0Number of asset objects unloaded after import = 0

========================================================================
Received Prepare
Begin MonoManager ReloadAssembly
[Licensing::Client] Successfully resolved entitlement details
Thread 0x177727000 may have been prematurely finalized
Assembly Assembly-CSharp-Editor-firstpass.dll at Library/ScriptAssemblies/Assembly-CSharp-Editor-firstpass.dll not valid. Loading of assembly skipped.
Assembly Assembly-CSharp-Editor.dll at Library/ScriptAssemblies/Assembly-CSharp-Editor.dll not valid. Loading of assembly skipped.
Assembly Assembly-CSharp-firstpass.dll at Library/ScriptAssemblies/Assembly-CSharp-firstpass.dll not valid. Loading of assembly skipped.
Assembly PhotonWebSocket.dll at Library/ScriptAssemblies/PhotonWebSocket.dll not valid. Loading of assembly skipped.
Assembly TestNewCustomAssembly.dll at Library/ScriptAssemblies/TestNewCustomAssembly.dll not valid. Loading of assembly skipped.
Assembly Unity.AI.Navigation.Editor.Tests.dll at Library/ScriptAssemblies/Unity.AI.Navigation.Editor.Tests.dll not valid. Loading of assembly skipped.
Assembly Unity.AI.Navigation.LegacyOffMeshLink.Tests.dll at Library/ScriptAssemblies/Unity.AI.Navigation.LegacyOffMeshLink.Tests.dll not valid. Loading of assembly skipped.
Assembly Unity.AI.Navigation.Tests.dll at Library/ScriptAssemblies/Unity.AI.Navigation.Tests.dll not valid. Loading of assembly skipped.
Assembly Unity.AI.Navigation.Tests.EditorInPlaymode.dll at Library/ScriptAssemblies/Unity.AI.Navigation.Tests.EditorInPlaymode.dll not valid. Loading of assembly skipped.
Assembly Unity.InputSystem.IntegrationTests.dll at Library/ScriptAssemblies/Unity.InputSystem.IntegrationTests.dll not valid. Loading of assembly skipped.
Assembly Unity.Performance.Profile-Analyzer.EditorTests.dll at Library/ScriptAssemblies/Unity.Performance.Profile-Analyzer.EditorTests.dll not valid. Loading of assembly skipped.
Assembly Unity.Settings.Tests.dll at Library/ScriptAssemblies/Unity.Settings.Tests.dll not valid. Loading of assembly skipped.
Assembly Unity.TestTools.CodeCoverage.Editor.Compatibility.dll at Library/ScriptAssemblies/Unity.TestTools.CodeCoverage.Editor.Compatibility.dll not valid. Loading of assembly skipped.
Assembly Unity.TextMeshPro.Editor.Tests.dll at Library/ScriptAssemblies/Unity.TextMeshPro.Editor.Tests.dll not valid. Loading of assembly skipped.
Assembly Unity.TextMeshPro.Tests.dll at Library/ScriptAssemblies/Unity.TextMeshPro.Tests.dll not valid. Loading of assembly skipped.
Assembly UnityEditor.UI.Common.Tests.dll at Library/ScriptAssemblies/UnityEditor.UI.Common.Tests.dll not valid. Loading of assembly skipped.
Assembly UnityEditor.UI.EditorTests.dll at Library/ScriptAssemblies/UnityEditor.UI.EditorTests.dll not valid. Loading of assembly skipped.
Assembly UnityEngine.UI.Tests.dll at Library/ScriptAssemblies/UnityEngine.UI.Tests.dll not valid. Loading of assembly skipped.
'Assets/Photon/Quantum/Runtime/QuantumUnityRuntime.cs' contains partial class of Unity.Object, exactly 1 of the partial classes needs to be in a file with the same filename. This is to know the one that can be referenced from ie. GameObjects
'Assets/Photon/Quantum/Runtime/QuantumUnityRuntime.cs' contains partial class of Unity.Object, exactly 1 of the partial classes needs to be in a file with the same filename. This is to know the one that can be referenced from ie. GameObjects
'Assets/Photon/Quantum/Runtime/QuantumUnityRuntime.cs' contains partial class of Unity.Object, exactly 1 of the partial classes needs to be in a file with the same filename. This is to know the one that can be referenced from ie. GameObjects
'Assets/Photon/Quantum/Runtime/QuantumUnityRuntime.cs' contains partial class of Unity.Object, exactly 1 of the partial classes needs to be in a file with the same filename. This is to know the one that can be referenced from ie. GameObjects
'Assets/Photon/Quantum/Runtime/QuantumUnityRuntime.cs' contains partial class of Unity.Object, exactly 1 of the partial classes needs to be in a file with the same filename. This is to know the one that can be referenced from ie. GameObjects
'Assets/Photon/Quantum/Runtime/QuantumUnityRuntime.cs' contains partial class of Unity.Object, exactly 1 of the partial classes needs to be in a file with the same filename. This is to know the one that can be referenced from ie. GameObjects
'Assets/Photon/Quantum/Runtime/QuantumUnityRuntime.cs' contains partial class of Unity.Object, exactly 1 of the partial classes needs to be in a file with the same filename. This is to know the one that can be referenced from ie. GameObjects
'Assets/Photon/Quantum/Runtime/QuantumUnityRuntime.cs' contains partial class of Unity.Object, exactly 1 of the partial classes needs to be in a file with the same filename. This is to know the one that can be referenced from ie. GameObjects
'Assets/Photon/Quantum/Runtime/QuantumUnityRuntime.cs' contains partial class of Unity.Object, exactly 1 of the partial classes needs to be in a file with the same filename. This is to know the one that can be referenced from ie. GameObjects
'Assets/Photon/Quantum/Runtime/QuantumUnityRuntime.cs' contains partial class of Unity.Object, exactly 1 of the partial classes needs to be in a file with the same filename. This is to know the one that can be referenced from ie. GameObjects
'Assets/Photon/Quantum/Runtime/QuantumUnityRuntime.cs' contains partial class of Unity.Object, exactly 1 of the partial classes needs to be in a file with the same filename. This is to know the one that can be referenced from ie. GameObjects
Native extension for Android target not found
Native extension for OSXStandalone target not found
[Package Manager] Failed to launch server process. Reason: Unity was launched with the -noUpm command-line argument
[Package Manager] Unable to send message (not connected to server process).
[Package Manager] Cannot connect to Unity Package Manager local server
ScheduleIndexationOnStartup MainProcess:False IndexOnStartup:True
Mono: successfully reloaded assembly
- Finished resetting the current domain, in  0.423 seconds
Domain Reload Profiling: 816ms
	BeginReloadAssembly (102ms)
		DisableScriptedObjects (3ms)
		CreateAndSetChildDomain (32ms)
	RebuildCommonClasses (26ms)
	RebuildNativeTypeToScriptingClass (10ms)
	initialDomainReloadingComplete (35ms)
	LoadAllAssembliesAndSetupDomain (220ms)
		LoadAssemblies (144ms)
		AnalyzeDomain (108ms)
			TypeCache.Refresh (14ms)
				TypeCache.ScanAssembly (7ms)
			BuildScriptInfoCaches (89ms)
			ResolveRequiredComponents (4ms)
	FinalizeReload (423ms)
		SetupLoadedEditorAssemblies (0ms)
			InitializePlatformSupportModulesInManaged (4ms)
			BeforeProcessingInitializeOnLoad (70ms)
			ProcessInitializeOnLoadAttributes (236ms)
			ProcessInitializeOnLoadMethodAttributes (30ms)
Unloading 5 Unused Serialized files (Serialized files now loaded: 0)
Unloading 3657 unused Assets / (0.8 MB). Loaded Objects now: 4263.
Memory consumption went from 106.7 MB to 105.9 MB.
Total: 5.073375 ms (FindLiveObjects: 0.196167 ms CreateObjectMapping: 0.075000 ms MarkObjects: 4.178125 ms  DeleteObjects: 0.623917 ms)

Prepare: number of updated asset objects reloaded= 0
========================================================================
Received Prepare
Begin MonoManager ReloadAssembly
[Licensing::Client] Successfully resolved entitlement details
Thread 0x16e6d3000 may have been prematurely finalized
Assembly Assembly-CSharp-Editor-firstpass.dll at Library/ScriptAssemblies/Assembly-CSharp-Editor-firstpass.dll not valid. Loading of assembly skipped.
Assembly Assembly-CSharp-Editor.dll at Library/ScriptAssemblies/Assembly-CSharp-Editor.dll not valid. Loading of assembly skipped.
Assembly Assembly-CSharp-firstpass.dll at Library/ScriptAssemblies/Assembly-CSharp-firstpass.dll not valid. Loading of assembly skipped.
Assembly PhotonWebSocket.dll at Library/ScriptAssemblies/PhotonWebSocket.dll not valid. Loading of assembly skipped.
Assembly TestNewCustomAssembly.dll at Library/ScriptAssemblies/TestNewCustomAssembly.dll not valid. Loading of assembly skipped.
Assembly Unity.AI.Navigation.Editor.Tests.dll at Library/ScriptAssemblies/Unity.AI.Navigation.Editor.Tests.dll not valid. Loading of assembly skipped.
Assembly Unity.AI.Navigation.LegacyOffMeshLink.Tests.dll at Library/ScriptAssemblies/Unity.AI.Navigation.LegacyOffMeshLink.Tests.dll not valid. Loading of assembly skipped.
Assembly Unity.AI.Navigation.Tests.dll at Library/ScriptAssemblies/Unity.AI.Navigation.Tests.dll not valid. Loading of assembly skipped.
Assembly Unity.AI.Navigation.Tests.EditorInPlaymode.dll at Library/ScriptAssemblies/Unity.AI.Navigation.Tests.EditorInPlaymode.dll not valid. Loading of assembly skipped.
Assembly Unity.InputSystem.IntegrationTests.dll at Library/ScriptAssemblies/Unity.InputSystem.IntegrationTests.dll not valid. Loading of assembly skipped.
Assembly Unity.Performance.Profile-Analyzer.EditorTests.dll at Library/ScriptAssemblies/Unity.Performance.Profile-Analyzer.EditorTests.dll not valid. Loading of assembly skipped.
Assembly Unity.Settings.Tests.dll at Library/ScriptAssemblies/Unity.Settings.Tests.dll not valid. Loading of assembly skipped.
Assembly Unity.TestTools.CodeCoverage.Editor.Compatibility.dll at Library/ScriptAssemblies/Unity.TestTools.CodeCoverage.Editor.Compatibility.dll not valid. Loading of assembly skipped.
Assembly Unity.TextMeshPro.Editor.Tests.dll at Library/ScriptAssemblies/Unity.TextMeshPro.Editor.Tests.dll not valid. Loading of assembly skipped.
Assembly Unity.TextMeshPro.Tests.dll at Library/ScriptAssemblies/Unity.TextMeshPro.Tests.dll not valid. Loading of assembly skipped.
Assembly UnityEditor.UI.Common.Tests.dll at Library/ScriptAssemblies/UnityEditor.UI.Common.Tests.dll not valid. Loading of assembly skipped.
Assembly UnityEditor.UI.EditorTests.dll at Library/ScriptAssemblies/UnityEditor.UI.EditorTests.dll not valid. Loading of assembly skipped.
Assembly UnityEngine.UI.Tests.dll at Library/ScriptAssemblies/UnityEngine.UI.Tests.dll not valid. Loading of assembly skipped.
'Assets/Photon/Quantum/Runtime/QuantumUnityRuntime.cs' contains partial class of Unity.Object, exactly 1 of the partial classes needs to be in a file with the same filename. This is to know the one that can be referenced from ie. GameObjects
'Assets/Photon/Quantum/Runtime/QuantumUnityRuntime.cs' contains partial class of Unity.Object, exactly 1 of the partial classes needs to be in a file with the same filename. This is to know the one that can be referenced from ie. GameObjects
'Assets/Photon/Quantum/Runtime/QuantumUnityRuntime.cs' contains partial class of Unity.Object, exactly 1 of the partial classes needs to be in a file with the same filename. This is to know the one that can be referenced from ie. GameObjects
'Assets/Photon/Quantum/Runtime/QuantumUnityRuntime.cs' contains partial class of Unity.Object, exactly 1 of the partial classes needs to be in a file with the same filename. This is to know the one that can be referenced from ie. GameObjects
'Assets/Photon/Quantum/Runtime/QuantumUnityRuntime.cs' contains partial class of Unity.Object, exactly 1 of the partial classes needs to be in a file with the same filename. This is to know the one that can be referenced from ie. GameObjects
'Assets/Photon/Quantum/Runtime/QuantumUnityRuntime.cs' contains partial class of Unity.Object, exactly 1 of the partial classes needs to be in a file with the same filename. This is to know the one that can be referenced from ie. GameObjects
'Assets/Photon/Quantum/Runtime/QuantumUnityRuntime.cs' contains partial class of Unity.Object, exactly 1 of the partial classes needs to be in a file with the same filename. This is to know the one that can be referenced from ie. GameObjects
'Assets/Photon/Quantum/Runtime/QuantumUnityRuntime.cs' contains partial class of Unity.Object, exactly 1 of the partial classes needs to be in a file with the same filename. This is to know the one that can be referenced from ie. GameObjects
'Assets/Photon/Quantum/Runtime/QuantumUnityRuntime.cs' contains partial class of Unity.Object, exactly 1 of the partial classes needs to be in a file with the same filename. This is to know the one that can be referenced from ie. GameObjects
'Assets/Photon/Quantum/Runtime/QuantumUnityRuntime.cs' contains partial class of Unity.Object, exactly 1 of the partial classes needs to be in a file with the same filename. This is to know the one that can be referenced from ie. GameObjects
'Assets/Photon/Quantum/Runtime/QuantumUnityRuntime.cs' contains partial class of Unity.Object, exactly 1 of the partial classes needs to be in a file with the same filename. This is to know the one that can be referenced from ie. GameObjects
Native extension for Android target not found
Native extension for OSXStandalone target not found
[Package Manager] Failed to launch server process. Reason: Unity was launched with the -noUpm command-line argument
[Package Manager] Unable to send message (not connected to server process).
[Package Manager] Cannot connect to Unity Package Manager local server
ScheduleIndexationOnStartup MainProcess:False IndexOnStartup:True
Mono: successfully reloaded assembly
- Finished resetting the current domain, in  0.407 seconds
Domain Reload Profiling: 742ms
	BeginReloadAssembly (81ms)
		DisableScriptedObjects (3ms)
		CreateAndSetChildDomain (21ms)
	RebuildCommonClasses (24ms)
	RebuildNativeTypeToScriptingClass (10ms)
	initialDomainReloadingComplete (32ms)
	LoadAllAssembliesAndSetupDomain (190ms)
		LoadAssemblies (119ms)
		AnalyzeDomain (95ms)
			TypeCache.Refresh (5ms)
			BuildScriptInfoCaches (85ms)
			ResolveRequiredComponents (4ms)
	FinalizeReload (407ms)
		SetupLoadedEditorAssemblies (0ms)
			InitializePlatformSupportModulesInManaged (4ms)
			BeforeProcessingInitializeOnLoad (64ms)
			ProcessInitializeOnLoadAttributes (231ms)
			ProcessInitializeOnLoadMethodAttributes (31ms)
Unloading 5 Unused Serialized files (Serialized files now loaded: 0)
Unloading 3657 unused Assets / (1.2 MB). Loaded Objects now: 4263.
Memory consumption went from 105.1 MB to 103.9 MB.
Total: 5.014292 ms (FindLiveObjects: 0.167750 ms CreateObjectMapping: 0.067000 ms MarkObjects: 4.178708 ms  DeleteObjects: 0.600375 ms)

Prepare: number of updated asset objects reloaded= 0
========================================================================
Received Prepare
Begin MonoManager ReloadAssembly
[Licensing::Client] Successfully resolved entitlement details
Thread 0x16e607000 may have been prematurely finalized
Assembly Assembly-CSharp-Editor-firstpass.dll at Library/ScriptAssemblies/Assembly-CSharp-Editor-firstpass.dll not valid. Loading of assembly skipped.
Assembly Assembly-CSharp-Editor.dll at Library/ScriptAssemblies/Assembly-CSharp-Editor.dll not valid. Loading of assembly skipped.
Assembly Assembly-CSharp-firstpass.dll at Library/ScriptAssemblies/Assembly-CSharp-firstpass.dll not valid. Loading of assembly skipped.
Assembly PhotonWebSocket.dll at Library/ScriptAssemblies/PhotonWebSocket.dll not valid. Loading of assembly skipped.
Assembly TestNewCustomAssembly.dll at Library/ScriptAssemblies/TestNewCustomAssembly.dll not valid. Loading of assembly skipped.
Assembly Unity.AI.Navigation.Editor.Tests.dll at Library/ScriptAssemblies/Unity.AI.Navigation.Editor.Tests.dll not valid. Loading of assembly skipped.
Assembly Unity.AI.Navigation.LegacyOffMeshLink.Tests.dll at Library/ScriptAssemblies/Unity.AI.Navigation.LegacyOffMeshLink.Tests.dll not valid. Loading of assembly skipped.
Assembly Unity.AI.Navigation.Tests.dll at Library/ScriptAssemblies/Unity.AI.Navigation.Tests.dll not valid. Loading of assembly skipped.
Assembly Unity.AI.Navigation.Tests.EditorInPlaymode.dll at Library/ScriptAssemblies/Unity.AI.Navigation.Tests.EditorInPlaymode.dll not valid. Loading of assembly skipped.
Assembly Unity.InputSystem.IntegrationTests.dll at Library/ScriptAssemblies/Unity.InputSystem.IntegrationTests.dll not valid. Loading of assembly skipped.
Assembly Unity.Performance.Profile-Analyzer.EditorTests.dll at Library/ScriptAssemblies/Unity.Performance.Profile-Analyzer.EditorTests.dll not valid. Loading of assembly skipped.
Assembly Unity.Settings.Tests.dll at Library/ScriptAssemblies/Unity.Settings.Tests.dll not valid. Loading of assembly skipped.
Assembly Unity.TestTools.CodeCoverage.Editor.Compatibility.dll at Library/ScriptAssemblies/Unity.TestTools.CodeCoverage.Editor.Compatibility.dll not valid. Loading of assembly skipped.
Assembly Unity.TextMeshPro.Editor.Tests.dll at Library/ScriptAssemblies/Unity.TextMeshPro.Editor.Tests.dll not valid. Loading of assembly skipped.
Assembly Unity.TextMeshPro.Tests.dll at Library/ScriptAssemblies/Unity.TextMeshPro.Tests.dll not valid. Loading of assembly skipped.
Assembly UnityEditor.UI.Common.Tests.dll at Library/ScriptAssemblies/UnityEditor.UI.Common.Tests.dll not valid. Loading of assembly skipped.
Assembly UnityEditor.UI.EditorTests.dll at Library/ScriptAssemblies/UnityEditor.UI.EditorTests.dll not valid. Loading of assembly skipped.
Assembly UnityEngine.UI.Tests.dll at Library/ScriptAssemblies/UnityEngine.UI.Tests.dll not valid. Loading of assembly skipped.
'Assets/Photon/Quantum/Runtime/QuantumUnityRuntime.cs' contains partial class of Unity.Object, exactly 1 of the partial classes needs to be in a file with the same filename. This is to know the one that can be referenced from ie. GameObjects
'Assets/Photon/Quantum/Runtime/QuantumUnityRuntime.cs' contains partial class of Unity.Object, exactly 1 of the partial classes needs to be in a file with the same filename. This is to know the one that can be referenced from ie. GameObjects
'Assets/Photon/Quantum/Runtime/QuantumUnityRuntime.cs' contains partial class of Unity.Object, exactly 1 of the partial classes needs to be in a file with the same filename. This is to know the one that can be referenced from ie. GameObjects
'Assets/Photon/Quantum/Runtime/QuantumUnityRuntime.cs' contains partial class of Unity.Object, exactly 1 of the partial classes needs to be in a file with the same filename. This is to know the one that can be referenced from ie. GameObjects
'Assets/Photon/Quantum/Runtime/QuantumUnityRuntime.cs' contains partial class of Unity.Object, exactly 1 of the partial classes needs to be in a file with the same filename. This is to know the one that can be referenced from ie. GameObjects
'Assets/Photon/Quantum/Runtime/QuantumUnityRuntime.cs' contains partial class of Unity.Object, exactly 1 of the partial classes needs to be in a file with the same filename. This is to know the one that can be referenced from ie. GameObjects
'Assets/Photon/Quantum/Runtime/QuantumUnityRuntime.cs' contains partial class of Unity.Object, exactly 1 of the partial classes needs to be in a file with the same filename. This is to know the one that can be referenced from ie. GameObjects
'Assets/Photon/Quantum/Runtime/QuantumUnityRuntime.cs' contains partial class of Unity.Object, exactly 1 of the partial classes needs to be in a file with the same filename. This is to know the one that can be referenced from ie. GameObjects
'Assets/Photon/Quantum/Runtime/QuantumUnityRuntime.cs' contains partial class of Unity.Object, exactly 1 of the partial classes needs to be in a file with the same filename. This is to know the one that can be referenced from ie. GameObjects
'Assets/Photon/Quantum/Runtime/QuantumUnityRuntime.cs' contains partial class of Unity.Object, exactly 1 of the partial classes needs to be in a file with the same filename. This is to know the one that can be referenced from ie. GameObjects
'Assets/Photon/Quantum/Runtime/QuantumUnityRuntime.cs' contains partial class of Unity.Object, exactly 1 of the partial classes needs to be in a file with the same filename. This is to know the one that can be referenced from ie. GameObjects
Native extension for Android target not found
Native extension for OSXStandalone target not found
[Package Manager] Failed to launch server process. Reason: Unity was launched with the -noUpm command-line argument
[Package Manager] Unable to send message (not connected to server process).
[Package Manager] Cannot connect to Unity Package Manager local server
ScheduleIndexationOnStartup MainProcess:False IndexOnStartup:True
Mono: successfully reloaded assembly
- Finished resetting the current domain, in  0.419 seconds
Domain Reload Profiling: 744ms
	BeginReloadAssembly (81ms)
		DisableScriptedObjects (3ms)
		CreateAndSetChildDomain (21ms)
	RebuildCommonClasses (23ms)
	RebuildNativeTypeToScriptingClass (9ms)
	initialDomainReloadingComplete (32ms)
	LoadAllAssembliesAndSetupDomain (179ms)
		LoadAssemblies (108ms)
		AnalyzeDomain (96ms)
			TypeCache.Refresh (5ms)
			BuildScriptInfoCaches (87ms)
			ResolveRequiredComponents (4ms)
	FinalizeReload (420ms)
		SetupLoadedEditorAssemblies (0ms)
			InitializePlatformSupportModulesInManaged (4ms)
			BeforeProcessingInitializeOnLoad (64ms)
			ProcessInitializeOnLoadAttributes (234ms)
			ProcessInitializeOnLoadMethodAttributes (35ms)
Unloading 5 Unused Serialized files (Serialized files now loaded: 0)
Unloading 3657 unused Assets / (1.1 MB). Loaded Objects now: 4263.
Memory consumption went from 105.1 MB to 104.0 MB.
Total: 5.393166 ms (FindLiveObjects: 0.198750 ms CreateObjectMapping: 0.074417 ms MarkObjects: 4.511250 ms  DeleteObjects: 0.608541 ms)

Prepare: number of updated asset objects reloaded= 0
========================================================================
Received Prepare
'Assets/Photon/Quantum/Runtime/QuantumUnityRuntime.cs' contains partial class of Unity.Object, exactly 1 of the partial classes needs to be in a file with the same filename. This is to know the one that can be referenced from ie. GameObjects
'Assets/Photon/Quantum/Runtime/QuantumUnityRuntime.cs' contains partial class of Unity.Object, exactly 1 of the partial classes needs to be in a file with the same filename. This is to know the one that can be referenced from ie. GameObjects
'Assets/Photon/Quantum/Runtime/QuantumUnityRuntime.cs' contains partial class of Unity.Object, exactly 1 of the partial classes needs to be in a file with the same filename. This is to know the one that can be referenced from ie. GameObjects
'Assets/Photon/Quantum/Runtime/QuantumUnityRuntime.cs' contains partial class of Unity.Object, exactly 1 of the partial classes needs to be in a file with the same filename. This is to know the one that can be referenced from ie. GameObjects
'Assets/Photon/Quantum/Runtime/QuantumUnityRuntime.cs' contains partial class of Unity.Object, exactly 1 of the partial classes needs to be in a file with the same filename. This is to know the one that can be referenced from ie. GameObjects
'Assets/Photon/Quantum/Runtime/QuantumUnityRuntime.cs' contains partial class of Unity.Object, exactly 1 of the partial classes needs to be in a file with the same filename. This is to know the one that can be referenced from ie. GameObjects
'Assets/Photon/Quantum/Runtime/QuantumUnityRuntime.cs' contains partial class of Unity.Object, exactly 1 of the partial classes needs to be in a file with the same filename. This is to know the one that can be referenced from ie. GameObjects
'Assets/Photon/Quantum/Runtime/QuantumUnityRuntime.cs' contains partial class of Unity.Object, exactly 1 of the partial classes needs to be in a file with the same filename. This is to know the one that can be referenced from ie. GameObjects
'Assets/Photon/Quantum/Runtime/QuantumUnityRuntime.cs' contains partial class of Unity.Object, exactly 1 of the partial classes needs to be in a file with the same filename. This is to know the one that can be referenced from ie. GameObjects
'Assets/Photon/Quantum/Runtime/QuantumUnityRuntime.cs' contains partial class of Unity.Object, exactly 1 of the partial classes needs to be in a file with the same filename. This is to know the one that can be referenced from ie. GameObjects
'Assets/Photon/Quantum/Runtime/QuantumUnityRuntime.cs' contains partial class of Unity.Object, exactly 1 of the partial classes needs to be in a file with the same filename. This is to know the one that can be referenced from ie. GameObjects
Unloading 5 Unused Serialized files (Serialized files now loaded: 0)
Unloading 3651 unused Assets / (1.2 MB). Loaded Objects now: 4265.
Memory consumption went from 93.6 MB to 92.4 MB.
Total: 5.379375 ms (FindLiveObjects: 0.178625 ms CreateObjectMapping: 0.073958 ms MarkObjects: 4.539792 ms  DeleteObjects: 0.586416 ms)

Prepare: number of updated asset objects reloaded= 0
========================================================================
Received Prepare
'Assets/Photon/Quantum/Runtime/QuantumUnityRuntime.cs' contains partial class of Unity.Object, exactly 1 of the partial classes needs to be in a file with the same filename. This is to know the one that can be referenced from ie. GameObjects
'Assets/Photon/Quantum/Runtime/QuantumUnityRuntime.cs' contains partial class of Unity.Object, exactly 1 of the partial classes needs to be in a file with the same filename. This is to know the one that can be referenced from ie. GameObjects
'Assets/Photon/Quantum/Runtime/QuantumUnityRuntime.cs' contains partial class of Unity.Object, exactly 1 of the partial classes needs to be in a file with the same filename. This is to know the one that can be referenced from ie. GameObjects
'Assets/Photon/Quantum/Runtime/QuantumUnityRuntime.cs' contains partial class of Unity.Object, exactly 1 of the partial classes needs to be in a file with the same filename. This is to know the one that can be referenced from ie. GameObjects
'Assets/Photon/Quantum/Runtime/QuantumUnityRuntime.cs' contains partial class of Unity.Object, exactly 1 of the partial classes needs to be in a file with the same filename. This is to know the one that can be referenced from ie. GameObjects
'Assets/Photon/Quantum/Runtime/QuantumUnityRuntime.cs' contains partial class of Unity.Object, exactly 1 of the partial classes needs to be in a file with the same filename. This is to know the one that can be referenced from ie. GameObjects
'Assets/Photon/Quantum/Runtime/QuantumUnityRuntime.cs' contains partial class of Unity.Object, exactly 1 of the partial classes needs to be in a file with the same filename. This is to know the one that can be referenced from ie. GameObjects
'Assets/Photon/Quantum/Runtime/QuantumUnityRuntime.cs' contains partial class of Unity.Object, exactly 1 of the partial classes needs to be in a file with the same filename. This is to know the one that can be referenced from ie. GameObjects
'Assets/Photon/Quantum/Runtime/QuantumUnityRuntime.cs' contains partial class of Unity.Object, exactly 1 of the partial classes needs to be in a file with the same filename. This is to know the one that can be referenced from ie. GameObjects
'Assets/Photon/Quantum/Runtime/QuantumUnityRuntime.cs' contains partial class of Unity.Object, exactly 1 of the partial classes needs to be in a file with the same filename. This is to know the one that can be referenced from ie. GameObjects
'Assets/Photon/Quantum/Runtime/QuantumUnityRuntime.cs' contains partial class of Unity.Object, exactly 1 of the partial classes needs to be in a file with the same filename. This is to know the one that can be referenced from ie. GameObjects
Unloading 5 Unused Serialized files (Serialized files now loaded: 0)
Unloading 3652 unused Assets / (0.7 MB). Loaded Objects now: 4266.
Memory consumption went from 93.6 MB to 92.9 MB.
Total: 5.492792 ms (FindLiveObjects: 0.202917 ms CreateObjectMapping: 0.067792 ms MarkObjects: 4.630166 ms  DeleteObjects: 0.591625 ms)

Prepare: number of updated asset objects reloaded= 0
========================================================================
Received Prepare
Begin MonoManager ReloadAssembly
[Licensing::Client] Successfully resolved entitlement details
Thread 0x16ddef000 may have been prematurely finalized
Assembly Assembly-CSharp-Editor-firstpass.dll at Library/ScriptAssemblies/Assembly-CSharp-Editor-firstpass.dll not valid. Loading of assembly skipped.
Assembly Assembly-CSharp-Editor.dll at Library/ScriptAssemblies/Assembly-CSharp-Editor.dll not valid. Loading of assembly skipped.
Assembly Assembly-CSharp-firstpass.dll at Library/ScriptAssemblies/Assembly-CSharp-firstpass.dll not valid. Loading of assembly skipped.
Assembly PhotonWebSocket.dll at Library/ScriptAssemblies/PhotonWebSocket.dll not valid. Loading of assembly skipped.
Assembly TestNewCustomAssembly.dll at Library/ScriptAssemblies/TestNewCustomAssembly.dll not valid. Loading of assembly skipped.
Assembly Unity.AI.Navigation.Editor.Tests.dll at Library/ScriptAssemblies/Unity.AI.Navigation.Editor.Tests.dll not valid. Loading of assembly skipped.
Assembly Unity.AI.Navigation.LegacyOffMeshLink.Tests.dll at Library/ScriptAssemblies/Unity.AI.Navigation.LegacyOffMeshLink.Tests.dll not valid. Loading of assembly skipped.
Assembly Unity.AI.Navigation.Tests.dll at Library/ScriptAssemblies/Unity.AI.Navigation.Tests.dll not valid. Loading of assembly skipped.
Assembly Unity.AI.Navigation.Tests.EditorInPlaymode.dll at Library/ScriptAssemblies/Unity.AI.Navigation.Tests.EditorInPlaymode.dll not valid. Loading of assembly skipped.
Assembly Unity.InputSystem.IntegrationTests.dll at Library/ScriptAssemblies/Unity.InputSystem.IntegrationTests.dll not valid. Loading of assembly skipped.
Assembly Unity.Performance.Profile-Analyzer.EditorTests.dll at Library/ScriptAssemblies/Unity.Performance.Profile-Analyzer.EditorTests.dll not valid. Loading of assembly skipped.
Assembly Unity.Settings.Tests.dll at Library/ScriptAssemblies/Unity.Settings.Tests.dll not valid. Loading of assembly skipped.
Assembly Unity.TestTools.CodeCoverage.Editor.Compatibility.dll at Library/ScriptAssemblies/Unity.TestTools.CodeCoverage.Editor.Compatibility.dll not valid. Loading of assembly skipped.
Assembly Unity.TextMeshPro.Editor.Tests.dll at Library/ScriptAssemblies/Unity.TextMeshPro.Editor.Tests.dll not valid. Loading of assembly skipped.
Assembly Unity.TextMeshPro.Tests.dll at Library/ScriptAssemblies/Unity.TextMeshPro.Tests.dll not valid. Loading of assembly skipped.
Assembly UnityEditor.UI.Common.Tests.dll at Library/ScriptAssemblies/UnityEditor.UI.Common.Tests.dll not valid. Loading of assembly skipped.
Assembly UnityEditor.UI.EditorTests.dll at Library/ScriptAssemblies/UnityEditor.UI.EditorTests.dll not valid. Loading of assembly skipped.
Assembly UnityEngine.UI.Tests.dll at Library/ScriptAssemblies/UnityEngine.UI.Tests.dll not valid. Loading of assembly skipped.
'Assets/Photon/Quantum/Runtime/QuantumUnityRuntime.cs' contains partial class of Unity.Object, exactly 1 of the partial classes needs to be in a file with the same filename. This is to know the one that can be referenced from ie. GameObjects
'Assets/Photon/Quantum/Runtime/QuantumUnityRuntime.cs' contains partial class of Unity.Object, exactly 1 of the partial classes needs to be in a file with the same filename. This is to know the one that can be referenced from ie. GameObjects
'Assets/Photon/Quantum/Runtime/QuantumUnityRuntime.cs' contains partial class of Unity.Object, exactly 1 of the partial classes needs to be in a file with the same filename. This is to know the one that can be referenced from ie. GameObjects
'Assets/Photon/Quantum/Runtime/QuantumUnityRuntime.cs' contains partial class of Unity.Object, exactly 1 of the partial classes needs to be in a file with the same filename. This is to know the one that can be referenced from ie. GameObjects
'Assets/Photon/Quantum/Runtime/QuantumUnityRuntime.cs' contains partial class of Unity.Object, exactly 1 of the partial classes needs to be in a file with the same filename. This is to know the one that can be referenced from ie. GameObjects
'Assets/Photon/Quantum/Runtime/QuantumUnityRuntime.cs' contains partial class of Unity.Object, exactly 1 of the partial classes needs to be in a file with the same filename. This is to know the one that can be referenced from ie. GameObjects
'Assets/Photon/Quantum/Runtime/QuantumUnityRuntime.cs' contains partial class of Unity.Object, exactly 1 of the partial classes needs to be in a file with the same filename. This is to know the one that can be referenced from ie. GameObjects
'Assets/Photon/Quantum/Runtime/QuantumUnityRuntime.cs' contains partial class of Unity.Object, exactly 1 of the partial classes needs to be in a file with the same filename. This is to know the one that can be referenced from ie. GameObjects
'Assets/Photon/Quantum/Runtime/QuantumUnityRuntime.cs' contains partial class of Unity.Object, exactly 1 of the partial classes needs to be in a file with the same filename. This is to know the one that can be referenced from ie. GameObjects
'Assets/Photon/Quantum/Runtime/QuantumUnityRuntime.cs' contains partial class of Unity.Object, exactly 1 of the partial classes needs to be in a file with the same filename. This is to know the one that can be referenced from ie. GameObjects
'Assets/Photon/Quantum/Runtime/QuantumUnityRuntime.cs' contains partial class of Unity.Object, exactly 1 of the partial classes needs to be in a file with the same filename. This is to know the one that can be referenced from ie. GameObjects
Native extension for Android target not found
Native extension for OSXStandalone target not found
[Package Manager] Failed to launch server process. Reason: Unity was launched with the -noUpm command-line argument
[Package Manager] Unable to send message (not connected to server process).
[Package Manager] Cannot connect to Unity Package Manager local server
ScheduleIndexationOnStartup MainProcess:False IndexOnStartup:True
Mono: successfully reloaded assembly
- Finished resetting the current domain, in  0.432 seconds
Domain Reload Profiling: 782ms
	BeginReloadAssembly (88ms)
		DisableScriptedObjects (3ms)
		CreateAndSetChildDomain (24ms)
	RebuildCommonClasses (24ms)
	RebuildNativeTypeToScriptingClass (10ms)
	initialDomainReloadingComplete (34ms)
	LoadAllAssembliesAndSetupDomain (194ms)
		LoadAssemblies (115ms)
		AnalyzeDomain (107ms)
			TypeCache.Refresh (13ms)
				TypeCache.ScanAssembly (7ms)
			BuildScriptInfoCaches (88ms)
			ResolveRequiredComponents (4ms)
	FinalizeReload (432ms)
		SetupLoadedEditorAssemblies (0ms)
			InitializePlatformSupportModulesInManaged (4ms)
			BeforeProcessingInitializeOnLoad (70ms)
			ProcessInitializeOnLoadAttributes (241ms)
			ProcessInitializeOnLoadMethodAttributes (31ms)
Unloading 5 Unused Serialized files (Serialized files now loaded: 0)
Unloading 3660 unused Assets / (1.2 MB). Loaded Objects now: 4266.
Memory consumption went from 105.1 MB to 103.9 MB.
Total: 5.075792 ms (FindLiveObjects: 0.183250 ms CreateObjectMapping: 0.072792 ms MarkObjects: 4.273125 ms  DeleteObjects: 0.546250 ms)

Prepare: number of updated asset objects reloaded= 0
========================================================================
Received Prepare
Begin MonoManager ReloadAssembly
Thread 0x16ddef000 may have been prematurely finalized
Assembly Assembly-CSharp-Editor-firstpass.dll at Library/ScriptAssemblies/Assembly-CSharp-Editor-firstpass.dll not valid. Loading of assembly skipped.
Assembly Assembly-CSharp-Editor.dll at Library/ScriptAssemblies/Assembly-CSharp-Editor.dll not valid. Loading of assembly skipped.
Assembly Assembly-CSharp-firstpass.dll at Library/ScriptAssemblies/Assembly-CSharp-firstpass.dll not valid. Loading of assembly skipped.
Assembly PhotonWebSocket.dll at Library/ScriptAssemblies/PhotonWebSocket.dll not valid. Loading of assembly skipped.
Assembly TestNewCustomAssembly.dll at Library/ScriptAssemblies/TestNewCustomAssembly.dll not valid. Loading of assembly skipped.
Assembly Unity.AI.Navigation.Editor.Tests.dll at Library/ScriptAssemblies/Unity.AI.Navigation.Editor.Tests.dll not valid. Loading of assembly skipped.
Assembly Unity.AI.Navigation.LegacyOffMeshLink.Tests.dll at Library/ScriptAssemblies/Unity.AI.Navigation.LegacyOffMeshLink.Tests.dll not valid. Loading of assembly skipped.
Assembly Unity.AI.Navigation.Tests.dll at Library/ScriptAssemblies/Unity.AI.Navigation.Tests.dll not valid. Loading of assembly skipped.
Assembly Unity.AI.Navigation.Tests.EditorInPlaymode.dll at Library/ScriptAssemblies/Unity.AI.Navigation.Tests.EditorInPlaymode.dll not valid. Loading of assembly skipped.
Assembly Unity.InputSystem.IntegrationTests.dll at Library/ScriptAssemblies/Unity.InputSystem.IntegrationTests.dll not valid. Loading of assembly skipped.
Assembly Unity.Performance.Profile-Analyzer.EditorTests.dll at Library/ScriptAssemblies/Unity.Performance.Profile-Analyzer.EditorTests.dll not valid. Loading of assembly skipped.
Assembly Unity.Settings.Tests.dll at Library/ScriptAssemblies/Unity.Settings.Tests.dll not valid. Loading of assembly skipped.
Assembly Unity.TestTools.CodeCoverage.Editor.Compatibility.dll at Library/ScriptAssemblies/Unity.TestTools.CodeCoverage.Editor.Compatibility.dll not valid. Loading of assembly skipped.
Assembly Unity.TextMeshPro.Editor.Tests.dll at Library/ScriptAssemblies/Unity.TextMeshPro.Editor.Tests.dll not valid. Loading of assembly skipped.
Assembly Unity.TextMeshPro.Tests.dll at Library/ScriptAssemblies/Unity.TextMeshPro.Tests.dll not valid. Loading of assembly skipped.
Assembly UnityEditor.UI.Common.Tests.dll at Library/ScriptAssemblies/UnityEditor.UI.Common.Tests.dll not valid. Loading of assembly skipped.
Assembly UnityEditor.UI.EditorTests.dll at Library/ScriptAssemblies/UnityEditor.UI.EditorTests.dll not valid. Loading of assembly skipped.
Assembly UnityEngine.UI.Tests.dll at Library/ScriptAssemblies/UnityEngine.UI.Tests.dll not valid. Loading of assembly skipped.
'Assets/Photon/Quantum/Runtime/QuantumUnityRuntime.cs' contains partial class of Unity.Object, exactly 1 of the partial classes needs to be in a file with the same filename. This is to know the one that can be referenced from ie. GameObjects
'Assets/Photon/Quantum/Runtime/QuantumUnityRuntime.cs' contains partial class of Unity.Object, exactly 1 of the partial classes needs to be in a file with the same filename. This is to know the one that can be referenced from ie. GameObjects
'Assets/Photon/Quantum/Runtime/QuantumUnityRuntime.cs' contains partial class of Unity.Object, exactly 1 of the partial classes needs to be in a file with the same filename. This is to know the one that can be referenced from ie. GameObjects
'Assets/Photon/Quantum/Runtime/QuantumUnityRuntime.cs' contains partial class of Unity.Object, exactly 1 of the partial classes needs to be in a file with the same filename. This is to know the one that can be referenced from ie. GameObjects
'Assets/Photon/Quantum/Runtime/QuantumUnityRuntime.cs' contains partial class of Unity.Object, exactly 1 of the partial classes needs to be in a file with the same filename. This is to know the one that can be referenced from ie. GameObjects
'Assets/Photon/Quantum/Runtime/QuantumUnityRuntime.cs' contains partial class of Unity.Object, exactly 1 of the partial classes needs to be in a file with the same filename. This is to know the one that can be referenced from ie. GameObjects
'Assets/Photon/Quantum/Runtime/QuantumUnityRuntime.cs' contains partial class of Unity.Object, exactly 1 of the partial classes needs to be in a file with the same filename. This is to know the one that can be referenced from ie. GameObjects
'Assets/Photon/Quantum/Runtime/QuantumUnityRuntime.cs' contains partial class of Unity.Object, exactly 1 of the partial classes needs to be in a file with the same filename. This is to know the one that can be referenced from ie. GameObjects
'Assets/Photon/Quantum/Runtime/QuantumUnityRuntime.cs' contains partial class of Unity.Object, exactly 1 of the partial classes needs to be in a file with the same filename. This is to know the one that can be referenced from ie. GameObjects
'Assets/Photon/Quantum/Runtime/QuantumUnityRuntime.cs' contains partial class of Unity.Object, exactly 1 of the partial classes needs to be in a file with the same filename. This is to know the one that can be referenced from ie. GameObjects
'Assets/Photon/Quantum/Runtime/QuantumUnityRuntime.cs' contains partial class of Unity.Object, exactly 1 of the partial classes needs to be in a file with the same filename. This is to know the one that can be referenced from ie. GameObjects
Native extension for Android target not found
Native extension for OSXStandalone target not found
[Package Manager] Failed to launch server process. Reason: Unity was launched with the -noUpm command-line argument
[Package Manager] Unable to send message (not connected to server process).
[Package Manager] Cannot connect to Unity Package Manager local server
ScheduleIndexationOnStartup MainProcess:False IndexOnStartup:True
Mono: successfully reloaded assembly
- Finished resetting the current domain, in  0.401 seconds
Domain Reload Profiling: 720ms
	BeginReloadAssembly (81ms)
		DisableScriptedObjects (3ms)
		CreateAndSetChildDomain (22ms)
	RebuildCommonClasses (22ms)
	RebuildNativeTypeToScriptingClass (9ms)
	initialDomainReloadingComplete (30ms)
	LoadAllAssembliesAndSetupDomain (176ms)
		LoadAssemblies (104ms)
		AnalyzeDomain (95ms)
			TypeCache.Refresh (5ms)
			BuildScriptInfoCaches (86ms)
			ResolveRequiredComponents (4ms)
	FinalizeReload (401ms)
		SetupLoadedEditorAssemblies (0ms)
			InitializePlatformSupportModulesInManaged (4ms)
			BeforeProcessingInitializeOnLoad (66ms)
			ProcessInitializeOnLoadAttributes (223ms)
			ProcessInitializeOnLoadMethodAttributes (29ms)
Unloading 5 Unused Serialized files (Serialized files now loaded: 0)
Unloading 3660 unused Assets / (1.2 MB). Loaded Objects now: 4266.
Memory consumption went from 105.1 MB to 103.9 MB.
Total: 4.731250 ms (FindLiveObjects: 0.168959 ms CreateObjectMapping: 0.069291 ms MarkObjects: 3.961000 ms  DeleteObjects: 0.531708 ms)

Prepare: number of updated asset objects reloaded= 0
========================================================================
Received Prepare
'Assets/Photon/Quantum/Runtime/QuantumUnityRuntime.cs' contains partial class of Unity.Object, exactly 1 of the partial classes needs to be in a file with the same filename. This is to know the one that can be referenced from ie. GameObjects
'Assets/Photon/Quantum/Runtime/QuantumUnityRuntime.cs' contains partial class of Unity.Object, exactly 1 of the partial classes needs to be in a file with the same filename. This is to know the one that can be referenced from ie. GameObjects
'Assets/Photon/Quantum/Runtime/QuantumUnityRuntime.cs' contains partial class of Unity.Object, exactly 1 of the partial classes needs to be in a file with the same filename. This is to know the one that can be referenced from ie. GameObjects
'Assets/Photon/Quantum/Runtime/QuantumUnityRuntime.cs' contains partial class of Unity.Object, exactly 1 of the partial classes needs to be in a file with the same filename. This is to know the one that can be referenced from ie. GameObjects
'Assets/Photon/Quantum/Runtime/QuantumUnityRuntime.cs' contains partial class of Unity.Object, exactly 1 of the partial classes needs to be in a file with the same filename. This is to know the one that can be referenced from ie. GameObjects
'Assets/Photon/Quantum/Runtime/QuantumUnityRuntime.cs' contains partial class of Unity.Object, exactly 1 of the partial classes needs to be in a file with the same filename. This is to know the one that can be referenced from ie. GameObjects
'Assets/Photon/Quantum/Runtime/QuantumUnityRuntime.cs' contains partial class of Unity.Object, exactly 1 of the partial classes needs to be in a file with the same filename. This is to know the one that can be referenced from ie. GameObjects
'Assets/Photon/Quantum/Runtime/QuantumUnityRuntime.cs' contains partial class of Unity.Object, exactly 1 of the partial classes needs to be in a file with the same filename. This is to know the one that can be referenced from ie. GameObjects
'Assets/Photon/Quantum/Runtime/QuantumUnityRuntime.cs' contains partial class of Unity.Object, exactly 1 of the partial classes needs to be in a file with the same filename. This is to know the one that can be referenced from ie. GameObjects
'Assets/Photon/Quantum/Runtime/QuantumUnityRuntime.cs' contains partial class of Unity.Object, exactly 1 of the partial classes needs to be in a file with the same filename. This is to know the one that can be referenced from ie. GameObjects
'Assets/Photon/Quantum/Runtime/QuantumUnityRuntime.cs' contains partial class of Unity.Object, exactly 1 of the partial classes needs to be in a file with the same filename. This is to know the one that can be referenced from ie. GameObjects
Unloading 5 Unused Serialized files (Serialized files now loaded: 0)
Unloading 3654 unused Assets / (1.0 MB). Loaded Objects now: 4268.
Memory consumption went from 93.6 MB to 92.6 MB.
Total: 5.517333 ms (FindLiveObjects: 0.193875 ms CreateObjectMapping: 0.069625 ms MarkObjects: 4.656583 ms  DeleteObjects: 0.596875 ms)

Prepare: number of updated asset objects reloaded= 0
========================================================================
Received Prepare
'Assets/Photon/Quantum/Runtime/QuantumUnityRuntime.cs' contains partial class of Unity.Object, exactly 1 of the partial classes needs to be in a file with the same filename. This is to know the one that can be referenced from ie. GameObjects
'Assets/Photon/Quantum/Runtime/QuantumUnityRuntime.cs' contains partial class of Unity.Object, exactly 1 of the partial classes needs to be in a file with the same filename. This is to know the one that can be referenced from ie. GameObjects
'Assets/Photon/Quantum/Runtime/QuantumUnityRuntime.cs' contains partial class of Unity.Object, exactly 1 of the partial classes needs to be in a file with the same filename. This is to know the one that can be referenced from ie. GameObjects
'Assets/Photon/Quantum/Runtime/QuantumUnityRuntime.cs' contains partial class of Unity.Object, exactly 1 of the partial classes needs to be in a file with the same filename. This is to know the one that can be referenced from ie. GameObjects
'Assets/Photon/Quantum/Runtime/QuantumUnityRuntime.cs' contains partial class of Unity.Object, exactly 1 of the partial classes needs to be in a file with the same filename. This is to know the one that can be referenced from ie. GameObjects
'Assets/Photon/Quantum/Runtime/QuantumUnityRuntime.cs' contains partial class of Unity.Object, exactly 1 of the partial classes needs to be in a file with the same filename. This is to know the one that can be referenced from ie. GameObjects
'Assets/Photon/Quantum/Runtime/QuantumUnityRuntime.cs' contains partial class of Unity.Object, exactly 1 of the partial classes needs to be in a file with the same filename. This is to know the one that can be referenced from ie. GameObjects
'Assets/Photon/Quantum/Runtime/QuantumUnityRuntime.cs' contains partial class of Unity.Object, exactly 1 of the partial classes needs to be in a file with the same filename. This is to know the one that can be referenced from ie. GameObjects
'Assets/Photon/Quantum/Runtime/QuantumUnityRuntime.cs' contains partial class of Unity.Object, exactly 1 of the partial classes needs to be in a file with the same filename. This is to know the one that can be referenced from ie. GameObjects
'Assets/Photon/Quantum/Runtime/QuantumUnityRuntime.cs' contains partial class of Unity.Object, exactly 1 of the partial classes needs to be in a file with the same filename. This is to know the one that can be referenced from ie. GameObjects
'Assets/Photon/Quantum/Runtime/QuantumUnityRuntime.cs' contains partial class of Unity.Object, exactly 1 of the partial classes needs to be in a file with the same filename. This is to know the one that can be referenced from ie. GameObjects
Unloading 5 Unused Serialized files (Serialized files now loaded: 0)
Unloading 3656 unused Assets / (0.8 MB). Loaded Objects now: 4270.
Memory consumption went from 93.6 MB to 92.8 MB.
Total: 5.515875 ms (FindLiveObjects: 0.212500 ms CreateObjectMapping: 0.074625 ms MarkObjects: 4.607000 ms  DeleteObjects: 0.621500 ms)

Prepare: number of updated asset objects reloaded= 0
========================================================================
Received Prepare
Begin MonoManager ReloadAssembly
[Licensing::Client] Successfully resolved entitlement details
Thread 0x16ddef000 may have been prematurely finalized
Assembly Assembly-CSharp-Editor-firstpass.dll at Library/ScriptAssemblies/Assembly-CSharp-Editor-firstpass.dll not valid. Loading of assembly skipped.
Assembly Assembly-CSharp-Editor.dll at Library/ScriptAssemblies/Assembly-CSharp-Editor.dll not valid. Loading of assembly skipped.
Assembly Assembly-CSharp-firstpass.dll at Library/ScriptAssemblies/Assembly-CSharp-firstpass.dll not valid. Loading of assembly skipped.
Assembly PhotonWebSocket.dll at Library/ScriptAssemblies/PhotonWebSocket.dll not valid. Loading of assembly skipped.
Assembly TestNewCustomAssembly.dll at Library/ScriptAssemblies/TestNewCustomAssembly.dll not valid. Loading of assembly skipped.
Assembly Unity.AI.Navigation.Editor.Tests.dll at Library/ScriptAssemblies/Unity.AI.Navigation.Editor.Tests.dll not valid. Loading of assembly skipped.
Assembly Unity.AI.Navigation.LegacyOffMeshLink.Tests.dll at Library/ScriptAssemblies/Unity.AI.Navigation.LegacyOffMeshLink.Tests.dll not valid. Loading of assembly skipped.
Assembly Unity.AI.Navigation.Tests.dll at Library/ScriptAssemblies/Unity.AI.Navigation.Tests.dll not valid. Loading of assembly skipped.
Assembly Unity.AI.Navigation.Tests.EditorInPlaymode.dll at Library/ScriptAssemblies/Unity.AI.Navigation.Tests.EditorInPlaymode.dll not valid. Loading of assembly skipped.
Assembly Unity.InputSystem.IntegrationTests.dll at Library/ScriptAssemblies/Unity.InputSystem.IntegrationTests.dll not valid. Loading of assembly skipped.
Assembly Unity.Performance.Profile-Analyzer.EditorTests.dll at Library/ScriptAssemblies/Unity.Performance.Profile-Analyzer.EditorTests.dll not valid. Loading of assembly skipped.
Assembly Unity.Settings.Tests.dll at Library/ScriptAssemblies/Unity.Settings.Tests.dll not valid. Loading of assembly skipped.
Assembly Unity.TestTools.CodeCoverage.Editor.Compatibility.dll at Library/ScriptAssemblies/Unity.TestTools.CodeCoverage.Editor.Compatibility.dll not valid. Loading of assembly skipped.
Assembly Unity.TextMeshPro.Editor.Tests.dll at Library/ScriptAssemblies/Unity.TextMeshPro.Editor.Tests.dll not valid. Loading of assembly skipped.
Assembly Unity.TextMeshPro.Tests.dll at Library/ScriptAssemblies/Unity.TextMeshPro.Tests.dll not valid. Loading of assembly skipped.
Assembly UnityEditor.UI.Common.Tests.dll at Library/ScriptAssemblies/UnityEditor.UI.Common.Tests.dll not valid. Loading of assembly skipped.
Assembly UnityEditor.UI.EditorTests.dll at Library/ScriptAssemblies/UnityEditor.UI.EditorTests.dll not valid. Loading of assembly skipped.
Assembly UnityEngine.UI.Tests.dll at Library/ScriptAssemblies/UnityEngine.UI.Tests.dll not valid. Loading of assembly skipped.
'Assets/Photon/Quantum/Runtime/QuantumUnityRuntime.cs' contains partial class of Unity.Object, exactly 1 of the partial classes needs to be in a file with the same filename. This is to know the one that can be referenced from ie. GameObjects
'Assets/Photon/Quantum/Runtime/QuantumUnityRuntime.cs' contains partial class of Unity.Object, exactly 1 of the partial classes needs to be in a file with the same filename. This is to know the one that can be referenced from ie. GameObjects
'Assets/Photon/Quantum/Runtime/QuantumUnityRuntime.cs' contains partial class of Unity.Object, exactly 1 of the partial classes needs to be in a file with the same filename. This is to know the one that can be referenced from ie. GameObjects
'Assets/Photon/Quantum/Runtime/QuantumUnityRuntime.cs' contains partial class of Unity.Object, exactly 1 of the partial classes needs to be in a file with the same filename. This is to know the one that can be referenced from ie. GameObjects
'Assets/Photon/Quantum/Runtime/QuantumUnityRuntime.cs' contains partial class of Unity.Object, exactly 1 of the partial classes needs to be in a file with the same filename. This is to know the one that can be referenced from ie. GameObjects
'Assets/Photon/Quantum/Runtime/QuantumUnityRuntime.cs' contains partial class of Unity.Object, exactly 1 of the partial classes needs to be in a file with the same filename. This is to know the one that can be referenced from ie. GameObjects
'Assets/Photon/Quantum/Runtime/QuantumUnityRuntime.cs' contains partial class of Unity.Object, exactly 1 of the partial classes needs to be in a file with the same filename. This is to know the one that can be referenced from ie. GameObjects
'Assets/Photon/Quantum/Runtime/QuantumUnityRuntime.cs' contains partial class of Unity.Object, exactly 1 of the partial classes needs to be in a file with the same filename. This is to know the one that can be referenced from ie. GameObjects
'Assets/Photon/Quantum/Runtime/QuantumUnityRuntime.cs' contains partial class of Unity.Object, exactly 1 of the partial classes needs to be in a file with the same filename. This is to know the one that can be referenced from ie. GameObjects
'Assets/Photon/Quantum/Runtime/QuantumUnityRuntime.cs' contains partial class of Unity.Object, exactly 1 of the partial classes needs to be in a file with the same filename. This is to know the one that can be referenced from ie. GameObjects
'Assets/Photon/Quantum/Runtime/QuantumUnityRuntime.cs' contains partial class of Unity.Object, exactly 1 of the partial classes needs to be in a file with the same filename. This is to know the one that can be referenced from ie. GameObjects
Native extension for Android target not found
Native extension for OSXStandalone target not found
[Package Manager] Failed to launch server process. Reason: Unity was launched with the -noUpm command-line argument
[Package Manager] Unable to send message (not connected to server process).
[Package Manager] Cannot connect to Unity Package Manager local server
ScheduleIndexationOnStartup MainProcess:False IndexOnStartup:True
Mono: successfully reloaded assembly
- Finished resetting the current domain, in  0.430 seconds
Domain Reload Profiling: 772ms
	BeginReloadAssembly (86ms)
		DisableScriptedObjects (3ms)
		CreateAndSetChildDomain (24ms)
	RebuildCommonClasses (23ms)
	RebuildNativeTypeToScriptingClass (9ms)
	initialDomainReloadingComplete (34ms)
	LoadAllAssembliesAndSetupDomain (189ms)
		LoadAssemblies (112ms)
		AnalyzeDomain (104ms)
			TypeCache.Refresh (13ms)
				TypeCache.ScanAssembly (7ms)
			BuildScriptInfoCaches (86ms)
			ResolveRequiredComponents (4ms)
	FinalizeReload (431ms)
		SetupLoadedEditorAssemblies (0ms)
			InitializePlatformSupportModulesInManaged (4ms)
			BeforeProcessingInitializeOnLoad (69ms)
			ProcessInitializeOnLoadAttributes (243ms)
			ProcessInitializeOnLoadMethodAttributes (29ms)
Unloading 5 Unused Serialized files (Serialized files now loaded: 0)
Unloading 3664 unused Assets / (1.1 MB). Loaded Objects now: 4270.
Memory consumption went from 105.2 MB to 104.1 MB.
Total: 4.892167 ms (FindLiveObjects: 0.187708 ms CreateObjectMapping: 0.074625 ms MarkObjects: 4.058708 ms  DeleteObjects: 0.570750 ms)

Prepare: number of updated asset objects reloaded= 0
========================================================================
Received Prepare
Begin MonoManager ReloadAssembly
Thread 0x16ddef000 may have been prematurely finalized
Assembly Assembly-CSharp-Editor-firstpass.dll at Library/ScriptAssemblies/Assembly-CSharp-Editor-firstpass.dll not valid. Loading of assembly skipped.
Assembly Assembly-CSharp-Editor.dll at Library/ScriptAssemblies/Assembly-CSharp-Editor.dll not valid. Loading of assembly skipped.
Assembly Assembly-CSharp-firstpass.dll at Library/ScriptAssemblies/Assembly-CSharp-firstpass.dll not valid. Loading of assembly skipped.
Assembly PhotonWebSocket.dll at Library/ScriptAssemblies/PhotonWebSocket.dll not valid. Loading of assembly skipped.
Assembly TestNewCustomAssembly.dll at Library/ScriptAssemblies/TestNewCustomAssembly.dll not valid. Loading of assembly skipped.
Assembly Unity.AI.Navigation.Editor.Tests.dll at Library/ScriptAssemblies/Unity.AI.Navigation.Editor.Tests.dll not valid. Loading of assembly skipped.
Assembly Unity.AI.Navigation.LegacyOffMeshLink.Tests.dll at Library/ScriptAssemblies/Unity.AI.Navigation.LegacyOffMeshLink.Tests.dll not valid. Loading of assembly skipped.
Assembly Unity.AI.Navigation.Tests.dll at Library/ScriptAssemblies/Unity.AI.Navigation.Tests.dll not valid. Loading of assembly skipped.
Assembly Unity.AI.Navigation.Tests.EditorInPlaymode.dll at Library/ScriptAssemblies/Unity.AI.Navigation.Tests.EditorInPlaymode.dll not valid. Loading of assembly skipped.
Assembly Unity.InputSystem.IntegrationTests.dll at Library/ScriptAssemblies/Unity.InputSystem.IntegrationTests.dll not valid. Loading of assembly skipped.
Assembly Unity.Performance.Profile-Analyzer.EditorTests.dll at Library/ScriptAssemblies/Unity.Performance.Profile-Analyzer.EditorTests.dll not valid. Loading of assembly skipped.
Assembly Unity.Settings.Tests.dll at Library/ScriptAssemblies/Unity.Settings.Tests.dll not valid. Loading of assembly skipped.
Assembly Unity.TestTools.CodeCoverage.Editor.Compatibility.dll at Library/ScriptAssemblies/Unity.TestTools.CodeCoverage.Editor.Compatibility.dll not valid. Loading of assembly skipped.
Assembly Unity.TextMeshPro.Editor.Tests.dll at Library/ScriptAssemblies/Unity.TextMeshPro.Editor.Tests.dll not valid. Loading of assembly skipped.
Assembly Unity.TextMeshPro.Tests.dll at Library/ScriptAssemblies/Unity.TextMeshPro.Tests.dll not valid. Loading of assembly skipped.
Assembly UnityEditor.UI.Common.Tests.dll at Library/ScriptAssemblies/UnityEditor.UI.Common.Tests.dll not valid. Loading of assembly skipped.
Assembly UnityEditor.UI.EditorTests.dll at Library/ScriptAssemblies/UnityEditor.UI.EditorTests.dll not valid. Loading of assembly skipped.
Assembly UnityEngine.UI.Tests.dll at Library/ScriptAssemblies/UnityEngine.UI.Tests.dll not valid. Loading of assembly skipped.
'Assets/Photon/Quantum/Runtime/QuantumUnityRuntime.cs' contains partial class of Unity.Object, exactly 1 of the partial classes needs to be in a file with the same filename. This is to know the one that can be referenced from ie. GameObjects
'Assets/Photon/Quantum/Runtime/QuantumUnityRuntime.cs' contains partial class of Unity.Object, exactly 1 of the partial classes needs to be in a file with the same filename. This is to know the one that can be referenced from ie. GameObjects
'Assets/Photon/Quantum/Runtime/QuantumUnityRuntime.cs' contains partial class of Unity.Object, exactly 1 of the partial classes needs to be in a file with the same filename. This is to know the one that can be referenced from ie. GameObjects
'Assets/Photon/Quantum/Runtime/QuantumUnityRuntime.cs' contains partial class of Unity.Object, exactly 1 of the partial classes needs to be in a file with the same filename. This is to know the one that can be referenced from ie. GameObjects
'Assets/Photon/Quantum/Runtime/QuantumUnityRuntime.cs' contains partial class of Unity.Object, exactly 1 of the partial classes needs to be in a file with the same filename. This is to know the one that can be referenced from ie. GameObjects
'Assets/Photon/Quantum/Runtime/QuantumUnityRuntime.cs' contains partial class of Unity.Object, exactly 1 of the partial classes needs to be in a file with the same filename. This is to know the one that can be referenced from ie. GameObjects
'Assets/Photon/Quantum/Runtime/QuantumUnityRuntime.cs' contains partial class of Unity.Object, exactly 1 of the partial classes needs to be in a file with the same filename. This is to know the one that can be referenced from ie. GameObjects
'Assets/Photon/Quantum/Runtime/QuantumUnityRuntime.cs' contains partial class of Unity.Object, exactly 1 of the partial classes needs to be in a file with the same filename. This is to know the one that can be referenced from ie. GameObjects
'Assets/Photon/Quantum/Runtime/QuantumUnityRuntime.cs' contains partial class of Unity.Object, exactly 1 of the partial classes needs to be in a file with the same filename. This is to know the one that can be referenced from ie. GameObjects
'Assets/Photon/Quantum/Runtime/QuantumUnityRuntime.cs' contains partial class of Unity.Object, exactly 1 of the partial classes needs to be in a file with the same filename. This is to know the one that can be referenced from ie. GameObjects
'Assets/Photon/Quantum/Runtime/QuantumUnityRuntime.cs' contains partial class of Unity.Object, exactly 1 of the partial classes needs to be in a file with the same filename. This is to know the one that can be referenced from ie. GameObjects
Native extension for Android target not found
Native extension for OSXStandalone target not found
[Package Manager] Failed to launch server process. Reason: Unity was launched with the -noUpm command-line argument
[Package Manager] Unable to send message (not connected to server process).
[Package Manager] Cannot connect to Unity Package Manager local server
ScheduleIndexationOnStartup MainProcess:False IndexOnStartup:True
Mono: successfully reloaded assembly
- Finished resetting the current domain, in  0.415 seconds
Domain Reload Profiling: 753ms
	BeginReloadAssembly (83ms)
		DisableScriptedObjects (3ms)
		CreateAndSetChildDomain (22ms)
	RebuildCommonClasses (24ms)
	RebuildNativeTypeToScriptingClass (10ms)
	initialDomainReloadingComplete (32ms)
	LoadAllAssembliesAndSetupDomain (189ms)
		LoadAssemblies (116ms)
		AnalyzeDomain (98ms)
			TypeCache.Refresh (5ms)
			BuildScriptInfoCaches (89ms)
			ResolveRequiredComponents (4ms)
	FinalizeReload (415ms)
		SetupLoadedEditorAssemblies (0ms)
			InitializePlatformSupportModulesInManaged (4ms)
			BeforeProcessingInitializeOnLoad (65ms)
			ProcessInitializeOnLoadAttributes (228ms)
			ProcessInitializeOnLoadMethodAttributes (34ms)
Unloading 5 Unused Serialized files (Serialized files now loaded: 0)
Unloading 3664 unused Assets / (1.1 MB). Loaded Objects now: 4270.
Memory consumption went from 105.2 MB to 104.1 MB.
Total: 5.549917 ms (FindLiveObjects: 0.199750 ms CreateObjectMapping: 0.075167 ms MarkObjects: 4.687500 ms  DeleteObjects: 0.586792 ms)

Prepare: number of updated asset objects reloaded= 0
========================================================================
Received Prepare
Begin MonoManager ReloadAssembly
[Licensing::Client] Successfully resolved entitlement details
Thread 0x16ddef000 may have been prematurely finalized
Assembly Assembly-CSharp-Editor-firstpass.dll at Library/ScriptAssemblies/Assembly-CSharp-Editor-firstpass.dll not valid. Loading of assembly skipped.
Assembly Assembly-CSharp-Editor.dll at Library/ScriptAssemblies/Assembly-CSharp-Editor.dll not valid. Loading of assembly skipped.
Assembly Assembly-CSharp-firstpass.dll at Library/ScriptAssemblies/Assembly-CSharp-firstpass.dll not valid. Loading of assembly skipped.
Assembly PhotonWebSocket.dll at Library/ScriptAssemblies/PhotonWebSocket.dll not valid. Loading of assembly skipped.
Assembly TestNewCustomAssembly.dll at Library/ScriptAssemblies/TestNewCustomAssembly.dll not valid. Loading of assembly skipped.
Assembly Unity.AI.Navigation.Editor.Tests.dll at Library/ScriptAssemblies/Unity.AI.Navigation.Editor.Tests.dll not valid. Loading of assembly skipped.
Assembly Unity.AI.Navigation.LegacyOffMeshLink.Tests.dll at Library/ScriptAssemblies/Unity.AI.Navigation.LegacyOffMeshLink.Tests.dll not valid. Loading of assembly skipped.
Assembly Unity.AI.Navigation.Tests.dll at Library/ScriptAssemblies/Unity.AI.Navigation.Tests.dll not valid. Loading of assembly skipped.
Assembly Unity.AI.Navigation.Tests.EditorInPlaymode.dll at Library/ScriptAssemblies/Unity.AI.Navigation.Tests.EditorInPlaymode.dll not valid. Loading of assembly skipped.
Assembly Unity.InputSystem.IntegrationTests.dll at Library/ScriptAssemblies/Unity.InputSystem.IntegrationTests.dll not valid. Loading of assembly skipped.
Assembly Unity.Performance.Profile-Analyzer.EditorTests.dll at Library/ScriptAssemblies/Unity.Performance.Profile-Analyzer.EditorTests.dll not valid. Loading of assembly skipped.
Assembly Unity.Settings.Tests.dll at Library/ScriptAssemblies/Unity.Settings.Tests.dll not valid. Loading of assembly skipped.
Assembly Unity.TestTools.CodeCoverage.Editor.Compatibility.dll at Library/ScriptAssemblies/Unity.TestTools.CodeCoverage.Editor.Compatibility.dll not valid. Loading of assembly skipped.
Assembly Unity.TextMeshPro.Editor.Tests.dll at Library/ScriptAssemblies/Unity.TextMeshPro.Editor.Tests.dll not valid. Loading of assembly skipped.
Assembly Unity.TextMeshPro.Tests.dll at Library/ScriptAssemblies/Unity.TextMeshPro.Tests.dll not valid. Loading of assembly skipped.
Assembly UnityEditor.UI.Common.Tests.dll at Library/ScriptAssemblies/UnityEditor.UI.Common.Tests.dll not valid. Loading of assembly skipped.
Assembly UnityEditor.UI.EditorTests.dll at Library/ScriptAssemblies/UnityEditor.UI.EditorTests.dll not valid. Loading of assembly skipped.
Assembly UnityEngine.UI.Tests.dll at Library/ScriptAssemblies/UnityEngine.UI.Tests.dll not valid. Loading of assembly skipped.
'Assets/Photon/Quantum/Runtime/QuantumUnityRuntime.cs' contains partial class of Unity.Object, exactly 1 of the partial classes needs to be in a file with the same filename. This is to know the one that can be referenced from ie. GameObjects
'Assets/Photon/Quantum/Runtime/QuantumUnityRuntime.cs' contains partial class of Unity.Object, exactly 1 of the partial classes needs to be in a file with the same filename. This is to know the one that can be referenced from ie. GameObjects
'Assets/Photon/Quantum/Runtime/QuantumUnityRuntime.cs' contains partial class of Unity.Object, exactly 1 of the partial classes needs to be in a file with the same filename. This is to know the one that can be referenced from ie. GameObjects
'Assets/Photon/Quantum/Runtime/QuantumUnityRuntime.cs' contains partial class of Unity.Object, exactly 1 of the partial classes needs to be in a file with the same filename. This is to know the one that can be referenced from ie. GameObjects
'Assets/Photon/Quantum/Runtime/QuantumUnityRuntime.cs' contains partial class of Unity.Object, exactly 1 of the partial classes needs to be in a file with the same filename. This is to know the one that can be referenced from ie. GameObjects
'Assets/Photon/Quantum/Runtime/QuantumUnityRuntime.cs' contains partial class of Unity.Object, exactly 1 of the partial classes needs to be in a file with the same filename. This is to know the one that can be referenced from ie. GameObjects
'Assets/Photon/Quantum/Runtime/QuantumUnityRuntime.cs' contains partial class of Unity.Object, exactly 1 of the partial classes needs to be in a file with the same filename. This is to know the one that can be referenced from ie. GameObjects
'Assets/Photon/Quantum/Runtime/QuantumUnityRuntime.cs' contains partial class of Unity.Object, exactly 1 of the partial classes needs to be in a file with the same filename. This is to know the one that can be referenced from ie. GameObjects
'Assets/Photon/Quantum/Runtime/QuantumUnityRuntime.cs' contains partial class of Unity.Object, exactly 1 of the partial classes needs to be in a file with the same filename. This is to know the one that can be referenced from ie. GameObjects
'Assets/Photon/Quantum/Runtime/QuantumUnityRuntime.cs' contains partial class of Unity.Object, exactly 1 of the partial classes needs to be in a file with the same filename. This is to know the one that can be referenced from ie. GameObjects
'Assets/Photon/Quantum/Runtime/QuantumUnityRuntime.cs' contains partial class of Unity.Object, exactly 1 of the partial classes needs to be in a file with the same filename. This is to know the one that can be referenced from ie. GameObjects
Native extension for Android target not found
Native extension for OSXStandalone target not found
[Package Manager] Failed to launch server process. Reason: Unity was launched with the -noUpm command-line argument
[Package Manager] Unable to send message (not connected to server process).
[Package Manager] Cannot connect to Unity Package Manager local server
ScheduleIndexationOnStartup MainProcess:False IndexOnStartup:True
Mono: successfully reloaded assembly
- Finished resetting the current domain, in  0.441 seconds
Domain Reload Profiling: 796ms
	BeginReloadAssembly (85ms)
		DisableScriptedObjects (3ms)
		CreateAndSetChildDomain (23ms)
	RebuildCommonClasses (25ms)
	RebuildNativeTypeToScriptingClass (10ms)
	initialDomainReloadingComplete (34ms)
	LoadAllAssembliesAndSetupDomain (200ms)
		LoadAssemblies (122ms)
		AnalyzeDomain (104ms)
			TypeCache.Refresh (5ms)
			BuildScriptInfoCaches (93ms)
			ResolveRequiredComponents (5ms)
	FinalizeReload (442ms)
		SetupLoadedEditorAssemblies (0ms)
			InitializePlatformSupportModulesInManaged (4ms)
			BeforeProcessingInitializeOnLoad (70ms)
			ProcessInitializeOnLoadAttributes (240ms)
			ProcessInitializeOnLoadMethodAttributes (37ms)
Unloading 5 Unused Serialized files (Serialized files now loaded: 0)
Unloading 3664 unused Assets / (1.0 MB). Loaded Objects now: 4270.
Memory consumption went from 105.2 MB to 104.1 MB.
Total: 5.342875 ms (FindLiveObjects: 0.180458 ms CreateObjectMapping: 0.080417 ms MarkObjects: 4.483708 ms  DeleteObjects: 0.597834 ms)

Prepare: number of updated asset objects reloaded= 0
========================================================================
Received Prepare
Begin MonoManager ReloadAssembly
[Licensing::Client] Successfully resolved entitlement details
Thread 0x16e387000 may have been prematurely finalized
Assembly Assembly-CSharp-Editor-firstpass.dll at Library/ScriptAssemblies/Assembly-CSharp-Editor-firstpass.dll not valid. Loading of assembly skipped.
Assembly Assembly-CSharp-Editor.dll at Library/ScriptAssemblies/Assembly-CSharp-Editor.dll not valid. Loading of assembly skipped.
Assembly Assembly-CSharp-firstpass.dll at Library/ScriptAssemblies/Assembly-CSharp-firstpass.dll not valid. Loading of assembly skipped.
Assembly PhotonWebSocket.dll at Library/ScriptAssemblies/PhotonWebSocket.dll not valid. Loading of assembly skipped.
Assembly TestNewCustomAssembly.dll at Library/ScriptAssemblies/TestNewCustomAssembly.dll not valid. Loading of assembly skipped.
Assembly Unity.AI.Navigation.Editor.Tests.dll at Library/ScriptAssemblies/Unity.AI.Navigation.Editor.Tests.dll not valid. Loading of assembly skipped.
Assembly Unity.AI.Navigation.LegacyOffMeshLink.Tests.dll at Library/ScriptAssemblies/Unity.AI.Navigation.LegacyOffMeshLink.Tests.dll not valid. Loading of assembly skipped.
Assembly Unity.AI.Navigation.Tests.dll at Library/ScriptAssemblies/Unity.AI.Navigation.Tests.dll not valid. Loading of assembly skipped.
Assembly Unity.AI.Navigation.Tests.EditorInPlaymode.dll at Library/ScriptAssemblies/Unity.AI.Navigation.Tests.EditorInPlaymode.dll not valid. Loading of assembly skipped.
Assembly Unity.InputSystem.IntegrationTests.dll at Library/ScriptAssemblies/Unity.InputSystem.IntegrationTests.dll not valid. Loading of assembly skipped.
Assembly Unity.Performance.Profile-Analyzer.EditorTests.dll at Library/ScriptAssemblies/Unity.Performance.Profile-Analyzer.EditorTests.dll not valid. Loading of assembly skipped.
Assembly Unity.Settings.Tests.dll at Library/ScriptAssemblies/Unity.Settings.Tests.dll not valid. Loading of assembly skipped.
Assembly Unity.TestTools.CodeCoverage.Editor.Compatibility.dll at Library/ScriptAssemblies/Unity.TestTools.CodeCoverage.Editor.Compatibility.dll not valid. Loading of assembly skipped.
Assembly Unity.TextMeshPro.Editor.Tests.dll at Library/ScriptAssemblies/Unity.TextMeshPro.Editor.Tests.dll not valid. Loading of assembly skipped.
Assembly Unity.TextMeshPro.Tests.dll at Library/ScriptAssemblies/Unity.TextMeshPro.Tests.dll not valid. Loading of assembly skipped.
Assembly UnityEditor.UI.Common.Tests.dll at Library/ScriptAssemblies/UnityEditor.UI.Common.Tests.dll not valid. Loading of assembly skipped.
Assembly UnityEditor.UI.EditorTests.dll at Library/ScriptAssemblies/UnityEditor.UI.EditorTests.dll not valid. Loading of assembly skipped.
Assembly UnityEngine.UI.Tests.dll at Library/ScriptAssemblies/UnityEngine.UI.Tests.dll not valid. Loading of assembly skipped.
'Assets/Photon/Quantum/Runtime/QuantumUnityRuntime.cs' contains partial class of Unity.Object, exactly 1 of the partial classes needs to be in a file with the same filename. This is to know the one that can be referenced from ie. GameObjects
'Assets/Photon/Quantum/Runtime/QuantumUnityRuntime.cs' contains partial class of Unity.Object, exactly 1 of the partial classes needs to be in a file with the same filename. This is to know the one that can be referenced from ie. GameObjects
'Assets/Photon/Quantum/Runtime/QuantumUnityRuntime.cs' contains partial class of Unity.Object, exactly 1 of the partial classes needs to be in a file with the same filename. This is to know the one that can be referenced from ie. GameObjects
'Assets/Photon/Quantum/Runtime/QuantumUnityRuntime.cs' contains partial class of Unity.Object, exactly 1 of the partial classes needs to be in a file with the same filename. This is to know the one that can be referenced from ie. GameObjects
'Assets/Photon/Quantum/Runtime/QuantumUnityRuntime.cs' contains partial class of Unity.Object, exactly 1 of the partial classes needs to be in a file with the same filename. This is to know the one that can be referenced from ie. GameObjects
'Assets/Photon/Quantum/Runtime/QuantumUnityRuntime.cs' contains partial class of Unity.Object, exactly 1 of the partial classes needs to be in a file with the same filename. This is to know the one that can be referenced from ie. GameObjects
'Assets/Photon/Quantum/Runtime/QuantumUnityRuntime.cs' contains partial class of Unity.Object, exactly 1 of the partial classes needs to be in a file with the same filename. This is to know the one that can be referenced from ie. GameObjects
'Assets/Photon/Quantum/Runtime/QuantumUnityRuntime.cs' contains partial class of Unity.Object, exactly 1 of the partial classes needs to be in a file with the same filename. This is to know the one that can be referenced from ie. GameObjects
'Assets/Photon/Quantum/Runtime/QuantumUnityRuntime.cs' contains partial class of Unity.Object, exactly 1 of the partial classes needs to be in a file with the same filename. This is to know the one that can be referenced from ie. GameObjects
'Assets/Photon/Quantum/Runtime/QuantumUnityRuntime.cs' contains partial class of Unity.Object, exactly 1 of the partial classes needs to be in a file with the same filename. This is to know the one that can be referenced from ie. GameObjects
'Assets/Photon/Quantum/Runtime/QuantumUnityRuntime.cs' contains partial class of Unity.Object, exactly 1 of the partial classes needs to be in a file with the same filename. This is to know the one that can be referenced from ie. GameObjects
Native extension for Android target not found
Native extension for OSXStandalone target not found
[Package Manager] Failed to launch server process. Reason: Unity was launched with the -noUpm command-line argument
[Package Manager] Unable to send message (not connected to server process).
[Package Manager] Cannot connect to Unity Package Manager local server
ScheduleIndexationOnStartup MainProcess:False IndexOnStartup:True
Mono: successfully reloaded assembly
- Finished resetting the current domain, in  0.457 seconds
Domain Reload Profiling: 800ms
	BeginReloadAssembly (84ms)
		DisableScriptedObjects (3ms)
		CreateAndSetChildDomain (23ms)
	RebuildCommonClasses (23ms)
	RebuildNativeTypeToScriptingClass (10ms)
	initialDomainReloadingComplete (34ms)
	LoadAllAssembliesAndSetupDomain (191ms)
		LoadAssemblies (112ms)
		AnalyzeDomain (103ms)
			TypeCache.Refresh (6ms)
			BuildScriptInfoCaches (92ms)
			ResolveRequiredComponents (4ms)
	FinalizeReload (458ms)
		SetupLoadedEditorAssemblies (0ms)
			InitializePlatformSupportModulesInManaged (4ms)
			BeforeProcessingInitializeOnLoad (73ms)
			ProcessInitializeOnLoadAttributes (254ms)
			ProcessInitializeOnLoadMethodAttributes (33ms)
Unloading 5 Unused Serialized files (Serialized files now loaded: 0)
Unloading 3664 unused Assets / (1.2 MB). Loaded Objects now: 4270.
Memory consumption went from 105.2 MB to 104.0 MB.
Total: 5.163042 ms (FindLiveObjects: 0.183250 ms CreateObjectMapping: 0.074000 ms MarkObjects: 4.351375 ms  DeleteObjects: 0.554041 ms)

Prepare: number of updated asset objects reloaded= 0
========================================================================
Received Prepare
Begin MonoManager ReloadAssembly
Thread 0x16e137000 may have been prematurely finalized
Assembly Assembly-CSharp-Editor-firstpass.dll at Library/ScriptAssemblies/Assembly-CSharp-Editor-firstpass.dll not valid. Loading of assembly skipped.
Assembly Assembly-CSharp-Editor.dll at Library/ScriptAssemblies/Assembly-CSharp-Editor.dll not valid. Loading of assembly skipped.
Assembly Assembly-CSharp-firstpass.dll at Library/ScriptAssemblies/Assembly-CSharp-firstpass.dll not valid. Loading of assembly skipped.
Assembly PhotonWebSocket.dll at Library/ScriptAssemblies/PhotonWebSocket.dll not valid. Loading of assembly skipped.
Assembly TestNewCustomAssembly.dll at Library/ScriptAssemblies/TestNewCustomAssembly.dll not valid. Loading of assembly skipped.
Assembly Unity.AI.Navigation.Editor.Tests.dll at Library/ScriptAssemblies/Unity.AI.Navigation.Editor.Tests.dll not valid. Loading of assembly skipped.
Assembly Unity.AI.Navigation.LegacyOffMeshLink.Tests.dll at Library/ScriptAssemblies/Unity.AI.Navigation.LegacyOffMeshLink.Tests.dll not valid. Loading of assembly skipped.
Assembly Unity.AI.Navigation.Tests.dll at Library/ScriptAssemblies/Unity.AI.Navigation.Tests.dll not valid. Loading of assembly skipped.
Assembly Unity.AI.Navigation.Tests.EditorInPlaymode.dll at Library/ScriptAssemblies/Unity.AI.Navigation.Tests.EditorInPlaymode.dll not valid. Loading of assembly skipped.
Assembly Unity.InputSystem.IntegrationTests.dll at Library/ScriptAssemblies/Unity.InputSystem.IntegrationTests.dll not valid. Loading of assembly skipped.
Assembly Unity.Performance.Profile-Analyzer.EditorTests.dll at Library/ScriptAssemblies/Unity.Performance.Profile-Analyzer.EditorTests.dll not valid. Loading of assembly skipped.
Assembly Unity.Settings.Tests.dll at Library/ScriptAssemblies/Unity.Settings.Tests.dll not valid. Loading of assembly skipped.
Assembly Unity.TestTools.CodeCoverage.Editor.Compatibility.dll at Library/ScriptAssemblies/Unity.TestTools.CodeCoverage.Editor.Compatibility.dll not valid. Loading of assembly skipped.
Assembly Unity.TextMeshPro.Editor.Tests.dll at Library/ScriptAssemblies/Unity.TextMeshPro.Editor.Tests.dll not valid. Loading of assembly skipped.
Assembly Unity.TextMeshPro.Tests.dll at Library/ScriptAssemblies/Unity.TextMeshPro.Tests.dll not valid. Loading of assembly skipped.
Assembly UnityEditor.UI.Common.Tests.dll at Library/ScriptAssemblies/UnityEditor.UI.Common.Tests.dll not valid. Loading of assembly skipped.
Assembly UnityEditor.UI.EditorTests.dll at Library/ScriptAssemblies/UnityEditor.UI.EditorTests.dll not valid. Loading of assembly skipped.
Assembly UnityEngine.UI.Tests.dll at Library/ScriptAssemblies/UnityEngine.UI.Tests.dll not valid. Loading of assembly skipped.
'Assets/Photon/Quantum/Runtime/QuantumUnityRuntime.cs' contains partial class of Unity.Object, exactly 1 of the partial classes needs to be in a file with the same filename. This is to know the one that can be referenced from ie. GameObjects
'Assets/Photon/Quantum/Runtime/QuantumUnityRuntime.cs' contains partial class of Unity.Object, exactly 1 of the partial classes needs to be in a file with the same filename. This is to know the one that can be referenced from ie. GameObjects
'Assets/Photon/Quantum/Runtime/QuantumUnityRuntime.cs' contains partial class of Unity.Object, exactly 1 of the partial classes needs to be in a file with the same filename. This is to know the one that can be referenced from ie. GameObjects
'Assets/Photon/Quantum/Runtime/QuantumUnityRuntime.cs' contains partial class of Unity.Object, exactly 1 of the partial classes needs to be in a file with the same filename. This is to know the one that can be referenced from ie. GameObjects
'Assets/Photon/Quantum/Runtime/QuantumUnityRuntime.cs' contains partial class of Unity.Object, exactly 1 of the partial classes needs to be in a file with the same filename. This is to know the one that can be referenced from ie. GameObjects
'Assets/Photon/Quantum/Runtime/QuantumUnityRuntime.cs' contains partial class of Unity.Object, exactly 1 of the partial classes needs to be in a file with the same filename. This is to know the one that can be referenced from ie. GameObjects
'Assets/Photon/Quantum/Runtime/QuantumUnityRuntime.cs' contains partial class of Unity.Object, exactly 1 of the partial classes needs to be in a file with the same filename. This is to know the one that can be referenced from ie. GameObjects
'Assets/Photon/Quantum/Runtime/QuantumUnityRuntime.cs' contains partial class of Unity.Object, exactly 1 of the partial classes needs to be in a file with the same filename. This is to know the one that can be referenced from ie. GameObjects
'Assets/Photon/Quantum/Runtime/QuantumUnityRuntime.cs' contains partial class of Unity.Object, exactly 1 of the partial classes needs to be in a file with the same filename. This is to know the one that can be referenced from ie. GameObjects
'Assets/Photon/Quantum/Runtime/QuantumUnityRuntime.cs' contains partial class of Unity.Object, exactly 1 of the partial classes needs to be in a file with the same filename. This is to know the one that can be referenced from ie. GameObjects
'Assets/Photon/Quantum/Runtime/QuantumUnityRuntime.cs' contains partial class of Unity.Object, exactly 1 of the partial classes needs to be in a file with the same filename. This is to know the one that can be referenced from ie. GameObjects
Native extension for Android target not found
Native extension for OSXStandalone target not found
[Package Manager] Failed to launch server process. Reason: Unity was launched with the -noUpm command-line argument
[Package Manager] Unable to send message (not connected to server process).
[Package Manager] Cannot connect to Unity Package Manager local server
ScheduleIndexationOnStartup MainProcess:False IndexOnStartup:True
Mono: successfully reloaded assembly
- Finished resetting the current domain, in  0.412 seconds
Domain Reload Profiling: 746ms
	BeginReloadAssembly (84ms)
		DisableScriptedObjects (3ms)
		CreateAndSetChildDomain (22ms)
	RebuildCommonClasses (24ms)
	RebuildNativeTypeToScriptingClass (10ms)
	initialDomainReloadingComplete (32ms)
	LoadAllAssembliesAndSetupDomain (183ms)
		LoadAssemblies (110ms)
		AnalyzeDomain (97ms)
			TypeCache.Refresh (5ms)
			BuildScriptInfoCaches (87ms)
			ResolveRequiredComponents (4ms)
	FinalizeReload (413ms)
		SetupLoadedEditorAssemblies (0ms)
			InitializePlatformSupportModulesInManaged (4ms)
			BeforeProcessingInitializeOnLoad (65ms)
			ProcessInitializeOnLoadAttributes (226ms)
			ProcessInitializeOnLoadMethodAttributes (33ms)
Unloading 5 Unused Serialized files (Serialized files now loaded: 0)
Unloading 3664 unused Assets / (0.8 MB). Loaded Objects now: 4270.
Memory consumption went from 105.2 MB to 104.4 MB.
Total: 5.540000 ms (FindLiveObjects: 0.240708 ms CreateObjectMapping: 0.069500 ms MarkObjects: 4.558208 ms  DeleteObjects: 0.671250 ms)

Prepare: number of updated asset objects reloaded= 0
========================================================================
Received Prepare
'Assets/Photon/Quantum/Runtime/QuantumUnityRuntime.cs' contains partial class of Unity.Object, exactly 1 of the partial classes needs to be in a file with the same filename. This is to know the one that can be referenced from ie. GameObjects
'Assets/Photon/Quantum/Runtime/QuantumUnityRuntime.cs' contains partial class of Unity.Object, exactly 1 of the partial classes needs to be in a file with the same filename. This is to know the one that can be referenced from ie. GameObjects
'Assets/Photon/Quantum/Runtime/QuantumUnityRuntime.cs' contains partial class of Unity.Object, exactly 1 of the partial classes needs to be in a file with the same filename. This is to know the one that can be referenced from ie. GameObjects
'Assets/Photon/Quantum/Runtime/QuantumUnityRuntime.cs' contains partial class of Unity.Object, exactly 1 of the partial classes needs to be in a file with the same filename. This is to know the one that can be referenced from ie. GameObjects
'Assets/Photon/Quantum/Runtime/QuantumUnityRuntime.cs' contains partial class of Unity.Object, exactly 1 of the partial classes needs to be in a file with the same filename. This is to know the one that can be referenced from ie. GameObjects
'Assets/Photon/Quantum/Runtime/QuantumUnityRuntime.cs' contains partial class of Unity.Object, exactly 1 of the partial classes needs to be in a file with the same filename. This is to know the one that can be referenced from ie. GameObjects
'Assets/Photon/Quantum/Runtime/QuantumUnityRuntime.cs' contains partial class of Unity.Object, exactly 1 of the partial classes needs to be in a file with the same filename. This is to know the one that can be referenced from ie. GameObjects
'Assets/Photon/Quantum/Runtime/QuantumUnityRuntime.cs' contains partial class of Unity.Object, exactly 1 of the partial classes needs to be in a file with the same filename. This is to know the one that can be referenced from ie. GameObjects
'Assets/Photon/Quantum/Runtime/QuantumUnityRuntime.cs' contains partial class of Unity.Object, exactly 1 of the partial classes needs to be in a file with the same filename. This is to know the one that can be referenced from ie. GameObjects
'Assets/Photon/Quantum/Runtime/QuantumUnityRuntime.cs' contains partial class of Unity.Object, exactly 1 of the partial classes needs to be in a file with the same filename. This is to know the one that can be referenced from ie. GameObjects
'Assets/Photon/Quantum/Runtime/QuantumUnityRuntime.cs' contains partial class of Unity.Object, exactly 1 of the partial classes needs to be in a file with the same filename. This is to know the one that can be referenced from ie. GameObjects
Unloading 5 Unused Serialized files (Serialized files now loaded: 0)
Unloading 3657 unused Assets / (0.6 MB). Loaded Objects now: 4271.
Memory consumption went from 93.6 MB to 93.0 MB.
Total: 5.634417 ms (FindLiveObjects: 0.193959 ms CreateObjectMapping: 0.071792 ms MarkObjects: 4.742792 ms  DeleteObjects: 0.625209 ms)

Prepare: number of updated asset objects reloaded= 0
========================================================================
Received Prepare
'Assets/Photon/Quantum/Runtime/QuantumUnityRuntime.cs' contains partial class of Unity.Object, exactly 1 of the partial classes needs to be in a file with the same filename. This is to know the one that can be referenced from ie. GameObjects
'Assets/Photon/Quantum/Runtime/QuantumUnityRuntime.cs' contains partial class of Unity.Object, exactly 1 of the partial classes needs to be in a file with the same filename. This is to know the one that can be referenced from ie. GameObjects
'Assets/Photon/Quantum/Runtime/QuantumUnityRuntime.cs' contains partial class of Unity.Object, exactly 1 of the partial classes needs to be in a file with the same filename. This is to know the one that can be referenced from ie. GameObjects
'Assets/Photon/Quantum/Runtime/QuantumUnityRuntime.cs' contains partial class of Unity.Object, exactly 1 of the partial classes needs to be in a file with the same filename. This is to know the one that can be referenced from ie. GameObjects
'Assets/Photon/Quantum/Runtime/QuantumUnityRuntime.cs' contains partial class of Unity.Object, exactly 1 of the partial classes needs to be in a file with the same filename. This is to know the one that can be referenced from ie. GameObjects
'Assets/Photon/Quantum/Runtime/QuantumUnityRuntime.cs' contains partial class of Unity.Object, exactly 1 of the partial classes needs to be in a file with the same filename. This is to know the one that can be referenced from ie. GameObjects
'Assets/Photon/Quantum/Runtime/QuantumUnityRuntime.cs' contains partial class of Unity.Object, exactly 1 of the partial classes needs to be in a file with the same filename. This is to know the one that can be referenced from ie. GameObjects
'Assets/Photon/Quantum/Runtime/QuantumUnityRuntime.cs' contains partial class of Unity.Object, exactly 1 of the partial classes needs to be in a file with the same filename. This is to know the one that can be referenced from ie. GameObjects
'Assets/Photon/Quantum/Runtime/QuantumUnityRuntime.cs' contains partial class of Unity.Object, exactly 1 of the partial classes needs to be in a file with the same filename. This is to know the one that can be referenced from ie. GameObjects
'Assets/Photon/Quantum/Runtime/QuantumUnityRuntime.cs' contains partial class of Unity.Object, exactly 1 of the partial classes needs to be in a file with the same filename. This is to know the one that can be referenced from ie. GameObjects
'Assets/Photon/Quantum/Runtime/QuantumUnityRuntime.cs' contains partial class of Unity.Object, exactly 1 of the partial classes needs to be in a file with the same filename. This is to know the one that can be referenced from ie. GameObjects
Unloading 5 Unused Serialized files (Serialized files now loaded: 0)
Unloading 3657 unused Assets / (0.6 MB). Loaded Objects now: 4271.
Memory consumption went from 93.6 MB to 93.0 MB.
Total: 5.417458 ms (FindLiveObjects: 0.194834 ms CreateObjectMapping: 0.071458 ms MarkObjects: 4.553417 ms  DeleteObjects: 0.597416 ms)

Prepare: number of updated asset objects reloaded= 0
========================================================================
Received Prepare
Begin MonoManager ReloadAssembly
[Licensing::Client] Successfully resolved entitlement details
Thread 0x16e137000 may have been prematurely finalized
Assembly Assembly-CSharp-Editor-firstpass.dll at Library/ScriptAssemblies/Assembly-CSharp-Editor-firstpass.dll not valid. Loading of assembly skipped.
Assembly Assembly-CSharp-Editor.dll at Library/ScriptAssemblies/Assembly-CSharp-Editor.dll not valid. Loading of assembly skipped.
Assembly Assembly-CSharp-firstpass.dll at Library/ScriptAssemblies/Assembly-CSharp-firstpass.dll not valid. Loading of assembly skipped.
Assembly PhotonWebSocket.dll at Library/ScriptAssemblies/PhotonWebSocket.dll not valid. Loading of assembly skipped.
Assembly TestNewCustomAssembly.dll at Library/ScriptAssemblies/TestNewCustomAssembly.dll not valid. Loading of assembly skipped.
Assembly Unity.AI.Navigation.Editor.Tests.dll at Library/ScriptAssemblies/Unity.AI.Navigation.Editor.Tests.dll not valid. Loading of assembly skipped.
Assembly Unity.AI.Navigation.LegacyOffMeshLink.Tests.dll at Library/ScriptAssemblies/Unity.AI.Navigation.LegacyOffMeshLink.Tests.dll not valid. Loading of assembly skipped.
Assembly Unity.AI.Navigation.Tests.dll at Library/ScriptAssemblies/Unity.AI.Navigation.Tests.dll not valid. Loading of assembly skipped.
Assembly Unity.AI.Navigation.Tests.EditorInPlaymode.dll at Library/ScriptAssemblies/Unity.AI.Navigation.Tests.EditorInPlaymode.dll not valid. Loading of assembly skipped.
Assembly Unity.InputSystem.IntegrationTests.dll at Library/ScriptAssemblies/Unity.InputSystem.IntegrationTests.dll not valid. Loading of assembly skipped.
Assembly Unity.Performance.Profile-Analyzer.EditorTests.dll at Library/ScriptAssemblies/Unity.Performance.Profile-Analyzer.EditorTests.dll not valid. Loading of assembly skipped.
Assembly Unity.Settings.Tests.dll at Library/ScriptAssemblies/Unity.Settings.Tests.dll not valid. Loading of assembly skipped.
Assembly Unity.TestTools.CodeCoverage.Editor.Compatibility.dll at Library/ScriptAssemblies/Unity.TestTools.CodeCoverage.Editor.Compatibility.dll not valid. Loading of assembly skipped.
Assembly Unity.TextMeshPro.Editor.Tests.dll at Library/ScriptAssemblies/Unity.TextMeshPro.Editor.Tests.dll not valid. Loading of assembly skipped.
Assembly Unity.TextMeshPro.Tests.dll at Library/ScriptAssemblies/Unity.TextMeshPro.Tests.dll not valid. Loading of assembly skipped.
Assembly UnityEditor.UI.Common.Tests.dll at Library/ScriptAssemblies/UnityEditor.UI.Common.Tests.dll not valid. Loading of assembly skipped.
Assembly UnityEditor.UI.EditorTests.dll at Library/ScriptAssemblies/UnityEditor.UI.EditorTests.dll not valid. Loading of assembly skipped.
Assembly UnityEngine.UI.Tests.dll at Library/ScriptAssemblies/UnityEngine.UI.Tests.dll not valid. Loading of assembly skipped.
'Assets/Photon/Quantum/Runtime/QuantumUnityRuntime.cs' contains partial class of Unity.Object, exactly 1 of the partial classes needs to be in a file with the same filename. This is to know the one that can be referenced from ie. GameObjects
'Assets/Photon/Quantum/Runtime/QuantumUnityRuntime.cs' contains partial class of Unity.Object, exactly 1 of the partial classes needs to be in a file with the same filename. This is to know the one that can be referenced from ie. GameObjects
'Assets/Photon/Quantum/Runtime/QuantumUnityRuntime.cs' contains partial class of Unity.Object, exactly 1 of the partial classes needs to be in a file with the same filename. This is to know the one that can be referenced from ie. GameObjects
'Assets/Photon/Quantum/Runtime/QuantumUnityRuntime.cs' contains partial class of Unity.Object, exactly 1 of the partial classes needs to be in a file with the same filename. This is to know the one that can be referenced from ie. GameObjects
'Assets/Photon/Quantum/Runtime/QuantumUnityRuntime.cs' contains partial class of Unity.Object, exactly 1 of the partial classes needs to be in a file with the same filename. This is to know the one that can be referenced from ie. GameObjects
'Assets/Photon/Quantum/Runtime/QuantumUnityRuntime.cs' contains partial class of Unity.Object, exactly 1 of the partial classes needs to be in a file with the same filename. This is to know the one that can be referenced from ie. GameObjects
'Assets/Photon/Quantum/Runtime/QuantumUnityRuntime.cs' contains partial class of Unity.Object, exactly 1 of the partial classes needs to be in a file with the same filename. This is to know the one that can be referenced from ie. GameObjects
'Assets/Photon/Quantum/Runtime/QuantumUnityRuntime.cs' contains partial class of Unity.Object, exactly 1 of the partial classes needs to be in a file with the same filename. This is to know the one that can be referenced from ie. GameObjects
'Assets/Photon/Quantum/Runtime/QuantumUnityRuntime.cs' contains partial class of Unity.Object, exactly 1 of the partial classes needs to be in a file with the same filename. This is to know the one that can be referenced from ie. GameObjects
'Assets/Photon/Quantum/Runtime/QuantumUnityRuntime.cs' contains partial class of Unity.Object, exactly 1 of the partial classes needs to be in a file with the same filename. This is to know the one that can be referenced from ie. GameObjects
'Assets/Photon/Quantum/Runtime/QuantumUnityRuntime.cs' contains partial class of Unity.Object, exactly 1 of the partial classes needs to be in a file with the same filename. This is to know the one that can be referenced from ie. GameObjects
Native extension for Android target not found
Native extension for OSXStandalone target not found
[Package Manager] Failed to launch server process. Reason: Unity was launched with the -noUpm command-line argument
[Package Manager] Unable to send message (not connected to server process).
[Package Manager] Cannot connect to Unity Package Manager local server
ScheduleIndexationOnStartup MainProcess:False IndexOnStartup:True
Mono: successfully reloaded assembly
- Finished resetting the current domain, in  0.425 seconds
Domain Reload Profiling: 765ms
	BeginReloadAssembly (87ms)
		DisableScriptedObjects (3ms)
		CreateAndSetChildDomain (24ms)
	RebuildCommonClasses (24ms)
	RebuildNativeTypeToScriptingClass (9ms)
	initialDomainReloadingComplete (34ms)
	LoadAllAssembliesAndSetupDomain (186ms)
		LoadAssemblies (111ms)
		AnalyzeDomain (101ms)
			TypeCache.Refresh (13ms)
				TypeCache.ScanAssembly (7ms)
			BuildScriptInfoCaches (83ms)
			ResolveRequiredComponents (4ms)
	FinalizeReload (426ms)
		SetupLoadedEditorAssemblies (0ms)
			InitializePlatformSupportModulesInManaged (4ms)
			BeforeProcessingInitializeOnLoad (68ms)
			ProcessInitializeOnLoadAttributes (236ms)
			ProcessInitializeOnLoadMethodAttributes (34ms)
Unloading 5 Unused Serialized files (Serialized files now loaded: 0)
Unloading 3665 unused Assets / (0.7 MB). Loaded Objects now: 4271.
Memory consumption went from 105.2 MB to 104.5 MB.
Total: 5.264042 ms (FindLiveObjects: 0.196625 ms CreateObjectMapping: 0.072584 ms MarkObjects: 4.382083 ms  DeleteObjects: 0.612583 ms)

Prepare: number of updated asset objects reloaded= 0
========================================================================
Received Prepare
Begin MonoManager ReloadAssembly
[Licensing::Client] Successfully resolved entitlement details
Thread 0x16e137000 may have been prematurely finalized
Assembly Assembly-CSharp-Editor-firstpass.dll at Library/ScriptAssemblies/Assembly-CSharp-Editor-firstpass.dll not valid. Loading of assembly skipped.
Assembly Assembly-CSharp-Editor.dll at Library/ScriptAssemblies/Assembly-CSharp-Editor.dll not valid. Loading of assembly skipped.
Assembly Assembly-CSharp-firstpass.dll at Library/ScriptAssemblies/Assembly-CSharp-firstpass.dll not valid. Loading of assembly skipped.
Assembly PhotonWebSocket.dll at Library/ScriptAssemblies/PhotonWebSocket.dll not valid. Loading of assembly skipped.
Assembly TestNewCustomAssembly.dll at Library/ScriptAssemblies/TestNewCustomAssembly.dll not valid. Loading of assembly skipped.
Assembly Unity.AI.Navigation.Editor.Tests.dll at Library/ScriptAssemblies/Unity.AI.Navigation.Editor.Tests.dll not valid. Loading of assembly skipped.
Assembly Unity.AI.Navigation.LegacyOffMeshLink.Tests.dll at Library/ScriptAssemblies/Unity.AI.Navigation.LegacyOffMeshLink.Tests.dll not valid. Loading of assembly skipped.
Assembly Unity.AI.Navigation.Tests.dll at Library/ScriptAssemblies/Unity.AI.Navigation.Tests.dll not valid. Loading of assembly skipped.
Assembly Unity.AI.Navigation.Tests.EditorInPlaymode.dll at Library/ScriptAssemblies/Unity.AI.Navigation.Tests.EditorInPlaymode.dll not valid. Loading of assembly skipped.
Assembly Unity.InputSystem.IntegrationTests.dll at Library/ScriptAssemblies/Unity.InputSystem.IntegrationTests.dll not valid. Loading of assembly skipped.
Assembly Unity.Performance.Profile-Analyzer.EditorTests.dll at Library/ScriptAssemblies/Unity.Performance.Profile-Analyzer.EditorTests.dll not valid. Loading of assembly skipped.
Assembly Unity.Settings.Tests.dll at Library/ScriptAssemblies/Unity.Settings.Tests.dll not valid. Loading of assembly skipped.
Assembly Unity.TestTools.CodeCoverage.Editor.Compatibility.dll at Library/ScriptAssemblies/Unity.TestTools.CodeCoverage.Editor.Compatibility.dll not valid. Loading of assembly skipped.
Assembly Unity.TextMeshPro.Editor.Tests.dll at Library/ScriptAssemblies/Unity.TextMeshPro.Editor.Tests.dll not valid. Loading of assembly skipped.
Assembly Unity.TextMeshPro.Tests.dll at Library/ScriptAssemblies/Unity.TextMeshPro.Tests.dll not valid. Loading of assembly skipped.
Assembly UnityEditor.UI.Common.Tests.dll at Library/ScriptAssemblies/UnityEditor.UI.Common.Tests.dll not valid. Loading of assembly skipped.
Assembly UnityEditor.UI.EditorTests.dll at Library/ScriptAssemblies/UnityEditor.UI.EditorTests.dll not valid. Loading of assembly skipped.
Assembly UnityEngine.UI.Tests.dll at Library/ScriptAssemblies/UnityEngine.UI.Tests.dll not valid. Loading of assembly skipped.
'Assets/Photon/Quantum/Runtime/QuantumUnityRuntime.cs' contains partial class of Unity.Object, exactly 1 of the partial classes needs to be in a file with the same filename. This is to know the one that can be referenced from ie. GameObjects
'Assets/Photon/Quantum/Runtime/QuantumUnityRuntime.cs' contains partial class of Unity.Object, exactly 1 of the partial classes needs to be in a file with the same filename. This is to know the one that can be referenced from ie. GameObjects
'Assets/Photon/Quantum/Runtime/QuantumUnityRuntime.cs' contains partial class of Unity.Object, exactly 1 of the partial classes needs to be in a file with the same filename. This is to know the one that can be referenced from ie. GameObjects
'Assets/Photon/Quantum/Runtime/QuantumUnityRuntime.cs' contains partial class of Unity.Object, exactly 1 of the partial classes needs to be in a file with the same filename. This is to know the one that can be referenced from ie. GameObjects
'Assets/Photon/Quantum/Runtime/QuantumUnityRuntime.cs' contains partial class of Unity.Object, exactly 1 of the partial classes needs to be in a file with the same filename. This is to know the one that can be referenced from ie. GameObjects
'Assets/Photon/Quantum/Runtime/QuantumUnityRuntime.cs' contains partial class of Unity.Object, exactly 1 of the partial classes needs to be in a file with the same filename. This is to know the one that can be referenced from ie. GameObjects
'Assets/Photon/Quantum/Runtime/QuantumUnityRuntime.cs' contains partial class of Unity.Object, exactly 1 of the partial classes needs to be in a file with the same filename. This is to know the one that can be referenced from ie. GameObjects
'Assets/Photon/Quantum/Runtime/QuantumUnityRuntime.cs' contains partial class of Unity.Object, exactly 1 of the partial classes needs to be in a file with the same filename. This is to know the one that can be referenced from ie. GameObjects
'Assets/Photon/Quantum/Runtime/QuantumUnityRuntime.cs' contains partial class of Unity.Object, exactly 1 of the partial classes needs to be in a file with the same filename. This is to know the one that can be referenced from ie. GameObjects
'Assets/Photon/Quantum/Runtime/QuantumUnityRuntime.cs' contains partial class of Unity.Object, exactly 1 of the partial classes needs to be in a file with the same filename. This is to know the one that can be referenced from ie. GameObjects
'Assets/Photon/Quantum/Runtime/QuantumUnityRuntime.cs' contains partial class of Unity.Object, exactly 1 of the partial classes needs to be in a file with the same filename. This is to know the one that can be referenced from ie. GameObjects
Native extension for Android target not found
Native extension for OSXStandalone target not found
[Package Manager] Failed to launch server process. Reason: Unity was launched with the -noUpm command-line argument
[Package Manager] Unable to send message (not connected to server process).
[Package Manager] Cannot connect to Unity Package Manager local server
ScheduleIndexationOnStartup MainProcess:False IndexOnStartup:True
Mono: successfully reloaded assembly
- Finished resetting the current domain, in  0.458 seconds
Domain Reload Profiling: 824ms
	BeginReloadAssembly (91ms)
		DisableScriptedObjects (3ms)
		CreateAndSetChildDomain (25ms)
	RebuildCommonClasses (25ms)
	RebuildNativeTypeToScriptingClass (10ms)
	initialDomainReloadingComplete (37ms)
	LoadAllAssembliesAndSetupDomain (202ms)
		LoadAssemblies (126ms)
		AnalyzeDomain (104ms)
			TypeCache.Refresh (6ms)
			BuildScriptInfoCaches (92ms)
			ResolveRequiredComponents (4ms)
	FinalizeReload (459ms)
		SetupLoadedEditorAssemblies (0ms)
			InitializePlatformSupportModulesInManaged (5ms)
			BeforeProcessingInitializeOnLoad (75ms)
			ProcessInitializeOnLoadAttributes (254ms)
			ProcessInitializeOnLoadMethodAttributes (30ms)
Unloading 5 Unused Serialized files (Serialized files now loaded: 0)
Unloading 3665 unused Assets / (0.8 MB). Loaded Objects now: 4271.
Memory consumption went from 105.2 MB to 104.4 MB.
Total: 5.723083 ms (FindLiveObjects: 0.276792 ms CreateObjectMapping: 0.086375 ms MarkObjects: 4.512083 ms  DeleteObjects: 0.847208 ms)

Prepare: number of updated asset objects reloaded= 0
========================================================================
Received Prepare
Begin MonoManager ReloadAssembly
Thread 0x16de7b000 may have been prematurely finalized
Assembly Assembly-CSharp-Editor-firstpass.dll at Library/ScriptAssemblies/Assembly-CSharp-Editor-firstpass.dll not valid. Loading of assembly skipped.
Assembly Assembly-CSharp-Editor.dll at Library/ScriptAssemblies/Assembly-CSharp-Editor.dll not valid. Loading of assembly skipped.
Assembly Assembly-CSharp-firstpass.dll at Library/ScriptAssemblies/Assembly-CSharp-firstpass.dll not valid. Loading of assembly skipped.
Assembly PhotonWebSocket.dll at Library/ScriptAssemblies/PhotonWebSocket.dll not valid. Loading of assembly skipped.
Assembly TestNewCustomAssembly.dll at Library/ScriptAssemblies/TestNewCustomAssembly.dll not valid. Loading of assembly skipped.
Assembly Unity.AI.Navigation.Editor.Tests.dll at Library/ScriptAssemblies/Unity.AI.Navigation.Editor.Tests.dll not valid. Loading of assembly skipped.
Assembly Unity.AI.Navigation.LegacyOffMeshLink.Tests.dll at Library/ScriptAssemblies/Unity.AI.Navigation.LegacyOffMeshLink.Tests.dll not valid. Loading of assembly skipped.
Assembly Unity.AI.Navigation.Tests.dll at Library/ScriptAssemblies/Unity.AI.Navigation.Tests.dll not valid. Loading of assembly skipped.
Assembly Unity.AI.Navigation.Tests.EditorInPlaymode.dll at Library/ScriptAssemblies/Unity.AI.Navigation.Tests.EditorInPlaymode.dll not valid. Loading of assembly skipped.
Assembly Unity.InputSystem.IntegrationTests.dll at Library/ScriptAssemblies/Unity.InputSystem.IntegrationTests.dll not valid. Loading of assembly skipped.
Assembly Unity.Performance.Profile-Analyzer.EditorTests.dll at Library/ScriptAssemblies/Unity.Performance.Profile-Analyzer.EditorTests.dll not valid. Loading of assembly skipped.
Assembly Unity.Settings.Tests.dll at Library/ScriptAssemblies/Unity.Settings.Tests.dll not valid. Loading of assembly skipped.
Assembly Unity.TestTools.CodeCoverage.Editor.Compatibility.dll at Library/ScriptAssemblies/Unity.TestTools.CodeCoverage.Editor.Compatibility.dll not valid. Loading of assembly skipped.
Assembly Unity.TextMeshPro.Editor.Tests.dll at Library/ScriptAssemblies/Unity.TextMeshPro.Editor.Tests.dll not valid. Loading of assembly skipped.
Assembly Unity.TextMeshPro.Tests.dll at Library/ScriptAssemblies/Unity.TextMeshPro.Tests.dll not valid. Loading of assembly skipped.
Assembly UnityEditor.UI.Common.Tests.dll at Library/ScriptAssemblies/UnityEditor.UI.Common.Tests.dll not valid. Loading of assembly skipped.
Assembly UnityEditor.UI.EditorTests.dll at Library/ScriptAssemblies/UnityEditor.UI.EditorTests.dll not valid. Loading of assembly skipped.
Assembly UnityEngine.UI.Tests.dll at Library/ScriptAssemblies/UnityEngine.UI.Tests.dll not valid. Loading of assembly skipped.
'Assets/Photon/Quantum/Runtime/QuantumUnityRuntime.cs' contains partial class of Unity.Object, exactly 1 of the partial classes needs to be in a file with the same filename. This is to know the one that can be referenced from ie. GameObjects
'Assets/Photon/Quantum/Runtime/QuantumUnityRuntime.cs' contains partial class of Unity.Object, exactly 1 of the partial classes needs to be in a file with the same filename. This is to know the one that can be referenced from ie. GameObjects
'Assets/Photon/Quantum/Runtime/QuantumUnityRuntime.cs' contains partial class of Unity.Object, exactly 1 of the partial classes needs to be in a file with the same filename. This is to know the one that can be referenced from ie. GameObjects
'Assets/Photon/Quantum/Runtime/QuantumUnityRuntime.cs' contains partial class of Unity.Object, exactly 1 of the partial classes needs to be in a file with the same filename. This is to know the one that can be referenced from ie. GameObjects
'Assets/Photon/Quantum/Runtime/QuantumUnityRuntime.cs' contains partial class of Unity.Object, exactly 1 of the partial classes needs to be in a file with the same filename. This is to know the one that can be referenced from ie. GameObjects
'Assets/Photon/Quantum/Runtime/QuantumUnityRuntime.cs' contains partial class of Unity.Object, exactly 1 of the partial classes needs to be in a file with the same filename. This is to know the one that can be referenced from ie. GameObjects
'Assets/Photon/Quantum/Runtime/QuantumUnityRuntime.cs' contains partial class of Unity.Object, exactly 1 of the partial classes needs to be in a file with the same filename. This is to know the one that can be referenced from ie. GameObjects
'Assets/Photon/Quantum/Runtime/QuantumUnityRuntime.cs' contains partial class of Unity.Object, exactly 1 of the partial classes needs to be in a file with the same filename. This is to know the one that can be referenced from ie. GameObjects
'Assets/Photon/Quantum/Runtime/QuantumUnityRuntime.cs' contains partial class of Unity.Object, exactly 1 of the partial classes needs to be in a file with the same filename. This is to know the one that can be referenced from ie. GameObjects
'Assets/Photon/Quantum/Runtime/QuantumUnityRuntime.cs' contains partial class of Unity.Object, exactly 1 of the partial classes needs to be in a file with the same filename. This is to know the one that can be referenced from ie. GameObjects
'Assets/Photon/Quantum/Runtime/QuantumUnityRuntime.cs' contains partial class of Unity.Object, exactly 1 of the partial classes needs to be in a file with the same filename. This is to know the one that can be referenced from ie. GameObjects
Native extension for Android target not found
Native extension for OSXStandalone target not found
[Package Manager] Failed to launch server process. Reason: Unity was launched with the -noUpm command-line argument
[Package Manager] Unable to send message (not connected to server process).
[Package Manager] Cannot connect to Unity Package Manager local server
ScheduleIndexationOnStartup MainProcess:False IndexOnStartup:True
Mono: successfully reloaded assembly
- Finished resetting the current domain, in  0.431 seconds
Domain Reload Profiling: 774ms
	BeginReloadAssembly (84ms)
		DisableScriptedObjects (3ms)
		CreateAndSetChildDomain (23ms)
	RebuildCommonClasses (23ms)
	RebuildNativeTypeToScriptingClass (10ms)
	initialDomainReloadingComplete (35ms)
	LoadAllAssembliesAndSetupDomain (190ms)
		LoadAssemblies (117ms)
		AnalyzeDomain (98ms)
			TypeCache.Refresh (5ms)
			BuildScriptInfoCaches (88ms)
			ResolveRequiredComponents (4ms)
	FinalizeReload (432ms)
		SetupLoadedEditorAssemblies (0ms)
			InitializePlatformSupportModulesInManaged (4ms)
			BeforeProcessingInitializeOnLoad (65ms)
			ProcessInitializeOnLoadAttributes (245ms)
			ProcessInitializeOnLoadMethodAttributes (33ms)
Unloading 5 Unused Serialized files (Serialized files now loaded: 0)
Unloading 3665 unused Assets / (1.1 MB). Loaded Objects now: 4271.
Memory consumption went from 105.2 MB to 104.1 MB.
Total: 5.582166 ms (FindLiveObjects: 0.240708 ms CreateObjectMapping: 0.076166 ms MarkObjects: 4.617708 ms  DeleteObjects: 0.647125 ms)

Prepare: number of updated asset objects reloaded= 0
========================================================================
Received Prepare
Begin MonoManager ReloadAssembly
[Licensing::Client] Successfully resolved entitlement details
Thread 0x16de7b000 may have been prematurely finalized
Assembly Assembly-CSharp-Editor-firstpass.dll at Library/ScriptAssemblies/Assembly-CSharp-Editor-firstpass.dll not valid. Loading of assembly skipped.
Assembly Assembly-CSharp-Editor.dll at Library/ScriptAssemblies/Assembly-CSharp-Editor.dll not valid. Loading of assembly skipped.
Assembly Assembly-CSharp-firstpass.dll at Library/ScriptAssemblies/Assembly-CSharp-firstpass.dll not valid. Loading of assembly skipped.
Assembly PhotonWebSocket.dll at Library/ScriptAssemblies/PhotonWebSocket.dll not valid. Loading of assembly skipped.
Assembly TestNewCustomAssembly.dll at Library/ScriptAssemblies/TestNewCustomAssembly.dll not valid. Loading of assembly skipped.
Assembly Unity.AI.Navigation.Editor.Tests.dll at Library/ScriptAssemblies/Unity.AI.Navigation.Editor.Tests.dll not valid. Loading of assembly skipped.
Assembly Unity.AI.Navigation.LegacyOffMeshLink.Tests.dll at Library/ScriptAssemblies/Unity.AI.Navigation.LegacyOffMeshLink.Tests.dll not valid. Loading of assembly skipped.
Assembly Unity.AI.Navigation.Tests.dll at Library/ScriptAssemblies/Unity.AI.Navigation.Tests.dll not valid. Loading of assembly skipped.
Assembly Unity.AI.Navigation.Tests.EditorInPlaymode.dll at Library/ScriptAssemblies/Unity.AI.Navigation.Tests.EditorInPlaymode.dll not valid. Loading of assembly skipped.
Assembly Unity.InputSystem.IntegrationTests.dll at Library/ScriptAssemblies/Unity.InputSystem.IntegrationTests.dll not valid. Loading of assembly skipped.
Assembly Unity.Performance.Profile-Analyzer.EditorTests.dll at Library/ScriptAssemblies/Unity.Performance.Profile-Analyzer.EditorTests.dll not valid. Loading of assembly skipped.
Assembly Unity.Settings.Tests.dll at Library/ScriptAssemblies/Unity.Settings.Tests.dll not valid. Loading of assembly skipped.
Assembly Unity.TestTools.CodeCoverage.Editor.Compatibility.dll at Library/ScriptAssemblies/Unity.TestTools.CodeCoverage.Editor.Compatibility.dll not valid. Loading of assembly skipped.
Assembly Unity.TextMeshPro.Editor.Tests.dll at Library/ScriptAssemblies/Unity.TextMeshPro.Editor.Tests.dll not valid. Loading of assembly skipped.
Assembly Unity.TextMeshPro.Tests.dll at Library/ScriptAssemblies/Unity.TextMeshPro.Tests.dll not valid. Loading of assembly skipped.
Assembly UnityEditor.UI.Common.Tests.dll at Library/ScriptAssemblies/UnityEditor.UI.Common.Tests.dll not valid. Loading of assembly skipped.
Assembly UnityEditor.UI.EditorTests.dll at Library/ScriptAssemblies/UnityEditor.UI.EditorTests.dll not valid. Loading of assembly skipped.
Assembly UnityEngine.UI.Tests.dll at Library/ScriptAssemblies/UnityEngine.UI.Tests.dll not valid. Loading of assembly skipped.
'Assets/Photon/Quantum/Runtime/QuantumUnityRuntime.cs' contains partial class of Unity.Object, exactly 1 of the partial classes needs to be in a file with the same filename. This is to know the one that can be referenced from ie. GameObjects
'Assets/Photon/Quantum/Runtime/QuantumUnityRuntime.cs' contains partial class of Unity.Object, exactly 1 of the partial classes needs to be in a file with the same filename. This is to know the one that can be referenced from ie. GameObjects
'Assets/Photon/Quantum/Runtime/QuantumUnityRuntime.cs' contains partial class of Unity.Object, exactly 1 of the partial classes needs to be in a file with the same filename. This is to know the one that can be referenced from ie. GameObjects
'Assets/Photon/Quantum/Runtime/QuantumUnityRuntime.cs' contains partial class of Unity.Object, exactly 1 of the partial classes needs to be in a file with the same filename. This is to know the one that can be referenced from ie. GameObjects
'Assets/Photon/Quantum/Runtime/QuantumUnityRuntime.cs' contains partial class of Unity.Object, exactly 1 of the partial classes needs to be in a file with the same filename. This is to know the one that can be referenced from ie. GameObjects
'Assets/Photon/Quantum/Runtime/QuantumUnityRuntime.cs' contains partial class of Unity.Object, exactly 1 of the partial classes needs to be in a file with the same filename. This is to know the one that can be referenced from ie. GameObjects
'Assets/Photon/Quantum/Runtime/QuantumUnityRuntime.cs' contains partial class of Unity.Object, exactly 1 of the partial classes needs to be in a file with the same filename. This is to know the one that can be referenced from ie. GameObjects
'Assets/Photon/Quantum/Runtime/QuantumUnityRuntime.cs' contains partial class of Unity.Object, exactly 1 of the partial classes needs to be in a file with the same filename. This is to know the one that can be referenced from ie. GameObjects
'Assets/Photon/Quantum/Runtime/QuantumUnityRuntime.cs' contains partial class of Unity.Object, exactly 1 of the partial classes needs to be in a file with the same filename. This is to know the one that can be referenced from ie. GameObjects
'Assets/Photon/Quantum/Runtime/QuantumUnityRuntime.cs' contains partial class of Unity.Object, exactly 1 of the partial classes needs to be in a file with the same filename. This is to know the one that can be referenced from ie. GameObjects
'Assets/Photon/Quantum/Runtime/QuantumUnityRuntime.cs' contains partial class of Unity.Object, exactly 1 of the partial classes needs to be in a file with the same filename. This is to know the one that can be referenced from ie. GameObjects
Native extension for Android target not found
Native extension for OSXStandalone target not found
[Package Manager] Failed to launch server process. Reason: Unity was launched with the -noUpm command-line argument
[Package Manager] Unable to send message (not connected to server process).
[Package Manager] Cannot connect to Unity Package Manager local server
ScheduleIndexationOnStartup MainProcess:False IndexOnStartup:True
Mono: successfully reloaded assembly
- Finished resetting the current domain, in  0.454 seconds
Domain Reload Profiling: 822ms
	BeginReloadAssembly (89ms)
		DisableScriptedObjects (3ms)
		CreateAndSetChildDomain (25ms)
	RebuildCommonClasses (23ms)
	RebuildNativeTypeToScriptingClass (10ms)
	initialDomainReloadingComplete (34ms)
	LoadAllAssembliesAndSetupDomain (211ms)
		LoadAssemblies (136ms)
		AnalyzeDomain (105ms)
			TypeCache.Refresh (13ms)
				TypeCache.ScanAssembly (6ms)
			BuildScriptInfoCaches (87ms)
			ResolveRequiredComponents (4ms)
	FinalizeReload (454ms)
		SetupLoadedEditorAssemblies (0ms)
			InitializePlatformSupportModulesInManaged (4ms)
			BeforeProcessingInitializeOnLoad (73ms)
			ProcessInitializeOnLoadAttributes (253ms)
			ProcessInitializeOnLoadMethodAttributes (32ms)
Unloading 5 Unused Serialized files (Serialized files now loaded: 0)
Unloading 3665 unused Assets / (1.1 MB). Loaded Objects now: 4271.
Memory consumption went from 105.2 MB to 104.1 MB.
Total: 4.897458 ms (FindLiveObjects: 0.186500 ms CreateObjectMapping: 0.070959 ms MarkObjects: 4.047166 ms  DeleteObjects: 0.592333 ms)

Prepare: number of updated asset objects reloaded= 0
========================================================================
Received Prepare
Begin MonoManager ReloadAssembly
Thread 0x16de7b000 may have been prematurely finalized
Assembly Assembly-CSharp-Editor-firstpass.dll at Library/ScriptAssemblies/Assembly-CSharp-Editor-firstpass.dll not valid. Loading of assembly skipped.
Assembly Assembly-CSharp-Editor.dll at Library/ScriptAssemblies/Assembly-CSharp-Editor.dll not valid. Loading of assembly skipped.
Assembly Assembly-CSharp-firstpass.dll at Library/ScriptAssemblies/Assembly-CSharp-firstpass.dll not valid. Loading of assembly skipped.
Assembly PhotonWebSocket.dll at Library/ScriptAssemblies/PhotonWebSocket.dll not valid. Loading of assembly skipped.
Assembly TestNewCustomAssembly.dll at Library/ScriptAssemblies/TestNewCustomAssembly.dll not valid. Loading of assembly skipped.
Assembly Unity.AI.Navigation.Editor.Tests.dll at Library/ScriptAssemblies/Unity.AI.Navigation.Editor.Tests.dll not valid. Loading of assembly skipped.
Assembly Unity.AI.Navigation.LegacyOffMeshLink.Tests.dll at Library/ScriptAssemblies/Unity.AI.Navigation.LegacyOffMeshLink.Tests.dll not valid. Loading of assembly skipped.
Assembly Unity.AI.Navigation.Tests.dll at Library/ScriptAssemblies/Unity.AI.Navigation.Tests.dll not valid. Loading of assembly skipped.
Assembly Unity.AI.Navigation.Tests.EditorInPlaymode.dll at Library/ScriptAssemblies/Unity.AI.Navigation.Tests.EditorInPlaymode.dll not valid. Loading of assembly skipped.
Assembly Unity.InputSystem.IntegrationTests.dll at Library/ScriptAssemblies/Unity.InputSystem.IntegrationTests.dll not valid. Loading of assembly skipped.
Assembly Unity.Performance.Profile-Analyzer.EditorTests.dll at Library/ScriptAssemblies/Unity.Performance.Profile-Analyzer.EditorTests.dll not valid. Loading of assembly skipped.
Assembly Unity.Settings.Tests.dll at Library/ScriptAssemblies/Unity.Settings.Tests.dll not valid. Loading of assembly skipped.
Assembly Unity.TestTools.CodeCoverage.Editor.Compatibility.dll at Library/ScriptAssemblies/Unity.TestTools.CodeCoverage.Editor.Compatibility.dll not valid. Loading of assembly skipped.
Assembly Unity.TextMeshPro.Editor.Tests.dll at Library/ScriptAssemblies/Unity.TextMeshPro.Editor.Tests.dll not valid. Loading of assembly skipped.
Assembly Unity.TextMeshPro.Tests.dll at Library/ScriptAssemblies/Unity.TextMeshPro.Tests.dll not valid. Loading of assembly skipped.
Assembly UnityEditor.UI.Common.Tests.dll at Library/ScriptAssemblies/UnityEditor.UI.Common.Tests.dll not valid. Loading of assembly skipped.
Assembly UnityEditor.UI.EditorTests.dll at Library/ScriptAssemblies/UnityEditor.UI.EditorTests.dll not valid. Loading of assembly skipped.
Assembly UnityEngine.UI.Tests.dll at Library/ScriptAssemblies/UnityEngine.UI.Tests.dll not valid. Loading of assembly skipped.
'Assets/Photon/Quantum/Runtime/QuantumUnityRuntime.cs' contains partial class of Unity.Object, exactly 1 of the partial classes needs to be in a file with the same filename. This is to know the one that can be referenced from ie. GameObjects
'Assets/Photon/Quantum/Runtime/QuantumUnityRuntime.cs' contains partial class of Unity.Object, exactly 1 of the partial classes needs to be in a file with the same filename. This is to know the one that can be referenced from ie. GameObjects
'Assets/Photon/Quantum/Runtime/QuantumUnityRuntime.cs' contains partial class of Unity.Object, exactly 1 of the partial classes needs to be in a file with the same filename. This is to know the one that can be referenced from ie. GameObjects
'Assets/Photon/Quantum/Runtime/QuantumUnityRuntime.cs' contains partial class of Unity.Object, exactly 1 of the partial classes needs to be in a file with the same filename. This is to know the one that can be referenced from ie. GameObjects
'Assets/Photon/Quantum/Runtime/QuantumUnityRuntime.cs' contains partial class of Unity.Object, exactly 1 of the partial classes needs to be in a file with the same filename. This is to know the one that can be referenced from ie. GameObjects
'Assets/Photon/Quantum/Runtime/QuantumUnityRuntime.cs' contains partial class of Unity.Object, exactly 1 of the partial classes needs to be in a file with the same filename. This is to know the one that can be referenced from ie. GameObjects
'Assets/Photon/Quantum/Runtime/QuantumUnityRuntime.cs' contains partial class of Unity.Object, exactly 1 of the partial classes needs to be in a file with the same filename. This is to know the one that can be referenced from ie. GameObjects
'Assets/Photon/Quantum/Runtime/QuantumUnityRuntime.cs' contains partial class of Unity.Object, exactly 1 of the partial classes needs to be in a file with the same filename. This is to know the one that can be referenced from ie. GameObjects
'Assets/Photon/Quantum/Runtime/QuantumUnityRuntime.cs' contains partial class of Unity.Object, exactly 1 of the partial classes needs to be in a file with the same filename. This is to know the one that can be referenced from ie. GameObjects
'Assets/Photon/Quantum/Runtime/QuantumUnityRuntime.cs' contains partial class of Unity.Object, exactly 1 of the partial classes needs to be in a file with the same filename. This is to know the one that can be referenced from ie. GameObjects
'Assets/Photon/Quantum/Runtime/QuantumUnityRuntime.cs' contains partial class of Unity.Object, exactly 1 of the partial classes needs to be in a file with the same filename. This is to know the one that can be referenced from ie. GameObjects
Native extension for Android target not found
Native extension for OSXStandalone target not found
[Package Manager] Failed to launch server process. Reason: Unity was launched with the -noUpm command-line argument
[Package Manager] Unable to send message (not connected to server process).
[Package Manager] Cannot connect to Unity Package Manager local server
ScheduleIndexationOnStartup MainProcess:False IndexOnStartup:True
Mono: successfully reloaded assembly
- Finished resetting the current domain, in  0.394 seconds
Domain Reload Profiling: 715ms
	BeginReloadAssembly (79ms)
		DisableScriptedObjects (3ms)
		CreateAndSetChildDomain (21ms)
	RebuildCommonClasses (22ms)
	RebuildNativeTypeToScriptingClass (10ms)
	initialDomainReloadingComplete (31ms)
	LoadAllAssembliesAndSetupDomain (178ms)
		LoadAssemblies (106ms)
		AnalyzeDomain (96ms)
			TypeCache.Refresh (5ms)
			BuildScriptInfoCaches (86ms)
			ResolveRequiredComponents (4ms)
	FinalizeReload (395ms)
		SetupLoadedEditorAssemblies (0ms)
			InitializePlatformSupportModulesInManaged (4ms)
			BeforeProcessingInitializeOnLoad (64ms)
			ProcessInitializeOnLoadAttributes (220ms)
			ProcessInitializeOnLoadMethodAttributes (29ms)
Unloading 5 Unused Serialized files (Serialized files now loaded: 0)
Unloading 3665 unused Assets / (1.2 MB). Loaded Objects now: 4271.
Memory consumption went from 105.2 MB to 104.0 MB.
Total: 5.024459 ms (FindLiveObjects: 0.188666 ms CreateObjectMapping: 0.068250 ms MarkObjects: 4.171834 ms  DeleteObjects: 0.595458 ms)

Prepare: number of updated asset objects reloaded= 0
========================================================================
Received Prepare
'Assets/Photon/Quantum/Runtime/QuantumUnityRuntime.cs' contains partial class of Unity.Object, exactly 1 of the partial classes needs to be in a file with the same filename. This is to know the one that can be referenced from ie. GameObjects
'Assets/Photon/Quantum/Runtime/QuantumUnityRuntime.cs' contains partial class of Unity.Object, exactly 1 of the partial classes needs to be in a file with the same filename. This is to know the one that can be referenced from ie. GameObjects
'Assets/Photon/Quantum/Runtime/QuantumUnityRuntime.cs' contains partial class of Unity.Object, exactly 1 of the partial classes needs to be in a file with the same filename. This is to know the one that can be referenced from ie. GameObjects
'Assets/Photon/Quantum/Runtime/QuantumUnityRuntime.cs' contains partial class of Unity.Object, exactly 1 of the partial classes needs to be in a file with the same filename. This is to know the one that can be referenced from ie. GameObjects
'Assets/Photon/Quantum/Runtime/QuantumUnityRuntime.cs' contains partial class of Unity.Object, exactly 1 of the partial classes needs to be in a file with the same filename. This is to know the one that can be referenced from ie. GameObjects
'Assets/Photon/Quantum/Runtime/QuantumUnityRuntime.cs' contains partial class of Unity.Object, exactly 1 of the partial classes needs to be in a file with the same filename. This is to know the one that can be referenced from ie. GameObjects
'Assets/Photon/Quantum/Runtime/QuantumUnityRuntime.cs' contains partial class of Unity.Object, exactly 1 of the partial classes needs to be in a file with the same filename. This is to know the one that can be referenced from ie. GameObjects
'Assets/Photon/Quantum/Runtime/QuantumUnityRuntime.cs' contains partial class of Unity.Object, exactly 1 of the partial classes needs to be in a file with the same filename. This is to know the one that can be referenced from ie. GameObjects
'Assets/Photon/Quantum/Runtime/QuantumUnityRuntime.cs' contains partial class of Unity.Object, exactly 1 of the partial classes needs to be in a file with the same filename. This is to know the one that can be referenced from ie. GameObjects
'Assets/Photon/Quantum/Runtime/QuantumUnityRuntime.cs' contains partial class of Unity.Object, exactly 1 of the partial classes needs to be in a file with the same filename. This is to know the one that can be referenced from ie. GameObjects
'Assets/Photon/Quantum/Runtime/QuantumUnityRuntime.cs' contains partial class of Unity.Object, exactly 1 of the partial classes needs to be in a file with the same filename. This is to know the one that can be referenced from ie. GameObjects
Unloading 5 Unused Serialized files (Serialized files now loaded: 0)
Unloading 3658 unused Assets / (1.0 MB). Loaded Objects now: 4272.
Memory consumption went from 93.6 MB to 92.6 MB.
Total: 5.133875 ms (FindLiveObjects: 0.188875 ms CreateObjectMapping: 0.073000 ms MarkObjects: 4.339000 ms  DeleteObjects: 0.532417 ms)

Prepare: number of updated asset objects reloaded= 0
========================================================================
Received Prepare
'Assets/Photon/Quantum/Runtime/QuantumUnityRuntime.cs' contains partial class of Unity.Object, exactly 1 of the partial classes needs to be in a file with the same filename. This is to know the one that can be referenced from ie. GameObjects
'Assets/Photon/Quantum/Runtime/QuantumUnityRuntime.cs' contains partial class of Unity.Object, exactly 1 of the partial classes needs to be in a file with the same filename. This is to know the one that can be referenced from ie. GameObjects
'Assets/Photon/Quantum/Runtime/QuantumUnityRuntime.cs' contains partial class of Unity.Object, exactly 1 of the partial classes needs to be in a file with the same filename. This is to know the one that can be referenced from ie. GameObjects
'Assets/Photon/Quantum/Runtime/QuantumUnityRuntime.cs' contains partial class of Unity.Object, exactly 1 of the partial classes needs to be in a file with the same filename. This is to know the one that can be referenced from ie. GameObjects
'Assets/Photon/Quantum/Runtime/QuantumUnityRuntime.cs' contains partial class of Unity.Object, exactly 1 of the partial classes needs to be in a file with the same filename. This is to know the one that can be referenced from ie. GameObjects
'Assets/Photon/Quantum/Runtime/QuantumUnityRuntime.cs' contains partial class of Unity.Object, exactly 1 of the partial classes needs to be in a file with the same filename. This is to know the one that can be referenced from ie. GameObjects
'Assets/Photon/Quantum/Runtime/QuantumUnityRuntime.cs' contains partial class of Unity.Object, exactly 1 of the partial classes needs to be in a file with the same filename. This is to know the one that can be referenced from ie. GameObjects
'Assets/Photon/Quantum/Runtime/QuantumUnityRuntime.cs' contains partial class of Unity.Object, exactly 1 of the partial classes needs to be in a file with the same filename. This is to know the one that can be referenced from ie. GameObjects
'Assets/Photon/Quantum/Runtime/QuantumUnityRuntime.cs' contains partial class of Unity.Object, exactly 1 of the partial classes needs to be in a file with the same filename. This is to know the one that can be referenced from ie. GameObjects
'Assets/Photon/Quantum/Runtime/QuantumUnityRuntime.cs' contains partial class of Unity.Object, exactly 1 of the partial classes needs to be in a file with the same filename. This is to know the one that can be referenced from ie. GameObjects
'Assets/Photon/Quantum/Runtime/QuantumUnityRuntime.cs' contains partial class of Unity.Object, exactly 1 of the partial classes needs to be in a file with the same filename. This is to know the one that can be referenced from ie. GameObjects
Unloading 5 Unused Serialized files (Serialized files now loaded: 0)
Unloading 3659 unused Assets / (0.7 MB). Loaded Objects now: 4273.
Memory consumption went from 93.6 MB to 92.9 MB.
Total: 5.543834 ms (FindLiveObjects: 0.193167 ms CreateObjectMapping: 0.074000 ms MarkObjects: 4.572834 ms  DeleteObjects: 0.703584 ms)

Prepare: number of updated asset objects reloaded= 0
========================================================================
Received Prepare
Begin MonoManager ReloadAssembly
[Licensing::Client] Successfully resolved entitlement details
Thread 0x16de7b000 may have been prematurely finalized
Assembly Assembly-CSharp-Editor-firstpass.dll at Library/ScriptAssemblies/Assembly-CSharp-Editor-firstpass.dll not valid. Loading of assembly skipped.
Assembly Assembly-CSharp-Editor.dll at Library/ScriptAssemblies/Assembly-CSharp-Editor.dll not valid. Loading of assembly skipped.
Assembly Assembly-CSharp-firstpass.dll at Library/ScriptAssemblies/Assembly-CSharp-firstpass.dll not valid. Loading of assembly skipped.
Assembly PhotonWebSocket.dll at Library/ScriptAssemblies/PhotonWebSocket.dll not valid. Loading of assembly skipped.
Assembly TestNewCustomAssembly.dll at Library/ScriptAssemblies/TestNewCustomAssembly.dll not valid. Loading of assembly skipped.
Assembly Unity.AI.Navigation.Editor.Tests.dll at Library/ScriptAssemblies/Unity.AI.Navigation.Editor.Tests.dll not valid. Loading of assembly skipped.
Assembly Unity.AI.Navigation.LegacyOffMeshLink.Tests.dll at Library/ScriptAssemblies/Unity.AI.Navigation.LegacyOffMeshLink.Tests.dll not valid. Loading of assembly skipped.
Assembly Unity.AI.Navigation.Tests.dll at Library/ScriptAssemblies/Unity.AI.Navigation.Tests.dll not valid. Loading of assembly skipped.
Assembly Unity.AI.Navigation.Tests.EditorInPlaymode.dll at Library/ScriptAssemblies/Unity.AI.Navigation.Tests.EditorInPlaymode.dll not valid. Loading of assembly skipped.
Assembly Unity.InputSystem.IntegrationTests.dll at Library/ScriptAssemblies/Unity.InputSystem.IntegrationTests.dll not valid. Loading of assembly skipped.
Assembly Unity.Performance.Profile-Analyzer.EditorTests.dll at Library/ScriptAssemblies/Unity.Performance.Profile-Analyzer.EditorTests.dll not valid. Loading of assembly skipped.
Assembly Unity.Settings.Tests.dll at Library/ScriptAssemblies/Unity.Settings.Tests.dll not valid. Loading of assembly skipped.
Assembly Unity.TestTools.CodeCoverage.Editor.Compatibility.dll at Library/ScriptAssemblies/Unity.TestTools.CodeCoverage.Editor.Compatibility.dll not valid. Loading of assembly skipped.
Assembly Unity.TextMeshPro.Editor.Tests.dll at Library/ScriptAssemblies/Unity.TextMeshPro.Editor.Tests.dll not valid. Loading of assembly skipped.
Assembly Unity.TextMeshPro.Tests.dll at Library/ScriptAssemblies/Unity.TextMeshPro.Tests.dll not valid. Loading of assembly skipped.
Assembly UnityEditor.UI.Common.Tests.dll at Library/ScriptAssemblies/UnityEditor.UI.Common.Tests.dll not valid. Loading of assembly skipped.
Assembly UnityEditor.UI.EditorTests.dll at Library/ScriptAssemblies/UnityEditor.UI.EditorTests.dll not valid. Loading of assembly skipped.
Assembly UnityEngine.UI.Tests.dll at Library/ScriptAssemblies/UnityEngine.UI.Tests.dll not valid. Loading of assembly skipped.
'Assets/Photon/Quantum/Runtime/QuantumUnityRuntime.cs' contains partial class of Unity.Object, exactly 1 of the partial classes needs to be in a file with the same filename. This is to know the one that can be referenced from ie. GameObjects
'Assets/Photon/Quantum/Runtime/QuantumUnityRuntime.cs' contains partial class of Unity.Object, exactly 1 of the partial classes needs to be in a file with the same filename. This is to know the one that can be referenced from ie. GameObjects
'Assets/Photon/Quantum/Runtime/QuantumUnityRuntime.cs' contains partial class of Unity.Object, exactly 1 of the partial classes needs to be in a file with the same filename. This is to know the one that can be referenced from ie. GameObjects
'Assets/Photon/Quantum/Runtime/QuantumUnityRuntime.cs' contains partial class of Unity.Object, exactly 1 of the partial classes needs to be in a file with the same filename. This is to know the one that can be referenced from ie. GameObjects
'Assets/Photon/Quantum/Runtime/QuantumUnityRuntime.cs' contains partial class of Unity.Object, exactly 1 of the partial classes needs to be in a file with the same filename. This is to know the one that can be referenced from ie. GameObjects
'Assets/Photon/Quantum/Runtime/QuantumUnityRuntime.cs' contains partial class of Unity.Object, exactly 1 of the partial classes needs to be in a file with the same filename. This is to know the one that can be referenced from ie. GameObjects
'Assets/Photon/Quantum/Runtime/QuantumUnityRuntime.cs' contains partial class of Unity.Object, exactly 1 of the partial classes needs to be in a file with the same filename. This is to know the one that can be referenced from ie. GameObjects
'Assets/Photon/Quantum/Runtime/QuantumUnityRuntime.cs' contains partial class of Unity.Object, exactly 1 of the partial classes needs to be in a file with the same filename. This is to know the one that can be referenced from ie. GameObjects
'Assets/Photon/Quantum/Runtime/QuantumUnityRuntime.cs' contains partial class of Unity.Object, exactly 1 of the partial classes needs to be in a file with the same filename. This is to know the one that can be referenced from ie. GameObjects
'Assets/Photon/Quantum/Runtime/QuantumUnityRuntime.cs' contains partial class of Unity.Object, exactly 1 of the partial classes needs to be in a file with the same filename. This is to know the one that can be referenced from ie. GameObjects
'Assets/Photon/Quantum/Runtime/QuantumUnityRuntime.cs' contains partial class of Unity.Object, exactly 1 of the partial classes needs to be in a file with the same filename. This is to know the one that can be referenced from ie. GameObjects
Native extension for Android target not found
Native extension for OSXStandalone target not found
[Package Manager] Failed to launch server process. Reason: Unity was launched with the -noUpm command-line argument
[Package Manager] Unable to send message (not connected to server process).
[Package Manager] Cannot connect to Unity Package Manager local server
ScheduleIndexationOnStartup MainProcess:False IndexOnStartup:True
Mono: successfully reloaded assembly
- Finished resetting the current domain, in  0.431 seconds
Domain Reload Profiling: 767ms
	BeginReloadAssembly (85ms)
		DisableScriptedObjects (3ms)
		CreateAndSetChildDomain (23ms)
	RebuildCommonClasses (23ms)
	RebuildNativeTypeToScriptingClass (9ms)
	initialDomainReloadingComplete (33ms)
	LoadAllAssembliesAndSetupDomain (185ms)
		LoadAssemblies (111ms)
		AnalyzeDomain (101ms)
			TypeCache.Refresh (13ms)
				TypeCache.ScanAssembly (7ms)
			BuildScriptInfoCaches (83ms)
			ResolveRequiredComponents (4ms)
	FinalizeReload (431ms)
		SetupLoadedEditorAssemblies (0ms)
			InitializePlatformSupportModulesInManaged (4ms)
			BeforeProcessingInitializeOnLoad (72ms)
			ProcessInitializeOnLoadAttributes (238ms)
			ProcessInitializeOnLoadMethodAttributes (31ms)
Unloading 5 Unused Serialized files (Serialized files now loaded: 0)
Unloading 3667 unused Assets / (1.0 MB). Loaded Objects now: 4273.
Memory consumption went from 105.2 MB to 104.2 MB.
Total: 5.018500 ms (FindLiveObjects: 0.193417 ms CreateObjectMapping: 0.072125 ms MarkObjects: 4.136958 ms  DeleteObjects: 0.615542 ms)

Prepare: number of updated asset objects reloaded= 0
========================================================================
Received Prepare
Begin MonoManager ReloadAssembly
Thread 0x16de7b000 may have been prematurely finalized
Assembly Assembly-CSharp-Editor-firstpass.dll at Library/ScriptAssemblies/Assembly-CSharp-Editor-firstpass.dll not valid. Loading of assembly skipped.
Assembly Assembly-CSharp-Editor.dll at Library/ScriptAssemblies/Assembly-CSharp-Editor.dll not valid. Loading of assembly skipped.
Assembly Assembly-CSharp-firstpass.dll at Library/ScriptAssemblies/Assembly-CSharp-firstpass.dll not valid. Loading of assembly skipped.
Assembly PhotonWebSocket.dll at Library/ScriptAssemblies/PhotonWebSocket.dll not valid. Loading of assembly skipped.
Assembly TestNewCustomAssembly.dll at Library/ScriptAssemblies/TestNewCustomAssembly.dll not valid. Loading of assembly skipped.
Assembly Unity.AI.Navigation.Editor.Tests.dll at Library/ScriptAssemblies/Unity.AI.Navigation.Editor.Tests.dll not valid. Loading of assembly skipped.
Assembly Unity.AI.Navigation.LegacyOffMeshLink.Tests.dll at Library/ScriptAssemblies/Unity.AI.Navigation.LegacyOffMeshLink.Tests.dll not valid. Loading of assembly skipped.
Assembly Unity.AI.Navigation.Tests.dll at Library/ScriptAssemblies/Unity.AI.Navigation.Tests.dll not valid. Loading of assembly skipped.
Assembly Unity.AI.Navigation.Tests.EditorInPlaymode.dll at Library/ScriptAssemblies/Unity.AI.Navigation.Tests.EditorInPlaymode.dll not valid. Loading of assembly skipped.
Assembly Unity.InputSystem.IntegrationTests.dll at Library/ScriptAssemblies/Unity.InputSystem.IntegrationTests.dll not valid. Loading of assembly skipped.
Assembly Unity.Performance.Profile-Analyzer.EditorTests.dll at Library/ScriptAssemblies/Unity.Performance.Profile-Analyzer.EditorTests.dll not valid. Loading of assembly skipped.
Assembly Unity.Settings.Tests.dll at Library/ScriptAssemblies/Unity.Settings.Tests.dll not valid. Loading of assembly skipped.
Assembly Unity.TestTools.CodeCoverage.Editor.Compatibility.dll at Library/ScriptAssemblies/Unity.TestTools.CodeCoverage.Editor.Compatibility.dll not valid. Loading of assembly skipped.
Assembly Unity.TextMeshPro.Editor.Tests.dll at Library/ScriptAssemblies/Unity.TextMeshPro.Editor.Tests.dll not valid. Loading of assembly skipped.
Assembly Unity.TextMeshPro.Tests.dll at Library/ScriptAssemblies/Unity.TextMeshPro.Tests.dll not valid. Loading of assembly skipped.
Assembly UnityEditor.UI.Common.Tests.dll at Library/ScriptAssemblies/UnityEditor.UI.Common.Tests.dll not valid. Loading of assembly skipped.
Assembly UnityEditor.UI.EditorTests.dll at Library/ScriptAssemblies/UnityEditor.UI.EditorTests.dll not valid. Loading of assembly skipped.
Assembly UnityEngine.UI.Tests.dll at Library/ScriptAssemblies/UnityEngine.UI.Tests.dll not valid. Loading of assembly skipped.
'Assets/Photon/Quantum/Runtime/QuantumUnityRuntime.cs' contains partial class of Unity.Object, exactly 1 of the partial classes needs to be in a file with the same filename. This is to know the one that can be referenced from ie. GameObjects
'Assets/Photon/Quantum/Runtime/QuantumUnityRuntime.cs' contains partial class of Unity.Object, exactly 1 of the partial classes needs to be in a file with the same filename. This is to know the one that can be referenced from ie. GameObjects
'Assets/Photon/Quantum/Runtime/QuantumUnityRuntime.cs' contains partial class of Unity.Object, exactly 1 of the partial classes needs to be in a file with the same filename. This is to know the one that can be referenced from ie. GameObjects
'Assets/Photon/Quantum/Runtime/QuantumUnityRuntime.cs' contains partial class of Unity.Object, exactly 1 of the partial classes needs to be in a file with the same filename. This is to know the one that can be referenced from ie. GameObjects
'Assets/Photon/Quantum/Runtime/QuantumUnityRuntime.cs' contains partial class of Unity.Object, exactly 1 of the partial classes needs to be in a file with the same filename. This is to know the one that can be referenced from ie. GameObjects
'Assets/Photon/Quantum/Runtime/QuantumUnityRuntime.cs' contains partial class of Unity.Object, exactly 1 of the partial classes needs to be in a file with the same filename. This is to know the one that can be referenced from ie. GameObjects
'Assets/Photon/Quantum/Runtime/QuantumUnityRuntime.cs' contains partial class of Unity.Object, exactly 1 of the partial classes needs to be in a file with the same filename. This is to know the one that can be referenced from ie. GameObjects
'Assets/Photon/Quantum/Runtime/QuantumUnityRuntime.cs' contains partial class of Unity.Object, exactly 1 of the partial classes needs to be in a file with the same filename. This is to know the one that can be referenced from ie. GameObjects
'Assets/Photon/Quantum/Runtime/QuantumUnityRuntime.cs' contains partial class of Unity.Object, exactly 1 of the partial classes needs to be in a file with the same filename. This is to know the one that can be referenced from ie. GameObjects
'Assets/Photon/Quantum/Runtime/QuantumUnityRuntime.cs' contains partial class of Unity.Object, exactly 1 of the partial classes needs to be in a file with the same filename. This is to know the one that can be referenced from ie. GameObjects
'Assets/Photon/Quantum/Runtime/QuantumUnityRuntime.cs' contains partial class of Unity.Object, exactly 1 of the partial classes needs to be in a file with the same filename. This is to know the one that can be referenced from ie. GameObjects
Native extension for Android target not found
Native extension for OSXStandalone target not found
[Package Manager] Failed to launch server process. Reason: Unity was launched with the -noUpm command-line argument
[Package Manager] Unable to send message (not connected to server process).
[Package Manager] Cannot connect to Unity Package Manager local server
ScheduleIndexationOnStartup MainProcess:False IndexOnStartup:True
Mono: successfully reloaded assembly
- Finished resetting the current domain, in  0.398 seconds
Domain Reload Profiling: 723ms
	BeginReloadAssembly (78ms)
		DisableScriptedObjects (3ms)
		CreateAndSetChildDomain (20ms)
	RebuildCommonClasses (22ms)
	RebuildNativeTypeToScriptingClass (9ms)
	initialDomainReloadingComplete (31ms)
	LoadAllAssembliesAndSetupDomain (184ms)
		LoadAssemblies (110ms)
		AnalyzeDomain (97ms)
			TypeCache.Refresh (5ms)
			BuildScriptInfoCaches (88ms)
			ResolveRequiredComponents (4ms)
	FinalizeReload (399ms)
		SetupLoadedEditorAssemblies (0ms)
			InitializePlatformSupportModulesInManaged (4ms)
			BeforeProcessingInitializeOnLoad (64ms)
			ProcessInitializeOnLoadAttributes (222ms)
			ProcessInitializeOnLoadMethodAttributes (29ms)
Unloading 5 Unused Serialized files (Serialized files now loaded: 0)
Unloading 3667 unused Assets / (1.1 MB). Loaded Objects now: 4273.
Memory consumption went from 105.2 MB to 104.1 MB.
Total: 4.949583 ms (FindLiveObjects: 0.186542 ms CreateObjectMapping: 0.071000 ms MarkObjects: 4.100208 ms  DeleteObjects: 0.591417 ms)

Prepare: number of updated asset objects reloaded= 0
========================================================================
Received Prepare
'Assets/Photon/Quantum/Runtime/QuantumUnityRuntime.cs' contains partial class of Unity.Object, exactly 1 of the partial classes needs to be in a file with the same filename. This is to know the one that can be referenced from ie. GameObjects
'Assets/Photon/Quantum/Runtime/QuantumUnityRuntime.cs' contains partial class of Unity.Object, exactly 1 of the partial classes needs to be in a file with the same filename. This is to know the one that can be referenced from ie. GameObjects
'Assets/Photon/Quantum/Runtime/QuantumUnityRuntime.cs' contains partial class of Unity.Object, exactly 1 of the partial classes needs to be in a file with the same filename. This is to know the one that can be referenced from ie. GameObjects
'Assets/Photon/Quantum/Runtime/QuantumUnityRuntime.cs' contains partial class of Unity.Object, exactly 1 of the partial classes needs to be in a file with the same filename. This is to know the one that can be referenced from ie. GameObjects
'Assets/Photon/Quantum/Runtime/QuantumUnityRuntime.cs' contains partial class of Unity.Object, exactly 1 of the partial classes needs to be in a file with the same filename. This is to know the one that can be referenced from ie. GameObjects
'Assets/Photon/Quantum/Runtime/QuantumUnityRuntime.cs' contains partial class of Unity.Object, exactly 1 of the partial classes needs to be in a file with the same filename. This is to know the one that can be referenced from ie. GameObjects
'Assets/Photon/Quantum/Runtime/QuantumUnityRuntime.cs' contains partial class of Unity.Object, exactly 1 of the partial classes needs to be in a file with the same filename. This is to know the one that can be referenced from ie. GameObjects
'Assets/Photon/Quantum/Runtime/QuantumUnityRuntime.cs' contains partial class of Unity.Object, exactly 1 of the partial classes needs to be in a file with the same filename. This is to know the one that can be referenced from ie. GameObjects
'Assets/Photon/Quantum/Runtime/QuantumUnityRuntime.cs' contains partial class of Unity.Object, exactly 1 of the partial classes needs to be in a file with the same filename. This is to know the one that can be referenced from ie. GameObjects
'Assets/Photon/Quantum/Runtime/QuantumUnityRuntime.cs' contains partial class of Unity.Object, exactly 1 of the partial classes needs to be in a file with the same filename. This is to know the one that can be referenced from ie. GameObjects
'Assets/Photon/Quantum/Runtime/QuantumUnityRuntime.cs' contains partial class of Unity.Object, exactly 1 of the partial classes needs to be in a file with the same filename. This is to know the one that can be referenced from ie. GameObjects
Unloading 5 Unused Serialized files (Serialized files now loaded: 0)
Unloading 3660 unused Assets / (1.1 MB). Loaded Objects now: 4274.
Memory consumption went from 93.6 MB to 92.6 MB.
Total: 5.680000 ms (FindLiveObjects: 0.192041 ms CreateObjectMapping: 0.070833 ms MarkObjects: 4.813375 ms  DeleteObjects: 0.603167 ms)

Prepare: number of updated asset objects reloaded= 0
========================================================================
Received Prepare
Begin MonoManager ReloadAssembly
[Licensing::Client] Successfully resolved entitlement details
Thread 0x16de7b000 may have been prematurely finalized
Assembly Assembly-CSharp-Editor-firstpass.dll at Library/ScriptAssemblies/Assembly-CSharp-Editor-firstpass.dll not valid. Loading of assembly skipped.
Assembly Assembly-CSharp-Editor.dll at Library/ScriptAssemblies/Assembly-CSharp-Editor.dll not valid. Loading of assembly skipped.
Assembly Assembly-CSharp-firstpass.dll at Library/ScriptAssemblies/Assembly-CSharp-firstpass.dll not valid. Loading of assembly skipped.
Assembly PhotonWebSocket.dll at Library/ScriptAssemblies/PhotonWebSocket.dll not valid. Loading of assembly skipped.
Assembly TestNewCustomAssembly.dll at Library/ScriptAssemblies/TestNewCustomAssembly.dll not valid. Loading of assembly skipped.
Assembly Unity.AI.Navigation.Editor.Tests.dll at Library/ScriptAssemblies/Unity.AI.Navigation.Editor.Tests.dll not valid. Loading of assembly skipped.
Assembly Unity.AI.Navigation.LegacyOffMeshLink.Tests.dll at Library/ScriptAssemblies/Unity.AI.Navigation.LegacyOffMeshLink.Tests.dll not valid. Loading of assembly skipped.
Assembly Unity.AI.Navigation.Tests.dll at Library/ScriptAssemblies/Unity.AI.Navigation.Tests.dll not valid. Loading of assembly skipped.
Assembly Unity.AI.Navigation.Tests.EditorInPlaymode.dll at Library/ScriptAssemblies/Unity.AI.Navigation.Tests.EditorInPlaymode.dll not valid. Loading of assembly skipped.
Assembly Unity.InputSystem.IntegrationTests.dll at Library/ScriptAssemblies/Unity.InputSystem.IntegrationTests.dll not valid. Loading of assembly skipped.
Assembly Unity.Performance.Profile-Analyzer.EditorTests.dll at Library/ScriptAssemblies/Unity.Performance.Profile-Analyzer.EditorTests.dll not valid. Loading of assembly skipped.
Assembly Unity.Settings.Tests.dll at Library/ScriptAssemblies/Unity.Settings.Tests.dll not valid. Loading of assembly skipped.
Assembly Unity.TestTools.CodeCoverage.Editor.Compatibility.dll at Library/ScriptAssemblies/Unity.TestTools.CodeCoverage.Editor.Compatibility.dll not valid. Loading of assembly skipped.
Assembly Unity.TextMeshPro.Editor.Tests.dll at Library/ScriptAssemblies/Unity.TextMeshPro.Editor.Tests.dll not valid. Loading of assembly skipped.
Assembly Unity.TextMeshPro.Tests.dll at Library/ScriptAssemblies/Unity.TextMeshPro.Tests.dll not valid. Loading of assembly skipped.
Assembly UnityEditor.UI.Common.Tests.dll at Library/ScriptAssemblies/UnityEditor.UI.Common.Tests.dll not valid. Loading of assembly skipped.
Assembly UnityEditor.UI.EditorTests.dll at Library/ScriptAssemblies/UnityEditor.UI.EditorTests.dll not valid. Loading of assembly skipped.
Assembly UnityEngine.UI.Tests.dll at Library/ScriptAssemblies/UnityEngine.UI.Tests.dll not valid. Loading of assembly skipped.
'Assets/Photon/Quantum/Runtime/QuantumUnityRuntime.cs' contains partial class of Unity.Object, exactly 1 of the partial classes needs to be in a file with the same filename. This is to know the one that can be referenced from ie. GameObjects
'Assets/Photon/Quantum/Runtime/QuantumUnityRuntime.cs' contains partial class of Unity.Object, exactly 1 of the partial classes needs to be in a file with the same filename. This is to know the one that can be referenced from ie. GameObjects
'Assets/Photon/Quantum/Runtime/QuantumUnityRuntime.cs' contains partial class of Unity.Object, exactly 1 of the partial classes needs to be in a file with the same filename. This is to know the one that can be referenced from ie. GameObjects
'Assets/Photon/Quantum/Runtime/QuantumUnityRuntime.cs' contains partial class of Unity.Object, exactly 1 of the partial classes needs to be in a file with the same filename. This is to know the one that can be referenced from ie. GameObjects
'Assets/Photon/Quantum/Runtime/QuantumUnityRuntime.cs' contains partial class of Unity.Object, exactly 1 of the partial classes needs to be in a file with the same filename. This is to know the one that can be referenced from ie. GameObjects
'Assets/Photon/Quantum/Runtime/QuantumUnityRuntime.cs' contains partial class of Unity.Object, exactly 1 of the partial classes needs to be in a file with the same filename. This is to know the one that can be referenced from ie. GameObjects
'Assets/Photon/Quantum/Runtime/QuantumUnityRuntime.cs' contains partial class of Unity.Object, exactly 1 of the partial classes needs to be in a file with the same filename. This is to know the one that can be referenced from ie. GameObjects
'Assets/Photon/Quantum/Runtime/QuantumUnityRuntime.cs' contains partial class of Unity.Object, exactly 1 of the partial classes needs to be in a file with the same filename. This is to know the one that can be referenced from ie. GameObjects
'Assets/Photon/Quantum/Runtime/QuantumUnityRuntime.cs' contains partial class of Unity.Object, exactly 1 of the partial classes needs to be in a file with the same filename. This is to know the one that can be referenced from ie. GameObjects
'Assets/Photon/Quantum/Runtime/QuantumUnityRuntime.cs' contains partial class of Unity.Object, exactly 1 of the partial classes needs to be in a file with the same filename. This is to know the one that can be referenced from ie. GameObjects
'Assets/Photon/Quantum/Runtime/QuantumUnityRuntime.cs' contains partial class of Unity.Object, exactly 1 of the partial classes needs to be in a file with the same filename. This is to know the one that can be referenced from ie. GameObjects
Native extension for Android target not found
Native extension for OSXStandalone target not found
[Package Manager] Failed to launch server process. Reason: Unity was launched with the -noUpm command-line argument
[Package Manager] Unable to send message (not connected to server process).
[Package Manager] Cannot connect to Unity Package Manager local server
ScheduleIndexationOnStartup MainProcess:False IndexOnStartup:True
Mono: successfully reloaded assembly
- Finished resetting the current domain, in  0.439 seconds
Domain Reload Profiling: 846ms
	BeginReloadAssembly (93ms)
		DisableScriptedObjects (3ms)
		CreateAndSetChildDomain (26ms)
	RebuildCommonClasses (25ms)
	RebuildNativeTypeToScriptingClass (10ms)
	initialDomainReloadingComplete (37ms)
	LoadAllAssembliesAndSetupDomain (242ms)
		LoadAssemblies (155ms)
		AnalyzeDomain (117ms)
			TypeCache.Refresh (14ms)
				TypeCache.ScanAssembly (7ms)
			BuildScriptInfoCaches (97ms)
			ResolveRequiredComponents (5ms)
	FinalizeReload (439ms)
		SetupLoadedEditorAssemblies (0ms)
			InitializePlatformSupportModulesInManaged (4ms)
			BeforeProcessingInitializeOnLoad (70ms)
			ProcessInitializeOnLoadAttributes (238ms)
			ProcessInitializeOnLoadMethodAttributes (37ms)
Unloading 5 Unused Serialized files (Serialized files now loaded: 0)
Unloading 3668 unused Assets / (1.1 MB). Loaded Objects now: 4274.
Memory consumption went from 105.2 MB to 104.1 MB.
Total: 5.559958 ms (FindLiveObjects: 0.195625 ms CreateObjectMapping: 0.077875 ms MarkObjects: 4.628750 ms  DeleteObjects: 0.657292 ms)

Prepare: number of updated asset objects reloaded= 0
========================================================================
Received Prepare
'Assets/Photon/Quantum/Runtime/QuantumUnityRuntime.cs' contains partial class of Unity.Object, exactly 1 of the partial classes needs to be in a file with the same filename. This is to know the one that can be referenced from ie. GameObjects
'Assets/Photon/Quantum/Runtime/QuantumUnityRuntime.cs' contains partial class of Unity.Object, exactly 1 of the partial classes needs to be in a file with the same filename. This is to know the one that can be referenced from ie. GameObjects
'Assets/Photon/Quantum/Runtime/QuantumUnityRuntime.cs' contains partial class of Unity.Object, exactly 1 of the partial classes needs to be in a file with the same filename. This is to know the one that can be referenced from ie. GameObjects
'Assets/Photon/Quantum/Runtime/QuantumUnityRuntime.cs' contains partial class of Unity.Object, exactly 1 of the partial classes needs to be in a file with the same filename. This is to know the one that can be referenced from ie. GameObjects
'Assets/Photon/Quantum/Runtime/QuantumUnityRuntime.cs' contains partial class of Unity.Object, exactly 1 of the partial classes needs to be in a file with the same filename. This is to know the one that can be referenced from ie. GameObjects
'Assets/Photon/Quantum/Runtime/QuantumUnityRuntime.cs' contains partial class of Unity.Object, exactly 1 of the partial classes needs to be in a file with the same filename. This is to know the one that can be referenced from ie. GameObjects
'Assets/Photon/Quantum/Runtime/QuantumUnityRuntime.cs' contains partial class of Unity.Object, exactly 1 of the partial classes needs to be in a file with the same filename. This is to know the one that can be referenced from ie. GameObjects
'Assets/Photon/Quantum/Runtime/QuantumUnityRuntime.cs' contains partial class of Unity.Object, exactly 1 of the partial classes needs to be in a file with the same filename. This is to know the one that can be referenced from ie. GameObjects
'Assets/Photon/Quantum/Runtime/QuantumUnityRuntime.cs' contains partial class of Unity.Object, exactly 1 of the partial classes needs to be in a file with the same filename. This is to know the one that can be referenced from ie. GameObjects
'Assets/Photon/Quantum/Runtime/QuantumUnityRuntime.cs' contains partial class of Unity.Object, exactly 1 of the partial classes needs to be in a file with the same filename. This is to know the one that can be referenced from ie. GameObjects
'Assets/Photon/Quantum/Runtime/QuantumUnityRuntime.cs' contains partial class of Unity.Object, exactly 1 of the partial classes needs to be in a file with the same filename. This is to know the one that can be referenced from ie. GameObjects
Unloading 5 Unused Serialized files (Serialized files now loaded: 0)
Unloading 3660 unused Assets / (0.9 MB). Loaded Objects now: 4274.
Memory consumption went from 93.6 MB to 92.8 MB.
Total: 5.569542 ms (FindLiveObjects: 0.194375 ms CreateObjectMapping: 0.073750 ms MarkObjects: 4.567334 ms  DeleteObjects: 0.733958 ms)

Prepare: number of updated asset objects reloaded= 0
========================================================================
Received Prepare
Begin MonoManager ReloadAssembly
[Licensing::Client] Successfully resolved entitlement details
Thread 0x16ddef000 may have been prematurely finalized
Assembly Assembly-CSharp-Editor-firstpass.dll at Library/ScriptAssemblies/Assembly-CSharp-Editor-firstpass.dll not valid. Loading of assembly skipped.
Assembly Assembly-CSharp-Editor.dll at Library/ScriptAssemblies/Assembly-CSharp-Editor.dll not valid. Loading of assembly skipped.
Assembly Assembly-CSharp-firstpass.dll at Library/ScriptAssemblies/Assembly-CSharp-firstpass.dll not valid. Loading of assembly skipped.
Assembly PhotonWebSocket.dll at Library/ScriptAssemblies/PhotonWebSocket.dll not valid. Loading of assembly skipped.
Assembly TestNewCustomAssembly.dll at Library/ScriptAssemblies/TestNewCustomAssembly.dll not valid. Loading of assembly skipped.
Assembly Unity.AI.Navigation.Editor.Tests.dll at Library/ScriptAssemblies/Unity.AI.Navigation.Editor.Tests.dll not valid. Loading of assembly skipped.
Assembly Unity.AI.Navigation.LegacyOffMeshLink.Tests.dll at Library/ScriptAssemblies/Unity.AI.Navigation.LegacyOffMeshLink.Tests.dll not valid. Loading of assembly skipped.
Assembly Unity.AI.Navigation.Tests.dll at Library/ScriptAssemblies/Unity.AI.Navigation.Tests.dll not valid. Loading of assembly skipped.
Assembly Unity.AI.Navigation.Tests.EditorInPlaymode.dll at Library/ScriptAssemblies/Unity.AI.Navigation.Tests.EditorInPlaymode.dll not valid. Loading of assembly skipped.
Assembly Unity.InputSystem.IntegrationTests.dll at Library/ScriptAssemblies/Unity.InputSystem.IntegrationTests.dll not valid. Loading of assembly skipped.
Assembly Unity.Performance.Profile-Analyzer.EditorTests.dll at Library/ScriptAssemblies/Unity.Performance.Profile-Analyzer.EditorTests.dll not valid. Loading of assembly skipped.
Assembly Unity.Settings.Tests.dll at Library/ScriptAssemblies/Unity.Settings.Tests.dll not valid. Loading of assembly skipped.
Assembly Unity.TestTools.CodeCoverage.Editor.Compatibility.dll at Library/ScriptAssemblies/Unity.TestTools.CodeCoverage.Editor.Compatibility.dll not valid. Loading of assembly skipped.
Assembly Unity.TextMeshPro.Editor.Tests.dll at Library/ScriptAssemblies/Unity.TextMeshPro.Editor.Tests.dll not valid. Loading of assembly skipped.
Assembly Unity.TextMeshPro.Tests.dll at Library/ScriptAssemblies/Unity.TextMeshPro.Tests.dll not valid. Loading of assembly skipped.
Assembly UnityEditor.UI.Common.Tests.dll at Library/ScriptAssemblies/UnityEditor.UI.Common.Tests.dll not valid. Loading of assembly skipped.
Assembly UnityEditor.UI.EditorTests.dll at Library/ScriptAssemblies/UnityEditor.UI.EditorTests.dll not valid. Loading of assembly skipped.
Assembly UnityEngine.UI.Tests.dll at Library/ScriptAssemblies/UnityEngine.UI.Tests.dll not valid. Loading of assembly skipped.
'Assets/Photon/Quantum/Runtime/QuantumUnityRuntime.cs' contains partial class of Unity.Object, exactly 1 of the partial classes needs to be in a file with the same filename. This is to know the one that can be referenced from ie. GameObjects
'Assets/Photon/Quantum/Runtime/QuantumUnityRuntime.cs' contains partial class of Unity.Object, exactly 1 of the partial classes needs to be in a file with the same filename. This is to know the one that can be referenced from ie. GameObjects
'Assets/Photon/Quantum/Runtime/QuantumUnityRuntime.cs' contains partial class of Unity.Object, exactly 1 of the partial classes needs to be in a file with the same filename. This is to know the one that can be referenced from ie. GameObjects
'Assets/Photon/Quantum/Runtime/QuantumUnityRuntime.cs' contains partial class of Unity.Object, exactly 1 of the partial classes needs to be in a file with the same filename. This is to know the one that can be referenced from ie. GameObjects
'Assets/Photon/Quantum/Runtime/QuantumUnityRuntime.cs' contains partial class of Unity.Object, exactly 1 of the partial classes needs to be in a file with the same filename. This is to know the one that can be referenced from ie. GameObjects
'Assets/Photon/Quantum/Runtime/QuantumUnityRuntime.cs' contains partial class of Unity.Object, exactly 1 of the partial classes needs to be in a file with the same filename. This is to know the one that can be referenced from ie. GameObjects
'Assets/Photon/Quantum/Runtime/QuantumUnityRuntime.cs' contains partial class of Unity.Object, exactly 1 of the partial classes needs to be in a file with the same filename. This is to know the one that can be referenced from ie. GameObjects
'Assets/Photon/Quantum/Runtime/QuantumUnityRuntime.cs' contains partial class of Unity.Object, exactly 1 of the partial classes needs to be in a file with the same filename. This is to know the one that can be referenced from ie. GameObjects
'Assets/Photon/Quantum/Runtime/QuantumUnityRuntime.cs' contains partial class of Unity.Object, exactly 1 of the partial classes needs to be in a file with the same filename. This is to know the one that can be referenced from ie. GameObjects
'Assets/Photon/Quantum/Runtime/QuantumUnityRuntime.cs' contains partial class of Unity.Object, exactly 1 of the partial classes needs to be in a file with the same filename. This is to know the one that can be referenced from ie. GameObjects
'Assets/Photon/Quantum/Runtime/QuantumUnityRuntime.cs' contains partial class of Unity.Object, exactly 1 of the partial classes needs to be in a file with the same filename. This is to know the one that can be referenced from ie. GameObjects
Native extension for Android target not found
Native extension for OSXStandalone target not found
[Package Manager] Failed to launch server process. Reason: Unity was launched with the -noUpm command-line argument
[Package Manager] Unable to send message (not connected to server process).
[Package Manager] Cannot connect to Unity Package Manager local server
ScheduleIndexationOnStartup MainProcess:False IndexOnStartup:True
Mono: successfully reloaded assembly
- Finished resetting the current domain, in  0.474 seconds
Domain Reload Profiling: 848ms
	BeginReloadAssembly (93ms)
		DisableScriptedObjects (3ms)
		CreateAndSetChildDomain (26ms)
	RebuildCommonClasses (24ms)
	RebuildNativeTypeToScriptingClass (10ms)
	initialDomainReloadingComplete (36ms)
	LoadAllAssembliesAndSetupDomain (210ms)
		LoadAssemblies (128ms)
		AnalyzeDomain (109ms)
			TypeCache.Refresh (13ms)
				TypeCache.ScanAssembly (7ms)
			BuildScriptInfoCaches (91ms)
			ResolveRequiredComponents (4ms)
	FinalizeReload (475ms)
		SetupLoadedEditorAssemblies (0ms)
			InitializePlatformSupportModulesInManaged (4ms)
			BeforeProcessingInitializeOnLoad (71ms)
			ProcessInitializeOnLoadAttributes (267ms)
			ProcessInitializeOnLoadMethodAttributes (44ms)
Unloading 5 Unused Serialized files (Serialized files now loaded: 0)
Unloading 3668 unused Assets / (0.8 MB). Loaded Objects now: 4274.
Memory consumption went from 105.2 MB to 104.4 MB.
Total: 6.927042 ms (FindLiveObjects: 0.367542 ms CreateObjectMapping: 0.100667 ms MarkObjects: 5.339166 ms  DeleteObjects: 1.119125 ms)

Prepare: number of updated asset objects reloaded= 0
========================================================================
Received Prepare
'Assets/Photon/Quantum/Runtime/QuantumUnityRuntime.cs' contains partial class of Unity.Object, exactly 1 of the partial classes needs to be in a file with the same filename. This is to know the one that can be referenced from ie. GameObjects
'Assets/Photon/Quantum/Runtime/QuantumUnityRuntime.cs' contains partial class of Unity.Object, exactly 1 of the partial classes needs to be in a file with the same filename. This is to know the one that can be referenced from ie. GameObjects
'Assets/Photon/Quantum/Runtime/QuantumUnityRuntime.cs' contains partial class of Unity.Object, exactly 1 of the partial classes needs to be in a file with the same filename. This is to know the one that can be referenced from ie. GameObjects
'Assets/Photon/Quantum/Runtime/QuantumUnityRuntime.cs' contains partial class of Unity.Object, exactly 1 of the partial classes needs to be in a file with the same filename. This is to know the one that can be referenced from ie. GameObjects
'Assets/Photon/Quantum/Runtime/QuantumUnityRuntime.cs' contains partial class of Unity.Object, exactly 1 of the partial classes needs to be in a file with the same filename. This is to know the one that can be referenced from ie. GameObjects
'Assets/Photon/Quantum/Runtime/QuantumUnityRuntime.cs' contains partial class of Unity.Object, exactly 1 of the partial classes needs to be in a file with the same filename. This is to know the one that can be referenced from ie. GameObjects
'Assets/Photon/Quantum/Runtime/QuantumUnityRuntime.cs' contains partial class of Unity.Object, exactly 1 of the partial classes needs to be in a file with the same filename. This is to know the one that can be referenced from ie. GameObjects
'Assets/Photon/Quantum/Runtime/QuantumUnityRuntime.cs' contains partial class of Unity.Object, exactly 1 of the partial classes needs to be in a file with the same filename. This is to know the one that can be referenced from ie. GameObjects
'Assets/Photon/Quantum/Runtime/QuantumUnityRuntime.cs' contains partial class of Unity.Object, exactly 1 of the partial classes needs to be in a file with the same filename. This is to know the one that can be referenced from ie. GameObjects
'Assets/Photon/Quantum/Runtime/QuantumUnityRuntime.cs' contains partial class of Unity.Object, exactly 1 of the partial classes needs to be in a file with the same filename. This is to know the one that can be referenced from ie. GameObjects
'Assets/Photon/Quantum/Runtime/QuantumUnityRuntime.cs' contains partial class of Unity.Object, exactly 1 of the partial classes needs to be in a file with the same filename. This is to know the one that can be referenced from ie. GameObjects
Unloading 5 Unused Serialized files (Serialized files now loaded: 0)
Unloading 3660 unused Assets / (1.0 MB). Loaded Objects now: 4274.
Memory consumption went from 93.6 MB to 92.6 MB.
Total: 5.390167 ms (FindLiveObjects: 0.193584 ms CreateObjectMapping: 0.069125 ms MarkObjects: 4.524291 ms  DeleteObjects: 0.602417 ms)

Prepare: number of updated asset objects reloaded= 0
========================================================================
Received Prepare
Begin MonoManager ReloadAssembly
[Licensing::Client] Successfully resolved entitlement details
Thread 0x16ddef000 may have been prematurely finalized
Assembly Assembly-CSharp-Editor-firstpass.dll at Library/ScriptAssemblies/Assembly-CSharp-Editor-firstpass.dll not valid. Loading of assembly skipped.
Assembly Assembly-CSharp-Editor.dll at Library/ScriptAssemblies/Assembly-CSharp-Editor.dll not valid. Loading of assembly skipped.
Assembly Assembly-CSharp-firstpass.dll at Library/ScriptAssemblies/Assembly-CSharp-firstpass.dll not valid. Loading of assembly skipped.
Assembly PhotonWebSocket.dll at Library/ScriptAssemblies/PhotonWebSocket.dll not valid. Loading of assembly skipped.
Assembly TestNewCustomAssembly.dll at Library/ScriptAssemblies/TestNewCustomAssembly.dll not valid. Loading of assembly skipped.
Assembly Unity.AI.Navigation.Editor.Tests.dll at Library/ScriptAssemblies/Unity.AI.Navigation.Editor.Tests.dll not valid. Loading of assembly skipped.
Assembly Unity.AI.Navigation.LegacyOffMeshLink.Tests.dll at Library/ScriptAssemblies/Unity.AI.Navigation.LegacyOffMeshLink.Tests.dll not valid. Loading of assembly skipped.
Assembly Unity.AI.Navigation.Tests.dll at Library/ScriptAssemblies/Unity.AI.Navigation.Tests.dll not valid. Loading of assembly skipped.
Assembly Unity.AI.Navigation.Tests.EditorInPlaymode.dll at Library/ScriptAssemblies/Unity.AI.Navigation.Tests.EditorInPlaymode.dll not valid. Loading of assembly skipped.
Assembly Unity.InputSystem.IntegrationTests.dll at Library/ScriptAssemblies/Unity.InputSystem.IntegrationTests.dll not valid. Loading of assembly skipped.
Assembly Unity.Performance.Profile-Analyzer.EditorTests.dll at Library/ScriptAssemblies/Unity.Performance.Profile-Analyzer.EditorTests.dll not valid. Loading of assembly skipped.
Assembly Unity.Settings.Tests.dll at Library/ScriptAssemblies/Unity.Settings.Tests.dll not valid. Loading of assembly skipped.
Assembly Unity.TestTools.CodeCoverage.Editor.Compatibility.dll at Library/ScriptAssemblies/Unity.TestTools.CodeCoverage.Editor.Compatibility.dll not valid. Loading of assembly skipped.
Assembly Unity.TextMeshPro.Editor.Tests.dll at Library/ScriptAssemblies/Unity.TextMeshPro.Editor.Tests.dll not valid. Loading of assembly skipped.
Assembly Unity.TextMeshPro.Tests.dll at Library/ScriptAssemblies/Unity.TextMeshPro.Tests.dll not valid. Loading of assembly skipped.
Assembly UnityEditor.UI.Common.Tests.dll at Library/ScriptAssemblies/UnityEditor.UI.Common.Tests.dll not valid. Loading of assembly skipped.
Assembly UnityEditor.UI.EditorTests.dll at Library/ScriptAssemblies/UnityEditor.UI.EditorTests.dll not valid. Loading of assembly skipped.
Assembly UnityEngine.UI.Tests.dll at Library/ScriptAssemblies/UnityEngine.UI.Tests.dll not valid. Loading of assembly skipped.
'Assets/Photon/Quantum/Runtime/QuantumUnityRuntime.cs' contains partial class of Unity.Object, exactly 1 of the partial classes needs to be in a file with the same filename. This is to know the one that can be referenced from ie. GameObjects
'Assets/Photon/Quantum/Runtime/QuantumUnityRuntime.cs' contains partial class of Unity.Object, exactly 1 of the partial classes needs to be in a file with the same filename. This is to know the one that can be referenced from ie. GameObjects
'Assets/Photon/Quantum/Runtime/QuantumUnityRuntime.cs' contains partial class of Unity.Object, exactly 1 of the partial classes needs to be in a file with the same filename. This is to know the one that can be referenced from ie. GameObjects
'Assets/Photon/Quantum/Runtime/QuantumUnityRuntime.cs' contains partial class of Unity.Object, exactly 1 of the partial classes needs to be in a file with the same filename. This is to know the one that can be referenced from ie. GameObjects
'Assets/Photon/Quantum/Runtime/QuantumUnityRuntime.cs' contains partial class of Unity.Object, exactly 1 of the partial classes needs to be in a file with the same filename. This is to know the one that can be referenced from ie. GameObjects
'Assets/Photon/Quantum/Runtime/QuantumUnityRuntime.cs' contains partial class of Unity.Object, exactly 1 of the partial classes needs to be in a file with the same filename. This is to know the one that can be referenced from ie. GameObjects
'Assets/Photon/Quantum/Runtime/QuantumUnityRuntime.cs' contains partial class of Unity.Object, exactly 1 of the partial classes needs to be in a file with the same filename. This is to know the one that can be referenced from ie. GameObjects
'Assets/Photon/Quantum/Runtime/QuantumUnityRuntime.cs' contains partial class of Unity.Object, exactly 1 of the partial classes needs to be in a file with the same filename. This is to know the one that can be referenced from ie. GameObjects
'Assets/Photon/Quantum/Runtime/QuantumUnityRuntime.cs' contains partial class of Unity.Object, exactly 1 of the partial classes needs to be in a file with the same filename. This is to know the one that can be referenced from ie. GameObjects
'Assets/Photon/Quantum/Runtime/QuantumUnityRuntime.cs' contains partial class of Unity.Object, exactly 1 of the partial classes needs to be in a file with the same filename. This is to know the one that can be referenced from ie. GameObjects
'Assets/Photon/Quantum/Runtime/QuantumUnityRuntime.cs' contains partial class of Unity.Object, exactly 1 of the partial classes needs to be in a file with the same filename. This is to know the one that can be referenced from ie. GameObjects
Native extension for Android target not found
Native extension for OSXStandalone target not found
[Package Manager] Failed to launch server process. Reason: Unity was launched with the -noUpm command-line argument
[Package Manager] Unable to send message (not connected to server process).
[Package Manager] Cannot connect to Unity Package Manager local server
ScheduleIndexationOnStartup MainProcess:False IndexOnStartup:True
Mono: successfully reloaded assembly
- Finished resetting the current domain, in  0.429 seconds
Domain Reload Profiling: 776ms
	BeginReloadAssembly (87ms)
		DisableScriptedObjects (3ms)
		CreateAndSetChildDomain (22ms)
	RebuildCommonClasses (24ms)
	RebuildNativeTypeToScriptingClass (10ms)
	initialDomainReloadingComplete (34ms)
	LoadAllAssembliesAndSetupDomain (192ms)
		LoadAssemblies (116ms)
		AnalyzeDomain (103ms)
			TypeCache.Refresh (13ms)
				TypeCache.ScanAssembly (6ms)
			BuildScriptInfoCaches (85ms)
			ResolveRequiredComponents (4ms)
	FinalizeReload (429ms)
		SetupLoadedEditorAssemblies (0ms)
			InitializePlatformSupportModulesInManaged (4ms)
			BeforeProcessingInitializeOnLoad (72ms)
			ProcessInitializeOnLoadAttributes (237ms)
			ProcessInitializeOnLoadMethodAttributes (30ms)
Unloading 5 Unused Serialized files (Serialized files now loaded: 0)
Unloading 3668 unused Assets / (1.1 MB). Loaded Objects now: 4274.
Memory consumption went from 105.2 MB to 104.1 MB.
Total: 4.899792 ms (FindLiveObjects: 0.195000 ms CreateObjectMapping: 0.069708 ms MarkObjects: 4.081500 ms  DeleteObjects: 0.553125 ms)

Prepare: number of updated asset objects reloaded= 0
========================================================================
Received Prepare
Begin MonoManager ReloadAssembly
[Licensing::Client] Successfully resolved entitlement details
Thread 0x16ddef000 may have been prematurely finalized
Assembly Assembly-CSharp-Editor-firstpass.dll at Library/ScriptAssemblies/Assembly-CSharp-Editor-firstpass.dll not valid. Loading of assembly skipped.
Assembly Assembly-CSharp-Editor.dll at Library/ScriptAssemblies/Assembly-CSharp-Editor.dll not valid. Loading of assembly skipped.
Assembly Assembly-CSharp-firstpass.dll at Library/ScriptAssemblies/Assembly-CSharp-firstpass.dll not valid. Loading of assembly skipped.
Assembly PhotonWebSocket.dll at Library/ScriptAssemblies/PhotonWebSocket.dll not valid. Loading of assembly skipped.
Assembly TestNewCustomAssembly.dll at Library/ScriptAssemblies/TestNewCustomAssembly.dll not valid. Loading of assembly skipped.
Assembly Unity.AI.Navigation.Editor.Tests.dll at Library/ScriptAssemblies/Unity.AI.Navigation.Editor.Tests.dll not valid. Loading of assembly skipped.
Assembly Unity.AI.Navigation.LegacyOffMeshLink.Tests.dll at Library/ScriptAssemblies/Unity.AI.Navigation.LegacyOffMeshLink.Tests.dll not valid. Loading of assembly skipped.
Assembly Unity.AI.Navigation.Tests.dll at Library/ScriptAssemblies/Unity.AI.Navigation.Tests.dll not valid. Loading of assembly skipped.
Assembly Unity.AI.Navigation.Tests.EditorInPlaymode.dll at Library/ScriptAssemblies/Unity.AI.Navigation.Tests.EditorInPlaymode.dll not valid. Loading of assembly skipped.
Assembly Unity.InputSystem.IntegrationTests.dll at Library/ScriptAssemblies/Unity.InputSystem.IntegrationTests.dll not valid. Loading of assembly skipped.
Assembly Unity.Performance.Profile-Analyzer.EditorTests.dll at Library/ScriptAssemblies/Unity.Performance.Profile-Analyzer.EditorTests.dll not valid. Loading of assembly skipped.
Assembly Unity.Settings.Tests.dll at Library/ScriptAssemblies/Unity.Settings.Tests.dll not valid. Loading of assembly skipped.
Assembly Unity.TestTools.CodeCoverage.Editor.Compatibility.dll at Library/ScriptAssemblies/Unity.TestTools.CodeCoverage.Editor.Compatibility.dll not valid. Loading of assembly skipped.
Assembly Unity.TextMeshPro.Editor.Tests.dll at Library/ScriptAssemblies/Unity.TextMeshPro.Editor.Tests.dll not valid. Loading of assembly skipped.
Assembly Unity.TextMeshPro.Tests.dll at Library/ScriptAssemblies/Unity.TextMeshPro.Tests.dll not valid. Loading of assembly skipped.
Assembly UnityEditor.UI.Common.Tests.dll at Library/ScriptAssemblies/UnityEditor.UI.Common.Tests.dll not valid. Loading of assembly skipped.
Assembly UnityEditor.UI.EditorTests.dll at Library/ScriptAssemblies/UnityEditor.UI.EditorTests.dll not valid. Loading of assembly skipped.
Assembly UnityEngine.UI.Tests.dll at Library/ScriptAssemblies/UnityEngine.UI.Tests.dll not valid. Loading of assembly skipped.
'Assets/Photon/Quantum/Runtime/QuantumUnityRuntime.cs' contains partial class of Unity.Object, exactly 1 of the partial classes needs to be in a file with the same filename. This is to know the one that can be referenced from ie. GameObjects
'Assets/Photon/Quantum/Runtime/QuantumUnityRuntime.cs' contains partial class of Unity.Object, exactly 1 of the partial classes needs to be in a file with the same filename. This is to know the one that can be referenced from ie. GameObjects
'Assets/Photon/Quantum/Runtime/QuantumUnityRuntime.cs' contains partial class of Unity.Object, exactly 1 of the partial classes needs to be in a file with the same filename. This is to know the one that can be referenced from ie. GameObjects
'Assets/Photon/Quantum/Runtime/QuantumUnityRuntime.cs' contains partial class of Unity.Object, exactly 1 of the partial classes needs to be in a file with the same filename. This is to know the one that can be referenced from ie. GameObjects
'Assets/Photon/Quantum/Runtime/QuantumUnityRuntime.cs' contains partial class of Unity.Object, exactly 1 of the partial classes needs to be in a file with the same filename. This is to know the one that can be referenced from ie. GameObjects
'Assets/Photon/Quantum/Runtime/QuantumUnityRuntime.cs' contains partial class of Unity.Object, exactly 1 of the partial classes needs to be in a file with the same filename. This is to know the one that can be referenced from ie. GameObjects
'Assets/Photon/Quantum/Runtime/QuantumUnityRuntime.cs' contains partial class of Unity.Object, exactly 1 of the partial classes needs to be in a file with the same filename. This is to know the one that can be referenced from ie. GameObjects
'Assets/Photon/Quantum/Runtime/QuantumUnityRuntime.cs' contains partial class of Unity.Object, exactly 1 of the partial classes needs to be in a file with the same filename. This is to know the one that can be referenced from ie. GameObjects
'Assets/Photon/Quantum/Runtime/QuantumUnityRuntime.cs' contains partial class of Unity.Object, exactly 1 of the partial classes needs to be in a file with the same filename. This is to know the one that can be referenced from ie. GameObjects
'Assets/Photon/Quantum/Runtime/QuantumUnityRuntime.cs' contains partial class of Unity.Object, exactly 1 of the partial classes needs to be in a file with the same filename. This is to know the one that can be referenced from ie. GameObjects
'Assets/Photon/Quantum/Runtime/QuantumUnityRuntime.cs' contains partial class of Unity.Object, exactly 1 of the partial classes needs to be in a file with the same filename. This is to know the one that can be referenced from ie. GameObjects
Native extension for Android target not found
Native extension for OSXStandalone target not found
[Package Manager] Failed to launch server process. Reason: Unity was launched with the -noUpm command-line argument
[Package Manager] Unable to send message (not connected to server process).
[Package Manager] Cannot connect to Unity Package Manager local server
ScheduleIndexationOnStartup MainProcess:False IndexOnStartup:True
Mono: successfully reloaded assembly
- Finished resetting the current domain, in  0.436 seconds
Domain Reload Profiling: 785ms
	BeginReloadAssembly (83ms)
		DisableScriptedObjects (3ms)
		CreateAndSetChildDomain (22ms)
	RebuildCommonClasses (24ms)
	RebuildNativeTypeToScriptingClass (10ms)
	initialDomainReloadingComplete (34ms)
	LoadAllAssembliesAndSetupDomain (198ms)
		LoadAssemblies (118ms)
		AnalyzeDomain (104ms)
			TypeCache.Refresh (5ms)
			BuildScriptInfoCaches (94ms)
			ResolveRequiredComponents (4ms)
	FinalizeReload (436ms)
		SetupLoadedEditorAssemblies (0ms)
			InitializePlatformSupportModulesInManaged (4ms)
			BeforeProcessingInitializeOnLoad (69ms)
			ProcessInitializeOnLoadAttributes (239ms)
			ProcessInitializeOnLoadMethodAttributes (38ms)
Unloading 5 Unused Serialized files (Serialized files now loaded: 0)
Unloading 3668 unused Assets / (0.8 MB). Loaded Objects now: 4274.
Memory consumption went from 105.2 MB to 104.4 MB.
Total: 5.706667 ms (FindLiveObjects: 0.252750 ms CreateObjectMapping: 0.073583 ms MarkObjects: 4.702208 ms  DeleteObjects: 0.676833 ms)

Prepare: number of updated asset objects reloaded= 0
========================================================================
Received Prepare
Begin MonoManager ReloadAssembly
[Licensing::Client] Successfully resolved entitlement details
Thread 0x16ddef000 may have been prematurely finalized
Assembly Assembly-CSharp-Editor-firstpass.dll at Library/ScriptAssemblies/Assembly-CSharp-Editor-firstpass.dll not valid. Loading of assembly skipped.
Assembly Assembly-CSharp-Editor.dll at Library/ScriptAssemblies/Assembly-CSharp-Editor.dll not valid. Loading of assembly skipped.
Assembly Assembly-CSharp-firstpass.dll at Library/ScriptAssemblies/Assembly-CSharp-firstpass.dll not valid. Loading of assembly skipped.
Assembly PhotonWebSocket.dll at Library/ScriptAssemblies/PhotonWebSocket.dll not valid. Loading of assembly skipped.
Assembly TestNewCustomAssembly.dll at Library/ScriptAssemblies/TestNewCustomAssembly.dll not valid. Loading of assembly skipped.
Assembly Unity.AI.Navigation.Editor.Tests.dll at Library/ScriptAssemblies/Unity.AI.Navigation.Editor.Tests.dll not valid. Loading of assembly skipped.
Assembly Unity.AI.Navigation.LegacyOffMeshLink.Tests.dll at Library/ScriptAssemblies/Unity.AI.Navigation.LegacyOffMeshLink.Tests.dll not valid. Loading of assembly skipped.
Assembly Unity.AI.Navigation.Tests.dll at Library/ScriptAssemblies/Unity.AI.Navigation.Tests.dll not valid. Loading of assembly skipped.
Assembly Unity.AI.Navigation.Tests.EditorInPlaymode.dll at Library/ScriptAssemblies/Unity.AI.Navigation.Tests.EditorInPlaymode.dll not valid. Loading of assembly skipped.
Assembly Unity.InputSystem.IntegrationTests.dll at Library/ScriptAssemblies/Unity.InputSystem.IntegrationTests.dll not valid. Loading of assembly skipped.
Assembly Unity.Performance.Profile-Analyzer.EditorTests.dll at Library/ScriptAssemblies/Unity.Performance.Profile-Analyzer.EditorTests.dll not valid. Loading of assembly skipped.
Assembly Unity.Settings.Tests.dll at Library/ScriptAssemblies/Unity.Settings.Tests.dll not valid. Loading of assembly skipped.
Assembly Unity.TestTools.CodeCoverage.Editor.Compatibility.dll at Library/ScriptAssemblies/Unity.TestTools.CodeCoverage.Editor.Compatibility.dll not valid. Loading of assembly skipped.
Assembly Unity.TextMeshPro.Editor.Tests.dll at Library/ScriptAssemblies/Unity.TextMeshPro.Editor.Tests.dll not valid. Loading of assembly skipped.
Assembly Unity.TextMeshPro.Tests.dll at Library/ScriptAssemblies/Unity.TextMeshPro.Tests.dll not valid. Loading of assembly skipped.
Assembly UnityEditor.UI.Common.Tests.dll at Library/ScriptAssemblies/UnityEditor.UI.Common.Tests.dll not valid. Loading of assembly skipped.
Assembly UnityEditor.UI.EditorTests.dll at Library/ScriptAssemblies/UnityEditor.UI.EditorTests.dll not valid. Loading of assembly skipped.
Assembly UnityEngine.UI.Tests.dll at Library/ScriptAssemblies/UnityEngine.UI.Tests.dll not valid. Loading of assembly skipped.
'Assets/Photon/Quantum/Runtime/QuantumUnityRuntime.cs' contains partial class of Unity.Object, exactly 1 of the partial classes needs to be in a file with the same filename. This is to know the one that can be referenced from ie. GameObjects
'Assets/Photon/Quantum/Runtime/QuantumUnityRuntime.cs' contains partial class of Unity.Object, exactly 1 of the partial classes needs to be in a file with the same filename. This is to know the one that can be referenced from ie. GameObjects
'Assets/Photon/Quantum/Runtime/QuantumUnityRuntime.cs' contains partial class of Unity.Object, exactly 1 of the partial classes needs to be in a file with the same filename. This is to know the one that can be referenced from ie. GameObjects
'Assets/Photon/Quantum/Runtime/QuantumUnityRuntime.cs' contains partial class of Unity.Object, exactly 1 of the partial classes needs to be in a file with the same filename. This is to know the one that can be referenced from ie. GameObjects
'Assets/Photon/Quantum/Runtime/QuantumUnityRuntime.cs' contains partial class of Unity.Object, exactly 1 of the partial classes needs to be in a file with the same filename. This is to know the one that can be referenced from ie. GameObjects
'Assets/Photon/Quantum/Runtime/QuantumUnityRuntime.cs' contains partial class of Unity.Object, exactly 1 of the partial classes needs to be in a file with the same filename. This is to know the one that can be referenced from ie. GameObjects
'Assets/Photon/Quantum/Runtime/QuantumUnityRuntime.cs' contains partial class of Unity.Object, exactly 1 of the partial classes needs to be in a file with the same filename. This is to know the one that can be referenced from ie. GameObjects
'Assets/Photon/Quantum/Runtime/QuantumUnityRuntime.cs' contains partial class of Unity.Object, exactly 1 of the partial classes needs to be in a file with the same filename. This is to know the one that can be referenced from ie. GameObjects
'Assets/Photon/Quantum/Runtime/QuantumUnityRuntime.cs' contains partial class of Unity.Object, exactly 1 of the partial classes needs to be in a file with the same filename. This is to know the one that can be referenced from ie. GameObjects
'Assets/Photon/Quantum/Runtime/QuantumUnityRuntime.cs' contains partial class of Unity.Object, exactly 1 of the partial classes needs to be in a file with the same filename. This is to know the one that can be referenced from ie. GameObjects
'Assets/Photon/Quantum/Runtime/QuantumUnityRuntime.cs' contains partial class of Unity.Object, exactly 1 of the partial classes needs to be in a file with the same filename. This is to know the one that can be referenced from ie. GameObjects
Native extension for Android target not found
Native extension for OSXStandalone target not found
[Package Manager] Failed to launch server process. Reason: Unity was launched with the -noUpm command-line argument
[Package Manager] Unable to send message (not connected to server process).
[Package Manager] Cannot connect to Unity Package Manager local server
ScheduleIndexationOnStartup MainProcess:False IndexOnStartup:True
Mono: successfully reloaded assembly
- Finished resetting the current domain, in  0.474 seconds
Domain Reload Profiling: 847ms
	BeginReloadAssembly (88ms)
		DisableScriptedObjects (3ms)
		CreateAndSetChildDomain (24ms)
	RebuildCommonClasses (24ms)
	RebuildNativeTypeToScriptingClass (10ms)
	initialDomainReloadingComplete (37ms)
	LoadAllAssembliesAndSetupDomain (215ms)
		LoadAssemblies (128ms)
		AnalyzeDomain (113ms)
			TypeCache.Refresh (14ms)
				TypeCache.ScanAssembly (7ms)
			BuildScriptInfoCaches (94ms)
			ResolveRequiredComponents (4ms)
	FinalizeReload (474ms)
		SetupLoadedEditorAssemblies (0ms)
			InitializePlatformSupportModulesInManaged (4ms)
			BeforeProcessingInitializeOnLoad (76ms)
			ProcessInitializeOnLoadAttributes (266ms)
			ProcessInitializeOnLoadMethodAttributes (36ms)
Unloading 5 Unused Serialized files (Serialized files now loaded: 0)
Unloading 3668 unused Assets / (1.0 MB). Loaded Objects now: 4274.
Memory consumption went from 105.2 MB to 104.3 MB.
Total: 5.228542 ms (FindLiveObjects: 0.192375 ms CreateObjectMapping: 0.076834 ms MarkObjects: 4.386250 ms  DeleteObjects: 0.572375 ms)

Prepare: number of updated asset objects reloaded= 0
========================================================================
Received Prepare
Begin MonoManager ReloadAssembly
Thread 0x16ddef000 may have been prematurely finalized
Assembly Assembly-CSharp-Editor-firstpass.dll at Library/ScriptAssemblies/Assembly-CSharp-Editor-firstpass.dll not valid. Loading of assembly skipped.
Assembly Assembly-CSharp-Editor.dll at Library/ScriptAssemblies/Assembly-CSharp-Editor.dll not valid. Loading of assembly skipped.
Assembly Assembly-CSharp-firstpass.dll at Library/ScriptAssemblies/Assembly-CSharp-firstpass.dll not valid. Loading of assembly skipped.
Assembly PhotonWebSocket.dll at Library/ScriptAssemblies/PhotonWebSocket.dll not valid. Loading of assembly skipped.
Assembly TestNewCustomAssembly.dll at Library/ScriptAssemblies/TestNewCustomAssembly.dll not valid. Loading of assembly skipped.
Assembly Unity.AI.Navigation.Editor.Tests.dll at Library/ScriptAssemblies/Unity.AI.Navigation.Editor.Tests.dll not valid. Loading of assembly skipped.
Assembly Unity.AI.Navigation.LegacyOffMeshLink.Tests.dll at Library/ScriptAssemblies/Unity.AI.Navigation.LegacyOffMeshLink.Tests.dll not valid. Loading of assembly skipped.
Assembly Unity.AI.Navigation.Tests.dll at Library/ScriptAssemblies/Unity.AI.Navigation.Tests.dll not valid. Loading of assembly skipped.
Assembly Unity.AI.Navigation.Tests.EditorInPlaymode.dll at Library/ScriptAssemblies/Unity.AI.Navigation.Tests.EditorInPlaymode.dll not valid. Loading of assembly skipped.
Assembly Unity.InputSystem.IntegrationTests.dll at Library/ScriptAssemblies/Unity.InputSystem.IntegrationTests.dll not valid. Loading of assembly skipped.
Assembly Unity.Performance.Profile-Analyzer.EditorTests.dll at Library/ScriptAssemblies/Unity.Performance.Profile-Analyzer.EditorTests.dll not valid. Loading of assembly skipped.
Assembly Unity.Settings.Tests.dll at Library/ScriptAssemblies/Unity.Settings.Tests.dll not valid. Loading of assembly skipped.
Assembly Unity.TestTools.CodeCoverage.Editor.Compatibility.dll at Library/ScriptAssemblies/Unity.TestTools.CodeCoverage.Editor.Compatibility.dll not valid. Loading of assembly skipped.
Assembly Unity.TextMeshPro.Editor.Tests.dll at Library/ScriptAssemblies/Unity.TextMeshPro.Editor.Tests.dll not valid. Loading of assembly skipped.
Assembly Unity.TextMeshPro.Tests.dll at Library/ScriptAssemblies/Unity.TextMeshPro.Tests.dll not valid. Loading of assembly skipped.
Assembly UnityEditor.UI.Common.Tests.dll at Library/ScriptAssemblies/UnityEditor.UI.Common.Tests.dll not valid. Loading of assembly skipped.
Assembly UnityEditor.UI.EditorTests.dll at Library/ScriptAssemblies/UnityEditor.UI.EditorTests.dll not valid. Loading of assembly skipped.
Assembly UnityEngine.UI.Tests.dll at Library/ScriptAssemblies/UnityEngine.UI.Tests.dll not valid. Loading of assembly skipped.
'Assets/Photon/Quantum/Runtime/QuantumUnityRuntime.cs' contains partial class of Unity.Object, exactly 1 of the partial classes needs to be in a file with the same filename. This is to know the one that can be referenced from ie. GameObjects
'Assets/Photon/Quantum/Runtime/QuantumUnityRuntime.cs' contains partial class of Unity.Object, exactly 1 of the partial classes needs to be in a file with the same filename. This is to know the one that can be referenced from ie. GameObjects
'Assets/Photon/Quantum/Runtime/QuantumUnityRuntime.cs' contains partial class of Unity.Object, exactly 1 of the partial classes needs to be in a file with the same filename. This is to know the one that can be referenced from ie. GameObjects
'Assets/Photon/Quantum/Runtime/QuantumUnityRuntime.cs' contains partial class of Unity.Object, exactly 1 of the partial classes needs to be in a file with the same filename. This is to know the one that can be referenced from ie. GameObjects
'Assets/Photon/Quantum/Runtime/QuantumUnityRuntime.cs' contains partial class of Unity.Object, exactly 1 of the partial classes needs to be in a file with the same filename. This is to know the one that can be referenced from ie. GameObjects
'Assets/Photon/Quantum/Runtime/QuantumUnityRuntime.cs' contains partial class of Unity.Object, exactly 1 of the partial classes needs to be in a file with the same filename. This is to know the one that can be referenced from ie. GameObjects
'Assets/Photon/Quantum/Runtime/QuantumUnityRuntime.cs' contains partial class of Unity.Object, exactly 1 of the partial classes needs to be in a file with the same filename. This is to know the one that can be referenced from ie. GameObjects
'Assets/Photon/Quantum/Runtime/QuantumUnityRuntime.cs' contains partial class of Unity.Object, exactly 1 of the partial classes needs to be in a file with the same filename. This is to know the one that can be referenced from ie. GameObjects
'Assets/Photon/Quantum/Runtime/QuantumUnityRuntime.cs' contains partial class of Unity.Object, exactly 1 of the partial classes needs to be in a file with the same filename. This is to know the one that can be referenced from ie. GameObjects
'Assets/Photon/Quantum/Runtime/QuantumUnityRuntime.cs' contains partial class of Unity.Object, exactly 1 of the partial classes needs to be in a file with the same filename. This is to know the one that can be referenced from ie. GameObjects
'Assets/Photon/Quantum/Runtime/QuantumUnityRuntime.cs' contains partial class of Unity.Object, exactly 1 of the partial classes needs to be in a file with the same filename. This is to know the one that can be referenced from ie. GameObjects
Native extension for Android target not found
Native extension for OSXStandalone target not found
[Package Manager] Failed to launch server process. Reason: Unity was launched with the -noUpm command-line argument
[Package Manager] Unable to send message (not connected to server process).
[Package Manager] Cannot connect to Unity Package Manager local server
ScheduleIndexationOnStartup MainProcess:False IndexOnStartup:True
Mono: successfully reloaded assembly
- Finished resetting the current domain, in  0.443 seconds
Domain Reload Profiling: 787ms
	BeginReloadAssembly (83ms)
		DisableScriptedObjects (3ms)
		CreateAndSetChildDomain (23ms)
	RebuildCommonClasses (23ms)
	RebuildNativeTypeToScriptingClass (10ms)
	initialDomainReloadingComplete (34ms)
	LoadAllAssembliesAndSetupDomain (193ms)
		LoadAssemblies (115ms)
		AnalyzeDomain (102ms)
			TypeCache.Refresh (5ms)
			BuildScriptInfoCaches (92ms)
			ResolveRequiredComponents (4ms)
	FinalizeReload (443ms)
		SetupLoadedEditorAssemblies (0ms)
			InitializePlatformSupportModulesInManaged (4ms)
			BeforeProcessingInitializeOnLoad (70ms)
			ProcessInitializeOnLoadAttributes (241ms)
			ProcessInitializeOnLoadMethodAttributes (37ms)
Unloading 5 Unused Serialized files (Serialized files now loaded: 0)
Unloading 3668 unused Assets / (0.8 MB). Loaded Objects now: 4274.
Memory consumption went from 105.2 MB to 104.4 MB.
Total: 5.594250 ms (FindLiveObjects: 0.221875 ms CreateObjectMapping: 0.077542 ms MarkObjects: 4.605875 ms  DeleteObjects: 0.688750 ms)

Prepare: number of updated asset objects reloaded= 0
========================================================================
Received Prepare
Begin MonoManager ReloadAssembly
[Licensing::Client] Successfully resolved entitlement details
Thread 0x16ddef000 may have been prematurely finalized
Assembly Assembly-CSharp-Editor-firstpass.dll at Library/ScriptAssemblies/Assembly-CSharp-Editor-firstpass.dll not valid. Loading of assembly skipped.
Assembly Assembly-CSharp-Editor.dll at Library/ScriptAssemblies/Assembly-CSharp-Editor.dll not valid. Loading of assembly skipped.
Assembly Assembly-CSharp-firstpass.dll at Library/ScriptAssemblies/Assembly-CSharp-firstpass.dll not valid. Loading of assembly skipped.
Assembly PhotonWebSocket.dll at Library/ScriptAssemblies/PhotonWebSocket.dll not valid. Loading of assembly skipped.
Assembly TestNewCustomAssembly.dll at Library/ScriptAssemblies/TestNewCustomAssembly.dll not valid. Loading of assembly skipped.
Assembly Unity.AI.Navigation.Editor.Tests.dll at Library/ScriptAssemblies/Unity.AI.Navigation.Editor.Tests.dll not valid. Loading of assembly skipped.
Assembly Unity.AI.Navigation.LegacyOffMeshLink.Tests.dll at Library/ScriptAssemblies/Unity.AI.Navigation.LegacyOffMeshLink.Tests.dll not valid. Loading of assembly skipped.
Assembly Unity.AI.Navigation.Tests.dll at Library/ScriptAssemblies/Unity.AI.Navigation.Tests.dll not valid. Loading of assembly skipped.
Assembly Unity.AI.Navigation.Tests.EditorInPlaymode.dll at Library/ScriptAssemblies/Unity.AI.Navigation.Tests.EditorInPlaymode.dll not valid. Loading of assembly skipped.
Assembly Unity.InputSystem.IntegrationTests.dll at Library/ScriptAssemblies/Unity.InputSystem.IntegrationTests.dll not valid. Loading of assembly skipped.
Assembly Unity.Performance.Profile-Analyzer.EditorTests.dll at Library/ScriptAssemblies/Unity.Performance.Profile-Analyzer.EditorTests.dll not valid. Loading of assembly skipped.
Assembly Unity.Settings.Tests.dll at Library/ScriptAssemblies/Unity.Settings.Tests.dll not valid. Loading of assembly skipped.
Assembly Unity.TestTools.CodeCoverage.Editor.Compatibility.dll at Library/ScriptAssemblies/Unity.TestTools.CodeCoverage.Editor.Compatibility.dll not valid. Loading of assembly skipped.
Assembly Unity.TextMeshPro.Editor.Tests.dll at Library/ScriptAssemblies/Unity.TextMeshPro.Editor.Tests.dll not valid. Loading of assembly skipped.
Assembly Unity.TextMeshPro.Tests.dll at Library/ScriptAssemblies/Unity.TextMeshPro.Tests.dll not valid. Loading of assembly skipped.
Assembly UnityEditor.UI.Common.Tests.dll at Library/ScriptAssemblies/UnityEditor.UI.Common.Tests.dll not valid. Loading of assembly skipped.
Assembly UnityEditor.UI.EditorTests.dll at Library/ScriptAssemblies/UnityEditor.UI.EditorTests.dll not valid. Loading of assembly skipped.
Assembly UnityEngine.UI.Tests.dll at Library/ScriptAssemblies/UnityEngine.UI.Tests.dll not valid. Loading of assembly skipped.
'Assets/Photon/Quantum/Runtime/QuantumUnityRuntime.cs' contains partial class of Unity.Object, exactly 1 of the partial classes needs to be in a file with the same filename. This is to know the one that can be referenced from ie. GameObjects
'Assets/Photon/Quantum/Runtime/QuantumUnityRuntime.cs' contains partial class of Unity.Object, exactly 1 of the partial classes needs to be in a file with the same filename. This is to know the one that can be referenced from ie. GameObjects
'Assets/Photon/Quantum/Runtime/QuantumUnityRuntime.cs' contains partial class of Unity.Object, exactly 1 of the partial classes needs to be in a file with the same filename. This is to know the one that can be referenced from ie. GameObjects
'Assets/Photon/Quantum/Runtime/QuantumUnityRuntime.cs' contains partial class of Unity.Object, exactly 1 of the partial classes needs to be in a file with the same filename. This is to know the one that can be referenced from ie. GameObjects
'Assets/Photon/Quantum/Runtime/QuantumUnityRuntime.cs' contains partial class of Unity.Object, exactly 1 of the partial classes needs to be in a file with the same filename. This is to know the one that can be referenced from ie. GameObjects
'Assets/Photon/Quantum/Runtime/QuantumUnityRuntime.cs' contains partial class of Unity.Object, exactly 1 of the partial classes needs to be in a file with the same filename. This is to know the one that can be referenced from ie. GameObjects
'Assets/Photon/Quantum/Runtime/QuantumUnityRuntime.cs' contains partial class of Unity.Object, exactly 1 of the partial classes needs to be in a file with the same filename. This is to know the one that can be referenced from ie. GameObjects
'Assets/Photon/Quantum/Runtime/QuantumUnityRuntime.cs' contains partial class of Unity.Object, exactly 1 of the partial classes needs to be in a file with the same filename. This is to know the one that can be referenced from ie. GameObjects
'Assets/Photon/Quantum/Runtime/QuantumUnityRuntime.cs' contains partial class of Unity.Object, exactly 1 of the partial classes needs to be in a file with the same filename. This is to know the one that can be referenced from ie. GameObjects
'Assets/Photon/Quantum/Runtime/QuantumUnityRuntime.cs' contains partial class of Unity.Object, exactly 1 of the partial classes needs to be in a file with the same filename. This is to know the one that can be referenced from ie. GameObjects
'Assets/Photon/Quantum/Runtime/QuantumUnityRuntime.cs' contains partial class of Unity.Object, exactly 1 of the partial classes needs to be in a file with the same filename. This is to know the one that can be referenced from ie. GameObjects
Native extension for Android target not found
Native extension for OSXStandalone target not found
[Package Manager] Failed to launch server process. Reason: Unity was launched with the -noUpm command-line argument
[Package Manager] Unable to send message (not connected to server process).
[Package Manager] Cannot connect to Unity Package Manager local server
ScheduleIndexationOnStartup MainProcess:False IndexOnStartup:True
Mono: successfully reloaded assembly
- Finished resetting the current domain, in  0.471 seconds
Domain Reload Profiling: 851ms
	BeginReloadAssembly (94ms)
		DisableScriptedObjects (3ms)
		CreateAndSetChildDomain (27ms)
	RebuildCommonClasses (26ms)
	RebuildNativeTypeToScriptingClass (11ms)
	initialDomainReloadingComplete (38ms)
	LoadAllAssembliesAndSetupDomain (210ms)
		LoadAssemblies (126ms)
		AnalyzeDomain (111ms)
			TypeCache.Refresh (5ms)
			BuildScriptInfoCaches (100ms)
			ResolveRequiredComponents (5ms)
	FinalizeReload (471ms)
		SetupLoadedEditorAssemblies (0ms)
			InitializePlatformSupportModulesInManaged (4ms)
			BeforeProcessingInitializeOnLoad (74ms)
			ProcessInitializeOnLoadAttributes (260ms)
			ProcessInitializeOnLoadMethodAttributes (38ms)
		AwakeInstancesAfterBackupRestoration (3ms)
Unloading 5 Unused Serialized files (Serialized files now loaded: 0)
Unloading 3668 unused Assets / (0.6 MB). Loaded Objects now: 4274.
Memory consumption went from 105.2 MB to 104.6 MB.
Total: 6.114417 ms (FindLiveObjects: 0.202042 ms CreateObjectMapping: 0.080041 ms MarkObjects: 5.094625 ms  DeleteObjects: 0.737542 ms)

Prepare: number of updated asset objects reloaded= 0
========================================================================
Received Prepare
'Assets/Photon/Quantum/Runtime/QuantumUnityRuntime.cs' contains partial class of Unity.Object, exactly 1 of the partial classes needs to be in a file with the same filename. This is to know the one that can be referenced from ie. GameObjects
'Assets/Photon/Quantum/Runtime/QuantumUnityRuntime.cs' contains partial class of Unity.Object, exactly 1 of the partial classes needs to be in a file with the same filename. This is to know the one that can be referenced from ie. GameObjects
'Assets/Photon/Quantum/Runtime/QuantumUnityRuntime.cs' contains partial class of Unity.Object, exactly 1 of the partial classes needs to be in a file with the same filename. This is to know the one that can be referenced from ie. GameObjects
'Assets/Photon/Quantum/Runtime/QuantumUnityRuntime.cs' contains partial class of Unity.Object, exactly 1 of the partial classes needs to be in a file with the same filename. This is to know the one that can be referenced from ie. GameObjects
'Assets/Photon/Quantum/Runtime/QuantumUnityRuntime.cs' contains partial class of Unity.Object, exactly 1 of the partial classes needs to be in a file with the same filename. This is to know the one that can be referenced from ie. GameObjects
'Assets/Photon/Quantum/Runtime/QuantumUnityRuntime.cs' contains partial class of Unity.Object, exactly 1 of the partial classes needs to be in a file with the same filename. This is to know the one that can be referenced from ie. GameObjects
'Assets/Photon/Quantum/Runtime/QuantumUnityRuntime.cs' contains partial class of Unity.Object, exactly 1 of the partial classes needs to be in a file with the same filename. This is to know the one that can be referenced from ie. GameObjects
'Assets/Photon/Quantum/Runtime/QuantumUnityRuntime.cs' contains partial class of Unity.Object, exactly 1 of the partial classes needs to be in a file with the same filename. This is to know the one that can be referenced from ie. GameObjects
'Assets/Photon/Quantum/Runtime/QuantumUnityRuntime.cs' contains partial class of Unity.Object, exactly 1 of the partial classes needs to be in a file with the same filename. This is to know the one that can be referenced from ie. GameObjects
'Assets/Photon/Quantum/Runtime/QuantumUnityRuntime.cs' contains partial class of Unity.Object, exactly 1 of the partial classes needs to be in a file with the same filename. This is to know the one that can be referenced from ie. GameObjects
'Assets/Photon/Quantum/Runtime/QuantumUnityRuntime.cs' contains partial class of Unity.Object, exactly 1 of the partial classes needs to be in a file with the same filename. This is to know the one that can be referenced from ie. GameObjects
Unloading 5 Unused Serialized files (Serialized files now loaded: 0)
Unloading 3660 unused Assets / (0.7 MB). Loaded Objects now: 4274.
Memory consumption went from 93.6 MB to 92.9 MB.
Total: 5.345500 ms (FindLiveObjects: 0.188833 ms CreateObjectMapping: 0.073084 ms MarkObjects: 4.320208 ms  DeleteObjects: 0.763000 ms)

Prepare: number of updated asset objects reloaded= 0
========================================================================
Received Prepare
Begin MonoManager ReloadAssembly
[Licensing::Client] Successfully resolved entitlement details
Thread 0x16ddef000 may have been prematurely finalized
Assembly Assembly-CSharp-Editor-firstpass.dll at Library/ScriptAssemblies/Assembly-CSharp-Editor-firstpass.dll not valid. Loading of assembly skipped.
Assembly Assembly-CSharp-Editor.dll at Library/ScriptAssemblies/Assembly-CSharp-Editor.dll not valid. Loading of assembly skipped.
Assembly Assembly-CSharp-firstpass.dll at Library/ScriptAssemblies/Assembly-CSharp-firstpass.dll not valid. Loading of assembly skipped.
Assembly PhotonWebSocket.dll at Library/ScriptAssemblies/PhotonWebSocket.dll not valid. Loading of assembly skipped.
Assembly TestNewCustomAssembly.dll at Library/ScriptAssemblies/TestNewCustomAssembly.dll not valid. Loading of assembly skipped.
Assembly Unity.AI.Navigation.Editor.Tests.dll at Library/ScriptAssemblies/Unity.AI.Navigation.Editor.Tests.dll not valid. Loading of assembly skipped.
Assembly Unity.AI.Navigation.LegacyOffMeshLink.Tests.dll at Library/ScriptAssemblies/Unity.AI.Navigation.LegacyOffMeshLink.Tests.dll not valid. Loading of assembly skipped.
Assembly Unity.AI.Navigation.Tests.dll at Library/ScriptAssemblies/Unity.AI.Navigation.Tests.dll not valid. Loading of assembly skipped.
Assembly Unity.AI.Navigation.Tests.EditorInPlaymode.dll at Library/ScriptAssemblies/Unity.AI.Navigation.Tests.EditorInPlaymode.dll not valid. Loading of assembly skipped.
Assembly Unity.InputSystem.IntegrationTests.dll at Library/ScriptAssemblies/Unity.InputSystem.IntegrationTests.dll not valid. Loading of assembly skipped.
Assembly Unity.Performance.Profile-Analyzer.EditorTests.dll at Library/ScriptAssemblies/Unity.Performance.Profile-Analyzer.EditorTests.dll not valid. Loading of assembly skipped.
Assembly Unity.Settings.Tests.dll at Library/ScriptAssemblies/Unity.Settings.Tests.dll not valid. Loading of assembly skipped.
Assembly Unity.TestTools.CodeCoverage.Editor.Compatibility.dll at Library/ScriptAssemblies/Unity.TestTools.CodeCoverage.Editor.Compatibility.dll not valid. Loading of assembly skipped.
Assembly Unity.TextMeshPro.Editor.Tests.dll at Library/ScriptAssemblies/Unity.TextMeshPro.Editor.Tests.dll not valid. Loading of assembly skipped.
Assembly Unity.TextMeshPro.Tests.dll at Library/ScriptAssemblies/Unity.TextMeshPro.Tests.dll not valid. Loading of assembly skipped.
Assembly UnityEditor.UI.Common.Tests.dll at Library/ScriptAssemblies/UnityEditor.UI.Common.Tests.dll not valid. Loading of assembly skipped.
Assembly UnityEditor.UI.EditorTests.dll at Library/ScriptAssemblies/UnityEditor.UI.EditorTests.dll not valid. Loading of assembly skipped.
Assembly UnityEngine.UI.Tests.dll at Library/ScriptAssemblies/UnityEngine.UI.Tests.dll not valid. Loading of assembly skipped.
'Assets/Photon/Quantum/Runtime/QuantumUnityRuntime.cs' contains partial class of Unity.Object, exactly 1 of the partial classes needs to be in a file with the same filename. This is to know the one that can be referenced from ie. GameObjects
'Assets/Photon/Quantum/Runtime/QuantumUnityRuntime.cs' contains partial class of Unity.Object, exactly 1 of the partial classes needs to be in a file with the same filename. This is to know the one that can be referenced from ie. GameObjects
'Assets/Photon/Quantum/Runtime/QuantumUnityRuntime.cs' contains partial class of Unity.Object, exactly 1 of the partial classes needs to be in a file with the same filename. This is to know the one that can be referenced from ie. GameObjects
'Assets/Photon/Quantum/Runtime/QuantumUnityRuntime.cs' contains partial class of Unity.Object, exactly 1 of the partial classes needs to be in a file with the same filename. This is to know the one that can be referenced from ie. GameObjects
'Assets/Photon/Quantum/Runtime/QuantumUnityRuntime.cs' contains partial class of Unity.Object, exactly 1 of the partial classes needs to be in a file with the same filename. This is to know the one that can be referenced from ie. GameObjects
'Assets/Photon/Quantum/Runtime/QuantumUnityRuntime.cs' contains partial class of Unity.Object, exactly 1 of the partial classes needs to be in a file with the same filename. This is to know the one that can be referenced from ie. GameObjects
'Assets/Photon/Quantum/Runtime/QuantumUnityRuntime.cs' contains partial class of Unity.Object, exactly 1 of the partial classes needs to be in a file with the same filename. This is to know the one that can be referenced from ie. GameObjects
'Assets/Photon/Quantum/Runtime/QuantumUnityRuntime.cs' contains partial class of Unity.Object, exactly 1 of the partial classes needs to be in a file with the same filename. This is to know the one that can be referenced from ie. GameObjects
'Assets/Photon/Quantum/Runtime/QuantumUnityRuntime.cs' contains partial class of Unity.Object, exactly 1 of the partial classes needs to be in a file with the same filename. This is to know the one that can be referenced from ie. GameObjects
'Assets/Photon/Quantum/Runtime/QuantumUnityRuntime.cs' contains partial class of Unity.Object, exactly 1 of the partial classes needs to be in a file with the same filename. This is to know the one that can be referenced from ie. GameObjects
'Assets/Photon/Quantum/Runtime/QuantumUnityRuntime.cs' contains partial class of Unity.Object, exactly 1 of the partial classes needs to be in a file with the same filename. This is to know the one that can be referenced from ie. GameObjects
Native extension for Android target not found
Native extension for OSXStandalone target not found
[Package Manager] Failed to launch server process. Reason: Unity was launched with the -noUpm command-line argument
[Package Manager] Unable to send message (not connected to server process).
[Package Manager] Cannot connect to Unity Package Manager local server
ScheduleIndexationOnStartup MainProcess:False IndexOnStartup:True
Mono: successfully reloaded assembly
- Finished resetting the current domain, in  0.458 seconds
Domain Reload Profiling: 845ms
	BeginReloadAssembly (89ms)
		DisableScriptedObjects (3ms)
		CreateAndSetChildDomain (23ms)
	RebuildCommonClasses (23ms)
	RebuildNativeTypeToScriptingClass (10ms)
	initialDomainReloadingComplete (36ms)
	LoadAllAssembliesAndSetupDomain (228ms)
		LoadAssemblies (147ms)
		AnalyzeDomain (110ms)
			TypeCache.Refresh (13ms)
				TypeCache.ScanAssembly (7ms)
			BuildScriptInfoCaches (91ms)
			ResolveRequiredComponents (5ms)
	FinalizeReload (459ms)
		SetupLoadedEditorAssemblies (0ms)
			InitializePlatformSupportModulesInManaged (4ms)
			BeforeProcessingInitializeOnLoad (75ms)
			ProcessInitializeOnLoadAttributes (253ms)
			ProcessInitializeOnLoadMethodAttributes (35ms)
Unloading 5 Unused Serialized files (Serialized files now loaded: 0)
Unloading 3668 unused Assets / (1.1 MB). Loaded Objects now: 4274.
Memory consumption went from 105.2 MB to 104.2 MB.
Total: 5.486333 ms (FindLiveObjects: 0.200000 ms CreateObjectMapping: 0.069833 ms MarkObjects: 4.587084 ms  DeleteObjects: 0.629125 ms)

Prepare: number of updated asset objects reloaded= 0
========================================================================
Received Prepare
Begin MonoManager ReloadAssembly
[Licensing::Client] Successfully resolved entitlement details
Thread 0x16ddef000 may have been prematurely finalized
Assembly Assembly-CSharp-Editor-firstpass.dll at Library/ScriptAssemblies/Assembly-CSharp-Editor-firstpass.dll not valid. Loading of assembly skipped.
Assembly Assembly-CSharp-Editor.dll at Library/ScriptAssemblies/Assembly-CSharp-Editor.dll not valid. Loading of assembly skipped.
Assembly Assembly-CSharp-firstpass.dll at Library/ScriptAssemblies/Assembly-CSharp-firstpass.dll not valid. Loading of assembly skipped.
Assembly PhotonWebSocket.dll at Library/ScriptAssemblies/PhotonWebSocket.dll not valid. Loading of assembly skipped.
Assembly TestNewCustomAssembly.dll at Library/ScriptAssemblies/TestNewCustomAssembly.dll not valid. Loading of assembly skipped.
Assembly Unity.AI.Navigation.Editor.Tests.dll at Library/ScriptAssemblies/Unity.AI.Navigation.Editor.Tests.dll not valid. Loading of assembly skipped.
Assembly Unity.AI.Navigation.LegacyOffMeshLink.Tests.dll at Library/ScriptAssemblies/Unity.AI.Navigation.LegacyOffMeshLink.Tests.dll not valid. Loading of assembly skipped.
Assembly Unity.AI.Navigation.Tests.dll at Library/ScriptAssemblies/Unity.AI.Navigation.Tests.dll not valid. Loading of assembly skipped.
Assembly Unity.AI.Navigation.Tests.EditorInPlaymode.dll at Library/ScriptAssemblies/Unity.AI.Navigation.Tests.EditorInPlaymode.dll not valid. Loading of assembly skipped.
Assembly Unity.InputSystem.IntegrationTests.dll at Library/ScriptAssemblies/Unity.InputSystem.IntegrationTests.dll not valid. Loading of assembly skipped.
Assembly Unity.Performance.Profile-Analyzer.EditorTests.dll at Library/ScriptAssemblies/Unity.Performance.Profile-Analyzer.EditorTests.dll not valid. Loading of assembly skipped.
Assembly Unity.Settings.Tests.dll at Library/ScriptAssemblies/Unity.Settings.Tests.dll not valid. Loading of assembly skipped.
Assembly Unity.TestTools.CodeCoverage.Editor.Compatibility.dll at Library/ScriptAssemblies/Unity.TestTools.CodeCoverage.Editor.Compatibility.dll not valid. Loading of assembly skipped.
Assembly Unity.TextMeshPro.Editor.Tests.dll at Library/ScriptAssemblies/Unity.TextMeshPro.Editor.Tests.dll not valid. Loading of assembly skipped.
Assembly Unity.TextMeshPro.Tests.dll at Library/ScriptAssemblies/Unity.TextMeshPro.Tests.dll not valid. Loading of assembly skipped.
Assembly UnityEditor.UI.Common.Tests.dll at Library/ScriptAssemblies/UnityEditor.UI.Common.Tests.dll not valid. Loading of assembly skipped.
Assembly UnityEditor.UI.EditorTests.dll at Library/ScriptAssemblies/UnityEditor.UI.EditorTests.dll not valid. Loading of assembly skipped.
Assembly UnityEngine.UI.Tests.dll at Library/ScriptAssemblies/UnityEngine.UI.Tests.dll not valid. Loading of assembly skipped.
'Assets/Photon/Quantum/Runtime/QuantumUnityRuntime.cs' contains partial class of Unity.Object, exactly 1 of the partial classes needs to be in a file with the same filename. This is to know the one that can be referenced from ie. GameObjects
'Assets/Photon/Quantum/Runtime/QuantumUnityRuntime.cs' contains partial class of Unity.Object, exactly 1 of the partial classes needs to be in a file with the same filename. This is to know the one that can be referenced from ie. GameObjects
'Assets/Photon/Quantum/Runtime/QuantumUnityRuntime.cs' contains partial class of Unity.Object, exactly 1 of the partial classes needs to be in a file with the same filename. This is to know the one that can be referenced from ie. GameObjects
'Assets/Photon/Quantum/Runtime/QuantumUnityRuntime.cs' contains partial class of Unity.Object, exactly 1 of the partial classes needs to be in a file with the same filename. This is to know the one that can be referenced from ie. GameObjects
'Assets/Photon/Quantum/Runtime/QuantumUnityRuntime.cs' contains partial class of Unity.Object, exactly 1 of the partial classes needs to be in a file with the same filename. This is to know the one that can be referenced from ie. GameObjects
'Assets/Photon/Quantum/Runtime/QuantumUnityRuntime.cs' contains partial class of Unity.Object, exactly 1 of the partial classes needs to be in a file with the same filename. This is to know the one that can be referenced from ie. GameObjects
'Assets/Photon/Quantum/Runtime/QuantumUnityRuntime.cs' contains partial class of Unity.Object, exactly 1 of the partial classes needs to be in a file with the same filename. This is to know the one that can be referenced from ie. GameObjects
'Assets/Photon/Quantum/Runtime/QuantumUnityRuntime.cs' contains partial class of Unity.Object, exactly 1 of the partial classes needs to be in a file with the same filename. This is to know the one that can be referenced from ie. GameObjects
'Assets/Photon/Quantum/Runtime/QuantumUnityRuntime.cs' contains partial class of Unity.Object, exactly 1 of the partial classes needs to be in a file with the same filename. This is to know the one that can be referenced from ie. GameObjects
'Assets/Photon/Quantum/Runtime/QuantumUnityRuntime.cs' contains partial class of Unity.Object, exactly 1 of the partial classes needs to be in a file with the same filename. This is to know the one that can be referenced from ie. GameObjects
'Assets/Photon/Quantum/Runtime/QuantumUnityRuntime.cs' contains partial class of Unity.Object, exactly 1 of the partial classes needs to be in a file with the same filename. This is to know the one that can be referenced from ie. GameObjects
Native extension for Android target not found
Native extension for OSXStandalone target not found
[Package Manager] Failed to launch server process. Reason: Unity was launched with the -noUpm command-line argument
[Package Manager] Unable to send message (not connected to server process).
[Package Manager] Cannot connect to Unity Package Manager local server
ScheduleIndexationOnStartup MainProcess:False IndexOnStartup:True
Mono: successfully reloaded assembly
- Finished resetting the current domain, in  0.441 seconds
Domain Reload Profiling: 811ms
	BeginReloadAssembly (89ms)
		DisableScriptedObjects (3ms)
		CreateAndSetChildDomain (27ms)
	RebuildCommonClasses (25ms)
	RebuildNativeTypeToScriptingClass (10ms)
	initialDomainReloadingComplete (37ms)
	LoadAllAssembliesAndSetupDomain (209ms)
		LoadAssemblies (122ms)
		AnalyzeDomain (112ms)
			TypeCache.Refresh (14ms)
				TypeCache.ScanAssembly (7ms)
			BuildScriptInfoCaches (93ms)
			ResolveRequiredComponents (5ms)
	FinalizeReload (442ms)
		SetupLoadedEditorAssemblies (0ms)
			InitializePlatformSupportModulesInManaged (4ms)
			BeforeProcessingInitializeOnLoad (73ms)
			ProcessInitializeOnLoadAttributes (242ms)
			ProcessInitializeOnLoadMethodAttributes (32ms)
Unloading 5 Unused Serialized files (Serialized files now loaded: 0)
Unloading 3668 unused Assets / (1.0 MB). Loaded Objects now: 4274.
Memory consumption went from 105.2 MB to 104.2 MB.
Total: 5.055541 ms (FindLiveObjects: 0.180125 ms CreateObjectMapping: 0.069042 ms MarkObjects: 4.248958 ms  DeleteObjects: 0.557000 ms)

Prepare: number of updated asset objects reloaded= 0
========================================================================
Received Prepare
Begin MonoManager ReloadAssembly
Thread 0x16ddef000 may have been prematurely finalized
Assembly Assembly-CSharp-Editor-firstpass.dll at Library/ScriptAssemblies/Assembly-CSharp-Editor-firstpass.dll not valid. Loading of assembly skipped.
Assembly Assembly-CSharp-Editor.dll at Library/ScriptAssemblies/Assembly-CSharp-Editor.dll not valid. Loading of assembly skipped.
Assembly Assembly-CSharp-firstpass.dll at Library/ScriptAssemblies/Assembly-CSharp-firstpass.dll not valid. Loading of assembly skipped.
Assembly PhotonWebSocket.dll at Library/ScriptAssemblies/PhotonWebSocket.dll not valid. Loading of assembly skipped.
Assembly TestNewCustomAssembly.dll at Library/ScriptAssemblies/TestNewCustomAssembly.dll not valid. Loading of assembly skipped.
Assembly Unity.AI.Navigation.Editor.Tests.dll at Library/ScriptAssemblies/Unity.AI.Navigation.Editor.Tests.dll not valid. Loading of assembly skipped.
Assembly Unity.AI.Navigation.LegacyOffMeshLink.Tests.dll at Library/ScriptAssemblies/Unity.AI.Navigation.LegacyOffMeshLink.Tests.dll not valid. Loading of assembly skipped.
Assembly Unity.AI.Navigation.Tests.dll at Library/ScriptAssemblies/Unity.AI.Navigation.Tests.dll not valid. Loading of assembly skipped.
Assembly Unity.AI.Navigation.Tests.EditorInPlaymode.dll at Library/ScriptAssemblies/Unity.AI.Navigation.Tests.EditorInPlaymode.dll not valid. Loading of assembly skipped.
Assembly Unity.InputSystem.IntegrationTests.dll at Library/ScriptAssemblies/Unity.InputSystem.IntegrationTests.dll not valid. Loading of assembly skipped.
Assembly Unity.Performance.Profile-Analyzer.EditorTests.dll at Library/ScriptAssemblies/Unity.Performance.Profile-Analyzer.EditorTests.dll not valid. Loading of assembly skipped.
Assembly Unity.Settings.Tests.dll at Library/ScriptAssemblies/Unity.Settings.Tests.dll not valid. Loading of assembly skipped.
Assembly Unity.TestTools.CodeCoverage.Editor.Compatibility.dll at Library/ScriptAssemblies/Unity.TestTools.CodeCoverage.Editor.Compatibility.dll not valid. Loading of assembly skipped.
Assembly Unity.TextMeshPro.Editor.Tests.dll at Library/ScriptAssemblies/Unity.TextMeshPro.Editor.Tests.dll not valid. Loading of assembly skipped.
Assembly Unity.TextMeshPro.Tests.dll at Library/ScriptAssemblies/Unity.TextMeshPro.Tests.dll not valid. Loading of assembly skipped.
Assembly UnityEditor.UI.Common.Tests.dll at Library/ScriptAssemblies/UnityEditor.UI.Common.Tests.dll not valid. Loading of assembly skipped.
Assembly UnityEditor.UI.EditorTests.dll at Library/ScriptAssemblies/UnityEditor.UI.EditorTests.dll not valid. Loading of assembly skipped.
Assembly UnityEngine.UI.Tests.dll at Library/ScriptAssemblies/UnityEngine.UI.Tests.dll not valid. Loading of assembly skipped.
'Assets/Photon/Quantum/Runtime/QuantumUnityRuntime.cs' contains partial class of Unity.Object, exactly 1 of the partial classes needs to be in a file with the same filename. This is to know the one that can be referenced from ie. GameObjects
'Assets/Photon/Quantum/Runtime/QuantumUnityRuntime.cs' contains partial class of Unity.Object, exactly 1 of the partial classes needs to be in a file with the same filename. This is to know the one that can be referenced from ie. GameObjects
'Assets/Photon/Quantum/Runtime/QuantumUnityRuntime.cs' contains partial class of Unity.Object, exactly 1 of the partial classes needs to be in a file with the same filename. This is to know the one that can be referenced from ie. GameObjects
'Assets/Photon/Quantum/Runtime/QuantumUnityRuntime.cs' contains partial class of Unity.Object, exactly 1 of the partial classes needs to be in a file with the same filename. This is to know the one that can be referenced from ie. GameObjects
'Assets/Photon/Quantum/Runtime/QuantumUnityRuntime.cs' contains partial class of Unity.Object, exactly 1 of the partial classes needs to be in a file with the same filename. This is to know the one that can be referenced from ie. GameObjects
'Assets/Photon/Quantum/Runtime/QuantumUnityRuntime.cs' contains partial class of Unity.Object, exactly 1 of the partial classes needs to be in a file with the same filename. This is to know the one that can be referenced from ie. GameObjects
'Assets/Photon/Quantum/Runtime/QuantumUnityRuntime.cs' contains partial class of Unity.Object, exactly 1 of the partial classes needs to be in a file with the same filename. This is to know the one that can be referenced from ie. GameObjects
'Assets/Photon/Quantum/Runtime/QuantumUnityRuntime.cs' contains partial class of Unity.Object, exactly 1 of the partial classes needs to be in a file with the same filename. This is to know the one that can be referenced from ie. GameObjects
'Assets/Photon/Quantum/Runtime/QuantumUnityRuntime.cs' contains partial class of Unity.Object, exactly 1 of the partial classes needs to be in a file with the same filename. This is to know the one that can be referenced from ie. GameObjects
'Assets/Photon/Quantum/Runtime/QuantumUnityRuntime.cs' contains partial class of Unity.Object, exactly 1 of the partial classes needs to be in a file with the same filename. This is to know the one that can be referenced from ie. GameObjects
'Assets/Photon/Quantum/Runtime/QuantumUnityRuntime.cs' contains partial class of Unity.Object, exactly 1 of the partial classes needs to be in a file with the same filename. This is to know the one that can be referenced from ie. GameObjects
Native extension for Android target not found
Native extension for OSXStandalone target not found
[Package Manager] Failed to launch server process. Reason: Unity was launched with the -noUpm command-line argument
[Package Manager] Unable to send message (not connected to server process).
[Package Manager] Cannot connect to Unity Package Manager local server
ScheduleIndexationOnStartup MainProcess:False IndexOnStartup:True
Mono: successfully reloaded assembly
- Finished resetting the current domain, in  0.421 seconds
Domain Reload Profiling: 753ms
	BeginReloadAssembly (79ms)
		DisableScriptedObjects (3ms)
		CreateAndSetChildDomain (21ms)
	RebuildCommonClasses (22ms)
	RebuildNativeTypeToScriptingClass (10ms)
	initialDomainReloadingComplete (33ms)
	LoadAllAssembliesAndSetupDomain (187ms)
		LoadAssemblies (112ms)
		AnalyzeDomain (99ms)
			TypeCache.Refresh (5ms)
			BuildScriptInfoCaches (89ms)
			ResolveRequiredComponents (4ms)
	FinalizeReload (421ms)
		SetupLoadedEditorAssemblies (0ms)
			InitializePlatformSupportModulesInManaged (4ms)
			BeforeProcessingInitializeOnLoad (66ms)
			ProcessInitializeOnLoadAttributes (232ms)
			ProcessInitializeOnLoadMethodAttributes (37ms)
Unloading 5 Unused Serialized files (Serialized files now loaded: 0)
Unloading 3668 unused Assets / (0.9 MB). Loaded Objects now: 4274.
Memory consumption went from 105.2 MB to 104.4 MB.
Total: 5.926000 ms (FindLiveObjects: 0.190667 ms CreateObjectMapping: 0.076000 ms MarkObjects: 4.947708 ms  DeleteObjects: 0.711333 ms)

Prepare: number of updated asset objects reloaded= 0
